learner,reference,reference_R_train,R_train,split_seed,model_seed,exact_seed_match,matched_by_determinism,same_test_observations,reference_pr_auc,pr_auc,delta_pr_auc,reference_ner,ner,delta_ner
decision_tree,unweighted,1.0,10.0,123,123,True,False,True,0.7674547839989712,0.7862209553507415,0.01876617135177039,0.1831234650863708,0.13165556372361506,-0.05146790136275575
decision_tree,unweighted,1.0,10.0,123,42,True,False,True,0.7660834404692739,0.7862124993792531,0.02012905890997918,0.1831245141844384,0.13166185831202015,-0.051462655872418245
decision_tree,unweighted,1.0,10.0,123,456,True,False,True,0.7674547839989712,0.7855807949570257,0.01812601095805455,0.1831234650863708,0.13246725203530338,-0.050656213051067434
decision_tree,unweighted,1.0,10.0,123,789,True,False,True,0.7674627863245576,0.7855850361014509,0.018122249776893362,0.1831171704979658,0.13246410474110085,-0.05065306575686496
decision_tree,unweighted,1.0,10.0,42,123,True,False,True,0.7297426212657876,0.7407694154252512,0.011026794159463615,0.1526775218578796,0.15436069707110456,0.0016831752132249467
decision_tree,unweighted,1.0,10.0,42,42,True,False,True,0.7297426212657876,0.7407429205462306,0.011000299280442993,0.1526775218578796,0.15436069707110456,0.0016831752132249467
decision_tree,unweighted,1.0,10.0,42,456,True,False,True,0.7297814974740391,0.7407694154252512,0.010987917951212123,0.1526775218578796,0.15436069707110456,0.0016831752132249467
decision_tree,unweighted,1.0,10.0,42,789,True,False,True,0.7297426212657876,0.7407429205462306,0.011000299280442993,0.1526775218578796,0.15436069707110456,0.0016831752132249467
decision_tree,unweighted,1.0,10.0,456,123,True,False,True,0.7511873139577037,0.7598423113589786,0.008654997401274955,0.193050464282648,0.1399895018201081,-0.053060962462539885
decision_tree,unweighted,1.0,10.0,456,42,True,False,True,0.7511850498051984,0.7598656414552162,0.008680591650017777,0.1930515133807155,0.1399895018201081,-0.053062011560607386
decision_tree,unweighted,1.0,10.0,456,456,True,False,True,0.7507019534840034,0.7594152395632916,0.00871328607928823,0.1930515133807155,0.1399884527220406,-0.05306306065867489
decision_tree,unweighted,1.0,10.0,456,789,True,False,True,0.7511850498051984,0.7594385696595292,0.00825351985433076,0.1930515133807155,0.1399884527220406,-0.05306306065867489
decision_tree,unweighted,1.0,10.0,789,123,True,False,True,0.7571897155189382,0.7766654765197472,0.019475761000808944,0.1875312563012945,0.12592821241196098,-0.06160304388933352
decision_tree,unweighted,1.0,10.0,789,42,True,False,True,0.7571897155189382,0.7766878144967572,0.019498098977818956,0.1875312563012945,0.12592401601969094,-0.061607240281603554
decision_tree,unweighted,1.0,10.0,789,456,True,False,True,0.7571744114532092,0.7766654765197472,0.01949106506653797,0.1875354526935645,0.12592821241196098,-0.061607240281603526
decision_tree,unweighted,1.0,10.0,789,789,True,False,True,0.7572455594467772,0.7766706305437089,0.0194250710969317,0.1875354526935645,0.12592506511775844,-0.06161038757580606
decision_tree,unweighted,1.0,50.0,123,123,True,False,True,0.7674547839989712,0.7658809992931647,-0.0015737847058064913,0.1831234650863708,0.12787029820713094,-0.05525316687923987
decision_tree,unweighted,1.0,50.0,123,42,True,False,True,0.7660834404692739,0.7658773447913696,-0.0002060956779043055,0.1831245141844384,0.127874494599401,-0.05525001958503739
decision_tree,unweighted,1.0,50.0,123,456,True,False,True,0.7674547839989712,0.7658773447913696,-0.0015774392076015609,0.1831234650863708,0.127874494599401,-0.055248970486969806
decision_tree,unweighted,1.0,50.0,123,789,True,False,True,0.7674627863245576,0.7658666416375838,-0.0015961446869737772,0.1831171704979658,0.127874494599401,-0.0552426758985648
decision_tree,unweighted,1.0,50.0,42,123,True,False,True,0.7297426212657876,0.7431704780619489,0.01342785679616132,0.1526775218578796,0.14046379109846088,-0.012213730759418728
decision_tree,unweighted,1.0,50.0,42,42,True,False,True,0.7297426212657876,0.7431342310313236,0.013391609765535994,0.1526775218578796,0.14046379109846088,-0.012213730759418728
decision_tree,unweighted,1.0,50.0,42,456,True,False,True,0.7297814974740391,0.7431274559046234,0.013345958430584282,0.1526775218578796,0.14046379109846088,-0.012213730759418728
decision_tree,unweighted,1.0,50.0,42,789,True,False,True,0.7297426212657876,0.7431520089384971,0.013409387672709494,0.1526775218578796,0.14046379109846088,-0.012213730759418728
decision_tree,unweighted,1.0,50.0,456,123,True,False,True,0.7511873139577037,0.7632125895511737,0.012025275593469997,0.193050464282648,0.1423850146211749,-0.0506654496614731
decision_tree,unweighted,1.0,50.0,456,42,True,False,True,0.7511850498051984,0.7632125895511737,0.012027539745975258,0.1930515133807155,0.1423850146211749,-0.0506664987595406
decision_tree,unweighted,1.0,50.0,456,456,True,False,True,0.7507019534840034,0.7631632749024297,0.012461321418426374,0.1930515133807155,0.1423850146211749,-0.0506664987595406
decision_tree,unweighted,1.0,50.0,456,789,True,False,True,0.7511850498051984,0.7627370621633532,0.01155201235815484,0.1930515133807155,0.1423860637192424,-0.0506654496614731
decision_tree,unweighted,1.0,50.0,789,123,True,False,True,0.7571897155189382,0.7690009713736565,0.011811255854718317,0.1875312563012945,0.11733291783923375,-0.07019833846206075
decision_tree,unweighted,1.0,50.0,789,42,True,False,True,0.7571897155189382,0.7687806658088926,0.011590950289954383,0.1875312563012945,0.11814880254319211,-0.06938245375810238
decision_tree,unweighted,1.0,50.0,789,456,True,False,True,0.7571744114532092,0.7690441756954115,0.011869764242202319,0.1875354526935645,0.11733291783923375,-0.07020253485433076
decision_tree,unweighted,1.0,50.0,789,789,True,False,True,0.7572455594467772,0.7690403602858986,0.011794800839121433,0.1875354526935645,0.1173360651334363,-0.07019938756012821
decision_tree,unweighted,1.0,100.0,123,123,True,False,True,0.7674547839989712,0.7545137077720243,-0.012941076226946846,0.1831234650863708,0.12415848092390173,-0.05896498416246908
decision_tree,unweighted,1.0,100.0,123,42,True,False,True,0.7660834404692739,0.754510614919658,-0.011572825549615917,0.1831245141844384,0.12416267731617178,-0.058961836868266615
decision_tree,unweighted,1.0,100.0,123,456,True,False,True,0.7674547839989712,0.7544921695860373,-0.012962614412933893,0.1831234650863708,0.12416267731617178,-0.05896078777019903
decision_tree,unweighted,1.0,100.0,123,789,True,False,True,0.7674627863245576,0.754510614919658,-0.01295217140489957,0.1831171704979658,0.12416267731617178,-0.05895449318179402
decision_tree,unweighted,1.0,100.0,42,123,True,False,True,0.7297426212657876,0.7505454149543875,0.02080279368859994,0.1526775218578796,0.14449515001082006,-0.008182371847059555
decision_tree,unweighted,1.0,100.0,42,42,True,False,True,0.7297426212657876,0.7505674569290289,0.020824835663241337,0.1526775218578796,0.1444836099320774,-0.00819391192580221
decision_tree,unweighted,1.0,100.0,42,456,True,False,True,0.7297814974740391,0.7505634406451616,0.020781943171122474,0.1526775218578796,0.14448570812821243,-0.00819181372966718
decision_tree,unweighted,1.0,100.0,42,789,True,False,True,0.7297426212657876,0.750522206027975,0.020779584762187442,0.1526775218578796,0.14449515001082006,-0.008182371847059555
decision_tree,unweighted,1.0,100.0,456,123,True,False,True,0.7511873139577037,0.7744155716952892,0.023228257737585523,0.193050464282648,0.13766669037826718,-0.05538377390438082
decision_tree,unweighted,1.0,100.0,456,42,True,False,True,0.7511850498051984,0.7741858473113998,0.02300079750620143,0.1930515133807155,0.13766564128019965,-0.05538587210051585
decision_tree,unweighted,1.0,100.0,456,456,True,False,True,0.7507019534840034,0.7741810669210407,0.023479113437037347,0.1930515133807155,0.13766878857440218,-0.055382724806313316
decision_tree,unweighted,1.0,100.0,456,789,True,False,True,0.7511850498051984,0.774418437628172,0.023233387822973572,0.1930515133807155,0.13766773947633468,-0.05538377390438082
decision_tree,unweighted,1.0,100.0,789,123,True,False,True,0.7571897155189382,0.7554150670424552,-0.0017746484764830095,0.1875312563012945,0.11771837011147301,-0.06981288618982148
decision_tree,unweighted,1.0,100.0,789,42,True,False,True,0.7571897155189382,0.7554057052800699,-0.0017840102388683166,0.1875312563012945,0.11772466469987809,-0.0698065916014164
decision_tree,unweighted,1.0,100.0,789,456,True,False,True,0.7571744114532092,0.7554150670424552,-0.0017593444107539824,0.1875354526935645,0.11771837011147301,-0.06981708258209149
decision_tree,unweighted,1.0,100.0,789,789,True,False,True,0.7572455594467772,0.7554057052800699,-0.0018398541667072887,0.1875354526935645,0.11772466469987809,-0.06981078799368641
decision_tree,unweighted,1.0,773.7010836478753,123,123,True,False,True,0.7674547839989712,0.745346620759228,-0.022108163239743184,0.1831234650863708,0.1211559281490905,-0.06196753693728031
decision_tree,unweighted,1.0,773.7010836478753,123,42,True,False,True,0.7660834404692739,0.7453351246651442,-0.020748315804129724,0.1831245141844384,0.1211643209336306,-0.0619601932508078
decision_tree,unweighted,1.0,773.7010836478753,123,456,True,False,True,0.7674547839989712,0.7453480598658605,-0.022106724133110656,0.1831234650863708,0.121154879051023,-0.061968586035347814
decision_tree,unweighted,1.0,773.7010836478753,123,789,True,False,True,0.7674627863245576,0.7453451821187052,-0.022117604205852404,0.1831171704979658,0.121156977247158,-0.0619601932508078
decision_tree,unweighted,1.0,773.7010836478753,42,123,True,False,True,0.7297426212657876,0.7113401041369343,-0.018402517128853324,0.1526775218578796,0.1407589012479995,-0.01191862060988011
decision_tree,unweighted,1.0,773.7010836478753,42,42,True,False,True,0.7297426212657876,0.7113265927524011,-0.01841602851338653,0.1526775218578796,0.1407735886209447,-0.011903933236934922
decision_tree,unweighted,1.0,773.7010836478753,42,456,True,False,True,0.7297814974740391,0.7113362374685769,-0.018445260005462205,0.1526775218578796,0.1407630976402696,-0.01191442421761002
decision_tree,unweighted,1.0,773.7010836478753,42,789,True,False,True,0.7297426212657876,0.7113401041369343,-0.018402517128853324,0.1526775218578796,0.1407589012479995,-0.01191862060988011
decision_tree,unweighted,1.0,773.7010836478753,456,123,True,False,True,0.7511873139577037,0.7426824929247786,-0.008504821032925047,0.193050464282648,0.130981501162444,-0.06206896312020399
decision_tree,unweighted,1.0,773.7010836478753,456,42,True,False,True,0.7511850498051984,0.7427057464175726,-0.008479303387625814,0.1930515133807155,0.130981501162444,-0.06207001221827149
decision_tree,unweighted,1.0,773.7010836478753,456,456,True,False,True,0.7507019534840034,0.7427057464175726,-0.007996207066430783,0.1930515133807155,0.130981501162444,-0.06207001221827149
decision_tree,unweighted,1.0,773.7010836478753,456,789,True,False,True,0.7511850498051984,0.7430874199284132,-0.008097629876785195,0.1930515133807155,0.1309804520643765,-0.062071061316338993
decision_tree,unweighted,1.0,773.7010836478753,789,123,True,False,True,0.7571897155189382,0.744724060794993,-0.01246565472394523,0.1875312563012945,0.1171285376197415,-0.070402718681553
decision_tree,unweighted,1.0,773.7010836478753,789,42,True,False,True,0.7571897155189382,0.7447227431604648,-0.012466972358473383,0.1875312563012945,0.1171295867178091,-0.0704016695834854
decision_tree,unweighted,1.0,773.7010836478753,789,456,True,False,True,0.7571744114532092,0.744724060794993,-0.012450350658216203,0.1875354526935645,0.1171285376197415,-0.070406915073823
decision_tree,unweighted,1.0,773.7010836478753,789,789,True,False,True,0.7572455594467772,0.7447227431604648,-0.012522816286312355,0.1875354526935645,0.1171295867178091,-0.0704058659757554
decision_tree,unweighted,1.0,2000.0,123,123,True,False,True,0.7674547839989712,0.6882876603914104,-0.07916712360756073,0.1831234650863708,0.13134816662130458,-0.05177529846506623
decision_tree,unweighted,1.0,2000.0,123,42,True,False,True,0.7660834404692739,0.6882876603914104,-0.07779578007786347,0.1831245141844384,0.13134816662130458,-0.05177634756313382
decision_tree,unweighted,1.0,2000.0,123,456,True,False,True,0.7674547839989712,0.6882904033293749,-0.0791643806695963,0.1831234650863708,0.13134606842516955,-0.051777396661201264
decision_tree,unweighted,1.0,2000.0,123,789,True,False,True,0.7674627863245576,0.6882904033293749,-0.0791723829951827,0.1831171704979658,0.13134606842516955,-0.051771102072796255
decision_tree,unweighted,1.0,2000.0,42,123,True,False,True,0.7297426212657876,0.6738029778863465,-0.05593964337944113,0.1526775218578796,0.1477805259823983,-0.004896995875481314
decision_tree,unweighted,1.0,2000.0,42,42,True,False,True,0.7297426212657876,0.6738029778863465,-0.05593964337944113,0.1526775218578796,0.1477805259823983,-0.004896995875481314
decision_tree,unweighted,1.0,2000.0,42,456,True,False,True,0.7297814974740391,0.6738029778863465,-0.05597851958769262,0.1526775218578796,0.1477805259823983,-0.004896995875481314
decision_tree,unweighted,1.0,2000.0,42,789,True,False,True,0.7297426212657876,0.6738029778863465,-0.05593964337944113,0.1526775218578796,0.1477805259823983,-0.004896995875481314
decision_tree,unweighted,1.0,2000.0,456,123,True,False,True,0.7511873139577037,0.6751218891045859,-0.07606542485311774,0.193050464282648,0.13613468223860073,-0.056915782044047264
decision_tree,unweighted,1.0,2000.0,456,42,True,False,True,0.7511850498051984,0.6751218891045859,-0.07606316070061248,0.1930515133807155,0.13613468223860073,-0.056916831142114765
decision_tree,unweighted,1.0,2000.0,456,456,True,False,True,0.7507019534840034,0.6751218891045859,-0.07558006437941744,0.1930515133807155,0.13613468223860073,-0.056916831142114765
decision_tree,unweighted,1.0,2000.0,456,789,True,False,True,0.7511850498051984,0.6751218891045859,-0.07606316070061248,0.1930515133807155,0.13613468223860073,-0.056916831142114765
decision_tree,unweighted,1.0,2000.0,789,123,True,False,True,0.7571897155189382,0.6865909211863048,-0.07059879433263339,0.1875312563012945,0.11989776871063196,-0.06763348759066254
decision_tree,unweighted,1.0,2000.0,789,42,True,False,True,0.7571897155189382,0.6865909211863048,-0.07059879433263339,0.1875312563012945,0.11989776871063196,-0.06763348759066254
decision_tree,unweighted,1.0,2000.0,789,456,True,False,True,0.7571744114532092,0.6865909211863048,-0.07058349026690436,0.1875354526935645,0.11989776871063196,-0.06763768398293254
decision_tree,unweighted,1.0,2000.0,789,789,True,False,True,0.7572455594467772,0.6865909211863048,-0.07065463826047236,0.1875354526935645,0.11989776871063196,-0.06763768398293254
decision_tree,unweighted,1.0,5000.0,123,123,True,False,True,0.7674547839989712,0.6783169404621416,-0.08913784353682952,0.1831234650863708,0.13451025651715662,-0.048613208569214195
decision_tree,unweighted,1.0,5000.0,123,42,True,False,True,0.7660834404692739,0.6783151479705812,-0.08776829249869267,0.1831245141844384,0.13451235471329165,-0.04861215947114675
decision_tree,unweighted,1.0,5000.0,123,456,True,False,True,0.7674547839989712,0.6783151479705812,-0.08913963602838992,0.1831234650863708,0.13451235471329165,-0.048611110373079164
decision_tree,unweighted,1.0,5000.0,123,789,True,False,True,0.7674627863245576,0.6783169404621416,-0.08914584586241592,0.1831171704979658,0.13451025651715662,-0.048606913980809185
decision_tree,unweighted,1.0,5000.0,42,123,True,False,True,0.7297426212657876,0.6543382622000495,-0.07540435906573806,0.1526775218578796,0.1485071290302526,-0.0041703928276270175
decision_tree,unweighted,1.0,5000.0,42,42,True,False,True,0.7297426212657876,0.6543382622000495,-0.07540435906573806,0.1526775218578796,0.1485071290302526,-0.0041703928276270175
decision_tree,unweighted,1.0,5000.0,42,456,True,False,True,0.7297814974740391,0.6543382622000495,-0.07544323527398955,0.1526775218578796,0.1485071290302526,-0.0041703928276270175
decision_tree,unweighted,1.0,5000.0,42,789,True,False,True,0.7297426212657876,0.6543382622000495,-0.07540435906573806,0.1526775218578796,0.1485071290302526,-0.0041703928276270175
decision_tree,unweighted,1.0,5000.0,456,123,True,False,True,0.7511873139577037,0.6654224062119979,-0.08576490774570578,0.193050464282648,0.13758779138247276,-0.05546267290017523
decision_tree,unweighted,1.0,5000.0,456,42,True,False,True,0.7511850498051984,0.6654224062119979,-0.08576264359320052,0.1930515133807155,0.13758779138247276,-0.05546372199824273
decision_tree,unweighted,1.0,5000.0,456,456,True,False,True,0.7507019534840034,0.6654224062119979,-0.08527954727200548,0.1930515133807155,0.13758779138247276,-0.05546372199824273
decision_tree,unweighted,1.0,5000.0,456,789,True,False,True,0.7511850498051984,0.6654224062119979,-0.08576264359320052,0.1930515133807155,0.13758779138247276,-0.05546372199824273
decision_tree,unweighted,1.0,5000.0,789,123,True,False,True,0.7571897155189382,0.6760174271109463,-0.08117228840799195,0.1875312563012945,0.12217127254329975,-0.06535998375799475
decision_tree,unweighted,1.0,5000.0,789,42,True,False,True,0.7571897155189382,0.6760174271109463,-0.08117228840799195,0.1875312563012945,0.12217127254329975,-0.06535998375799475
decision_tree,unweighted,1.0,5000.0,789,456,True,False,True,0.7571744114532092,0.6760174271109463,-0.08115698434226293,0.1875354526935645,0.12217127254329975,-0.06536418015026475
decision_tree,unweighted,1.0,5000.0,789,789,True,False,True,0.7572455594467772,0.6760174271109463,-0.08122813233583093,0.1875354526935645,0.12217127254329975,-0.06536418015026475
logistic_regression,unweighted,1.0,10.0,123,42,True,False,True,0.5337812107525854,0.500874642131849,-0.03290656862073649,0.2162729915161711,0.2080044338294892,-0.008268557686681915
logistic_regression,unweighted,1.0,10.0,42,42,True,False,True,0.5039687570139619,0.4662324357570748,-0.03773632125688714,0.2498868231012079,0.24420523292864954,-0.005681590172558371
logistic_regression,unweighted,1.0,10.0,456,42,True,False,True,0.5220509431039683,0.49236189059731383,-0.029689052506654434,0.2260806329105404,0.21188011568345244,-0.014200517227087955
logistic_regression,unweighted,1.0,10.0,789,42,True,False,True,0.5345349621036724,0.5022368980361961,-0.03229806406747626,0.2223651380998104,0.20791137769404777,-0.014453760405762628
logistic_regression,unweighted,1.0,50.0,123,42,True,False,True,0.5337812107525854,0.3940204120463572,-0.13976079870622826,0.2162729915161711,0.20575338296917192,-0.010519608546999182
logistic_regression,unweighted,1.0,50.0,42,42,True,False,True,0.5039687570139619,0.36094357569857066,-0.14302518131539127,0.2498868231012079,0.22868440873080212,-0.021202414370405792
logistic_regression,unweighted,1.0,50.0,456,42,True,False,True,0.5220509431039683,0.396637793668052,-0.12541314943591625,0.2260806329105404,0.20466618104160245,-0.02141445186893795
logistic_regression,unweighted,1.0,50.0,789,42,True,False,True,0.5345349621036724,0.3978695637977518,-0.13666539830592056,0.2223651380998104,0.20186983856396673,-0.02049529953584367
logistic_regression,unweighted,1.0,100.0,123,42,True,False,True,0.5337812107525854,0.32634926475291043,-0.20743194599967502,0.2162729915161711,0.20296837529807693,-0.013304616218094173
logistic_regression,unweighted,1.0,100.0,42,42,True,False,True,0.5039687570139619,0.29660007740266064,-0.2073686796113013,0.2498868231012079,0.22385321517806459,-0.026033607923143326
logistic_regression,unweighted,1.0,100.0,456,42,True,False,True,0.5220509431039683,0.333228104201823,-0.18882283890214524,0.2260806329105404,0.20362875411025458,-0.02245187880028582
logistic_regression,unweighted,1.0,100.0,789,42,True,False,True,0.5345349621036724,0.33278137306513367,-0.20175358903853868,0.2223651380998104,0.19977762342477687,-0.022587514675033532
logistic_regression,unweighted,1.0,773.7010836478753,123,42,True,False,True,0.5337812107525854,0.165715911164837,-0.3680652995877485,0.2162729915161711,0.1958833600296367,-0.020389631486534415
logistic_regression,unweighted,1.0,773.7010836478753,42,42,True,False,True,0.5039687570139619,0.1487063069716073,-0.3552624500423546,0.2498868231012079,0.2130063622487797,-0.036880460852428215
logistic_regression,unweighted,1.0,773.7010836478753,456,42,True,False,True,0.5220509431039683,0.1608905143654167,-0.3611604287385516,0.2260806329105404,0.1884088385226394,-0.037671794387901
logistic_regression,unweighted,1.0,773.7010836478753,789,42,True,False,True,0.5345349621036724,0.1558189503126832,-0.3787160117909891,0.2223651380998104,0.1854378897472769,-0.0369272483525335
logistic_regression,unweighted,1.0,2000.0,123,42,True,False,True,0.5337812107525854,0.14925366058650258,-0.38452755016608287,0.2162729915161711,0.19302289151245947,-0.023250100003711638
logistic_regression,unweighted,1.0,2000.0,42,42,True,False,True,0.5039687570139619,0.1278182720053408,-0.37615048500862114,0.2498868231012079,0.20190805074438783,-0.047978772356820076
logistic_regression,unweighted,1.0,2000.0,456,42,True,False,True,0.5220509431039683,0.1444996394435621,-0.3775513036604062,0.2260806329105404,0.17961065747847818,-0.046469975432062216
logistic_regression,unweighted,1.0,2000.0,789,42,True,False,True,0.5345349621036724,0.1326936314320793,-0.40184133067159306,0.2223651380998104,0.1854358885029784,-0.036929249596832
logistic_regression,unweighted,1.0,5000.0,123,42,True,False,True,0.5337812107525854,0.1420526144320548,-0.39172859632053064,0.2162729915161711,0.1890440730867835,-0.0272289184293876
logistic_regression,unweighted,1.0,5000.0,42,42,True,False,True,0.5039687570139619,0.11801465909657051,-0.38595409791739144,0.2498868231012079,0.20078686713425403,-0.04909995596695388
logistic_regression,unweighted,1.0,5000.0,456,42,True,False,True,0.5220509431039683,0.13642937771018668,-0.38562156539378156,0.2260806329105404,0.1819800397796936,-0.0441005931308468
logistic_regression,unweighted,1.0,5000.0,789,42,True,False,True,0.5345349621036724,0.12242942278381762,-0.4121055393198547,0.2223651380998104,0.19073318382173043,-0.031631954278079966
random_forest,unweighted,1.0,10.0,123,123,True,False,True,0.8270090245568442,0.8225718589852264,-0.004437165571617774,0.1098612300338716,0.104135891335045,-0.005725338698826604
random_forest,unweighted,1.0,10.0,123,42,True,False,True,0.8283846305647891,0.8198119281705405,-0.008572702394248566,0.110672906977031,0.10673575025001719,-0.0039371567270138075
random_forest,unweighted,1.0,10.0,123,456,True,False,True,0.8264158770557622,0.822405059860259,-0.004010817195503225,0.1110388482989203,0.10518666568576102,-0.005852182613159285
random_forest,unweighted,1.0,10.0,123,789,True,False,True,0.8280678255017108,0.8197482782723112,-0.008319547229399538,0.1096049365128309,0.10216693953452353,-0.007437996978307368
random_forest,unweighted,1.0,10.0,42,123,True,False,True,0.7993036154324304,0.7884774806525973,-0.010826134779833185,0.1250439196928833,0.12200090811195864,-0.0030430115809246677
random_forest,unweighted,1.0,10.0,42,42,True,False,True,0.7967497221433496,0.7876938784044724,-0.009055843738877245,0.1323545766291466,0.11741361280712471,-0.014940963822021883
random_forest,unweighted,1.0,10.0,42,456,True,False,True,0.7949283079988327,0.7888387376667472,-0.00608957033208557,0.1267775599337143,0.1194166546105759,-0.007360905323138406
random_forest,unweighted,1.0,10.0,42,789,True,False,True,0.7946899724099898,0.7886340378584439,-0.006055934551545961,0.1249339696679963,0.1254541284058102,0.0005201587378138861
random_forest,unweighted,1.0,10.0,456,123,True,False,True,0.8166914233191555,0.8125261654293193,-0.004165257889836127,0.1195501809206597,0.11736313641098971,-0.002187044509669986
random_forest,unweighted,1.0,10.0,456,42,True,False,True,0.8167331044455801,0.8147809141855566,-0.0019521902600234675,0.1140899390718177,0.11302637027208964,-0.0010635687997280624
random_forest,unweighted,1.0,10.0,456,456,True,False,True,0.818425560312881,0.8118118768465062,-0.006613683466374809,0.1189867069380393,0.11106487047840621,-0.007921836459633083
random_forest,unweighted,1.0,10.0,456,789,True,False,True,0.820746555323804,0.8148621823594722,-0.005884372964331863,0.1164899618577219,0.11189534560347326,-0.004594616254248632
random_forest,unweighted,1.0,10.0,789,123,True,False,True,0.8262754227918255,0.8201993178247104,-0.006076104967115081,0.1035519428873147,0.10398175950242805,0.0004298166151133487
random_forest,unweighted,1.0,10.0,789,42,True,False,True,0.824819523851171,0.8195017980870928,-0.005317725764078185,0.1060345308279852,0.10176543719870422,-0.004269093629280976
random_forest,unweighted,1.0,10.0,789,456,True,False,True,0.8220793385528772,0.8206676778734099,-0.001411660679467297,0.1072251488142479,0.10408184573177466,-0.0031433030824732366
random_forest,unweighted,1.0,10.0,789,789,True,False,True,0.8240651548913299,0.8224801737725534,-0.001584981118776474,0.1075288911261154,0.10273815637949142,-0.004790734746623976
random_forest,unweighted,1.0,50.0,123,123,True,False,True,0.8270090245568442,0.820723424298153,-0.006285600258691182,0.1098612300338716,0.10933051746913289,-0.0005307125647387168
random_forest,unweighted,1.0,50.0,123,42,True,False,True,0.8283846305647891,0.8145892830545719,-0.01379534751021716,0.110672906977031,0.10433794534914236,-0.006334961627888644
random_forest,unweighted,1.0,50.0,123,456,True,False,True,0.8264158770557622,0.8188894586753575,-0.007526418380404798,0.1110388482989203,0.10698826929172064,-0.004050579007199656
random_forest,unweighted,1.0,50.0,123,789,True,False,True,0.8280678255017108,0.8180764820119709,-0.009991343489739846,0.1096049365128309,0.10318235814351147,-0.006422578369319434
random_forest,unweighted,1.0,50.0,42,123,True,False,True,0.7993036154324304,0.7870630362036852,-0.012240579228745219,0.1250439196928833,0.1197920264465439,-0.005251893246339415
random_forest,unweighted,1.0,50.0,42,42,True,False,True,0.7967497221433496,0.7862992872246122,-0.010450434918737428,0.1323545766291466,0.12179590070733175,-0.01055867592181485
random_forest,unweighted,1.0,50.0,42,456,True,False,True,0.7949283079988327,0.7856403305988482,-0.009287977399984548,0.1267775599337143,0.12013297194995697,-0.006644587983757347
random_forest,unweighted,1.0,50.0,42,789,True,False,True,0.7946899724099898,0.7838503917052279,-0.010839580704761986,0.1249339696679963,0.12069633761221188,-0.004237632055784424
random_forest,unweighted,1.0,50.0,456,123,True,False,True,0.8166914233191555,0.8108900375917826,-0.005801385727372876,0.1195501809206597,0.11244233624105182,-0.007107844679607872
random_forest,unweighted,1.0,50.0,456,42,True,False,True,0.8167331044455801,0.8113254704551415,-0.005407633990438643,0.1140899390718177,0.1148114163182288,0.000721477246411098
random_forest,unweighted,1.0,50.0,456,456,True,False,True,0.818425560312881,0.811820714201703,-0.006604846111178064,0.1189867069380393,0.11261900662932693,-0.006367700308712365
random_forest,unweighted,1.0,50.0,456,789,True,False,True,0.820746555323804,0.8103892585202417,-0.010357296803562344,0.1164899618577219,0.11613484784613301,-0.0003551140115888862
random_forest,unweighted,1.0,50.0,789,123,True,False,True,0.8262754227918255,0.8171943753961223,-0.009081047395703257,0.1035519428873147,0.10245040128495421,-0.0011015416023604924
random_forest,unweighted,1.0,50.0,789,42,True,False,True,0.824819523851171,0.814927452641318,-0.009892071209852915,0.1060345308279852,0.10304052463219517,-0.0029940061957900305
random_forest,unweighted,1.0,50.0,789,456,True,False,True,0.8220793385528772,0.817009903057494,-0.00506943549538319,0.1072251488142479,0.1005871917485208,-0.006637957065727104
random_forest,unweighted,1.0,50.0,789,789,True,False,True,0.8240651548913299,0.8142850002359366,-0.00978015465539328,0.1075288911261154,0.10554250383432122,-0.0019863872917941783
random_forest,unweighted,1.0,100.0,123,123,True,False,True,0.8270090245568442,0.8122911599160263,-0.014717864640817924,0.1098612300338716,0.10280950641661127,-0.007051723617260336
random_forest,unweighted,1.0,100.0,123,42,True,False,True,0.8283846305647891,0.8156008914598144,-0.012783739104974656,0.110672906977031,0.1051768018902206,-0.005496105086810393
random_forest,unweighted,1.0,100.0,123,456,True,False,True,0.8264158770557622,0.8148816391951959,-0.011534237860566399,0.1110388482989203,0.1051958909276378,-0.005842957371282501
random_forest,unweighted,1.0,100.0,123,789,True,False,True,0.8280678255017108,0.8119842981602092,-0.016083527341501536,0.1096049365128309,0.105403515393169,-0.004201421119661902
random_forest,unweighted,1.0,100.0,42,123,True,False,True,0.7993036154324304,0.7790836497005182,-0.020219965731912204,0.1250439196928833,0.12580410524742702,0.0007601855545437131
random_forest,unweighted,1.0,100.0,42,42,True,False,True,0.7967497221433496,0.7761206366179823,-0.020629085525367352,0.1323545766291466,0.12469551081410335,-0.007659065815043248
random_forest,unweighted,1.0,100.0,42,456,True,False,True,0.7949283079988327,0.7794246433499831,-0.015503664648849669,0.1267775599337143,0.1215036242594282,-0.0052739356742861065
random_forest,unweighted,1.0,100.0,42,789,True,False,True,0.7946899724099898,0.7827402809267323,-0.01194969148325753,0.1249339696679963,0.12271061727036726,-0.0022233523976290387
random_forest,unweighted,1.0,100.0,456,123,True,False,True,0.8166914233191555,0.8066954973952809,-0.009995925923874549,0.1195501809206597,0.11416276011993794,-0.005387420800721757
random_forest,unweighted,1.0,100.0,456,42,True,False,True,0.8167331044455801,0.8032319135207557,-0.01350119092482438,0.1140899390718177,0.11132756690821745,-0.0027623721636002574
random_forest,unweighted,1.0,100.0,456,456,True,False,True,0.818425560312881,0.8052669177081234,-0.013158642604757631,0.1189867069380393,0.11957631142051102,0.0005896044824717228
random_forest,unweighted,1.0,100.0,456,789,True,False,True,0.820746555323804,0.8068434325122629,-0.013903122811541158,0.1164899618577219,0.11813905843654604,0.001649096578824144
random_forest,unweighted,1.0,100.0,789,123,True,False,True,0.8262754227918255,0.8099648280680444,-0.016310594723781158,0.1035519428873147,0.1066326477838913,0.0030807048965765943
random_forest,unweighted,1.0,100.0,789,42,True,False,True,0.824819523851171,0.8081902239270241,-0.016629299924146856,0.1060345308279852,0.10229618386902968,-0.0037383469589555157
random_forest,unweighted,1.0,100.0,789,456,True,False,True,0.8220793385528772,0.8096296634723342,-0.012449675080542955,0.1072251488142479,0.10743184387060596,0.00020669505635806384
random_forest,unweighted,1.0,100.0,789,789,True,False,True,0.8240651548913299,0.8108077484320165,-0.013257406459313392,0.1075288911261154,0.10263914198527016,-0.004889749140845237
random_forest,unweighted,1.0,773.7010836478753,123,123,True,False,True,0.8270090245568442,0.787039498853958,-0.039969525702886255,0.1098612300338716,0.1240721185527404,0.0142108885188688
random_forest,unweighted,1.0,773.7010836478753,123,42,True,False,True,0.8283846305647891,0.7884614067650181,-0.03992322379977098,0.110672906977031,0.1322521755629341,0.02157926858590309
random_forest,unweighted,1.0,773.7010836478753,123,456,True,False,True,0.8264158770557622,0.7836183341761481,-0.042797542879614126,0.1110388482989203,0.1328499334521572,0.021811085153236903
random_forest,unweighted,1.0,773.7010836478753,123,789,True,False,True,0.8280678255017108,0.7872525291113277,-0.04081529639038306,0.1096049365128309,0.1278318693859789,0.018226932873148
random_forest,unweighted,1.0,773.7010836478753,42,123,True,False,True,0.7993036154324304,0.7543450675820219,-0.04495854785040854,0.1250439196928833,0.1480643013253963,0.023020381632512993
random_forest,unweighted,1.0,773.7010836478753,42,42,True,False,True,0.7967497221433496,0.746743451938522,-0.05000627020482762,0.1323545766291466,0.1468106177661884,0.014456041137041797
random_forest,unweighted,1.0,773.7010836478753,42,456,True,False,True,0.7949283079988327,0.7497554939061769,-0.04517281409265583,0.1267775599337143,0.1527099984238568,0.025932438490142484
random_forest,unweighted,1.0,773.7010836478753,42,789,True,False,True,0.7946899724099898,0.743144141522048,-0.051545830887941846,0.1249339696679963,0.144352689314369,0.019418719646372706
random_forest,unweighted,1.0,773.7010836478753,456,123,True,False,True,0.8166914233191555,0.7756890629916643,-0.04100236032749116,0.1195501809206597,0.1390320858288719,0.019481904908212194
random_forest,unweighted,1.0,773.7010836478753,456,42,True,False,True,0.8167331044455801,0.7720827964235308,-0.04465030802204928,0.1140899390718177,0.1441461025783764,0.030056163506558695
random_forest,unweighted,1.0,773.7010836478753,456,456,True,False,True,0.818425560312881,0.7763820317570478,-0.042043528555833265,0.1189867069380393,0.1388714541356479,0.01988474719760859
random_forest,unweighted,1.0,773.7010836478753,456,789,True,False,True,0.820746555323804,0.7745950497702909,-0.046151505553513106,0.1164899618577219,0.1458603515577518,0.029370389700029892
random_forest,unweighted,1.0,773.7010836478753,789,123,True,False,True,0.8262754227918255,0.7734860069331649,-0.05278941585866059,0.1035519428873147,0.1323391082765855,0.028787165389270786
random_forest,unweighted,1.0,773.7010836478753,789,42,True,False,True,0.824819523851171,0.7710857316780422,-0.05373379217312879,0.1060345308279852,0.1226729239547154,0.016638393126730197
random_forest,unweighted,1.0,773.7010836478753,789,456,True,False,True,0.8220793385528772,0.7684044221874352,-0.05367491636544197,0.1072251488142479,0.1224860989153904,0.015260950101142506
random_forest,unweighted,1.0,773.7010836478753,789,789,True,False,True,0.8240651548913299,0.7697078918671916,-0.05435726302413835,0.1075288911261154,0.1279875691814327,0.0204586780553173
random_forest,unweighted,1.0,2000.0,123,123,True,False,True,0.8270090245568442,0.7673511874302921,-0.05965783712655215,0.1098612300338716,0.15035831973236594,0.04049708969849433
random_forest,unweighted,1.0,2000.0,123,42,True,False,True,0.8283846305647891,0.7683265209641201,-0.06005810960066893,0.110672906977031,0.1492544746616684,0.03858156768463741
random_forest,unweighted,1.0,2000.0,123,456,True,False,True,0.8264158770557622,0.7693352288623688,-0.057080648193393424,0.1110388482989203,0.14992053224564533,0.03888168394672503
random_forest,unweighted,1.0,2000.0,123,789,True,False,True,0.8280678255017108,0.7683055003016895,-0.05976232520002123,0.1096049365128309,0.1477351640191776,0.0381302275063467
random_forest,unweighted,1.0,2000.0,42,123,True,False,True,0.7993036154324304,0.7289207878781955,-0.07038282755423497,0.1250439196928833,0.15788396755769085,0.03284004786480754
random_forest,unweighted,1.0,2000.0,42,42,True,False,True,0.7967497221433496,0.7204187617575734,-0.07633096038577625,0.1323545766291466,0.17513317513750282,0.04277859850835622
random_forest,unweighted,1.0,2000.0,42,456,True,False,True,0.7949283079988327,0.7268127054310957,-0.06811560256773708,0.1267775599337143,0.1709688716260789,0.04419131169236459
random_forest,unweighted,1.0,2000.0,42,789,True,False,True,0.7946899724099898,0.7291316421849624,-0.06555833022502744,0.1249339696679963,0.1685917865717078,0.04365781690371151
random_forest,unweighted,1.0,2000.0,456,123,True,False,True,0.8166914233191555,0.7503146326332593,-0.06637679068589619,0.1195501809206597,0.15281535288059891,0.03326517195993922
random_forest,unweighted,1.0,2000.0,456,42,True,False,True,0.8167331044455801,0.7554803679633495,-0.06125273648223062,0.1140899390718177,0.16035309975862763,0.046263160686809926
random_forest,unweighted,1.0,2000.0,456,456,True,False,True,0.818425560312881,0.7523668499112091,-0.066058710401672,0.1189867069380393,0.15168442516381905,0.03269771822577976
random_forest,unweighted,1.0,2000.0,456,789,True,False,True,0.820746555323804,0.7539899097240085,-0.06675664559979555,0.1164899618577219,0.15611348919560247,0.039623527337880576
random_forest,unweighted,1.0,2000.0,789,123,True,False,True,0.8262754227918255,0.7487430450133477,-0.07753237777847788,0.1035519428873147,0.14348109409246704,0.039929151205152336
random_forest,unweighted,1.0,2000.0,789,42,True,False,True,0.824819523851171,0.7496496577696378,-0.0751698660815332,0.1060345308279852,0.13304086930044473,0.027006338472459535
random_forest,unweighted,1.0,2000.0,789,456,True,False,True,0.8220793385528772,0.7528716217119107,-0.0692077168409665,0.1072251488142479,0.1437471203516249,0.036521971537377004
random_forest,unweighted,1.0,2000.0,789,789,True,False,True,0.8240651548913299,0.7547318785364158,-0.06933327635491415,0.1075288911261154,0.13651893161829137,0.028990040492175975
random_forest,unweighted,1.0,5000.0,123,123,True,False,True,0.8270090245568442,0.745386579374673,-0.08162244518217121,0.1098612300338716,0.17447689040083497,0.06461566036696337
random_forest,unweighted,1.0,5000.0,123,42,True,False,True,0.8283846305647891,0.7373968540761533,-0.09098777648863576,0.110672906977031,0.17036967146651846,0.059696764489487464
random_forest,unweighted,1.0,5000.0,123,456,True,False,True,0.8264158770557622,0.7482200975991552,-0.07819577945660705,0.1110388482989203,0.17636192572448425,0.06532307742556395
random_forest,unweighted,1.0,5000.0,123,789,True,False,True,0.8280678255017108,0.7467158785066159,-0.08135194699509485,0.1096049365128309,0.17628857444306587,0.06668363793023496
random_forest,unweighted,1.0,5000.0,42,123,True,False,True,0.7993036154324304,0.6997337177278588,-0.0995698977045717,0.1250439196928833,0.19345714389763147,0.06841322420474816
random_forest,unweighted,1.0,5000.0,42,42,True,False,True,0.7967497221433496,0.6984729966353221,-0.09827672550802746,0.1323545766291466,0.19672109325786882,0.06436651662872223
random_forest,unweighted,1.0,5000.0,42,456,True,False,True,0.7949283079988327,0.700676820990746,-0.09425148700808672,0.1267775599337143,0.1953274691112777,0.0685499091775634
random_forest,unweighted,1.0,5000.0,42,789,True,False,True,0.7946899724099898,0.6961592129995119,-0.09853075941047795,0.1249339696679963,0.18135659604060983,0.05642262637261353
random_forest,unweighted,1.0,5000.0,456,123,True,False,True,0.8166914233191555,0.7308116602493668,-0.08587976306978862,0.1195501809206597,0.1854710276039756,0.06592084668331591
random_forest,unweighted,1.0,5000.0,456,42,True,False,True,0.8167331044455801,0.724100164539701,-0.09263293990587906,0.1140899390718177,0.18434617783486998,0.07025623876305227
random_forest,unweighted,1.0,5000.0,456,456,True,False,True,0.818425560312881,0.7273514174194127,-0.09107414289346838,0.1189867069380393,0.17904197211110703,0.06005526517306774
random_forest,unweighted,1.0,5000.0,456,789,True,False,True,0.820746555323804,0.7252226980186292,-0.09552385730517488,0.1164899618577219,0.18181039948532374,0.06532043762760184
random_forest,unweighted,1.0,5000.0,789,123,True,False,True,0.8262754227918255,0.7184170983548498,-0.10785832443697574,0.1035519428873147,0.16873644241613034,0.06518449952881564
random_forest,unweighted,1.0,5000.0,789,42,True,False,True,0.824819523851171,0.7210585368386788,-0.10376098701249215,0.1060345308279852,0.17221567352093886,0.06618114269295367
random_forest,unweighted,1.0,5000.0,789,456,True,False,True,0.8220793385528772,0.724371205836336,-0.09770813271654122,0.1072251488142479,0.17724210763459938,0.07001695882035149
random_forest,unweighted,1.0,5000.0,789,789,True,False,True,0.8240651548913299,0.7257553525708652,-0.09830980232046471,0.1075288911261154,0.1754639719934711,0.06793508086735571
xgboost,unweighted,1.0,10.0,123,123,True,False,True,0.841324853088602,0.8452988583797548,0.003974005291152771,0.109794207446445,0.11192074059782443,0.0021265331513794367
xgboost,unweighted,1.0,10.0,123,42,True,False,True,0.8409199819693604,0.845233108826094,0.0043131268567336845,0.1123512927184378,0.11165469160160874,-0.0006966011168290653
xgboost,unweighted,1.0,10.0,123,456,True,False,True,0.8426204388549638,0.8460812359504071,0.0034607970954432243,0.1084658440207706,0.11342882475413997,0.004962980733369371
xgboost,unweighted,1.0,10.0,123,789,True,False,True,0.843971650147884,0.8447848070408265,0.0008131568929424793,0.1081962258174196,0.10923261501922892,0.001036389201809318
xgboost,unweighted,1.0,10.0,42,123,True,False,True,0.815903493251223,0.8168167349635567,0.0009132417123336456,0.131157230773017,0.13226393228240763,0.0011067015093906285
xgboost,unweighted,1.0,10.0,42,42,True,False,True,0.817257678698113,0.8181658553747775,0.0009081766766644295,0.1313758764525216,0.13191500453885835,0.0005391280863367431
xgboost,unweighted,1.0,10.0,42,456,True,False,True,0.8166811773286371,0.8165753880050883,-0.00010578932354876613,0.1340449985770076,0.13142487046912746,-0.0026201281078801486
xgboost,unweighted,1.0,10.0,42,789,True,False,True,0.817807052643664,0.8166132869642424,-0.0011937656794216434,0.1255692042321404,0.1354890877512048,0.009919883519064393
xgboost,unweighted,1.0,10.0,456,123,True,False,True,0.8374490119526069,0.8323962101689977,-0.005052801783609229,0.118858836662697,0.12483567941074633,0.005976842748049327
xgboost,unweighted,1.0,10.0,456,42,True,False,True,0.8345775848474781,0.8352370113928592,0.0006594265453810921,0.1200862814016881,0.12471493618114576,0.004628654779457661
xgboost,unweighted,1.0,10.0,456,456,True,False,True,0.8357479352888872,0.8363538446298722,0.0006059093409849226,0.1149675152895575,0.12292117238937017,0.007953657099812675
xgboost,unweighted,1.0,10.0,456,789,True,False,True,0.8334657815065373,0.8335163190436062,5.0537537068962024e-05,0.1208524593205984,0.1303183401263521,0.009465880805753696
xgboost,unweighted,1.0,10.0,789,123,True,False,True,0.842337079612535,0.8409917181580866,-0.0013453614544484127,0.1092371250040663,0.108918415832273,-0.0003187091717932883
xgboost,unweighted,1.0,10.0,789,42,True,False,True,0.8392160059802548,0.8418464561814337,0.0026304502011789133,0.1109971010169506,0.10973798943226104,-0.001259111584689554
xgboost,unweighted,1.0,10.0,789,456,True,False,True,0.8405271506468719,0.840428478376342,-9.867227052984262e-05,0.1075859415976361,0.10948694140155787,0.0019009998039217768
xgboost,unweighted,1.0,10.0,789,789,True,False,True,0.8398015516993577,0.8418914163678504,0.0020898646684927025,0.1103802313532524,0.11192231992919018,0.0015420885759377806
xgboost,unweighted,1.0,50.0,123,123,True,False,True,0.841324853088602,0.8367888819109953,-0.004535971177606735,0.109794207446445,0.11270347607655516,0.002909268630110165
xgboost,unweighted,1.0,50.0,123,42,True,False,True,0.8409199819693604,0.8391695024916772,-0.0017504794776831423,0.1123512927184378,0.11251263718010415,0.00016134446166635175
xgboost,unweighted,1.0,50.0,123,456,True,False,True,0.8426204388549638,0.8404812657773254,-0.0021391730776384454,0.1084658440207706,0.11299636834106452,0.004530524320293924
xgboost,unweighted,1.0,50.0,123,789,True,False,True,0.843971650147884,0.8400800745363843,-0.0038915756114996647,0.1081962258174196,0.10985978175992915,0.0016635559425095536
xgboost,unweighted,1.0,50.0,42,123,True,False,True,0.815903493251223,0.8091122260834392,-0.006791267167783777,0.131157230773017,0.13421357840478107,0.0030563476317640725
xgboost,unweighted,1.0,50.0,42,42,True,False,True,0.817257678698113,0.8098783995306954,-0.007379279167417652,0.1313758764525216,0.13477675016336294,0.003400873710841329
xgboost,unweighted,1.0,50.0,42,456,True,False,True,0.8166811773286371,0.8106103296382311,-0.0060708476904060005,0.1340449985770076,0.13758361772726052,0.003538619150252914
xgboost,unweighted,1.0,50.0,42,789,True,False,True,0.817807052643664,0.8120211380132882,-0.00578591463037581,0.1255692042321404,0.1348443029840877,0.009275098751947292
xgboost,unweighted,1.0,50.0,456,123,True,False,True,0.8374490119526069,0.8264904777833016,-0.010958534169305256,0.118858836662697,0.12324963703633851,0.004390800373641507
xgboost,unweighted,1.0,50.0,456,42,True,False,True,0.8345775848474781,0.8274950533650581,-0.007082531482419996,0.1200862814016881,0.12459939296776705,0.004513111566078948
xgboost,unweighted,1.0,50.0,456,456,True,False,True,0.8357479352888872,0.8276123222738229,-0.00813561301506438,0.1149675152895575,0.1267566749242006,0.011789159634643095
xgboost,unweighted,1.0,50.0,456,789,True,False,True,0.8334657815065373,0.8287045578227494,-0.004761223683787841,0.1208524593205984,0.12527933957293924,0.004426880252340837
xgboost,unweighted,1.0,50.0,789,123,True,False,True,0.842337079612535,0.8349944826262887,-0.007342596986246286,0.1092371250040663,0.11356424398815686,0.004327118984090564
xgboost,unweighted,1.0,50.0,789,42,True,False,True,0.8392160059802548,0.8359035768180955,-0.003312429162159347,0.1109971010169506,0.10932787767117075,-0.0016692233457798467
xgboost,unweighted,1.0,50.0,789,456,True,False,True,0.8405271506468719,0.8369239706984211,-0.00360317994845083,0.1075859415976361,0.11324321997949763,0.00565727838186153
xgboost,unweighted,1.0,50.0,789,789,True,False,True,0.8398015516993577,0.8363175523920137,-0.003483999307343999,0.1103802313532524,0.11225591037760174,0.001875679024349347
xgboost,unweighted,1.0,100.0,123,123,True,False,True,0.841324853088602,0.8375029437446488,-0.0038219093439532115,0.109794207446445,0.11020932532008426,0.00041511787363926467
xgboost,unweighted,1.0,100.0,123,42,True,False,True,0.8409199819693604,0.836193327444195,-0.004726654525165408,0.1123512927184378,0.1138784659121706,0.0015271731937328004
xgboost,unweighted,1.0,100.0,123,456,True,False,True,0.8426204388549638,0.8367571928881178,-0.005863245966846065,0.1084658440207706,0.10914093294295135,0.0006750889221807527
xgboost,unweighted,1.0,100.0,123,789,True,False,True,0.843971650147884,0.838477919852754,-0.005493730295130006,0.1081962258174196,0.11627692073523799,0.00808069491781839
xgboost,unweighted,1.0,100.0,42,123,True,False,True,0.815903493251223,0.8053071891755501,-0.010596304075672913,0.131157230773017,0.1358218571108086,0.004664626337791605
xgboost,unweighted,1.0,100.0,42,42,True,False,True,0.817257678698113,0.8075650456337491,-0.009692633064363965,0.1313758764525216,0.13444417470743214,0.003068298254910534
xgboost,unweighted,1.0,100.0,42,456,True,False,True,0.8166811773286371,0.8092770317212167,-0.00740414560742042,0.1340449985770076,0.12708137646036058,-0.006963622116647028
xgboost,unweighted,1.0,100.0,42,789,True,False,True,0.817807052643664,0.80679052804545,-0.011016524598214006,0.1255692042321404,0.13813270656097412,0.012563502328833714
xgboost,unweighted,1.0,100.0,456,123,True,False,True,0.8374490119526069,0.825519313151109,-0.011929698801497857,0.118858836662697,0.12498002166260154,0.006121184999904536
xgboost,unweighted,1.0,100.0,456,42,True,False,True,0.8345775848474781,0.8255819692318925,-0.008995615615585595,0.1200862814016881,0.12280513304828002,0.0027188516465919133
xgboost,unweighted,1.0,100.0,456,456,True,False,True,0.8357479352888872,0.8256445222073752,-0.01010341308151208,0.1149675152895575,0.12747940654088108,0.012511891251323584
xgboost,unweighted,1.0,100.0,456,789,True,False,True,0.8334657815065373,0.8256768440554638,-0.007788937451073452,0.1208524593205984,0.12626410632870952,0.0054116470081111145
xgboost,unweighted,1.0,100.0,789,123,True,False,True,0.842337079612535,0.8290068500801879,-0.013330229532347082,0.1092371250040663,0.11046458111158639,0.0012274561075200918
xgboost,unweighted,1.0,100.0,789,42,True,False,True,0.8392160059802548,0.8324128987159497,-0.006803107264305108,0.1109971010169506,0.1108704851118777,-0.00012661590507288822
xgboost,unweighted,1.0,100.0,789,456,True,False,True,0.8405271506468719,0.8333949154397822,-0.007132235207089721,0.1075859415976361,0.11586524101131086,0.008279299413674765
xgboost,unweighted,1.0,100.0,789,789,True,False,True,0.8398015516993577,0.8319037062504548,-0.007897845448902818,0.1103802313532524,0.11634382363377017,0.005963592280517779
xgboost,unweighted,1.0,773.7010836478753,123,123,True,False,True,0.841324853088602,0.8283351647239205,-0.012989688364681506,0.109794207446445,0.1167519455190908,0.006957738072645797
xgboost,unweighted,1.0,773.7010836478753,123,42,True,False,True,0.8409199819693604,0.8248751773828585,-0.016044804586501815,0.1123512927184378,0.1194941681786775,0.0071428754602397004
xgboost,unweighted,1.0,773.7010836478753,123,456,True,False,True,0.8426204388549638,0.8246323655951001,-0.017988073259863735,0.1084658440207706,0.1191077009139575,0.010641856893186905
xgboost,unweighted,1.0,773.7010836478753,123,789,True,False,True,0.843971650147884,0.8251705528729397,-0.01880109727494428,0.1081962258174196,0.116569294134978,0.008373068317558408
xgboost,unweighted,1.0,773.7010836478753,42,123,True,False,True,0.815903493251223,0.793669041176051,-0.02223445207517205,0.131157230773017,0.1467555685389662,0.01559833776594921
xgboost,unweighted,1.0,773.7010836478753,42,42,True,False,True,0.817257678698113,0.7977492432799025,-0.019508435418210568,0.1313758764525216,0.1422510550296293,0.01087517857710768
xgboost,unweighted,1.0,773.7010836478753,42,456,True,False,True,0.8166811773286371,0.7979451040239316,-0.018736073304705503,0.1340449985770076,0.1493712949823744,0.015326296405366785
xgboost,unweighted,1.0,773.7010836478753,42,789,True,False,True,0.817807052643664,0.7969956877581315,-0.02081136488553259,0.1255692042321404,0.1435015799261058,0.017932375693965386
xgboost,unweighted,1.0,773.7010836478753,456,123,True,False,True,0.8374490119526069,0.8168826112947853,-0.02056640065782156,0.118858836662697,0.1266724334862321,0.007813596823535107
xgboost,unweighted,1.0,773.7010836478753,456,42,True,False,True,0.8345775848474781,0.817585978020491,-0.016991606826987082,0.1200862814016881,0.1302801506829888,0.010193869281300685
xgboost,unweighted,1.0,773.7010836478753,456,456,True,False,True,0.8357479352888872,0.8153872171997595,-0.02036071808912776,0.1149675152895575,0.132611691238995,0.0176441759494375
xgboost,unweighted,1.0,773.7010836478753,456,789,True,False,True,0.8334657815065373,0.8155826642678626,-0.01788311723867464,0.1208524593205984,0.1311038123548814,0.010251353034282984
xgboost,unweighted,1.0,773.7010836478753,789,123,True,False,True,0.842337079612535,0.8253448223980756,-0.016992257214459405,0.1092371250040663,0.115171063051713,0.005933938047646706
xgboost,unweighted,1.0,773.7010836478753,789,42,True,False,True,0.8392160059802548,0.824915587634431,-0.014300418345823851,0.1109971010169506,0.1203288396960146,0.009331738679064006
xgboost,unweighted,1.0,773.7010836478753,789,456,True,False,True,0.8405271506468719,0.824542498861577,-0.015984651785294846,0.1075859415976361,0.1185742174938334,0.010988275896197303
xgboost,unweighted,1.0,773.7010836478753,789,789,True,False,True,0.8398015516993577,0.8234770459056854,-0.016324505793672284,0.1103802313532524,0.1219950354364863,0.011614804083233898
xgboost,unweighted,1.0,2000.0,123,123,True,False,True,0.841324853088602,0.8202569119988873,-0.02106794108971477,0.109794207446445,0.12374167539853138,0.013947467952086387
xgboost,unweighted,1.0,2000.0,123,42,True,False,True,0.8409199819693604,0.8205839861971842,-0.020335995772176152,0.1123512927184378,0.12818344829601935,0.015832155577581553
xgboost,unweighted,1.0,2000.0,123,456,True,False,True,0.8426204388549638,0.8194553792946268,-0.023165059560337098,0.1084658440207706,0.12403510926486788,0.015569265244097283
xgboost,unweighted,1.0,2000.0,123,789,True,False,True,0.843971650147884,0.8203426527915456,-0.023628997356338388,0.1081962258174196,0.12143710916824203,0.013240883350822436
xgboost,unweighted,1.0,2000.0,42,123,True,False,True,0.815903493251223,0.7909448653487782,-0.024958627902444852,0.131157230773017,0.1472523221581985,0.016095091385181504
xgboost,unweighted,1.0,2000.0,42,42,True,False,True,0.817257678698113,0.7903597793097741,-0.026897899388338975,0.1313758764525216,0.14794502910679602,0.016569152654274416
xgboost,unweighted,1.0,2000.0,42,456,True,False,True,0.8166811773286371,0.7893347666287236,-0.027346410699913504,0.1340449985770076,0.1481954613208934,0.014150462743885789
xgboost,unweighted,1.0,2000.0,42,789,True,False,True,0.817807052643664,0.7930534853621353,-0.024753567281528777,0.1255692042321404,0.15223670676585083,0.02666750253371042
xgboost,unweighted,1.0,2000.0,456,123,True,False,True,0.8374490119526069,0.8114001795436012,-0.026048832409005684,0.118858836662697,0.13213183150920846,0.013272994846511454
xgboost,unweighted,1.0,2000.0,456,42,True,False,True,0.8345775848474781,0.8136286360447634,-0.020948948802714695,0.1200862814016881,0.13538204564273162,0.015295764241043522
xgboost,unweighted,1.0,2000.0,456,456,True,False,True,0.8357479352888872,0.809437697048389,-0.026310238240498274,0.1149675152895575,0.13855105731212344,0.023583542022565948
xgboost,unweighted,1.0,2000.0,456,789,True,False,True,0.8334657815065373,0.8089047551206938,-0.024561026385843454,0.1208524593205984,0.13206595497168597,0.011213495651087563
xgboost,unweighted,1.0,2000.0,789,123,True,False,True,0.842337079612535,0.816504727348849,-0.025832352263685965,0.1092371250040663,0.12487858411114898,0.015641459107082686
xgboost,unweighted,1.0,2000.0,789,42,True,False,True,0.8392160059802548,0.8177357318166251,-0.021480274163629742,0.1109971010169506,0.12628952406011854,0.015292423043167941
xgboost,unweighted,1.0,2000.0,789,456,True,False,True,0.8405271506468719,0.8170556586124103,-0.02347149203446164,0.1075859415976361,0.13158737234922668,0.024001430751590586
xgboost,unweighted,1.0,2000.0,789,789,True,False,True,0.8398015516993577,0.8179643839380091,-0.021837167761348586,0.1103802313532524,0.1225233475810516,0.012143116227799206
xgboost,unweighted,1.0,5000.0,123,123,True,False,True,0.841324853088602,0.8131655775663309,-0.028159275522271154,0.109794207446445,0.1307098817147945,0.020915674268349504
xgboost,unweighted,1.0,5000.0,123,42,True,False,True,0.8409199819693604,0.8130783763297488,-0.027841605639611577,0.1123512927184378,0.1317406376189202,0.019389344900482386
xgboost,unweighted,1.0,5000.0,123,456,True,False,True,0.8426204388549638,0.814517889996875,-0.028102548858088827,0.1084658440207706,0.13013362465169098,0.021667780630920383
xgboost,unweighted,1.0,5000.0,123,789,True,False,True,0.843971650147884,0.8173643457265253,-0.026607304421358724,0.1081962258174196,0.12833672493424178,0.020140499116822183
xgboost,unweighted,1.0,5000.0,42,123,True,False,True,0.815903493251223,0.7850495371139968,-0.03085395613722619,0.131157230773017,0.15598333818898105,0.024826107415964055
xgboost,unweighted,1.0,5000.0,42,42,True,False,True,0.817257678698113,0.7861335439671185,-0.031124134730994513,0.1313758764525216,0.1594686699785216,0.028092793526
xgboost,unweighted,1.0,5000.0,42,456,True,False,True,0.8166811773286371,0.7835858681482414,-0.033095309180395716,0.1340449985770076,0.1505479611011921,0.016502962524184484
xgboost,unweighted,1.0,5000.0,42,789,True,False,True,0.817807052643664,0.7863413120725083,-0.0314657405711557,0.1255692042321404,0.1535280381665949,0.027958833934454502
xgboost,unweighted,1.0,5000.0,456,123,True,False,True,0.8374490119526069,0.8043435204132102,-0.03310549153939668,0.118858836662697,0.14181231539667777,0.022953478733980764
xgboost,unweighted,1.0,5000.0,456,42,True,False,True,0.8345775848474781,0.8056054060658977,-0.028972178781580427,0.1200862814016881,0.14091480631565528,0.02082852491396718
xgboost,unweighted,1.0,5000.0,456,456,True,False,True,0.8357479352888872,0.8031415849138309,-0.032606350375056325,0.1149675152895575,0.14190390052111884,0.026936385231561347
xgboost,unweighted,1.0,5000.0,456,789,True,False,True,0.8334657815065373,0.8010344889675473,-0.03243129253899002,0.1208524593205984,0.13709984109218448,0.016247381771586078
xgboost,unweighted,1.0,5000.0,789,123,True,False,True,0.842337079612535,0.8139634616387778,-0.02837361797375726,0.1092371250040663,0.1283637962117952,0.0191266712077289
xgboost,unweighted,1.0,5000.0,789,42,True,False,True,0.8392160059802548,0.8100413033693843,-0.029174702610870518,0.1109971010169506,0.13583202313038747,0.02483492211343688
xgboost,unweighted,1.0,5000.0,789,456,True,False,True,0.8405271506468719,0.8124436394309713,-0.02808351121590058,0.1075859415976361,0.12842527108484575,0.02083932948720965
xgboost,unweighted,1.0,5000.0,789,789,True,False,True,0.8398015516993577,0.8084282354242955,-0.031373316275062124,0.1103802313532524,0.13325165242870743,0.022871421075455034
decision_tree,default,773.7010836478753,1.0,123,123,True,False,True,0.745346620759228,0.7674547839989712,0.022108163239743184,0.1211559281490905,0.1831234650863708,0.06196753693728031
decision_tree,default,773.7010836478753,1.0,123,42,True,False,True,0.7453351246651442,0.7660834404692739,0.020748315804129724,0.1211643209336306,0.1831245141844384,0.0619601932508078
decision_tree,default,773.7010836478753,1.0,123,456,True,False,True,0.7453480598658605,0.7674547839989712,0.022106724133110656,0.121154879051023,0.1831234650863708,0.061968586035347814
decision_tree,default,773.7010836478753,1.0,123,789,True,False,True,0.7453451821187052,0.7674627863245576,0.022117604205852404,0.121156977247158,0.1831171704979658,0.0619601932508078
decision_tree,default,773.7010836478753,1.0,42,123,True,False,True,0.7113401041369343,0.7297426212657876,0.018402517128853324,0.1407589012479995,0.1526775218578796,0.01191862060988011
decision_tree,default,773.7010836478753,1.0,42,42,True,False,True,0.7113265927524011,0.7297426212657876,0.01841602851338653,0.1407735886209447,0.1526775218578796,0.011903933236934922
decision_tree,default,773.7010836478753,1.0,42,456,True,False,True,0.7113362374685769,0.7297814974740391,0.018445260005462205,0.1407630976402696,0.1526775218578796,0.01191442421761002
decision_tree,default,773.7010836478753,1.0,42,789,True,False,True,0.7113401041369343,0.7297426212657876,0.018402517128853324,0.1407589012479995,0.1526775218578796,0.01191862060988011
decision_tree,default,773.7010836478753,1.0,456,123,True,False,True,0.7426824929247786,0.7511873139577037,0.008504821032925047,0.130981501162444,0.193050464282648,0.06206896312020399
decision_tree,default,773.7010836478753,1.0,456,42,True,False,True,0.7427057464175726,0.7511850498051984,0.008479303387625814,0.130981501162444,0.1930515133807155,0.06207001221827149
decision_tree,default,773.7010836478753,1.0,456,456,True,False,True,0.7427057464175726,0.7507019534840034,0.007996207066430783,0.130981501162444,0.1930515133807155,0.06207001221827149
decision_tree,default,773.7010836478753,1.0,456,789,True,False,True,0.7430874199284132,0.7511850498051984,0.008097629876785195,0.1309804520643765,0.1930515133807155,0.062071061316338993
decision_tree,default,773.7010836478753,1.0,789,123,True,False,True,0.744724060794993,0.7571897155189382,0.01246565472394523,0.1171285376197415,0.1875312563012945,0.070402718681553
decision_tree,default,773.7010836478753,1.0,789,42,True,False,True,0.7447227431604648,0.7571897155189382,0.012466972358473383,0.1171295867178091,0.1875312563012945,0.0704016695834854
decision_tree,default,773.7010836478753,1.0,789,456,True,False,True,0.744724060794993,0.7571744114532092,0.012450350658216203,0.1171285376197415,0.1875354526935645,0.070406915073823
decision_tree,default,773.7010836478753,1.0,789,789,True,False,True,0.7447227431604648,0.7572455594467772,0.012522816286312355,0.1171295867178091,0.1875354526935645,0.0704058659757554
decision_tree,default,773.7010836478753,10.0,123,123,True,False,True,0.745346620759228,0.7862209553507415,0.04087433459151357,0.1211559281490905,0.13165556372361506,0.01049963557452456
decision_tree,default,773.7010836478753,10.0,123,42,True,False,True,0.7453351246651442,0.7862124993792531,0.040877374714108905,0.1211643209336306,0.13166185831202015,0.010497537378389557
decision_tree,default,773.7010836478753,10.0,123,456,True,False,True,0.7453480598658605,0.7855807949570257,0.040232735091165206,0.121154879051023,0.13246725203530338,0.01131237298428038
decision_tree,default,773.7010836478753,10.0,123,789,True,False,True,0.7453451821187052,0.7855850361014509,0.040239853982745766,0.121156977247158,0.13246410474110085,0.011307127493942845
decision_tree,default,773.7010836478753,10.0,42,123,True,False,True,0.7113401041369343,0.7407694154252512,0.02942931128831694,0.1407589012479995,0.15436069707110456,0.013601795823105056
decision_tree,default,773.7010836478753,10.0,42,42,True,False,True,0.7113265927524011,0.7407429205462306,0.029416327793829522,0.1407735886209447,0.15436069707110456,0.013587108450159868
decision_tree,default,773.7010836478753,10.0,42,456,True,False,True,0.7113362374685769,0.7407694154252512,0.029433177956674328,0.1407630976402696,0.15436069707110456,0.013597599430834967
decision_tree,default,773.7010836478753,10.0,42,789,True,False,True,0.7113401041369343,0.7407429205462306,0.029402816409296317,0.1407589012479995,0.15436069707110456,0.013601795823105056
decision_tree,default,773.7010836478753,10.0,456,123,True,False,True,0.7426824929247786,0.7598423113589786,0.017159818434200003,0.130981501162444,0.1399895018201081,0.009008000657664106
decision_tree,default,773.7010836478753,10.0,456,42,True,False,True,0.7427057464175726,0.7598656414552162,0.01715989503764359,0.130981501162444,0.1399895018201081,0.009008000657664106
decision_tree,default,773.7010836478753,10.0,456,456,True,False,True,0.7427057464175726,0.7594152395632916,0.016709493145719012,0.130981501162444,0.1399884527220406,0.009006951559596604
decision_tree,default,773.7010836478753,10.0,456,789,True,False,True,0.7430874199284132,0.7594385696595292,0.016351149731115955,0.1309804520643765,0.1399884527220406,0.009008000657664106
decision_tree,default,773.7010836478753,10.0,789,123,True,False,True,0.744724060794993,0.7766654765197472,0.031941415724754174,0.1171285376197415,0.12592821241196098,0.008799674792219478
decision_tree,default,773.7010836478753,10.0,789,42,True,False,True,0.7447227431604648,0.7766878144967572,0.03196507133629234,0.1171295867178091,0.12592401601969094,0.008794429301881845
decision_tree,default,773.7010836478753,10.0,789,456,True,False,True,0.744724060794993,0.7766654765197472,0.031941415724754174,0.1171285376197415,0.12592821241196098,0.008799674792219478
decision_tree,default,773.7010836478753,10.0,789,789,True,False,True,0.7447227431604648,0.7766706305437089,0.031947887383244056,0.1171295867178091,0.12592506511775844,0.008795478399949347
decision_tree,default,773.7010836478753,50.0,123,123,True,False,True,0.745346620759228,0.7658809992931647,0.020534378533936692,0.1211559281490905,0.12787029820713094,0.006714370058040445
decision_tree,default,773.7010836478753,50.0,123,42,True,False,True,0.7453351246651442,0.7658773447913696,0.02054222012622542,0.1211643209336306,0.127874494599401,0.006710173665770411
decision_tree,default,773.7010836478753,50.0,123,456,True,False,True,0.7453480598658605,0.7658773447913696,0.020529284925509095,0.121154879051023,0.127874494599401,0.006719615548378008
decision_tree,default,773.7010836478753,50.0,123,789,True,False,True,0.7453451821187052,0.7658666416375838,0.020521459518878626,0.121156977247158,0.127874494599401,0.006717517352243005
decision_tree,default,773.7010836478753,50.0,42,123,True,False,True,0.7113401041369343,0.7431704780619489,0.03183037392501464,0.1407589012479995,0.14046379109846088,-0.0002951101495386188
decision_tree,default,773.7010836478753,50.0,42,42,True,False,True,0.7113265927524011,0.7431342310313236,0.03180763827892252,0.1407735886209447,0.14046379109846088,-0.00030979752248380676
decision_tree,default,773.7010836478753,50.0,42,456,True,False,True,0.7113362374685769,0.7431274559046234,0.03179121843604649,0.1407630976402696,0.14046379109846088,-0.0002993065418087082
decision_tree,default,773.7010836478753,50.0,42,789,True,False,True,0.7113401041369343,0.7431520089384971,0.03181190480156282,0.1407589012479995,0.14046379109846088,-0.0002951101495386188
decision_tree,default,773.7010836478753,50.0,456,123,True,False,True,0.7426824929247786,0.7632125895511737,0.020530096626395045,0.130981501162444,0.1423850146211749,0.01140351345873089
decision_tree,default,773.7010836478753,50.0,456,42,True,False,True,0.7427057464175726,0.7632125895511737,0.02050684313360107,0.130981501162444,0.1423850146211749,0.01140351345873089
decision_tree,default,773.7010836478753,50.0,456,456,True,False,True,0.7427057464175726,0.7631632749024297,0.020457528484857157,0.130981501162444,0.1423850146211749,0.01140351345873089
decision_tree,default,773.7010836478753,50.0,456,789,True,False,True,0.7430874199284132,0.7627370621633532,0.019649642234940035,0.1309804520643765,0.1423860637192424,0.011405611654865894
decision_tree,default,773.7010836478753,50.0,789,123,True,False,True,0.744724060794993,0.7690009713736565,0.024276910578663546,0.1171285376197415,0.11733291783923375,0.00020438021949224783
decision_tree,default,773.7010836478753,50.0,789,42,True,False,True,0.7447227431604648,0.7687806658088926,0.024057922648427765,0.1171295867178091,0.11814880254319211,0.0010192158253830158
decision_tree,default,773.7010836478753,50.0,789,456,True,False,True,0.744724060794993,0.7690441756954115,0.02432011490041852,0.1171285376197415,0.11733291783923375,0.00020438021949224783
decision_tree,default,773.7010836478753,50.0,789,789,True,False,True,0.7447227431604648,0.7690403602858986,0.024317617125433788,0.1171295867178091,0.1173360651334363,0.00020647841562719538
decision_tree,default,773.7010836478753,100.0,123,123,True,False,True,0.745346620759228,0.7545137077720243,0.009167087012796338,0.1211559281490905,0.12415848092390173,0.0030025527748112346
decision_tree,default,773.7010836478753,100.0,123,42,True,False,True,0.7453351246651442,0.754510614919658,0.009175490254513807,0.1211643209336306,0.12416267731617178,0.002998356382541187
decision_tree,default,773.7010836478753,100.0,123,456,True,False,True,0.7453480598658605,0.7544921695860373,0.009144109720176763,0.121154879051023,0.12416267731617178,0.003007798265148784
decision_tree,default,773.7010836478753,100.0,123,789,True,False,True,0.7453451821187052,0.754510614919658,0.009165432800952833,0.121156977247158,0.12416267731617178,0.003005700069013781
decision_tree,default,773.7010836478753,100.0,42,123,True,False,True,0.7113401041369343,0.7505454149543875,0.039205310817453265,0.1407589012479995,0.14449515001082006,0.0037362487628205543
decision_tree,default,773.7010836478753,100.0,42,42,True,False,True,0.7113265927524011,0.7505674569290289,0.039240864176627865,0.1407735886209447,0.1444836099320774,0.0037100213111327107
decision_tree,default,773.7010836478753,100.0,42,456,True,False,True,0.7113362374685769,0.7505634406451616,0.03922720317658468,0.1407630976402696,0.14448570812821243,0.00372261048794284
decision_tree,default,773.7010836478753,100.0,42,789,True,False,True,0.7113401041369343,0.750522206027975,0.039182101891040766,0.1407589012479995,0.14449515001082006,0.0037362487628205543
decision_tree,default,773.7010836478753,100.0,456,123,True,False,True,0.7426824929247786,0.7744155716952892,0.03173307877051057,0.130981501162444,0.13766669037826718,0.006685189215823173
decision_tree,default,773.7010836478753,100.0,456,42,True,False,True,0.7427057464175726,0.7741858473113998,0.031480100893827245,0.130981501162444,0.13766564128019965,0.006684140117755644
decision_tree,default,773.7010836478753,100.0,456,456,True,False,True,0.7427057464175726,0.7741810669210407,0.03147532050346813,0.130981501162444,0.13766878857440218,0.006687287411958176
decision_tree,default,773.7010836478753,100.0,456,789,True,False,True,0.7430874199284132,0.774418437628172,0.03133101769975877,0.1309804520643765,0.13766773947633468,0.006687287411958176
decision_tree,default,773.7010836478753,100.0,789,123,True,False,True,0.744724060794993,0.7554150670424552,0.01069100624746222,0.1171285376197415,0.11771837011147301,0.0005898324917315151
decision_tree,default,773.7010836478753,100.0,789,42,True,False,True,0.7447227431604648,0.7554057052800699,0.010682962119605066,0.1171295867178091,0.11772466469987809,0.000595077982068995
decision_tree,default,773.7010836478753,100.0,789,456,True,False,True,0.744724060794993,0.7554150670424552,0.01069100624746222,0.1171285376197415,0.11771837011147301,0.0005898324917315151
decision_tree,default,773.7010836478753,100.0,789,789,True,False,True,0.7447227431604648,0.7554057052800699,0.010682962119605066,0.1171295867178091,0.11772466469987809,0.000595077982068995
decision_tree,default,773.7010836478753,2000.0,123,123,True,False,True,0.745346620759228,0.6882876603914104,-0.057058960367817546,0.1211559281490905,0.13134816662130458,0.01019223847221408
decision_tree,default,773.7010836478753,2000.0,123,42,True,False,True,0.7453351246651442,0.6882876603914104,-0.05704746427373375,0.1211643209336306,0.13134816662130458,0.010183845687673984
decision_tree,default,773.7010836478753,2000.0,123,456,True,False,True,0.7453480598658605,0.6882904033293749,-0.057057656536485646,0.121154879051023,0.13134606842516955,0.01019118937414655
decision_tree,default,773.7010836478753,2000.0,123,789,True,False,True,0.7453451821187052,0.6882904033293749,-0.057054778789330296,0.121156977247158,0.13134606842516955,0.010189091178011547
decision_tree,default,773.7010836478753,2000.0,42,123,True,False,True,0.7113401041369343,0.6738029778863465,-0.037537126250587804,0.1407589012479995,0.1477805259823983,0.007021624734398796
decision_tree,default,773.7010836478753,2000.0,42,42,True,False,True,0.7113265927524011,0.6738029778863465,-0.0375236148660546,0.1407735886209447,0.1477805259823983,0.007006937361453608
decision_tree,default,773.7010836478753,2000.0,42,456,True,False,True,0.7113362374685769,0.6738029778863465,-0.037533259582230416,0.1407630976402696,0.1477805259823983,0.0070174283421287065
decision_tree,default,773.7010836478753,2000.0,42,789,True,False,True,0.7113401041369343,0.6738029778863465,-0.037537126250587804,0.1407589012479995,0.1477805259823983,0.007021624734398796
decision_tree,default,773.7010836478753,2000.0,456,123,True,False,True,0.7426824929247786,0.6751218891045859,-0.06756060382019269,0.130981501162444,0.13613468223860073,0.0051531810761567265
decision_tree,default,773.7010836478753,2000.0,456,42,True,False,True,0.7427057464175726,0.6751218891045859,-0.06758385731298666,0.130981501162444,0.13613468223860073,0.0051531810761567265
decision_tree,default,773.7010836478753,2000.0,456,456,True,False,True,0.7427057464175726,0.6751218891045859,-0.06758385731298666,0.130981501162444,0.13613468223860073,0.0051531810761567265
decision_tree,default,773.7010836478753,2000.0,456,789,True,False,True,0.7430874199284132,0.6751218891045859,-0.06796553082382728,0.1309804520643765,0.13613468223860073,0.005154230174224228
decision_tree,default,773.7010836478753,2000.0,789,123,True,False,True,0.744724060794993,0.6865909211863048,-0.058133139608688156,0.1171285376197415,0.11989776871063196,0.002769231090890459
decision_tree,default,773.7010836478753,2000.0,789,42,True,False,True,0.7447227431604648,0.6865909211863048,-0.05813182197416,0.1171295867178091,0.11989776871063196,0.00276818199282286
decision_tree,default,773.7010836478753,2000.0,789,456,True,False,True,0.744724060794993,0.6865909211863048,-0.058133139608688156,0.1171285376197415,0.11989776871063196,0.002769231090890459
decision_tree,default,773.7010836478753,2000.0,789,789,True,False,True,0.7447227431604648,0.6865909211863048,-0.05813182197416,0.1171295867178091,0.11989776871063196,0.00276818199282286
decision_tree,default,773.7010836478753,5000.0,123,123,True,False,True,0.745346620759228,0.6783169404621416,-0.06702968029708634,0.1211559281490905,0.13451025651715662,0.013354328368066118
decision_tree,default,773.7010836478753,5000.0,123,42,True,False,True,0.7453351246651442,0.6783151479705812,-0.06701997669456294,0.1211643209336306,0.13451235471329165,0.013348033779661053
decision_tree,default,773.7010836478753,5000.0,123,456,True,False,True,0.7453480598658605,0.6783151479705812,-0.06703291189527927,0.121154879051023,0.13451235471329165,0.01335747566226865
decision_tree,default,773.7010836478753,5000.0,123,789,True,False,True,0.7453451821187052,0.6783169404621416,-0.06702824165656351,0.121156977247158,0.13451025651715662,0.013353279269998616
decision_tree,default,773.7010836478753,5000.0,42,123,True,False,True,0.7113401041369343,0.6543382622000495,-0.057001841936884734,0.1407589012479995,0.1485071290302526,0.007748227782253092
decision_tree,default,773.7010836478753,5000.0,42,42,True,False,True,0.7113265927524011,0.6543382622000495,-0.05698833055235153,0.1407735886209447,0.1485071290302526,0.007733540409307904
decision_tree,default,773.7010836478753,5000.0,42,456,True,False,True,0.7113362374685769,0.6543382622000495,-0.056997975268527346,0.1407630976402696,0.1485071290302526,0.007744031389983003
decision_tree,default,773.7010836478753,5000.0,42,789,True,False,True,0.7113401041369343,0.6543382622000495,-0.057001841936884734,0.1407589012479995,0.1485071290302526,0.007748227782253092
decision_tree,default,773.7010836478753,5000.0,456,123,True,False,True,0.7426824929247786,0.6654224062119979,-0.07726008671278073,0.130981501162444,0.13758779138247276,0.00660629022002876
decision_tree,default,773.7010836478753,5000.0,456,42,True,False,True,0.7427057464175726,0.6654224062119979,-0.0772833402055747,0.130981501162444,0.13758779138247276,0.00660629022002876
decision_tree,default,773.7010836478753,5000.0,456,456,True,False,True,0.7427057464175726,0.6654224062119979,-0.0772833402055747,0.130981501162444,0.13758779138247276,0.00660629022002876
decision_tree,default,773.7010836478753,5000.0,456,789,True,False,True,0.7430874199284132,0.6654224062119979,-0.07766501371641532,0.1309804520643765,0.13758779138247276,0.006607339318096261
decision_tree,default,773.7010836478753,5000.0,789,123,True,False,True,0.744724060794993,0.6760174271109463,-0.06870663368404673,0.1171285376197415,0.12217127254329975,0.005042734923558251
decision_tree,default,773.7010836478753,5000.0,789,42,True,False,True,0.7447227431604648,0.6760174271109463,-0.06870531604951857,0.1171295867178091,0.12217127254329975,0.005041685825490652
decision_tree,default,773.7010836478753,5000.0,789,456,True,False,True,0.744724060794993,0.6760174271109463,-0.06870663368404673,0.1171285376197415,0.12217127254329975,0.005042734923558251
decision_tree,default,773.7010836478753,5000.0,789,789,True,False,True,0.7447227431604648,0.6760174271109463,-0.06870531604951857,0.1171295867178091,0.12217127254329975,0.005041685825490652
logistic_regression,default,773.7010836478753,1.0,123,42,True,False,True,0.165715911164837,0.5337812107525854,0.3680652995877485,0.1958833600296367,0.2162729915161711,0.020389631486534415
logistic_regression,default,773.7010836478753,1.0,42,42,True,False,True,0.1487063069716073,0.5039687570139619,0.3552624500423546,0.2130063622487797,0.2498868231012079,0.036880460852428215
logistic_regression,default,773.7010836478753,1.0,456,42,True,False,True,0.1608905143654167,0.5220509431039683,0.3611604287385516,0.1884088385226394,0.2260806329105404,0.037671794387901
logistic_regression,default,773.7010836478753,1.0,789,42,True,False,True,0.1558189503126832,0.5345349621036724,0.3787160117909891,0.1854378897472769,0.2223651380998104,0.0369272483525335
logistic_regression,default,773.7010836478753,10.0,123,42,True,False,True,0.165715911164837,0.500874642131849,0.335158730967012,0.1958833600296367,0.2080044338294892,0.0121210737998525
logistic_regression,default,773.7010836478753,10.0,42,42,True,False,True,0.1487063069716073,0.4662324357570748,0.3175261287854675,0.2130063622487797,0.24420523292864954,0.031198870679869845
logistic_regression,default,773.7010836478753,10.0,456,42,True,False,True,0.1608905143654167,0.49236189059731383,0.33147137623189715,0.1884088385226394,0.21188011568345244,0.023471277160813042
logistic_regression,default,773.7010836478753,10.0,789,42,True,False,True,0.1558189503126832,0.5022368980361961,0.34641794772351286,0.1854378897472769,0.20791137769404777,0.02247348794677087
logistic_regression,default,773.7010836478753,50.0,123,42,True,False,True,0.165715911164837,0.3940204120463572,0.22830450088152018,0.1958833600296367,0.20575338296917192,0.009870022939535233
logistic_regression,default,773.7010836478753,50.0,42,42,True,False,True,0.1487063069716073,0.36094357569857066,0.21223726872696336,0.2130063622487797,0.22868440873080212,0.015678046482022423
logistic_regression,default,773.7010836478753,50.0,456,42,True,False,True,0.1608905143654167,0.396637793668052,0.2357472793026353,0.1884088385226394,0.20466618104160245,0.016257342518963047
logistic_regression,default,773.7010836478753,50.0,789,42,True,False,True,0.1558189503126832,0.3978695637977518,0.2420506134850686,0.1854378897472769,0.20186983856396673,0.01643194881668983
logistic_regression,default,773.7010836478753,100.0,123,42,True,False,True,0.165715911164837,0.32634926475291043,0.16063335358807343,0.1958833600296367,0.20296837529807693,0.007085015268440242
logistic_regression,default,773.7010836478753,100.0,42,42,True,False,True,0.1487063069716073,0.29660007740266064,0.14789377043105334,0.2130063622487797,0.22385321517806459,0.01084685292928489
logistic_regression,default,773.7010836478753,100.0,456,42,True,False,True,0.1608905143654167,0.333228104201823,0.17233758983640632,0.1884088385226394,0.20362875411025458,0.01521991558761518
logistic_regression,default,773.7010836478753,100.0,789,42,True,False,True,0.1558189503126832,0.33278137306513367,0.17696242275245047,0.1854378897472769,0.19977762342477687,0.014339733677499966
logistic_regression,default,773.7010836478753,2000.0,123,42,True,False,True,0.165715911164837,0.14925366058650258,-0.01646225057833442,0.1958833600296367,0.19302289151245947,-0.0028604685171772226
logistic_regression,default,773.7010836478753,2000.0,42,42,True,False,True,0.1487063069716073,0.1278182720053408,-0.02088803496626651,0.2130063622487797,0.20190805074438783,-0.011098311504391861
logistic_regression,default,773.7010836478753,2000.0,456,42,True,False,True,0.1608905143654167,0.1444996394435621,-0.01639087492185462,0.1884088385226394,0.17961065747847818,-0.008798181044161218
logistic_regression,default,773.7010836478753,2000.0,789,42,True,False,True,0.1558189503126832,0.1326936314320793,-0.0231253188806039,0.1854378897472769,0.1854358885029784,-2.0012442984995715e-06
logistic_regression,default,773.7010836478753,5000.0,123,42,True,False,True,0.165715911164837,0.1420526144320548,-0.023663296732782196,0.1958833600296367,0.1890440730867835,-0.006839286942853184
logistic_regression,default,773.7010836478753,5000.0,42,42,True,False,True,0.1487063069716073,0.11801465909657051,-0.030691647875036795,0.2130063622487797,0.20078686713425403,-0.012219495114525664
logistic_regression,default,773.7010836478753,5000.0,456,42,True,False,True,0.1608905143654167,0.13642937771018668,-0.02446113665523003,0.1884088385226394,0.1819800397796936,-0.0064287987429458016
logistic_regression,default,773.7010836478753,5000.0,789,42,True,False,True,0.1558189503126832,0.12242942278381762,-0.03338952752886558,0.1854378897472769,0.19073318382173043,0.005295294074453533
random_forest,default,773.7010836478753,1.0,123,123,True,False,True,0.787039498853958,0.8270090245568442,0.039969525702886255,0.1240721185527404,0.1098612300338716,-0.0142108885188688
random_forest,default,773.7010836478753,1.0,123,42,True,False,True,0.7884614067650181,0.8283846305647891,0.03992322379977098,0.1322521755629341,0.110672906977031,-0.02157926858590309
random_forest,default,773.7010836478753,1.0,123,456,True,False,True,0.7836183341761481,0.8264158770557622,0.042797542879614126,0.1328499334521572,0.1110388482989203,-0.021811085153236903
random_forest,default,773.7010836478753,1.0,123,789,True,False,True,0.7872525291113277,0.8280678255017108,0.04081529639038306,0.1278318693859789,0.1096049365128309,-0.018226932873148
random_forest,default,773.7010836478753,1.0,42,123,True,False,True,0.7543450675820219,0.7993036154324304,0.04495854785040854,0.1480643013253963,0.1250439196928833,-0.023020381632512993
random_forest,default,773.7010836478753,1.0,42,42,True,False,True,0.746743451938522,0.7967497221433496,0.05000627020482762,0.1468106177661884,0.1323545766291466,-0.014456041137041797
random_forest,default,773.7010836478753,1.0,42,456,True,False,True,0.7497554939061769,0.7949283079988327,0.04517281409265583,0.1527099984238568,0.1267775599337143,-0.025932438490142484
random_forest,default,773.7010836478753,1.0,42,789,True,False,True,0.743144141522048,0.7946899724099898,0.051545830887941846,0.144352689314369,0.1249339696679963,-0.019418719646372706
random_forest,default,773.7010836478753,1.0,456,123,True,False,True,0.7756890629916643,0.8166914233191555,0.04100236032749116,0.1390320858288719,0.1195501809206597,-0.019481904908212194
random_forest,default,773.7010836478753,1.0,456,42,True,False,True,0.7720827964235308,0.8167331044455801,0.04465030802204928,0.1441461025783764,0.1140899390718177,-0.030056163506558695
random_forest,default,773.7010836478753,1.0,456,456,True,False,True,0.7763820317570478,0.818425560312881,0.042043528555833265,0.1388714541356479,0.1189867069380393,-0.01988474719760859
random_forest,default,773.7010836478753,1.0,456,789,True,False,True,0.7745950497702909,0.820746555323804,0.046151505553513106,0.1458603515577518,0.1164899618577219,-0.029370389700029892
random_forest,default,773.7010836478753,1.0,789,123,True,False,True,0.7734860069331649,0.8262754227918255,0.05278941585866059,0.1323391082765855,0.1035519428873147,-0.028787165389270786
random_forest,default,773.7010836478753,1.0,789,42,True,False,True,0.7710857316780422,0.824819523851171,0.05373379217312879,0.1226729239547154,0.1060345308279852,-0.016638393126730197
random_forest,default,773.7010836478753,1.0,789,456,True,False,True,0.7684044221874352,0.8220793385528772,0.05367491636544197,0.1224860989153904,0.1072251488142479,-0.015260950101142506
random_forest,default,773.7010836478753,1.0,789,789,True,False,True,0.7697078918671916,0.8240651548913299,0.05435726302413835,0.1279875691814327,0.1075288911261154,-0.0204586780553173
random_forest,default,773.7010836478753,10.0,123,123,True,False,True,0.787039498853958,0.8225718589852264,0.03553236013126848,0.1240721185527404,0.104135891335045,-0.019936227217695404
random_forest,default,773.7010836478753,10.0,123,42,True,False,True,0.7884614067650181,0.8198119281705405,0.031350521405522414,0.1322521755629341,0.10673575025001719,-0.025516425312916896
random_forest,default,773.7010836478753,10.0,123,456,True,False,True,0.7836183341761481,0.822405059860259,0.0387867256841109,0.1328499334521572,0.10518666568576102,-0.027663267766396188
random_forest,default,773.7010836478753,10.0,123,789,True,False,True,0.7872525291113277,0.8197482782723112,0.03249574916098352,0.1278318693859789,0.10216693953452353,-0.025664929851455368
random_forest,default,773.7010836478753,10.0,42,123,True,False,True,0.7543450675820219,0.7884774806525973,0.03413241307057535,0.1480643013253963,0.12200090811195864,-0.02606339321343766
random_forest,default,773.7010836478753,10.0,42,42,True,False,True,0.746743451938522,0.7876938784044724,0.040950426465950374,0.1468106177661884,0.11741361280712471,-0.02939700495906368
random_forest,default,773.7010836478753,10.0,42,456,True,False,True,0.7497554939061769,0.7888387376667472,0.03908324376057026,0.1527099984238568,0.1194166546105759,-0.03329334381328089
random_forest,default,773.7010836478753,10.0,42,789,True,False,True,0.743144141522048,0.7886340378584439,0.045489896336395885,0.144352689314369,0.1254541284058102,-0.01889856090855882
random_forest,default,773.7010836478753,10.0,456,123,True,False,True,0.7756890629916643,0.8125261654293193,0.036837102437655034,0.1390320858288719,0.11736313641098971,-0.02166894941788218
random_forest,default,773.7010836478753,10.0,456,42,True,False,True,0.7720827964235308,0.8147809141855566,0.04269811776202581,0.1441461025783764,0.11302637027208964,-0.031119732306286757
random_forest,default,773.7010836478753,10.0,456,456,True,False,True,0.7763820317570478,0.8118118768465062,0.035429845089458456,0.1388714541356479,0.11106487047840621,-0.027806583657241674
random_forest,default,773.7010836478753,10.0,456,789,True,False,True,0.7745950497702909,0.8148621823594722,0.04026713258918124,0.1458603515577518,0.11189534560347326,-0.033965005954278524
random_forest,default,773.7010836478753,10.0,789,123,True,False,True,0.7734860069331649,0.8201993178247104,0.04671331089154551,0.1323391082765855,0.10398175950242805,-0.028357348774157437
random_forest,default,773.7010836478753,10.0,789,42,True,False,True,0.7710857316780422,0.8195017980870928,0.04841606640905061,0.1226729239547154,0.10176543719870422,-0.020907486756011173
random_forest,default,773.7010836478753,10.0,789,456,True,False,True,0.7684044221874352,0.8206676778734099,0.052263255685974674,0.1224860989153904,0.10408184573177466,-0.018404253183615743
random_forest,default,773.7010836478753,10.0,789,789,True,False,True,0.7697078918671916,0.8224801737725534,0.05277228190536187,0.1279875691814327,0.10273815637949142,-0.025249412801941276
random_forest,default,773.7010836478753,50.0,123,123,True,False,True,0.787039498853958,0.820723424298153,0.03368392544419507,0.1240721185527404,0.10933051746913289,-0.014741601083607517
random_forest,default,773.7010836478753,50.0,123,42,True,False,True,0.7884614067650181,0.8145892830545719,0.02612787628955382,0.1322521755629341,0.10433794534914236,-0.027914230213791733
random_forest,default,773.7010836478753,50.0,123,456,True,False,True,0.7836183341761481,0.8188894586753575,0.03527112449920933,0.1328499334521572,0.10698826929172064,-0.02586166416043656
random_forest,default,773.7010836478753,50.0,123,789,True,False,True,0.7872525291113277,0.8180764820119709,0.030823952900643214,0.1278318693859789,0.10318235814351147,-0.024649511242467434
random_forest,default,773.7010836478753,50.0,42,123,True,False,True,0.7543450675820219,0.7870630362036852,0.03271796862166332,0.1480643013253963,0.1197920264465439,-0.028272274878852408
random_forest,default,773.7010836478753,50.0,42,42,True,False,True,0.746743451938522,0.7862992872246122,0.03955583528609019,0.1468106177661884,0.12179590070733175,-0.025014717058856648
random_forest,default,773.7010836478753,50.0,42,456,True,False,True,0.7497554939061769,0.7856403305988482,0.035884836692671285,0.1527099984238568,0.12013297194995697,-0.03257702647389983
random_forest,default,773.7010836478753,50.0,42,789,True,False,True,0.743144141522048,0.7838503917052279,0.04070625018317986,0.144352689314369,0.12069633761221188,-0.02365635170215713
random_forest,default,773.7010836478753,50.0,456,123,True,False,True,0.7756890629916643,0.8108900375917826,0.035200974600118284,0.1390320858288719,0.11244233624105182,-0.026589749587820066
random_forest,default,773.7010836478753,50.0,456,42,True,False,True,0.7720827964235308,0.8113254704551415,0.039242674031610636,0.1441461025783764,0.1148114163182288,-0.029334686260147597
random_forest,default,773.7010836478753,50.0,456,456,True,False,True,0.7763820317570478,0.811820714201703,0.0354386824446552,0.1388714541356479,0.11261900662932693,-0.026252447506320956
random_forest,default,773.7010836478753,50.0,456,789,True,False,True,0.7745950497702909,0.8103892585202417,0.03579420874995076,0.1458603515577518,0.11613484784613301,-0.029725503711618778
random_forest,default,773.7010836478753,50.0,789,123,True,False,True,0.7734860069331649,0.8171943753961223,0.04370836846295734,0.1323391082765855,0.10245040128495421,-0.029888706991631278
random_forest,default,773.7010836478753,50.0,789,42,True,False,True,0.7710857316780422,0.814927452641318,0.043841720963275876,0.1226729239547154,0.10304052463219517,-0.019632399322520228
random_forest,default,773.7010836478753,50.0,789,456,True,False,True,0.7684044221874352,0.817009903057494,0.04860548087005878,0.1224860989153904,0.1005871917485208,-0.02189890716686961
random_forest,default,773.7010836478753,50.0,789,789,True,False,True,0.7697078918671916,0.8142850002359366,0.044577108368745066,0.1279875691814327,0.10554250383432122,-0.02244506534711148
random_forest,default,773.7010836478753,100.0,123,123,True,False,True,0.787039498853958,0.8122911599160263,0.02525166106206833,0.1240721185527404,0.10280950641661127,-0.021262612136129136
random_forest,default,773.7010836478753,100.0,123,42,True,False,True,0.7884614067650181,0.8156008914598144,0.027139484694796323,0.1322521755629341,0.1051768018902206,-0.027075373672713482
random_forest,default,773.7010836478753,100.0,123,456,True,False,True,0.7836183341761481,0.8148816391951959,0.03126330501904773,0.1328499334521572,0.1051958909276378,-0.027654042524519404
random_forest,default,773.7010836478753,100.0,123,789,True,False,True,0.7872525291113277,0.8119842981602092,0.024731769048881524,0.1278318693859789,0.105403515393169,-0.022428353992809902
random_forest,default,773.7010836478753,100.0,42,123,True,False,True,0.7543450675820219,0.7790836497005182,0.024738582118496333,0.1480643013253963,0.12580410524742702,-0.02226019607796928
random_forest,default,773.7010836478753,100.0,42,42,True,False,True,0.746743451938522,0.7761206366179823,0.029377184679460266,0.1468106177661884,0.12469551081410335,-0.022115106952085045
random_forest,default,773.7010836478753,100.0,42,456,True,False,True,0.7497554939061769,0.7794246433499831,0.029669149443806164,0.1527099984238568,0.1215036242594282,-0.03120637416442859
random_forest,default,773.7010836478753,100.0,42,789,True,False,True,0.743144141522048,0.7827402809267323,0.039596139404684316,0.144352689314369,0.12271061727036726,-0.021642072044001745
random_forest,default,773.7010836478753,100.0,456,123,True,False,True,0.7756890629916643,0.8066954973952809,0.031006434403616612,0.1390320858288719,0.11416276011993794,-0.02486932570893395
random_forest,default,773.7010836478753,100.0,456,42,True,False,True,0.7720827964235308,0.8032319135207557,0.0311491170972249,0.1441461025783764,0.11132756690821745,-0.03281853567015895
random_forest,default,773.7010836478753,100.0,456,456,True,False,True,0.7763820317570478,0.8052669177081234,0.028884885951075634,0.1388714541356479,0.11957631142051102,-0.019295142715136868
random_forest,default,773.7010836478753,100.0,456,789,True,False,True,0.7745950497702909,0.8068434325122629,0.03224838274197195,0.1458603515577518,0.11813905843654604,-0.027721293121205748
random_forest,default,773.7010836478753,100.0,789,123,True,False,True,0.7734860069331649,0.8099648280680444,0.036478821134879436,0.1323391082765855,0.1066326477838913,-0.02570646049269419
random_forest,default,773.7010836478753,100.0,789,42,True,False,True,0.7710857316780422,0.8081902239270241,0.037104492248981935,0.1226729239547154,0.10229618386902968,-0.020376740085685713
random_forest,default,773.7010836478753,100.0,789,456,True,False,True,0.7684044221874352,0.8096296634723342,0.04122524128489902,0.1224860989153904,0.10743184387060596,-0.015054255044784443
random_forest,default,773.7010836478753,100.0,789,789,True,False,True,0.7697078918671916,0.8108077484320165,0.041099856564824955,0.1279875691814327,0.10263914198527016,-0.025348427196162537
random_forest,default,773.7010836478753,2000.0,123,123,True,False,True,0.787039498853958,0.7673511874302921,-0.019688311423665894,0.1240721185527404,0.15035831973236594,0.026286201179625532
random_forest,default,773.7010836478753,2000.0,123,42,True,False,True,0.7884614067650181,0.7683265209641201,-0.02013488580089795,0.1322521755629341,0.1492544746616684,0.017002299098734325
random_forest,default,773.7010836478753,2000.0,123,456,True,False,True,0.7836183341761481,0.7693352288623688,-0.014283105313779298,0.1328499334521572,0.14992053224564533,0.01707059879348813
random_forest,default,773.7010836478753,2000.0,123,789,True,False,True,0.7872525291113277,0.7683055003016895,-0.018947028809638167,0.1278318693859789,0.1477351640191776,0.019903294633198704
random_forest,default,773.7010836478753,2000.0,42,123,True,False,True,0.7543450675820219,0.7289207878781955,-0.025424279703826436,0.1480643013253963,0.15788396755769085,0.00981966623229455
random_forest,default,773.7010836478753,2000.0,42,42,True,False,True,0.746743451938522,0.7204187617575734,-0.02632469018094863,0.1468106177661884,0.17513317513750282,0.028322557371314422
random_forest,default,773.7010836478753,2000.0,42,456,True,False,True,0.7497554939061769,0.7268127054310957,-0.022942788475081244,0.1527099984238568,0.1709688716260789,0.01825887320222211
random_forest,default,773.7010836478753,2000.0,42,789,True,False,True,0.743144141522048,0.7291316421849624,-0.014012499337085593,0.144352689314369,0.1685917865717078,0.024239097257338804
random_forest,default,773.7010836478753,2000.0,456,123,True,False,True,0.7756890629916643,0.7503146326332593,-0.02537443035840503,0.1390320858288719,0.15281535288059891,0.013783267051727027
random_forest,default,773.7010836478753,2000.0,456,42,True,False,True,0.7720827964235308,0.7554803679633495,-0.01660242846018134,0.1441461025783764,0.16035309975862763,0.01620699718025123
random_forest,default,773.7010836478753,2000.0,456,456,True,False,True,0.7763820317570478,0.7523668499112091,-0.02401518184583873,0.1388714541356479,0.15168442516381905,0.012812971028171166
random_forest,default,773.7010836478753,2000.0,456,789,True,False,True,0.7745950497702909,0.7539899097240085,-0.020605140046282444,0.1458603515577518,0.15611348919560247,0.010253137637850684
random_forest,default,773.7010836478753,2000.0,789,123,True,False,True,0.7734860069331649,0.7487430450133477,-0.024742961919817286,0.1323391082765855,0.14348109409246704,0.01114198581588155
random_forest,default,773.7010836478753,2000.0,789,42,True,False,True,0.7710857316780422,0.7496496577696378,-0.021436073908404407,0.1226729239547154,0.13304086930044473,0.010367945345729337
random_forest,default,773.7010836478753,2000.0,789,456,True,False,True,0.7684044221874352,0.7528716217119107,-0.015532800475524522,0.1224860989153904,0.1437471203516249,0.021261021436234498
random_forest,default,773.7010836478753,2000.0,789,789,True,False,True,0.7697078918671916,0.7547318785364158,-0.014976013330775806,0.1279875691814327,0.13651893161829137,0.008531362436858675
random_forest,default,773.7010836478753,5000.0,123,123,True,False,True,0.787039498853958,0.745386579374673,-0.041652919479284956,0.1240721185527404,0.17447689040083497,0.05040477184809457
random_forest,default,773.7010836478753,5000.0,123,42,True,False,True,0.7884614067650181,0.7373968540761533,-0.051064552688864784,0.1322521755629341,0.17036967146651846,0.038117495903584375
random_forest,default,773.7010836478753,5000.0,123,456,True,False,True,0.7836183341761481,0.7482200975991552,-0.035398236576992925,0.1328499334521572,0.17636192572448425,0.04351199227232705
random_forest,default,773.7010836478753,5000.0,123,789,True,False,True,0.7872525291113277,0.7467158785066159,-0.04053665060471179,0.1278318693859789,0.17628857444306587,0.04845670505708696
random_forest,default,773.7010836478753,5000.0,42,123,True,False,True,0.7543450675820219,0.6997337177278588,-0.05461134985416316,0.1480643013253963,0.19345714389763147,0.045392842572235165
random_forest,default,773.7010836478753,5000.0,42,42,True,False,True,0.746743451938522,0.6984729966353221,-0.048270455303199844,0.1468106177661884,0.19672109325786882,0.04991047549168043
random_forest,default,773.7010836478753,5000.0,42,456,True,False,True,0.7497554939061769,0.700676820990746,-0.04907867291543089,0.1527099984238568,0.1953274691112777,0.042617470687420916
random_forest,default,773.7010836478753,5000.0,42,789,True,False,True,0.743144141522048,0.6961592129995119,-0.04698492852253611,0.144352689314369,0.18135659604060983,0.03700390672624082
random_forest,default,773.7010836478753,5000.0,456,123,True,False,True,0.7756890629916643,0.7308116602493668,-0.044877402742297456,0.1390320858288719,0.1854710276039756,0.046438941775103715
random_forest,default,773.7010836478753,5000.0,456,42,True,False,True,0.7720827964235308,0.724100164539701,-0.047982631883829785,0.1441461025783764,0.18434617783486998,0.04020007525649358
random_forest,default,773.7010836478753,5000.0,456,456,True,False,True,0.7763820317570478,0.7273514174194127,-0.049030614337635114,0.1388714541356479,0.17904197211110703,0.04017051797545915
random_forest,default,773.7010836478753,5000.0,456,789,True,False,True,0.7745950497702909,0.7252226980186292,-0.04937235175166177,0.1458603515577518,0.18181039948532374,0.03595004792757195
random_forest,default,773.7010836478753,5000.0,789,123,True,False,True,0.7734860069331649,0.7184170983548498,-0.055068908578315146,0.1323391082765855,0.16873644241613034,0.03639733413954485
random_forest,default,773.7010836478753,5000.0,789,42,True,False,True,0.7710857316780422,0.7210585368386788,-0.050027194839363354,0.1226729239547154,0.17221567352093886,0.04954274956622347
random_forest,default,773.7010836478753,5000.0,789,456,True,False,True,0.7684044221874352,0.724371205836336,-0.04403321635109925,0.1224860989153904,0.17724210763459938,0.05475600871920898
random_forest,default,773.7010836478753,5000.0,789,789,True,False,True,0.7697078918671916,0.7257553525708652,-0.043952539296326365,0.1279875691814327,0.1754639719934711,0.04747640281203841
xgboost,default,773.7010836478753,1.0,123,123,True,False,True,0.8283351647239205,0.841324853088602,0.012989688364681506,0.1167519455190908,0.109794207446445,-0.006957738072645797
xgboost,default,773.7010836478753,1.0,123,42,True,False,True,0.8248751773828585,0.8409199819693604,0.016044804586501815,0.1194941681786775,0.1123512927184378,-0.0071428754602397004
xgboost,default,773.7010836478753,1.0,123,456,True,False,True,0.8246323655951001,0.8426204388549638,0.017988073259863735,0.1191077009139575,0.1084658440207706,-0.010641856893186905
xgboost,default,773.7010836478753,1.0,123,789,True,False,True,0.8251705528729397,0.843971650147884,0.01880109727494428,0.116569294134978,0.1081962258174196,-0.008373068317558408
xgboost,default,773.7010836478753,1.0,42,123,True,False,True,0.793669041176051,0.815903493251223,0.02223445207517205,0.1467555685389662,0.131157230773017,-0.01559833776594921
xgboost,default,773.7010836478753,1.0,42,42,True,False,True,0.7977492432799025,0.817257678698113,0.019508435418210568,0.1422510550296293,0.1313758764525216,-0.01087517857710768
xgboost,default,773.7010836478753,1.0,42,456,True,False,True,0.7979451040239316,0.8166811773286371,0.018736073304705503,0.1493712949823744,0.1340449985770076,-0.015326296405366785
xgboost,default,773.7010836478753,1.0,42,789,True,False,True,0.7969956877581315,0.817807052643664,0.02081136488553259,0.1435015799261058,0.1255692042321404,-0.017932375693965386
xgboost,default,773.7010836478753,1.0,456,123,True,False,True,0.8168826112947853,0.8374490119526069,0.02056640065782156,0.1266724334862321,0.118858836662697,-0.007813596823535107
xgboost,default,773.7010836478753,1.0,456,42,True,False,True,0.817585978020491,0.8345775848474781,0.016991606826987082,0.1302801506829888,0.1200862814016881,-0.010193869281300685
xgboost,default,773.7010836478753,1.0,456,456,True,False,True,0.8153872171997595,0.8357479352888872,0.02036071808912776,0.132611691238995,0.1149675152895575,-0.0176441759494375
xgboost,default,773.7010836478753,1.0,456,789,True,False,True,0.8155826642678626,0.8334657815065373,0.01788311723867464,0.1311038123548814,0.1208524593205984,-0.010251353034282984
xgboost,default,773.7010836478753,1.0,789,123,True,False,True,0.8253448223980756,0.842337079612535,0.016992257214459405,0.115171063051713,0.1092371250040663,-0.005933938047646706
xgboost,default,773.7010836478753,1.0,789,42,True,False,True,0.824915587634431,0.8392160059802548,0.014300418345823851,0.1203288396960146,0.1109971010169506,-0.009331738679064006
xgboost,default,773.7010836478753,1.0,789,456,True,False,True,0.824542498861577,0.8405271506468719,0.015984651785294846,0.1185742174938334,0.1075859415976361,-0.010988275896197303
xgboost,default,773.7010836478753,1.0,789,789,True,False,True,0.8234770459056854,0.8398015516993577,0.016324505793672284,0.1219950354364863,0.1103802313532524,-0.011614804083233898
xgboost,default,773.7010836478753,10.0,123,123,True,False,True,0.8283351647239205,0.8452988583797548,0.016963693655834278,0.1167519455190908,0.11192074059782443,-0.0048312049212663605
xgboost,default,773.7010836478753,10.0,123,42,True,False,True,0.8248751773828585,0.845233108826094,0.0203579314432355,0.1194941681786775,0.11165469160160874,-0.007839476577068766
xgboost,default,773.7010836478753,10.0,123,456,True,False,True,0.8246323655951001,0.8460812359504071,0.02144887035530696,0.1191077009139575,0.11342882475413997,-0.005678876159817534
xgboost,default,773.7010836478753,10.0,123,789,True,False,True,0.8251705528729397,0.8447848070408265,0.019614254167886758,0.116569294134978,0.10923261501922892,-0.00733667911574909
xgboost,default,773.7010836478753,10.0,42,123,True,False,True,0.793669041176051,0.8168167349635567,0.023147693787505697,0.1467555685389662,0.13226393228240763,-0.014491636256558582
xgboost,default,773.7010836478753,10.0,42,42,True,False,True,0.7977492432799025,0.8181658553747775,0.020416612094874997,0.1422510550296293,0.13191500453885835,-0.010336050490770937
xgboost,default,773.7010836478753,10.0,42,456,True,False,True,0.7979451040239316,0.8165753880050883,0.018630283981156737,0.1493712949823744,0.13142487046912746,-0.017946424513246934
xgboost,default,773.7010836478753,10.0,42,789,True,False,True,0.7969956877581315,0.8166132869642424,0.019617599206110947,0.1435015799261058,0.1354890877512048,-0.008012492174900993
xgboost,default,773.7010836478753,10.0,456,123,True,False,True,0.8168826112947853,0.8323962101689977,0.015513598874212331,0.1266724334862321,0.12483567941074633,-0.0018367540754857803
xgboost,default,773.7010836478753,10.0,456,42,True,False,True,0.817585978020491,0.8352370113928592,0.017651033372368174,0.1302801506829888,0.12471493618114576,-0.005565214501843024
xgboost,default,773.7010836478753,10.0,456,456,True,False,True,0.8153872171997595,0.8363538446298722,0.020966627430112683,0.132611691238995,0.12292117238937017,-0.009690518849624824
xgboost,default,773.7010836478753,10.0,456,789,True,False,True,0.8155826642678626,0.8335163190436062,0.0179336547757436,0.1311038123548814,0.1303183401263521,-0.0007854722285292881
xgboost,default,773.7010836478753,10.0,789,123,True,False,True,0.8253448223980756,0.8409917181580866,0.015646895760010993,0.115171063051713,0.108918415832273,-0.006252647219439994
xgboost,default,773.7010836478753,10.0,789,42,True,False,True,0.824915587634431,0.8418464561814337,0.016930868547002764,0.1203288396960146,0.10973798943226104,-0.01059085026375356
xgboost,default,773.7010836478753,10.0,789,456,True,False,True,0.824542498861577,0.840428478376342,0.015885979514765003,0.1185742174938334,0.10948694140155787,-0.009087276092275526
xgboost,default,773.7010836478753,10.0,789,789,True,False,True,0.8234770459056854,0.8418914163678504,0.018414370462164986,0.1219950354364863,0.11192231992919018,-0.010072715507296118
xgboost,default,773.7010836478753,50.0,123,123,True,False,True,0.8283351647239205,0.8367888819109953,0.008453717187074772,0.1167519455190908,0.11270347607655516,-0.004048469442535632
xgboost,default,773.7010836478753,50.0,123,42,True,False,True,0.8248751773828585,0.8391695024916772,0.014294325108818673,0.1194941681786775,0.11251263718010415,-0.006981530998573349
xgboost,default,773.7010836478753,50.0,123,456,True,False,True,0.8246323655951001,0.8404812657773254,0.01584890018222529,0.1191077009139575,0.11299636834106452,-0.00611133257289298
xgboost,default,773.7010836478753,50.0,123,789,True,False,True,0.8251705528729397,0.8400800745363843,0.014909521663444614,0.116569294134978,0.10985978175992915,-0.006709512375048854
xgboost,default,773.7010836478753,50.0,42,123,True,False,True,0.793669041176051,0.8091122260834392,0.015443184907388274,0.1467555685389662,0.13421357840478107,-0.012541990134185138
xgboost,default,773.7010836478753,50.0,42,42,True,False,True,0.7977492432799025,0.8098783995306954,0.012129156250792916,0.1422510550296293,0.13477675016336294,-0.007474304866266351
xgboost,default,773.7010836478753,50.0,42,456,True,False,True,0.7979451040239316,0.8106103296382311,0.012665225614299502,0.1493712949823744,0.13758361772726052,-0.011787677255113871
xgboost,default,773.7010836478753,50.0,42,789,True,False,True,0.7969956877581315,0.8120211380132882,0.01502545025515678,0.1435015799261058,0.1348443029840877,-0.008657276942018094
xgboost,default,773.7010836478753,50.0,456,123,True,False,True,0.8168826112947853,0.8264904777833016,0.009607866488516303,0.1266724334862321,0.12324963703633851,-0.0034227964498936003
xgboost,default,773.7010836478753,50.0,456,42,True,False,True,0.817585978020491,0.8274950533650581,0.009909075344567086,0.1302801506829888,0.12459939296776705,-0.0056807577152217376
xgboost,default,773.7010836478753,50.0,456,456,True,False,True,0.8153872171997595,0.8276123222738229,0.01222510507406338,0.132611691238995,0.1267566749242006,-0.005855016314794403
xgboost,default,773.7010836478753,50.0,456,789,True,False,True,0.8155826642678626,0.8287045578227494,0.013121893554886799,0.1311038123548814,0.12527933957293924,-0.005824472781942147
xgboost,default,773.7010836478753,50.0,789,123,True,False,True,0.8253448223980756,0.8349944826262887,0.00964966022821312,0.115171063051713,0.11356424398815686,-0.001606819063556142
xgboost,default,773.7010836478753,50.0,789,42,True,False,True,0.824915587634431,0.8359035768180955,0.010987989183664504,0.1203288396960146,0.10932787767117075,-0.011000962024843852
xgboost,default,773.7010836478753,50.0,789,456,True,False,True,0.824542498861577,0.8369239706984211,0.012381471836844016,0.1185742174938334,0.11324321997949763,-0.005330997514335772
xgboost,default,773.7010836478753,50.0,789,789,True,False,True,0.8234770459056854,0.8363175523920137,0.012840506486328285,0.1219950354364863,0.11225591037760174,-0.009739125058884551
xgboost,default,773.7010836478753,100.0,123,123,True,False,True,0.8283351647239205,0.8375029437446488,0.009167779020728295,0.1167519455190908,0.11020932532008426,-0.0065426201990065325
xgboost,default,773.7010836478753,100.0,123,42,True,False,True,0.8248751773828585,0.836193327444195,0.011318150061336407,0.1194941681786775,0.1138784659121706,-0.0056157022665069
xgboost,default,773.7010836478753,100.0,123,456,True,False,True,0.8246323655951001,0.8367571928881178,0.01212482729301767,0.1191077009139575,0.10914093294295135,-0.009966767971006152
xgboost,default,773.7010836478753,100.0,123,789,True,False,True,0.8251705528729397,0.838477919852754,0.013307366979814272,0.116569294134978,0.11627692073523799,-0.0002923733997400174
xgboost,default,773.7010836478753,100.0,42,123,True,False,True,0.793669041176051,0.8053071891755501,0.011638147999499138,0.1467555685389662,0.1358218571108086,-0.010933711428157605
xgboost,default,773.7010836478753,100.0,42,42,True,False,True,0.7977492432799025,0.8075650456337491,0.009815802353846603,0.1422510550296293,0.13444417470743214,-0.007806880322197146
xgboost,default,773.7010836478753,100.0,42,456,True,False,True,0.7979451040239316,0.8092770317212167,0.011331927697285082,0.1493712949823744,0.12708137646036058,-0.022289918522013813
xgboost,default,773.7010836478753,100.0,42,789,True,False,True,0.7969956877581315,0.80679052804545,0.009794840287318585,0.1435015799261058,0.13813270656097412,-0.005368873365131671
xgboost,default,773.7010836478753,100.0,456,123,True,False,True,0.8168826112947853,0.825519313151109,0.008636701856323703,0.1266724334862321,0.12498002166260154,-0.0016924118236305713
xgboost,default,773.7010836478753,100.0,456,42,True,False,True,0.817585978020491,0.8255819692318925,0.007995991211401487,0.1302801506829888,0.12280513304828002,-0.007475017634708772
xgboost,default,773.7010836478753,100.0,456,456,True,False,True,0.8153872171997595,0.8256445222073752,0.01025730500761568,0.132611691238995,0.12747940654088108,-0.005132284698113915
xgboost,default,773.7010836478753,100.0,456,789,True,False,True,0.8155826642678626,0.8256768440554638,0.010094179787601187,0.1311038123548814,0.12626410632870952,-0.004839706026171869
xgboost,default,773.7010836478753,100.0,789,123,True,False,True,0.8253448223980756,0.8290068500801879,0.003662027682112323,0.115171063051713,0.11046458111158639,-0.004706481940126614
xgboost,default,773.7010836478753,100.0,789,42,True,False,True,0.824915587634431,0.8324128987159497,0.007497311081518743,0.1203288396960146,0.1108704851118777,-0.009458354584136894
xgboost,default,773.7010836478753,100.0,789,456,True,False,True,0.824542498861577,0.8333949154397822,0.008852416578205125,0.1185742174938334,0.11586524101131086,-0.0027089764825225376
xgboost,default,773.7010836478753,100.0,789,789,True,False,True,0.8234770459056854,0.8319037062504548,0.008426660344769465,0.1219950354364863,0.11634382363377017,-0.005651211802716119
xgboost,default,773.7010836478753,2000.0,123,123,True,False,True,0.8283351647239205,0.8202569119988873,-0.008078252725033264,0.1167519455190908,0.12374167539853138,0.00698972987944059
xgboost,default,773.7010836478753,2000.0,123,42,True,False,True,0.8248751773828585,0.8205839861971842,-0.004291191185674337,0.1194941681786775,0.12818344829601935,0.008689280117341852
xgboost,default,773.7010836478753,2000.0,123,456,True,False,True,0.8246323655951001,0.8194553792946268,-0.005176986300473363,0.1191077009139575,0.12403510926486788,0.004927408350910378
xgboost,default,773.7010836478753,2000.0,123,789,True,False,True,0.8251705528729397,0.8203426527915456,-0.00482790008139411,0.116569294134978,0.12143710916824203,0.004867815033264028
xgboost,default,773.7010836478753,2000.0,42,123,True,False,True,0.793669041176051,0.7909448653487782,-0.002724175827272801,0.1467555685389662,0.1472523221581985,0.000496753619232293
xgboost,default,773.7010836478753,2000.0,42,42,True,False,True,0.7977492432799025,0.7903597793097741,-0.007389463970128407,0.1422510550296293,0.14794502910679602,0.005693974077166736
xgboost,default,773.7010836478753,2000.0,42,456,True,False,True,0.7979451040239316,0.7893347666287236,-0.008610337395208001,0.1493712949823744,0.1481954613208934,-0.001175833661480996
xgboost,default,773.7010836478753,2000.0,42,789,True,False,True,0.7969956877581315,0.7930534853621353,-0.003942202395996186,0.1435015799261058,0.15223670676585083,0.008735126839745033
xgboost,default,773.7010836478753,2000.0,456,123,True,False,True,0.8168826112947853,0.8114001795436012,-0.005482431751184125,0.1266724334862321,0.13213183150920846,0.005459398022976347
xgboost,default,773.7010836478753,2000.0,456,42,True,False,True,0.817585978020491,0.8136286360447634,-0.003957341975727613,0.1302801506829888,0.13538204564273162,0.0051018949597428365
xgboost,default,773.7010836478753,2000.0,456,456,True,False,True,0.8153872171997595,0.809437697048389,-0.005949520151370513,0.132611691238995,0.13855105731212344,0.005939366073128449
xgboost,default,773.7010836478753,2000.0,456,789,True,False,True,0.8155826642678626,0.8089047551206938,-0.0066779091471688146,0.1311038123548814,0.13206595497168597,0.0009621426168045788
xgboost,default,773.7010836478753,2000.0,789,123,True,False,True,0.8253448223980756,0.816504727348849,-0.00884009504922656,0.115171063051713,0.12487858411114898,0.00970752105943598
xgboost,default,773.7010836478753,2000.0,789,42,True,False,True,0.824915587634431,0.8177357318166251,-0.007179855817805891,0.1203288396960146,0.12628952406011854,0.005960684364103935
xgboost,default,773.7010836478753,2000.0,789,456,True,False,True,0.824542498861577,0.8170556586124103,-0.007486840249166793,0.1185742174938334,0.13158737234922668,0.013013154855393283
xgboost,default,773.7010836478753,2000.0,789,789,True,False,True,0.8234770459056854,0.8179643839380091,-0.005512661967676302,0.1219950354364863,0.1225233475810516,0.0005283121445653072
xgboost,default,773.7010836478753,5000.0,123,123,True,False,True,0.8283351647239205,0.8131655775663309,-0.015169587157589648,0.1167519455190908,0.1307098817147945,0.013957936195703707
xgboost,default,773.7010836478753,5000.0,123,42,True,False,True,0.8248751773828585,0.8130783763297488,-0.011796801053109762,0.1194941681786775,0.1317406376189202,0.012246469440242685
xgboost,default,773.7010836478753,5000.0,123,456,True,False,True,0.8246323655951001,0.814517889996875,-0.010114475598225092,0.1191077009139575,0.13013362465169098,0.011025923737733478
xgboost,default,773.7010836478753,5000.0,123,789,True,False,True,0.8251705528729397,0.8173643457265253,-0.007806207146414446,0.116569294134978,0.12833672493424178,0.011767430799263776
xgboost,default,773.7010836478753,5000.0,42,123,True,False,True,0.793669041176051,0.7850495371139968,-0.00861950406205414,0.1467555685389662,0.15598333818898105,0.009227769650014844
xgboost,default,773.7010836478753,5000.0,42,42,True,False,True,0.7977492432799025,0.7861335439671185,-0.011615699312783945,0.1422510550296293,0.1594686699785216,0.017217614948892318
xgboost,default,773.7010836478753,5000.0,42,456,True,False,True,0.7979451040239316,0.7835858681482414,-0.014359235875690213,0.1493712949823744,0.1505479611011921,0.0011766661188176986
xgboost,default,773.7010836478753,5000.0,42,789,True,False,True,0.7969956877581315,0.7863413120725083,-0.010654375685623108,0.1435015799261058,0.1535280381665949,0.010026458240489117
xgboost,default,773.7010836478753,5000.0,456,123,True,False,True,0.8168826112947853,0.8043435204132102,-0.012539090881575121,0.1266724334862321,0.14181231539667777,0.015139881910445657
xgboost,default,773.7010836478753,5000.0,456,42,True,False,True,0.817585978020491,0.8056054060658977,-0.011980571954593344,0.1302801506829888,0.14091480631565528,0.010634655632666495
xgboost,default,773.7010836478753,5000.0,456,456,True,False,True,0.8153872171997595,0.8031415849138309,-0.012245632285928565,0.132611691238995,0.14190390052111884,0.009292209282123848
xgboost,default,773.7010836478753,5000.0,456,789,True,False,True,0.8155826642678626,0.8010344889675473,-0.01454817530031538,0.1311038123548814,0.13709984109218448,0.005996028737303094
xgboost,default,773.7010836478753,5000.0,789,123,True,False,True,0.8253448223980756,0.8139634616387778,-0.011381360759297854,0.115171063051713,0.1283637962117952,0.013192733160082196
xgboost,default,773.7010836478753,5000.0,789,42,True,False,True,0.824915587634431,0.8100413033693843,-0.014874284265046667,0.1203288396960146,0.13583202313038747,0.015503183434372875
xgboost,default,773.7010836478753,5000.0,789,456,True,False,True,0.824542498861577,0.8124436394309713,-0.012098859430605735,0.1185742174938334,0.12842527108484575,0.009851053591012349
xgboost,default,773.7010836478753,5000.0,789,789,True,False,True,0.8234770459056854,0.8084282354242955,-0.01504881048138984,0.1219950354364863,0.13325165242870743,0.011256616992221136
