experiment_id,cell_id,learner,csl_variant,csl_mechanism,config,level,feature_set,split,split_strategy,split_seed,model_seed,deterministic_in_model_seed,R_train,R_eval,is_default_R_train,r_train_parameter,r_train_reached_estimator,threshold_rule,threshold_selected_on,train_prevalence,val_prevalence,test_prevalence,train_n_positive,train_n_negative,val_n_positive,val_n_negative,test_n_positive,test_n_negative,n_train,fit_seconds,git_sha,git_dirty,python_version,sklearn_version,xgboost_version,timestamp_utc,pr_auc,roc_auc,brier,threshold,tp,fp,fn,tn,precision,recall,f1,mcc,n_flagged,alert_rate,R,ner,total_risk,recall_at_100,precision_at_100,recall_at_500,precision_at_500,recall_at_1000,precision_at_1000,recall_at_5000,precision_at_5000,source
E2_training_cost_sweep,decision_tree__weighted__R100__split123__model123,decision_tree,weighted,class_weighting,E,algorithm+decision,no_origin_balance,test,stratified,123,123,False,100.0,773.7010836478753,False,class_weight[1],True,ner_optimal,val,0.001290797995614565,0.0012908741900602688,0.0012908714849422776,5749,4448085,1232,953160,1232,953162,4453834,74.98060229999828,b2e6f6243676544cb68b25aac83ba18d5eb139e5,True,3.14.4,1.8.0,3.4.0,2026-08-28T11:41:38+00:00,0.7545137077720243,0.9837216014771288,0.004649897623863166,0.13146363198757172,1111,24730,121,928432,0.042993692194574516,0.9017857142857143,0.08207439146012632,0.19375625281415618,25841,0.027075819839605025,773.7010836478753,0.12415848092390173,118347.83112139288,0.08116883116883117,1.0,0.4050324675324675,0.998,0.6801948051948052,0.838,0.8352272727272727,0.2058,E2
E2_training_cost_sweep,decision_tree__weighted__R100__split123__model42,decision_tree,weighted,class_weighting,E,algorithm+decision,no_origin_balance,test,stratified,123,42,False,100.0,773.7010836478753,False,class_weight[1],True,ner_optimal,val,0.001290797995614565,0.0012908741900602688,0.0012908714849422776,5749,4448085,1232,953160,1232,953162,4453834,89.60203399999591,b2e6f6243676544cb68b25aac83ba18d5eb139e5,True,3.14.4,1.8.0,3.4.0,2026-08-28T11:40:17+00:00,0.754510614919658,0.9837208742326327,0.004651785440425303,0.13146363198757172,1111,24734,121,928428,0.04298703811182047,0.9017857142857143,0.08206226686856004,0.1937407475134186,25845,0.027080010980789906,773.7010836478753,0.12416267731617178,118351.83112139288,0.08116883116883117,1.0,0.4050324675324675,0.998,0.6818181818181818,0.84,0.8352272727272727,0.2058,E2
E2_training_cost_sweep,decision_tree__weighted__R100__split123__model456,decision_tree,weighted,class_weighting,E,algorithm+decision,no_origin_balance,test,stratified,123,456,False,100.0,773.7010836478753,False,class_weight[1],True,ner_optimal,val,0.001290797995614565,0.0012908741900602688,0.0012908714849422776,5749,4448085,1232,953160,1232,953162,4453834,66.28668730000209,b2e6f6243676544cb68b25aac83ba18d5eb139e5,True,3.14.4,1.8.0,3.4.0,2026-08-28T11:42:48+00:00,0.7544921695860373,0.9837207379807364,0.004653110847332944,0.13146363198757172,1111,24734,121,928428,0.04298703811182047,0.9017857142857143,0.08206226686856004,0.1937407475134186,25845,0.027080010980789906,773.7010836478753,0.12416267731617178,118351.83112139288,0.08116883116883117,1.0,0.4050324675324675,0.998,0.6728896103896104,0.829,0.8352272727272727,0.2058,E2
E2_training_cost_sweep,decision_tree__weighted__R100__split123__model789,decision_tree,weighted,class_weighting,E,algorithm+decision,no_origin_balance,test,stratified,123,789,False,100.0,773.7010836478753,False,class_weight[1],True,ner_optimal,val,0.001290797995614565,0.0012908741900602688,0.0012908714849422776,5749,4448085,1232,953160,1232,953162,4453834,72.25129440000455,b2e6f6243676544cb68b25aac83ba18d5eb139e5,True,3.14.4,1.8.0,3.4.0,2026-08-28T11:44:06+00:00,0.754510614919658,0.9837208742326327,0.004651785440425303,0.13146363198757172,1111,24734,121,928428,0.04298703811182047,0.9017857142857143,0.08206226686856004,0.1937407475134186,25845,0.027080010980789906,773.7010836478753,0.12416267731617178,118351.83112139288,0.08116883116883117,1.0,0.4050324675324675,0.998,0.6818181818181818,0.84,0.8352272727272727,0.2058,E2
E2_training_cost_sweep,decision_tree__weighted__R100__split42__model123,decision_tree,weighted,class_weighting,E,algorithm+decision,no_origin_balance,test,stratified,42,123,False,100.0,773.7010836478753,False,class_weight[1],True,ner_optimal,val,0.001290797995614565,0.0012908741900602688,0.0012908714849422776,5749,4448085,1232,953160,1232,953162,4453834,43.30828040000051,b2e6f6243676544cb68b25aac83ba18d5eb139e5,True,3.14.4,1.8.0,3.4.0,2026-08-28T09:38:05+00:00,0.7505454149543875,0.9817860002273499,0.004336758143281278,0.07012622803449631,1104,38699,128,914463,0.02773660276863553,0.8961038961038961,0.05380772511270866,0.1536522799532069,39803,0.04170499814542002,773.7010836478753,0.14449515001082006,137732.738706928,0.08116883116883117,1.0,0.4050324675324675,0.998,0.6842532467532467,0.843,0.8051948051948052,0.1984,E2
E2_training_cost_sweep,decision_tree__weighted__R100__split42__model42,decision_tree,weighted,class_weighting,E,algorithm+decision,no_origin_balance,test,stratified,42,42,False,100.0,773.7010836478753,False,class_weight[1],True,ner_optimal,val,0.001290797995614565,0.0012908741900602688,0.0012908714849422776,5749,4448085,1232,953160,1232,953162,4453834,40.1343452000001,b2e6f6243676544cb68b25aac83ba18d5eb139e5,True,3.14.4,1.8.0,3.4.0,2026-08-28T09:37:18+00:00,0.7505674569290289,0.9817884919339013,0.0043315666477353985,0.07012622803449631,1104,38688,128,914474,0.027744270205066344,0.8961038961038961,0.05382215288611544,0.15367466499127133,39792,0.041693472507161614,773.7010836478753,0.1444836099320774,137721.738706928,0.08035714285714286,0.99,0.4050324675324675,0.998,0.6818181818181818,0.84,0.8060064935064936,0.1986,E2
E2_training_cost_sweep,decision_tree__weighted__R100__split42__model456,decision_tree,weighted,class_weighting,E,algorithm+decision,no_origin_balance,test,stratified,42,456,False,100.0,773.7010836478753,False,class_weight[1],True,ner_optimal,val,0.001290797995614565,0.0012908741900602688,0.0012908714849422776,5749,4448085,1232,953160,1232,953162,4453834,40.33001209999202,b2e6f6243676544cb68b25aac83ba18d5eb139e5,True,3.14.4,1.8.0,3.4.0,2026-08-28T09:38:48+00:00,0.7505634406451616,0.9817880388963465,0.004332510556016468,0.07012622803449631,1104,38690,128,914472,0.027742875810423683,0.8961038961038961,0.053819529079120555,0.15367059430641591,39794,0.04169556807775405,773.7010836478753,0.14448570812821243,137723.738706928,0.08116883116883117,1.0,0.4050324675324675,0.998,0.6866883116883117,0.846,0.8043831168831169,0.1982,E2
E2_training_cost_sweep,decision_tree__weighted__R100__split42__model789,decision_tree,weighted,class_weighting,E,algorithm+decision,no_origin_balance,test,stratified,42,789,False,100.0,773.7010836478753,False,class_weight[1],True,ner_optimal,val,0.001290797995614565,0.0012908741900602688,0.0012908714849422776,5749,4448085,1232,953160,1232,953162,4453834,39.68453729999601,b2e6f6243676544cb68b25aac83ba18d5eb139e5,True,3.14.4,1.8.0,3.4.0,2026-08-28T09:39:30+00:00,0.750522206027975,0.9817859887310961,0.0043367581456539095,0.07012622803449631,1104,38699,128,914463,0.02773660276863553,0.8961038961038961,0.05380772511270866,0.1536522799532069,39803,0.04170499814542002,773.7010836478753,0.14449515001082006,137732.738706928,0.08035714285714286,0.99,0.4050324675324675,0.998,0.6891233766233766,0.849,0.8060064935064936,0.1986,E2
E2_training_cost_sweep,decision_tree__weighted__R100__split456__model123,decision_tree,weighted,class_weighting,E,algorithm+decision,no_origin_balance,test,stratified,456,123,False,100.0,773.7010836478753,False,class_weight[1],True,ner_optimal,val,0.001290797995614565,0.0012908741900602688,0.0012908714849422776,5749,4448085,1232,953160,1232,953162,4453834,55.06651289999718,b2e6f6243676544cb68b25aac83ba18d5eb139e5,True,3.14.4,1.8.0,3.4.0,2026-08-28T15:41:19+00:00,0.7744155716952892,0.9837887408763346,0.004351659125448507,0.23217247426509857,1091,22132,141,931030,0.046979287775050595,0.885551948051948,0.08922510734001227,0.20095070346589072,23223,0.024332717934102688,773.7010836478753,0.13766669037826718,131223.85279435042,0.08116883116883117,1.0,0.4050324675324675,0.998,0.7021103896103896,0.865,0.8311688311688312,0.2048,E2
E2_training_cost_sweep,decision_tree__weighted__R100__split456__model42,decision_tree,weighted,class_weighting,E,algorithm+decision,no_origin_balance,test,stratified,456,42,False,100.0,773.7010836478753,False,class_weight[1],True,ner_optimal,val,0.001290797995614565,0.0012908741900602688,0.0012908714849422776,5749,4448085,1232,953160,1232,953162,4453834,60.25558169999567,b2e6f6243676544cb68b25aac83ba18d5eb139e5,True,3.14.4,1.8.0,3.4.0,2026-08-28T15:40:21+00:00,0.7741858473113998,0.9837886970202554,0.004351139726898589,0.23217247426509857,1091,22131,141,931031,0.04698131082594092,0.885551948051948,0.08922875603173305,0.20095516673393898,23222,0.024331670148806467,773.7010836478753,0.13766564128019965,131222.85279435042,0.08035714285714286,0.99,0.4050324675324675,0.998,0.7069805194805194,0.871,0.8295454545454546,0.2044,E2
E2_training_cost_sweep,decision_tree__weighted__R100__split456__model456,decision_tree,weighted,class_weighting,E,algorithm+decision,no_origin_balance,test,stratified,456,456,False,100.0,773.7010836478753,False,class_weight[1],True,ner_optimal,val,0.001290797995614565,0.0012908741900602688,0.0012908714849422776,5749,4448085,1232,953160,1232,953162,4453834,57.019677599993884,b2e6f6243676544cb68b25aac83ba18d5eb139e5,True,3.14.4,1.8.0,3.4.0,2026-08-28T15:42:21+00:00,0.7741810669210407,0.983788101769784,0.004352555589320192,0.23217247426509857,1091,22134,141,931028,0.04697524219590958,0.885551948051948,0.0892178108516989,0.20094177778551056,23225,0.024334813504695126,773.7010836478753,0.13766878857440218,131225.85279435042,0.08116883116883117,1.0,0.4050324675324675,0.998,0.6972402597402597,0.859,0.8287337662337663,0.2042,E2
E2_training_cost_sweep,decision_tree__weighted__R100__split456__model789,decision_tree,weighted,class_weighting,E,algorithm+decision,no_origin_balance,test,stratified,456,789,False,100.0,773.7010836478753,False,class_weight[1],True,ner_optimal,val,0.001290797995614565,0.0012908741900602688,0.0012908714849422776,5749,4448085,1232,953160,1232,953162,4453834,52.45909329999995,b2e6f6243676544cb68b25aac83ba18d5eb139e5,True,3.14.4,1.8.0,3.4.0,2026-08-28T15:43:18+00:00,0.774418437628172,0.9837885663035926,0.004351508648466383,0.23217247426509857,1091,22133,141,931029,0.046977264898380985,0.885551948051948,0.08922145894667975,0.20094624048309145,23224,0.024333765719398905,773.7010836478753,0.13766773947633468,131224.85279435042,0.08116883116883117,1.0,0.4050324675324675,0.998,0.7037337662337663,0.867,0.8295454545454546,0.2044,E2
E2_training_cost_sweep,decision_tree__weighted__R100__split789__model123,decision_tree,weighted,class_weighting,E,algorithm+decision,no_origin_balance,test,stratified,789,123,False,100.0,773.7010836478753,False,class_weight[1],True,ner_optimal,val,0.001290797995614565,0.0012908741900602688,0.0012908714849422776,5749,4448085,1232,953160,1232,953162,4453834,69.93427549999615,b2e6f6243676544cb68b25aac83ba18d5eb139e5,True,3.14.4,1.8.0,3.4.0,2026-08-28T17:48:35+00:00,0.7554150670424552,0.983184855440962,0.004653578330133291,0.2314521223306656,1122,27102,110,926060,0.03975340136054422,0.9107142857142857,0.07618142313959804,0.1869996355515077,28224,0.029572692200495812,773.7010836478753,0.11771837011147301,112209.11920126625,0.08116883116883117,1.0,0.4042207792207792,0.996,0.6915584415584416,0.852,0.8336038961038961,0.2054,E2
E2_training_cost_sweep,decision_tree__weighted__R100__split789__model42,decision_tree,weighted,class_weighting,E,algorithm+decision,no_origin_balance,test,stratified,789,42,False,100.0,773.7010836478753,False,class_weight[1],True,ner_optimal,val,0.001290797995614565,0.0012908741900602688,0.0012908714849422776,5749,4448085,1232,953160,1232,953162,4453834,74.59512059998815,b2e6f6243676544cb68b25aac83ba18d5eb139e5,True,3.14.4,1.8.0,3.4.0,2026-08-28T17:47:19+00:00,0.7554057052800699,0.9831836777136344,0.004656410054976497,0.2314521223306656,1122,27108,110,926054,0.03974495217853347,0.9107142857142857,0.07616590862806327,0.1869790336604601,28230,0.029578978912273127,773.7010836478753,0.11772466469987809,112215.11920126625,0.08116883116883117,1.0,0.4042207792207792,0.996,0.685064935064935,0.844,0.836038961038961,0.206,E2
E2_training_cost_sweep,decision_tree__weighted__R100__split789__model456,decision_tree,weighted,class_weighting,E,algorithm+decision,no_origin_balance,test,stratified,789,456,False,100.0,773.7010836478753,False,class_weight[1],True,ner_optimal,val,0.001290797995614565,0.0012908741900602688,0.0012908714849422776,5749,4448085,1232,953160,1232,953162,4453834,73.13433719999739,b2e6f6243676544cb68b25aac83ba18d5eb139e5,True,3.14.4,1.8.0,3.4.0,2026-08-28T17:49:53+00:00,0.7554150670424552,0.983184855440962,0.004653578330133291,0.2314521223306656,1122,27102,110,926060,0.03975340136054422,0.9107142857142857,0.07618142313959804,0.1869996355515077,28224,0.029572692200495812,773.7010836478753,0.11771837011147301,112209.11920126625,0.08116883116883117,1.0,0.4042207792207792,0.996,0.6915584415584416,0.852,0.8336038961038961,0.2054,E2
E2_training_cost_sweep,decision_tree__weighted__R100__split789__model789,decision_tree,weighted,class_weighting,E,algorithm+decision,no_origin_balance,test,stratified,789,789,False,100.0,773.7010836478753,False,class_weight[1],True,ner_optimal,val,0.001290797995614565,0.0012908741900602688,0.0012908714849422776,5749,4448085,1232,953160,1232,953162,4453834,106.55689420000999,b2e6f6243676544cb68b25aac83ba18d5eb139e5,True,3.14.4,1.8.0,3.4.0,2026-08-28T17:51:46+00:00,0.7554057052800699,0.9831836777136344,0.004656410054976497,0.2314521223306656,1122,27108,110,926054,0.03974495217853347,0.9107142857142857,0.07616590862806327,0.1869790336604601,28230,0.029578978912273127,773.7010836478753,0.11772466469987809,112215.11920126625,0.08116883116883117,1.0,0.4042207792207792,0.996,0.685064935064935,0.844,0.836038961038961,0.206,E2
E2_training_cost_sweep,decision_tree__weighted__R10__split123__model123,decision_tree,weighted,class_weighting,E,algorithm+decision,no_origin_balance,test,stratified,123,123,False,10.0,773.7010836478753,False,class_weight[1],True,ner_optimal,val,0.001290797995614565,0.0012908741900602688,0.0012908714849422776,5749,4448085,1232,953160,1232,953162,4453834,60.08199700000114,b2e6f6243676544cb68b25aac83ba18d5eb139e5,True,3.14.4,1.8.0,3.4.0,2026-08-28T10:43:12+00:00,0.7862209553507415,0.9787204879755385,0.0006275518597429417,0.04950318485498428,1095,19497,137,933665,0.05317599067599067,0.8887987012987013,0.1003482404692082,0.2145871294331954,20592,0.021575994819749495,773.7010836478753,0.13165556372361506,125494.04845975891,0.08116883116883117,1.0,0.4025974025974026,0.992,0.7329545454545454,0.903,0.8206168831168831,0.2022,E2
E2_training_cost_sweep,decision_tree__weighted__R10__split123__model42,decision_tree,weighted,class_weighting,E,algorithm+decision,no_origin_balance,test,stratified,123,42,False,10.0,773.7010836478753,False,class_weight[1],True,ner_optimal,val,0.001290797995614565,0.0012908741900602688,0.0012908714849422776,5749,4448085,1232,953160,1232,953162,4453834,59.895489300004556,b2e6f6243676544cb68b25aac83ba18d5eb139e5,True,3.14.4,1.8.0,3.4.0,2026-08-28T10:42:08+00:00,0.7862124993792531,0.9787192923651495,0.0006277324604920682,0.04950318485498428,1095,19503,137,933659,0.05316050101951646,0.8887987012987013,0.10032065964269354,0.2145550074972497,20598,0.02158228153152681,773.7010836478753,0.13166185831202015,125500.04845975891,0.08116883116883117,1.0,0.400974025974026,0.988,0.7329545454545454,0.903,0.8206168831168831,0.2022,E2
E2_training_cost_sweep,decision_tree__weighted__R10__split123__model456,decision_tree,weighted,class_weighting,E,algorithm+decision,no_origin_balance,test,stratified,123,456,False,10.0,773.7010836478753,False,class_weight[1],True,ner_optimal,val,0.001290797995614565,0.0012908741900602688,0.0012908714849422776,5749,4448085,1232,953160,1232,953162,4453834,52.128221000006306,b2e6f6243676544cb68b25aac83ba18d5eb139e5,True,3.14.4,1.8.0,3.4.0,2026-08-28T10:44:06+00:00,0.7855807949570257,0.9781418640675055,0.0006273697208678056,0.04950318485498428,1094,19497,138,933665,0.053130008256034186,0.887987012987013,0.10026119232002932,0.2143916340721457,20591,0.021574947034453278,773.7010836478753,0.13246725203530338,126267.74954340678,0.08116883116883117,1.0,0.4025974025974026,0.992,0.7329545454545454,0.903,0.8198051948051948,0.202,E2
E2_training_cost_sweep,decision_tree__weighted__R10__split123__model789,decision_tree,weighted,class_weighting,E,algorithm+decision,no_origin_balance,test,stratified,123,789,False,10.0,773.7010836478753,False,class_weight[1],True,ner_optimal,val,0.001290797995614565,0.0012908741900602688,0.0012908714849422776,5749,4448085,1232,953160,1232,953162,4453834,51.61621670000022,b2e6f6243676544cb68b25aac83ba18d5eb139e5,True,3.14.4,1.8.0,3.4.0,2026-08-28T10:45:01+00:00,0.7855850361014509,0.9781424631500616,0.0006272794204932424,0.04950318485498428,1094,19494,138,933668,0.05313775014571595,0.887987012987013,0.1002749770852429,0.21440768710610597,20588,0.021571803678564618,773.7010836478753,0.13246410474110085,126264.74954340678,0.08116883116883117,1.0,0.4025974025974026,0.992,0.7329545454545454,0.903,0.8198051948051948,0.202,E2
E2_training_cost_sweep,decision_tree__weighted__R10__split42__model123,decision_tree,weighted,class_weighting,E,algorithm+decision,no_origin_balance,test,stratified,42,123,False,10.0,773.7010836478753,False,class_weight[1],True,ner_optimal,val,0.001290797995614565,0.0012908741900602688,0.0012908714849422776,5749,4448085,1232,953160,1232,953162,4453834,64.52481799999077,b2e6f6243676544cb68b25aac83ba18d5eb139e5,True,3.14.4,1.8.0,3.4.0,2026-08-28T08:56:01+00:00,0.7407694154252512,0.972205308063221,0.000692755781480092,0.035353533923625946,1070,21797,162,931365,0.046792320811649975,0.8685064935064936,0.0888003651603801,0.19855054748837156,22867,0.023959706368648588,773.7010836478753,0.15436069707110456,147136.57555095578,0.08116883116883117,1.0,0.4050324675324675,0.998,0.6988636363636364,0.861,0.7816558441558441,0.1926,E2
E2_training_cost_sweep,decision_tree__weighted__R10__split42__model42,decision_tree,weighted,class_weighting,E,algorithm+decision,no_origin_balance,test,stratified,42,42,False,10.0,773.7010836478753,False,class_weight[1],True,ner_optimal,val,0.001290797995614565,0.0012908741900602688,0.0012908714849422776,5749,4448085,1232,953160,1232,953162,4453834,62.47731139999814,b2e6f6243676544cb68b25aac83ba18d5eb139e5,True,3.14.4,1.8.0,3.4.0,2026-08-28T08:54:54+00:00,0.7407429205462306,0.97220529614118,0.0006927558095683772,0.035353533923625946,1070,21797,162,931365,0.046792320811649975,0.8685064935064936,0.0888003651603801,0.19855054748837156,22867,0.023959706368648588,773.7010836478753,0.15436069707110456,147136.57555095578,0.08116883116883117,1.0,0.4050324675324675,0.998,0.6988636363636364,0.861,0.7816558441558441,0.1926,E2
E2_training_cost_sweep,decision_tree__weighted__R10__split42__model456,decision_tree,weighted,class_weighting,E,algorithm+decision,no_origin_balance,test,stratified,42,456,False,10.0,773.7010836478753,False,class_weight[1],True,ner_optimal,val,0.001290797995614565,0.0012908741900602688,0.0012908714849422776,5749,4448085,1232,953160,1232,953162,4453834,64.17451480000454,b2e6f6243676544cb68b25aac83ba18d5eb139e5,True,3.14.4,1.8.0,3.4.0,2026-08-28T08:57:08+00:00,0.7407694154252512,0.972205308063221,0.000692755781480092,0.035353533923625946,1070,21797,162,931365,0.046792320811649975,0.8685064935064936,0.0888003651603801,0.19855054748837156,22867,0.023959706368648588,773.7010836478753,0.15436069707110456,147136.57555095578,0.08116883116883117,1.0,0.4050324675324675,0.998,0.6988636363636364,0.861,0.7816558441558441,0.1926,E2
E2_training_cost_sweep,decision_tree__weighted__R10__split42__model789,decision_tree,weighted,class_weighting,E,algorithm+decision,no_origin_balance,test,stratified,42,789,False,10.0,773.7010836478753,False,class_weight[1],True,ner_optimal,val,0.001290797995614565,0.0012908741900602688,0.0012908714849422776,5749,4448085,1232,953160,1232,953162,4453834,61.777832699997816,b2e6f6243676544cb68b25aac83ba18d5eb139e5,True,3.14.4,1.8.0,3.4.0,2026-08-28T08:58:12+00:00,0.7407429205462306,0.97220529614118,0.0006927558095683772,0.035353533923625946,1070,21797,162,931365,0.046792320811649975,0.8685064935064936,0.0888003651603801,0.19855054748837156,22867,0.023959706368648588,773.7010836478753,0.15436069707110456,147136.57555095578,0.08116883116883117,1.0,0.4050324675324675,0.998,0.6988636363636364,0.861,0.7816558441558441,0.1926,E2
E2_training_cost_sweep,decision_tree__weighted__R10__split456__model123,decision_tree,weighted,class_weighting,E,algorithm+decision,no_origin_balance,test,stratified,456,123,False,10.0,773.7010836478753,False,class_weight[1],True,ner_optimal,val,0.001290797995614565,0.0012908741900602688,0.0012908714849422776,5749,4448085,1232,953160,1232,953162,4453834,94.38055489999533,b2e6f6243676544cb68b25aac83ba18d5eb139e5,True,3.14.4,1.8.0,3.4.0,2026-08-28T14:41:32+00:00,0.7598423113589786,0.9767248396635373,0.0006532251343357931,0.039436064660549164,1088,22025,144,931137,0.047073075758231296,0.8831168831168831,0.08938180324501951,0.2008738824917242,23113,0.024217461551518556,773.7010836478753,0.1399895018201081,133437.95604529403,0.08116883116883117,1.0,0.4042207792207792,0.996,0.7159090909090909,0.882,0.8092532467532467,0.1994,E2
E2_training_cost_sweep,decision_tree__weighted__R10__split456__model42,decision_tree,weighted,class_weighting,E,algorithm+decision,no_origin_balance,test,stratified,456,42,False,10.0,773.7010836478753,False,class_weight[1],True,ner_optimal,val,0.001290797995614565,0.0012908741900602688,0.0012908714849422776,5749,4448085,1232,953160,1232,953162,4453834,95.18254779999552,b2e6f6243676544cb68b25aac83ba18d5eb139e5,True,3.14.4,1.8.0,3.4.0,2026-08-28T14:39:53+00:00,0.7598656414552162,0.9767248498824295,0.0006532251212975732,0.039436064660549164,1088,22025,144,931137,0.047073075758231296,0.8831168831168831,0.08938180324501951,0.2008738824917242,23113,0.024217461551518556,773.7010836478753,0.1399895018201081,133437.95604529403,0.08116883116883117,1.0,0.4050324675324675,0.998,0.7159090909090909,0.882,0.8092532467532467,0.1994,E2
E2_training_cost_sweep,decision_tree__weighted__R10__split456__model456,decision_tree,weighted,class_weighting,E,algorithm+decision,no_origin_balance,test,stratified,456,456,False,10.0,773.7010836478753,False,class_weight[1],True,ner_optimal,val,0.001290797995614565,0.0012908741900602688,0.0012908714849422776,5749,4448085,1232,953160,1232,953162,4453834,88.89479619999474,b2e6f6243676544cb68b25aac83ba18d5eb139e5,True,3.14.4,1.8.0,3.4.0,2026-08-28T14:43:08+00:00,0.7594152395632916,0.976724067711388,0.0006544553732628377,0.039436064660549164,1088,22024,144,931138,0.04707511249567324,0.8831168831168831,0.0893854748603352,0.20087836531082903,23112,0.024216413766222335,773.7010836478753,0.1399884527220406,133436.95604529403,0.08116883116883117,1.0,0.4042207792207792,0.996,0.7159090909090909,0.882,0.8084415584415584,0.1992,E2
E2_training_cost_sweep,decision_tree__weighted__R10__split456__model789,decision_tree,weighted,class_weighting,E,algorithm+decision,no_origin_balance,test,stratified,456,789,False,10.0,773.7010836478753,False,class_weight[1],True,ner_optimal,val,0.001290797995614565,0.0012908741900602688,0.0012908714849422776,5749,4448085,1232,953160,1232,953162,4453834,102.94303390001005,b2e6f6243676544cb68b25aac83ba18d5eb139e5,True,3.14.4,1.8.0,3.4.0,2026-08-28T14:44:57+00:00,0.7594385696595292,0.9767240779302802,0.0006544553602246178,0.039436064660549164,1088,22024,144,931138,0.04707511249567324,0.8831168831168831,0.0893854748603352,0.20087836531082903,23112,0.024216413766222335,773.7010836478753,0.1399884527220406,133436.95604529403,0.08116883116883117,1.0,0.4042207792207792,0.996,0.7159090909090909,0.882,0.8084415584415584,0.1992,E2
E2_training_cost_sweep,decision_tree__weighted__R10__split789__model123,decision_tree,weighted,class_weighting,E,algorithm+decision,no_origin_balance,test,stratified,789,123,False,10.0,773.7010836478753,False,class_weight[1],True,ner_optimal,val,0.001290797995614565,0.0012908741900602688,0.0012908714849422776,5749,4448085,1232,953160,1232,953162,4453834,62.62117430000217,b2e6f6243676544cb68b25aac83ba18d5eb139e5,True,3.14.4,1.8.0,3.4.0,2026-08-28T16:54:23+00:00,0.7766654765197472,0.977754549743755,0.0006516250544902581,0.019003665074706078,1104,21001,128,932161,0.04994345170775843,0.8961038961038961,0.09461370356086901,0.20864829663389595,22105,0.02316129397292942,773.7010836478753,0.12592821241196098,120034.73870692801,0.08116883116883117,1.0,0.4017857142857143,0.99,0.7232142857142857,0.891,0.8222402597402597,0.2026,E2
E2_training_cost_sweep,decision_tree__weighted__R10__split789__model42,decision_tree,weighted,class_weighting,E,algorithm+decision,no_origin_balance,test,stratified,789,42,False,10.0,773.7010836478753,False,class_weight[1],True,ner_optimal,val,0.001290797995614565,0.0012908741900602688,0.0012908714849422776,5749,4448085,1232,953160,1232,953162,4453834,62.71703339999658,b2e6f6243676544cb68b25aac83ba18d5eb139e5,True,3.14.4,1.8.0,3.4.0,2026-08-28T16:53:18+00:00,0.7766878144967572,0.9777554353810803,0.0006509888549829161,0.019003665074706078,1104,20997,128,932165,0.04995249083751867,0.8961038961038961,0.09462992328461835,0.2086677313240207,22101,0.02315710283174454,773.7010836478753,0.12592401601969094,120030.73870692801,0.07954545454545454,0.98,0.4025974025974026,0.992,0.724025974025974,0.892,0.8222402597402597,0.2026,E2
E2_training_cost_sweep,decision_tree__weighted__R10__split789__model456,decision_tree,weighted,class_weighting,E,algorithm+decision,no_origin_balance,test,stratified,789,456,False,10.0,773.7010836478753,False,class_weight[1],True,ner_optimal,val,0.001290797995614565,0.0012908741900602688,0.0012908714849422776,5749,4448085,1232,953160,1232,953162,4453834,62.35089169999992,b2e6f6243676544cb68b25aac83ba18d5eb139e5,True,3.14.4,1.8.0,3.4.0,2026-08-28T16:55:30+00:00,0.7766654765197472,0.977754549743755,0.0006516250544902581,0.019003665074706078,1104,21001,128,932161,0.04994345170775843,0.8961038961038961,0.09461370356086901,0.20864829663389595,22105,0.02316129397292942,773.7010836478753,0.12592821241196098,120034.73870692801,0.08116883116883117,1.0,0.4017857142857143,0.99,0.7232142857142857,0.891,0.8222402597402597,0.2026,E2
E2_training_cost_sweep,decision_tree__weighted__R10__split789__model789,decision_tree,weighted,class_weighting,E,algorithm+decision,no_origin_balance,test,stratified,789,789,False,10.0,773.7010836478753,False,class_weight[1],True,ner_optimal,val,0.001290797995614565,0.0012908741900602688,0.0012908714849422776,5749,4448085,1232,953160,1232,953162,4453834,63.399191000004066,b2e6f6243676544cb68b25aac83ba18d5eb139e5,True,3.14.4,1.8.0,3.4.0,2026-08-28T16:56:38+00:00,0.7766706305437089,0.9777551705414571,0.000651534754115695,0.019003665074706078,1104,20998,128,932164,0.04995023074834857,0.8961038961038961,0.09462586783234765,0.20866287216171092,22102,0.02315815061704076,773.7010836478753,0.12592506511775844,120031.73870692801,0.08116883116883117,1.0,0.4017857142857143,0.99,0.7248376623376623,0.893,0.8238636363636364,0.203,E2
E2_training_cost_sweep,decision_tree__weighted__R2000__split123__model123,decision_tree,weighted,class_weighting,E,algorithm+decision,no_origin_balance,test,stratified,123,123,False,2000.0,773.7010836478753,False,class_weight[1],True,ner_optimal,val,0.001290797995614565,0.0012908741900602688,0.0012908714849422776,5749,4448085,1232,953160,1232,953162,4453834,35.82219179999083,b2e6f6243676544cb68b25aac83ba18d5eb139e5,True,3.14.4,1.8.0,3.4.0,2026-08-28T12:29:35+00:00,0.6882876603914104,0.9816849532664171,0.0831363764904719,0.8659225106239319,1105,26941,127,926221,0.03939955786921486,0.8969155844155844,0.07548329803948357,0.18467637706392775,28046,0.029386186417768762,773.7010836478753,0.13134816662130458,125201.03762328012,0.08116883116883117,1.0,0.4025974025974026,0.992,0.625,0.77,0.8092532467532467,0.1994,E2
E2_training_cost_sweep,decision_tree__weighted__R2000__split123__model42,decision_tree,weighted,class_weighting,E,algorithm+decision,no_origin_balance,test,stratified,123,42,False,2000.0,773.7010836478753,False,class_weight[1],True,ner_optimal,val,0.001290797995614565,0.0012908741900602688,0.0012908714849422776,5749,4448085,1232,953160,1232,953162,4453834,37.81427459999395,b2e6f6243676544cb68b25aac83ba18d5eb139e5,True,3.14.4,1.8.0,3.4.0,2026-08-28T12:28:55+00:00,0.6882876603914104,0.9816849532664171,0.0831363764904719,0.8659225106239319,1105,26941,127,926221,0.03939955786921486,0.8969155844155844,0.07548329803948357,0.18467637706392775,28046,0.029386186417768762,773.7010836478753,0.13134816662130458,125201.03762328012,0.08116883116883117,1.0,0.4025974025974026,0.992,0.625,0.77,0.8092532467532467,0.1994,E2
E2_training_cost_sweep,decision_tree__weighted__R2000__split123__model456,decision_tree,weighted,class_weighting,E,algorithm+decision,no_origin_balance,test,stratified,123,456,False,2000.0,773.7010836478753,False,class_weight[1],True,ner_optimal,val,0.001290797995614565,0.0012908741900602688,0.0012908714849422776,5749,4448085,1232,953160,1232,953162,4453834,33.97406300000148,b2e6f6243676544cb68b25aac83ba18d5eb139e5,True,3.14.4,1.8.0,3.4.0,2026-08-28T12:30:12+00:00,0.6882904033293749,0.9816853747957208,0.08313437994882004,0.8659225106239319,1105,26939,127,926223,0.0394023677078876,0.8969155844155844,0.07548845470692718,0.18468320892935902,28044,0.029384090847176324,773.7010836478753,0.13134606842516955,125199.03762328012,0.08116883116883117,1.0,0.4017857142857143,0.99,0.625,0.77,0.8125,0.2002,E2
E2_training_cost_sweep,decision_tree__weighted__R2000__split123__model789,decision_tree,weighted,class_weighting,E,algorithm+decision,no_origin_balance,test,stratified,123,789,False,2000.0,773.7010836478753,False,class_weight[1],True,ner_optimal,val,0.001290797995614565,0.0012908741900602688,0.0012908714849422776,5749,4448085,1232,953160,1232,953162,4453834,34.83464990000357,b2e6f6243676544cb68b25aac83ba18d5eb139e5,True,3.14.4,1.8.0,3.4.0,2026-08-28T12:30:50+00:00,0.6882904033293749,0.9816853747957208,0.08313437994882004,0.8659225106239319,1105,26939,127,926223,0.0394023677078876,0.8969155844155844,0.07548845470692718,0.18468320892935902,28044,0.029384090847176324,773.7010836478753,0.13134606842516955,125199.03762328012,0.08116883116883117,1.0,0.4017857142857143,0.99,0.625,0.77,0.8125,0.2002,E2
E2_training_cost_sweep,decision_tree__weighted__R2000__split42__model123,decision_tree,weighted,class_weighting,E,algorithm+decision,no_origin_balance,test,stratified,42,123,False,2000.0,773.7010836478753,False,class_weight[1],True,ner_optimal,val,0.001290797995614565,0.0012908741900602688,0.0012908714849422776,5749,4448085,1232,953160,1232,953162,4453834,32.28503240000282,b2e6f6243676544cb68b25aac83ba18d5eb139e5,True,3.14.4,1.8.0,3.4.0,2026-08-28T09:58:26+00:00,0.6738029778863465,0.9802586428699369,0.0807188162698777,0.8558317422866821,1086,27904,146,925258,0.037461193515005174,0.8814935064935064,0.07186817550129045,0.1782993596327725,28990,0.030375295737399857,773.7010836478753,0.1477805259823983,140864.35821258978,0.08035714285714286,0.99,0.39935064935064934,0.984,0.6298701298701299,0.776,0.7800324675324676,0.1922,E2
E2_training_cost_sweep,decision_tree__weighted__R2000__split42__model42,decision_tree,weighted,class_weighting,E,algorithm+decision,no_origin_balance,test,stratified,42,42,False,2000.0,773.7010836478753,False,class_weight[1],True,ner_optimal,val,0.001290797995614565,0.0012908741900602688,0.0012908714849422776,5749,4448085,1232,953160,1232,953162,4453834,34.25052890001098,b2e6f6243676544cb68b25aac83ba18d5eb139e5,True,3.14.4,1.8.0,3.4.0,2026-08-28T09:57:51+00:00,0.6738029778863465,0.9802586428699369,0.0807188162698777,0.8558317422866821,1086,27904,146,925258,0.037461193515005174,0.8814935064935064,0.07186817550129045,0.1782993596327725,28990,0.030375295737399857,773.7010836478753,0.1477805259823983,140864.35821258978,0.08035714285714286,0.99,0.39935064935064934,0.984,0.6298701298701299,0.776,0.7800324675324676,0.1922,E2
E2_training_cost_sweep,decision_tree__weighted__R2000__split42__model456,decision_tree,weighted,class_weighting,E,algorithm+decision,no_origin_balance,test,stratified,42,456,False,2000.0,773.7010836478753,False,class_weight[1],True,ner_optimal,val,0.001290797995614565,0.0012908741900602688,0.0012908714849422776,5749,4448085,1232,953160,1232,953162,4453834,40.209440699996776,b2e6f6243676544cb68b25aac83ba18d5eb139e5,True,3.14.4,1.8.0,3.4.0,2026-08-28T09:59:10+00:00,0.6738029778863465,0.9802586428699369,0.0807188162698777,0.8558317422866821,1086,27904,146,925258,0.037461193515005174,0.8814935064935064,0.07186817550129045,0.1782993596327725,28990,0.030375295737399857,773.7010836478753,0.1477805259823983,140864.35821258978,0.08035714285714286,0.99,0.39935064935064934,0.984,0.6298701298701299,0.776,0.7800324675324676,0.1922,E2
E2_training_cost_sweep,decision_tree__weighted__R2000__split42__model789,decision_tree,weighted,class_weighting,E,algorithm+decision,no_origin_balance,test,stratified,42,789,False,2000.0,773.7010836478753,False,class_weight[1],True,ner_optimal,val,0.001290797995614565,0.0012908741900602688,0.0012908714849422776,5749,4448085,1232,953160,1232,953162,4453834,40.83775150000292,b2e6f6243676544cb68b25aac83ba18d5eb139e5,True,3.14.4,1.8.0,3.4.0,2026-08-28T09:59:54+00:00,0.6738029778863465,0.9802586428699369,0.0807188162698777,0.8558317422866821,1086,27904,146,925258,0.037461193515005174,0.8814935064935064,0.07186817550129045,0.1782993596327725,28990,0.030375295737399857,773.7010836478753,0.1477805259823983,140864.35821258978,0.08035714285714286,0.99,0.39935064935064934,0.984,0.6298701298701299,0.776,0.7800324675324676,0.1922,E2
E2_training_cost_sweep,decision_tree__weighted__R2000__split456__model123,decision_tree,weighted,class_weighting,E,algorithm+decision,no_origin_balance,test,stratified,456,123,False,2000.0,773.7010836478753,False,class_weight[1],True,ner_optimal,val,0.001290797995614565,0.0012908741900602688,0.0012908714849422776,5749,4448085,1232,953160,1232,953162,4453834,32.34946689999197,b2e6f6243676544cb68b25aac83ba18d5eb139e5,True,3.14.4,1.8.0,3.4.0,2026-08-28T16:08:57+00:00,0.6751218891045859,0.9820234787666542,0.08386982130629904,0.6746500134468079,1100,27635,132,925527,0.03828084217852793,0.8928571428571429,0.07341408883104748,0.18151104640358606,28735,0.030108110486863914,773.7010836478753,0.13613468223860073,129763.54304151953,0.08116883116883117,1.0,0.4034090909090909,0.994,0.614448051948052,0.757,0.7987012987012987,0.1968,E2
E2_training_cost_sweep,decision_tree__weighted__R2000__split456__model42,decision_tree,weighted,class_weighting,E,algorithm+decision,no_origin_balance,test,stratified,456,42,False,2000.0,773.7010836478753,False,class_weight[1],True,ner_optimal,val,0.001290797995614565,0.0012908741900602688,0.0012908714849422776,5749,4448085,1232,953160,1232,953162,4453834,33.93801059998805,b2e6f6243676544cb68b25aac83ba18d5eb139e5,True,3.14.4,1.8.0,3.4.0,2026-08-28T16:08:21+00:00,0.6751218891045859,0.9820234787666542,0.08386982130629904,0.6746500134468079,1100,27635,132,925527,0.03828084217852793,0.8928571428571429,0.07341408883104748,0.18151104640358606,28735,0.030108110486863914,773.7010836478753,0.13613468223860073,129763.54304151953,0.08116883116883117,1.0,0.4034090909090909,0.994,0.614448051948052,0.757,0.7987012987012987,0.1968,E2
E2_training_cost_sweep,decision_tree__weighted__R2000__split456__model456,decision_tree,weighted,class_weighting,E,algorithm+decision,no_origin_balance,test,stratified,456,456,False,2000.0,773.7010836478753,False,class_weight[1],True,ner_optimal,val,0.001290797995614565,0.0012908741900602688,0.0012908714849422776,5749,4448085,1232,953160,1232,953162,4453834,35.922191199992085,b2e6f6243676544cb68b25aac83ba18d5eb139e5,True,3.14.4,1.8.0,3.4.0,2026-08-28T16:09:36+00:00,0.6751218891045859,0.9820234787666542,0.08386982130629904,0.6746500134468079,1100,27635,132,925527,0.03828084217852793,0.8928571428571429,0.07341408883104748,0.18151104640358606,28735,0.030108110486863914,773.7010836478753,0.13613468223860073,129763.54304151953,0.08116883116883117,1.0,0.4034090909090909,0.994,0.614448051948052,0.757,0.7987012987012987,0.1968,E2
E2_training_cost_sweep,decision_tree__weighted__R2000__split456__model789,decision_tree,weighted,class_weighting,E,algorithm+decision,no_origin_balance,test,stratified,456,789,False,2000.0,773.7010836478753,False,class_weight[1],True,ner_optimal,val,0.001290797995614565,0.0012908741900602688,0.0012908714849422776,5749,4448085,1232,953160,1232,953162,4453834,33.22580770000059,b2e6f6243676544cb68b25aac83ba18d5eb139e5,True,3.14.4,1.8.0,3.4.0,2026-08-28T16:10:12+00:00,0.6751218891045859,0.9820234787666542,0.08386982130629904,0.6746500134468079,1100,27635,132,925527,0.03828084217852793,0.8928571428571429,0.07341408883104748,0.18151104640358606,28735,0.030108110486863914,773.7010836478753,0.13613468223860073,129763.54304151953,0.08116883116883117,1.0,0.4034090909090909,0.994,0.614448051948052,0.757,0.7987012987012987,0.1968,E2
E2_training_cost_sweep,decision_tree__weighted__R2000__split789__model123,decision_tree,weighted,class_weighting,E,algorithm+decision,no_origin_balance,test,stratified,789,123,False,2000.0,773.7010836478753,False,class_weight[1],True,ner_optimal,val,0.001290797995614565,0.0012908741900602688,0.0012908714849422776,5749,4448085,1232,953160,1232,953162,4453834,40.12106439999479,b2e6f6243676544cb68b25aac83ba18d5eb139e5,True,3.14.4,1.8.0,3.4.0,2026-08-28T18:19:42+00:00,0.6865909211863048,0.9823368347095819,0.08368139834433272,0.833114743232727,1120,27632,112,925530,0.038953811908736785,0.9090909090909091,0.07470651013874066,0.18486969030097236,28752,0.030125922836899646,773.7010836478753,0.11989776871063196,114286.52136856201,0.08035714285714286,0.99,0.4017857142857143,0.99,0.627435064935065,0.773,0.7978896103896104,0.1966,E2
E2_training_cost_sweep,decision_tree__weighted__R2000__split789__model42,decision_tree,weighted,class_weighting,E,algorithm+decision,no_origin_balance,test,stratified,789,42,False,2000.0,773.7010836478753,False,class_weight[1],True,ner_optimal,val,0.001290797995614565,0.0012908741900602688,0.0012908714849422776,5749,4448085,1232,953160,1232,953162,4453834,43.58637119999912,b2e6f6243676544cb68b25aac83ba18d5eb139e5,True,3.14.4,1.8.0,3.4.0,2026-08-28T18:18:58+00:00,0.6865909211863048,0.9823368347095819,0.08368139834433272,0.833114743232727,1120,27632,112,925530,0.038953811908736785,0.9090909090909091,0.07470651013874066,0.18486969030097236,28752,0.030125922836899646,773.7010836478753,0.11989776871063196,114286.52136856201,0.08035714285714286,0.99,0.4017857142857143,0.99,0.627435064935065,0.773,0.7978896103896104,0.1966,E2
E2_training_cost_sweep,decision_tree__weighted__R2000__split789__model456,decision_tree,weighted,class_weighting,E,algorithm+decision,no_origin_balance,test,stratified,789,456,False,2000.0,773.7010836478753,False,class_weight[1],True,ner_optimal,val,0.001290797995614565,0.0012908741900602688,0.0012908714849422776,5749,4448085,1232,953160,1232,953162,4453834,40.94117949999054,b2e6f6243676544cb68b25aac83ba18d5eb139e5,True,3.14.4,1.8.0,3.4.0,2026-08-28T18:20:28+00:00,0.6865909211863048,0.9823368347095819,0.08368139834433272,0.833114743232727,1120,27632,112,925530,0.038953811908736785,0.9090909090909091,0.07470651013874066,0.18486969030097236,28752,0.030125922836899646,773.7010836478753,0.11989776871063196,114286.52136856201,0.08035714285714286,0.99,0.4017857142857143,0.99,0.627435064935065,0.773,0.7978896103896104,0.1966,E2
E2_training_cost_sweep,decision_tree__weighted__R2000__split789__model789,decision_tree,weighted,class_weighting,E,algorithm+decision,no_origin_balance,test,stratified,789,789,False,2000.0,773.7010836478753,False,class_weight[1],True,ner_optimal,val,0.001290797995614565,0.0012908741900602688,0.0012908714849422776,5749,4448085,1232,953160,1232,953162,4453834,44.157265000001644,b2e6f6243676544cb68b25aac83ba18d5eb139e5,True,3.14.4,1.8.0,3.4.0,2026-08-28T18:21:17+00:00,0.6865909211863048,0.9823368347095819,0.08368139834433272,0.833114743232727,1120,27632,112,925530,0.038953811908736785,0.9090909090909091,0.07470651013874066,0.18486969030097236,28752,0.030125922836899646,773.7010836478753,0.11989776871063196,114286.52136856201,0.08035714285714286,0.99,0.4017857142857143,0.99,0.627435064935065,0.773,0.7978896103896104,0.1966,E2
E2_training_cost_sweep,decision_tree__weighted__R5000__split123__model123,decision_tree,weighted,class_weighting,E,algorithm+decision,no_origin_balance,test,stratified,123,123,False,5000.0,773.7010836478753,False,class_weight[1],True,ner_optimal,val,0.001290797995614565,0.0012908741900602688,0.0012908714849422776,5749,4448085,1232,953160,1232,953162,4453834,31.306430500000715,b2e6f6243676544cb68b25aac83ba18d5eb139e5,True,3.14.4,1.8.0,3.4.0,2026-08-28T12:52:08+00:00,0.6783169404621416,0.9802068718330461,0.15281542417282884,0.9165629148483276,1102,27634,130,925528,0.03834910913140312,0.8944805194805194,0.07354511478910838,0.18184929705717992,28736,0.030109158272160135,773.7010836478753,0.13451025651715662,128215.14087422378,0.08035714285714286,0.99,0.4017857142857143,0.99,0.627435064935065,0.773,0.7938311688311688,0.1956,E2
E2_training_cost_sweep,decision_tree__weighted__R5000__split123__model42,decision_tree,weighted,class_weighting,E,algorithm+decision,no_origin_balance,test,stratified,123,42,False,5000.0,773.7010836478753,False,class_weight[1],True,ner_optimal,val,0.001290797995614565,0.0012908741900602688,0.0012908714849422776,5749,4448085,1232,953160,1232,953162,4453834,32.22916109999642,b2e6f6243676544cb68b25aac83ba18d5eb139e5,True,3.14.4,1.8.0,3.4.0,2026-08-28T12:51:33+00:00,0.6783151479705812,0.9802064383817013,0.15281747926623704,0.9165629148483276,1102,27636,130,925526,0.03834644025332313,0.8944805194805194,0.07354020687354021,0.18184272470233992,28738,0.030111253842752574,773.7010836478753,0.13451235471329165,128217.14087422378,0.08035714285714286,0.99,0.400974025974026,0.988,0.627435064935065,0.773,0.7987012987012987,0.1968,E2
E2_training_cost_sweep,decision_tree__weighted__R5000__split123__model456,decision_tree,weighted,class_weighting,E,algorithm+decision,no_origin_balance,test,stratified,123,456,False,5000.0,773.7010836478753,False,class_weight[1],True,ner_optimal,val,0.001290797995614565,0.0012908741900602688,0.0012908714849422776,5749,4448085,1232,953160,1232,953162,4453834,47.33443100001023,b2e6f6243676544cb68b25aac83ba18d5eb139e5,True,3.14.4,1.8.0,3.4.0,2026-08-28T12:52:59+00:00,0.6783151479705812,0.9802064383817013,0.15281747926623704,0.9165629148483276,1102,27636,130,925526,0.03834644025332313,0.8944805194805194,0.07354020687354021,0.18184272470233992,28738,0.030111253842752574,773.7010836478753,0.13451235471329165,128217.14087422378,0.08035714285714286,0.99,0.400974025974026,0.988,0.627435064935065,0.773,0.7987012987012987,0.1968,E2
E2_training_cost_sweep,decision_tree__weighted__R5000__split123__model789,decision_tree,weighted,class_weighting,E,algorithm+decision,no_origin_balance,test,stratified,123,789,False,5000.0,773.7010836478753,False,class_weight[1],True,ner_optimal,val,0.001290797995614565,0.0012908741900602688,0.0012908714849422776,5749,4448085,1232,953160,1232,953162,4453834,34.78717080000206,b2e6f6243676544cb68b25aac83ba18d5eb139e5,True,3.14.4,1.8.0,3.4.0,2026-08-28T12:53:37+00:00,0.6783169404621416,0.9802068718330461,0.15281542417282884,0.9165629148483276,1102,27634,130,925528,0.03834910913140312,0.8944805194805194,0.07354511478910838,0.18184929705717992,28736,0.030109158272160135,773.7010836478753,0.13451025651715662,128215.14087422378,0.08035714285714286,0.99,0.4017857142857143,0.99,0.627435064935065,0.773,0.7938311688311688,0.1956,E2
E2_training_cost_sweep,decision_tree__weighted__R5000__split42__model123,decision_tree,weighted,class_weighting,E,algorithm+decision,no_origin_balance,test,stratified,42,123,False,5000.0,773.7010836478753,False,class_weight[1],True,ner_optimal,val,0.001290797995614565,0.0012908741900602688,0.0012908714849422776,5749,4448085,1232,953160,1232,953162,4453834,35.38338040000235,b2e6f6243676544cb68b25aac83ba18d5eb139e5,True,3.14.4,1.8.0,3.4.0,2026-08-28T10:19:58+00:00,0.6543382622000495,0.9808138327291878,0.15132160341329373,0.8980960249900818,1088,30144,144,923018,0.03483606557377049,0.8831168831168831,0.06702809265648102,0.17184236213435589,31232,0.03272443037152371,773.7010836478753,0.1485071290302526,141556.95604529403,0.07792207792207792,0.96,0.4017857142857143,0.99,0.6047077922077922,0.745,0.7621753246753247,0.1878,E2
E2_training_cost_sweep,decision_tree__weighted__R5000__split42__model42,decision_tree,weighted,class_weighting,E,algorithm+decision,no_origin_balance,test,stratified,42,42,False,5000.0,773.7010836478753,False,class_weight[1],True,ner_optimal,val,0.001290797995614565,0.0012908741900602688,0.0012908714849422776,5749,4448085,1232,953160,1232,953162,4453834,34.97617919999175,b2e6f6243676544cb68b25aac83ba18d5eb139e5,True,3.14.4,1.8.0,3.4.0,2026-08-28T10:19:20+00:00,0.6543382622000495,0.9808138327291878,0.15132160341329373,0.8980960249900818,1088,30144,144,923018,0.03483606557377049,0.8831168831168831,0.06702809265648102,0.17184236213435589,31232,0.03272443037152371,773.7010836478753,0.1485071290302526,141556.95604529403,0.07792207792207792,0.96,0.4017857142857143,0.99,0.6047077922077922,0.745,0.7621753246753247,0.1878,E2
E2_training_cost_sweep,decision_tree__weighted__R5000__split42__model456,decision_tree,weighted,class_weighting,E,algorithm+decision,no_origin_balance,test,stratified,42,456,False,5000.0,773.7010836478753,False,class_weight[1],True,ner_optimal,val,0.001290797995614565,0.0012908741900602688,0.0012908714849422776,5749,4448085,1232,953160,1232,953162,4453834,35.65649259999918,b2e6f6243676544cb68b25aac83ba18d5eb139e5,True,3.14.4,1.8.0,3.4.0,2026-08-28T10:20:37+00:00,0.6543382622000495,0.9808138327291878,0.15132160341329373,0.8980960249900818,1088,30144,144,923018,0.03483606557377049,0.8831168831168831,0.06702809265648102,0.17184236213435589,31232,0.03272443037152371,773.7010836478753,0.1485071290302526,141556.95604529403,0.07792207792207792,0.96,0.4017857142857143,0.99,0.6047077922077922,0.745,0.7621753246753247,0.1878,E2
E2_training_cost_sweep,decision_tree__weighted__R5000__split42__model789,decision_tree,weighted,class_weighting,E,algorithm+decision,no_origin_balance,test,stratified,42,789,False,5000.0,773.7010836478753,False,class_weight[1],True,ner_optimal,val,0.001290797995614565,0.0012908741900602688,0.0012908714849422776,5749,4448085,1232,953160,1232,953162,4453834,35.88094309999724,b2e6f6243676544cb68b25aac83ba18d5eb139e5,True,3.14.4,1.8.0,3.4.0,2026-08-28T10:21:16+00:00,0.6543382622000495,0.9808138327291878,0.15132160341329373,0.8980960249900818,1088,30144,144,923018,0.03483606557377049,0.8831168831168831,0.06702809265648102,0.17184236213435589,31232,0.03272443037152371,773.7010836478753,0.1485071290302526,141556.95604529403,0.07792207792207792,0.96,0.4017857142857143,0.99,0.6047077922077922,0.745,0.7621753246753247,0.1878,E2
E2_training_cost_sweep,decision_tree__weighted__R5000__split456__model123,decision_tree,weighted,class_weighting,E,algorithm+decision,no_origin_balance,test,stratified,456,123,False,5000.0,773.7010836478753,False,class_weight[1],True,ner_optimal,val,0.001290797995614565,0.0012908741900602688,0.0012908714849422776,5749,4448085,1232,953160,1232,953162,4453834,33.10523990000365,b2e6f6243676544cb68b25aac83ba18d5eb139e5,True,3.14.4,1.8.0,3.4.0,2026-08-28T16:32:06+00:00,0.6654224062119979,0.9822269062539538,0.15454836772700495,0.9323430061340332,1097,26699,135,926463,0.039466110231688015,0.890422077922078,0.0755821964999311,0.1841476668031376,27796,0.029124240093713918,773.7010836478753,0.13758779138247276,131148.64629246315,0.07954545454545454,0.98,0.40016233766233766,0.986,0.6112012987012987,0.753,0.799512987012987,0.197,E2
E2_training_cost_sweep,decision_tree__weighted__R5000__split456__model42,decision_tree,weighted,class_weighting,E,algorithm+decision,no_origin_balance,test,stratified,456,42,False,5000.0,773.7010836478753,False,class_weight[1],True,ner_optimal,val,0.001290797995614565,0.0012908741900602688,0.0012908714849422776,5749,4448085,1232,953160,1232,953162,4453834,33.70918909998727,b2e6f6243676544cb68b25aac83ba18d5eb139e5,True,3.14.4,1.8.0,3.4.0,2026-08-28T16:31:29+00:00,0.6654224062119979,0.9822269062539538,0.15454836772700495,0.9323430061340332,1097,26699,135,926463,0.039466110231688015,0.890422077922078,0.0755821964999311,0.1841476668031376,27796,0.029124240093713918,773.7010836478753,0.13758779138247276,131148.64629246315,0.07954545454545454,0.98,0.40016233766233766,0.986,0.6112012987012987,0.753,0.799512987012987,0.197,E2
E2_training_cost_sweep,decision_tree__weighted__R5000__split456__model456,decision_tree,weighted,class_weighting,E,algorithm+decision,no_origin_balance,test,stratified,456,456,False,5000.0,773.7010836478753,False,class_weight[1],True,ner_optimal,val,0.001290797995614565,0.0012908741900602688,0.0012908714849422776,5749,4448085,1232,953160,1232,953162,4453834,31.615879799996037,b2e6f6243676544cb68b25aac83ba18d5eb139e5,True,3.14.4,1.8.0,3.4.0,2026-08-28T16:32:41+00:00,0.6654224062119979,0.9822269062539538,0.15454836772700495,0.9323430061340332,1097,26699,135,926463,0.039466110231688015,0.890422077922078,0.0755821964999311,0.1841476668031376,27796,0.029124240093713918,773.7010836478753,0.13758779138247276,131148.64629246315,0.07954545454545454,0.98,0.40016233766233766,0.986,0.6112012987012987,0.753,0.799512987012987,0.197,E2
E2_training_cost_sweep,decision_tree__weighted__R5000__split456__model789,decision_tree,weighted,class_weighting,E,algorithm+decision,no_origin_balance,test,stratified,456,789,False,5000.0,773.7010836478753,False,class_weight[1],True,ner_optimal,val,0.001290797995614565,0.0012908741900602688,0.0012908714849422776,5749,4448085,1232,953160,1232,953162,4453834,34.53942359999928,b2e6f6243676544cb68b25aac83ba18d5eb139e5,True,3.14.4,1.8.0,3.4.0,2026-08-28T16:33:19+00:00,0.6654224062119979,0.9822269062539538,0.15454836772700495,0.9323430061340332,1097,26699,135,926463,0.039466110231688015,0.890422077922078,0.0755821964999311,0.1841476668031376,27796,0.029124240093713918,773.7010836478753,0.13758779138247276,131148.64629246315,0.07954545454545454,0.98,0.40016233766233766,0.986,0.6112012987012987,0.753,0.799512987012987,0.197,E2
E2_training_cost_sweep,decision_tree__weighted__R5000__split789__model123,decision_tree,weighted,class_weighting,E,algorithm+decision,no_origin_balance,test,stratified,789,123,False,5000.0,773.7010836478753,False,class_weight[1],True,ner_optimal,val,0.001290797995614565,0.0012908741900602688,0.0012908714849422776,5749,4448085,1232,953160,1232,953162,4453834,35.30465439999534,b2e6f6243676544cb68b25aac83ba18d5eb139e5,True,3.14.4,1.8.0,3.4.0,2026-08-28T18:45:27+00:00,0.6760174271109463,0.9819916094481369,0.1563666467673094,0.9204844832420349,1117,27478,115,925684,0.03906277321210002,0.9066558441558441,0.07489858182183927,0.18488195906006558,28595,0.029961420545393202,773.7010836478753,0.12217127254329975,116453.62461950563,0.07954545454545454,0.98,0.400974025974026,0.988,0.614448051948052,0.757,0.7954545454545454,0.196,E2
E2_training_cost_sweep,decision_tree__weighted__R5000__split789__model42,decision_tree,weighted,class_weighting,E,algorithm+decision,no_origin_balance,test,stratified,789,42,False,5000.0,773.7010836478753,False,class_weight[1],True,ner_optimal,val,0.001290797995614565,0.0012908741900602688,0.0012908714849422776,5749,4448085,1232,953160,1232,953162,4453834,35.636419600006775,b2e6f6243676544cb68b25aac83ba18d5eb139e5,True,3.14.4,1.8.0,3.4.0,2026-08-28T18:44:48+00:00,0.6760174271109463,0.9819916094481369,0.1563666467673094,0.9204844832420349,1117,27478,115,925684,0.03906277321210002,0.9066558441558441,0.07489858182183927,0.18488195906006558,28595,0.029961420545393202,773.7010836478753,0.12217127254329975,116453.62461950563,0.07954545454545454,0.98,0.400974025974026,0.988,0.614448051948052,0.757,0.7954545454545454,0.196,E2
E2_training_cost_sweep,decision_tree__weighted__R5000__split789__model456,decision_tree,weighted,class_weighting,E,algorithm+decision,no_origin_balance,test,stratified,789,456,False,5000.0,773.7010836478753,False,class_weight[1],True,ner_optimal,val,0.001290797995614565,0.0012908741900602688,0.0012908714849422776,5749,4448085,1232,953160,1232,953162,4453834,40.74800310000137,b2e6f6243676544cb68b25aac83ba18d5eb139e5,True,3.14.4,1.8.0,3.4.0,2026-08-28T18:46:11+00:00,0.6760174271109463,0.9819916094481369,0.1563666467673094,0.9204844832420349,1117,27478,115,925684,0.03906277321210002,0.9066558441558441,0.07489858182183927,0.18488195906006558,28595,0.029961420545393202,773.7010836478753,0.12217127254329975,116453.62461950563,0.07954545454545454,0.98,0.400974025974026,0.988,0.614448051948052,0.757,0.7954545454545454,0.196,E2
E2_training_cost_sweep,decision_tree__weighted__R5000__split789__model789,decision_tree,weighted,class_weighting,E,algorithm+decision,no_origin_balance,test,stratified,789,789,False,5000.0,773.7010836478753,False,class_weight[1],True,ner_optimal,val,0.001290797995614565,0.0012908741900602688,0.0012908714849422776,5749,4448085,1232,953160,1232,953162,4453834,37.133262199989986,b2e6f6243676544cb68b25aac83ba18d5eb139e5,True,3.14.4,1.8.0,3.4.0,2026-08-28T18:46:51+00:00,0.6760174271109463,0.9819916094481369,0.1563666467673094,0.9204844832420349,1117,27478,115,925684,0.03906277321210002,0.9066558441558441,0.07489858182183927,0.18488195906006558,28595,0.029961420545393202,773.7010836478753,0.12217127254329975,116453.62461950563,0.07954545454545454,0.98,0.400974025974026,0.988,0.614448051948052,0.757,0.7954545454545454,0.196,E2
E2_training_cost_sweep,decision_tree__weighted__R50__split123__model123,decision_tree,weighted,class_weighting,E,algorithm+decision,no_origin_balance,test,stratified,123,123,False,50.0,773.7010836478753,False,class_weight[1],True,ner_optimal,val,0.001290797995614565,0.0012908741900602688,0.0012908714849422776,5749,4448085,1232,953160,1232,953162,4453834,61.5114220000105,b2e6f6243676544cb68b25aac83ba18d5eb139e5,True,3.14.4,1.8.0,3.4.0,2026-08-28T11:08:37+00:00,0.7658809992931647,0.9820301453164623,0.0024523786284447163,0.05528934672474861,1108,25947,124,927215,0.040953613010534094,0.8993506493506493,0.07833987344009616,0.18868015442838354,27055,0.028347831189215356,773.7010836478753,0.12787029820713094,121885.9343723365,0.08116883116883117,1.0,0.4042207792207792,0.996,0.7167207792207793,0.883,0.8295454545454546,0.2044,E2
E2_training_cost_sweep,decision_tree__weighted__R50__split123__model42,decision_tree,weighted,class_weighting,E,algorithm+decision,no_origin_balance,test,stratified,123,42,False,50.0,773.7010836478753,False,class_weight[1],True,ner_optimal,val,0.001290797995614565,0.0012908741900602688,0.0012908714849422776,5749,4448085,1232,953160,1232,953162,4453834,60.544286300006206,b2e6f6243676544cb68b25aac83ba18d5eb139e5,True,3.14.4,1.8.0,3.4.0,2026-08-28T11:07:32+00:00,0.7658773447913696,0.9820293840089924,0.002453447687922113,0.05528934672474861,1108,25951,124,927211,0.04094755903765845,0.8993506493506493,0.07832879714396805,0.18866570714199288,27059,0.028352022330400233,773.7010836478753,0.127874494599401,121889.9343723365,0.08035714285714286,0.99,0.4050324675324675,0.998,0.7167207792207793,0.883,0.8295454545454546,0.2044,E2
E2_training_cost_sweep,decision_tree__weighted__R50__split123__model456,decision_tree,weighted,class_weighting,E,algorithm+decision,no_origin_balance,test,stratified,123,456,False,50.0,773.7010836478753,False,class_weight[1],True,ner_optimal,val,0.001290797995614565,0.0012908741900602688,0.0012908714849422776,5749,4448085,1232,953160,1232,953162,4453834,74.7333740999893,b2e6f6243676544cb68b25aac83ba18d5eb139e5,True,3.14.4,1.8.0,3.4.0,2026-08-28T11:09:57+00:00,0.7658773447913696,0.9820293840089924,0.002453447687922113,0.05528934672474861,1108,25951,124,927211,0.04094755903765845,0.8993506493506493,0.07832879714396805,0.18866570714199288,27059,0.028352022330400233,773.7010836478753,0.127874494599401,121889.9343723365,0.08035714285714286,0.99,0.4050324675324675,0.998,0.7167207792207793,0.883,0.8295454545454546,0.2044,E2
E2_training_cost_sweep,decision_tree__weighted__R50__split123__model789,decision_tree,weighted,class_weighting,E,algorithm+decision,no_origin_balance,test,stratified,123,789,False,50.0,773.7010836478753,False,class_weight[1],True,ner_optimal,val,0.001290797995614565,0.0012908741900602688,0.0012908714849422776,5749,4448085,1232,953160,1232,953162,4453834,64.29789859999437,b2e6f6243676544cb68b25aac83ba18d5eb139e5,True,3.14.4,1.8.0,3.4.0,2026-08-28T11:11:08+00:00,0.7658666416375838,0.9820293797511207,0.0024534476893748706,0.05528934672474861,1108,25951,124,927211,0.04094755903765845,0.8993506493506493,0.07832879714396805,0.18866570714199288,27059,0.028352022330400233,773.7010836478753,0.127874494599401,121889.9343723365,0.08116883116883117,1.0,0.4050324675324675,0.998,0.7175324675324676,0.884,0.8295454545454546,0.2044,E2
E2_training_cost_sweep,decision_tree__weighted__R50__split42__model123,decision_tree,weighted,class_weighting,E,algorithm+decision,no_origin_balance,test,stratified,42,123,False,50.0,773.7010836478753,False,class_weight[1],True,ner_optimal,val,0.001290797995614565,0.0012908741900602688,0.0012908714849422776,5749,4448085,1232,953160,1232,953162,4453834,44.37378239999816,b2e6f6243676544cb68b25aac83ba18d5eb139e5,True,3.14.4,1.8.0,3.4.0,2026-08-28T09:17:10+00:00,0.7431704780619489,0.9820560310478015,0.0024038291448162494,0.07832268625497818,1095,27893,137,925269,0.03777425141437837,0.8887987012987013,0.07246856386499008,0.17983616108971967,28988,0.030373200166807418,773.7010836478753,0.14046379109846088,133890.04845975892,0.08116883116883117,1.0,0.40584415584415584,1.0,0.6753246753246753,0.832,0.8051948051948052,0.1984,E2
E2_training_cost_sweep,decision_tree__weighted__R50__split42__model42,decision_tree,weighted,class_weighting,E,algorithm+decision,no_origin_balance,test,stratified,42,42,False,50.0,773.7010836478753,False,class_weight[1],True,ner_optimal,val,0.001290797995614565,0.0012908741900602688,0.0012908714849422776,5749,4448085,1232,953160,1232,953162,4453834,44.58300529999542,b2e6f6243676544cb68b25aac83ba18d5eb139e5,True,3.14.4,1.8.0,3.4.0,2026-08-28T09:16:22+00:00,0.7431342310313236,0.9820558718033978,0.0024052784639794606,0.07832268625497818,1095,27893,137,925269,0.03777425141437837,0.8887987012987013,0.07246856386499008,0.17983616108971967,28988,0.030373200166807418,773.7010836478753,0.14046379109846088,133890.04845975892,0.08116883116883117,1.0,0.40584415584415584,1.0,0.672077922077922,0.828,0.8051948051948052,0.1984,E2
E2_training_cost_sweep,decision_tree__weighted__R50__split42__model456,decision_tree,weighted,class_weighting,E,algorithm+decision,no_origin_balance,test,stratified,42,456,False,50.0,773.7010836478753,False,class_weight[1],True,ner_optimal,val,0.001290797995614565,0.0012908741900602688,0.0012908714849422776,5749,4448085,1232,953160,1232,953162,4453834,42.07682599998952,b2e6f6243676544cb68b25aac83ba18d5eb139e5,True,3.14.4,1.8.0,3.4.0,2026-08-28T09:17:54+00:00,0.7431274559046234,0.982055727035758,0.0024069078911019173,0.07832268625497818,1095,27893,137,925269,0.03777425141437837,0.8887987012987013,0.07246856386499008,0.17983616108971967,28988,0.030373200166807418,773.7010836478753,0.14046379109846088,133890.04845975892,0.08116883116883117,1.0,0.40584415584415584,1.0,0.6737012987012987,0.83,0.8051948051948052,0.1984,E2
E2_training_cost_sweep,decision_tree__weighted__R50__split42__model789,decision_tree,weighted,class_weighting,E,algorithm+decision,no_origin_balance,test,stratified,42,789,False,50.0,773.7010836478753,False,class_weight[1],True,ner_optimal,val,0.001290797995614565,0.0012908741900602688,0.0012908714849422776,5749,4448085,1232,953160,1232,953162,4453834,41.45920900000783,b2e6f6243676544cb68b25aac83ba18d5eb139e5,True,3.14.4,1.8.0,3.4.0,2026-08-28T09:18:39+00:00,0.7431520089384971,0.9820559007569257,0.002405148607510107,0.07832268625497818,1095,27893,137,925269,0.03777425141437837,0.8887987012987013,0.07246856386499008,0.17983616108971967,28988,0.030373200166807418,773.7010836478753,0.14046379109846088,133890.04845975892,0.08116883116883117,1.0,0.40584415584415584,1.0,0.674512987012987,0.831,0.8051948051948052,0.1984,E2
E2_training_cost_sweep,decision_tree__weighted__R50__split456__model123,decision_tree,weighted,class_weighting,E,algorithm+decision,no_origin_balance,test,stratified,456,123,False,50.0,773.7010836478753,False,class_weight[1],True,ner_optimal,val,0.001290797995614565,0.0012908741900602688,0.0012908714849422776,5749,4448085,1232,953160,1232,953162,4453834,75.95254669999122,b2e6f6243676544cb68b25aac83ba18d5eb139e5,True,3.14.4,1.8.0,3.4.0,2026-08-28T15:12:12+00:00,0.7632125895511737,0.981196109564864,0.00226978376263692,0.11261261254549026,1086,22761,146,930401,0.045540319537048686,0.8814935064935064,0.0866063240161091,0.19728522596261208,23847,0.02498653595894358,773.7010836478753,0.1423850146211749,135721.35821258978,0.08116883116883117,1.0,0.4042207792207792,0.996,0.7077922077922078,0.872,0.8238636363636364,0.203,E2
E2_training_cost_sweep,decision_tree__weighted__R50__split456__model42,decision_tree,weighted,class_weighting,E,algorithm+decision,no_origin_balance,test,stratified,456,42,False,50.0,773.7010836478753,False,class_weight[1],True,ner_optimal,val,0.001290797995614565,0.0012908741900602688,0.0012908714849422776,5749,4448085,1232,953160,1232,953162,4453834,72.27428749999672,b2e6f6243676544cb68b25aac83ba18d5eb139e5,True,3.14.4,1.8.0,3.4.0,2026-08-28T15:10:51+00:00,0.7632125895511737,0.981196109564864,0.00226978376263692,0.11261261254549026,1086,22761,146,930401,0.045540319537048686,0.8814935064935064,0.0866063240161091,0.19728522596261208,23847,0.02498653595894358,773.7010836478753,0.1423850146211749,135721.35821258978,0.08116883116883117,1.0,0.4042207792207792,0.996,0.7077922077922078,0.872,0.8238636363636364,0.203,E2
E2_training_cost_sweep,decision_tree__weighted__R50__split456__model456,decision_tree,weighted,class_weighting,E,algorithm+decision,no_origin_balance,test,stratified,456,456,False,50.0,773.7010836478753,False,class_weight[1],True,ner_optimal,val,0.001290797995614565,0.0012908741900602688,0.0012908714849422776,5749,4448085,1232,953160,1232,953162,4453834,84.43864749999193,b2e6f6243676544cb68b25aac83ba18d5eb139e5,True,3.14.4,1.8.0,3.4.0,2026-08-28T15:13:41+00:00,0.7631632749024297,0.9811960031180701,0.0022704457704582617,0.11261261254549026,1086,22761,146,930401,0.045540319537048686,0.8814935064935064,0.0866063240161091,0.19728522596261208,23847,0.02498653595894358,773.7010836478753,0.1423850146211749,135721.35821258978,0.08116883116883117,1.0,0.4042207792207792,0.996,0.7077922077922078,0.872,0.8238636363636364,0.203,E2
E2_training_cost_sweep,decision_tree__weighted__R50__split456__model789,decision_tree,weighted,class_weighting,E,algorithm+decision,no_origin_balance,test,stratified,456,789,False,50.0,773.7010836478753,False,class_weight[1],True,ner_optimal,val,0.001290797995614565,0.0012908741900602688,0.0012908714849422776,5749,4448085,1232,953160,1232,953162,4453834,83.84370260000287,b2e6f6243676544cb68b25aac83ba18d5eb139e5,True,3.14.4,1.8.0,3.4.0,2026-08-28T15:15:10+00:00,0.7627370621633532,0.9811954223443626,0.0022714926699853423,0.11261261254549026,1086,22762,146,930400,0.04553840992955384,0.8814935064935064,0.08660287081339713,0.19728095427784723,23848,0.0249875837442398,773.7010836478753,0.1423860637192424,135722.35821258978,0.08116883116883117,1.0,0.4050324675324675,0.998,0.7077922077922078,0.872,0.8238636363636364,0.203,E2
E2_training_cost_sweep,decision_tree__weighted__R50__split789__model123,decision_tree,weighted,class_weighting,E,algorithm+decision,no_origin_balance,test,stratified,789,123,False,50.0,773.7010836478753,False,class_weight[1],True,ner_optimal,val,0.001290797995614565,0.0012908741900602688,0.0012908714849422776,5749,4448085,1232,953160,1232,953162,4453834,69.03618799999822,b2e6f6243676544cb68b25aac83ba18d5eb139e5,True,3.14.4,1.8.0,3.4.0,2026-08-28T17:18:12+00:00,0.7690009713736565,0.9812065847809575,0.002419638676646637,0.07779695838689804,1134,36019,98,917143,0.030522434258337148,0.9204545454545454,0.05908558030480657,0.16384992046933558,37153,0.038928367110438664,773.7010836478753,0.11733291783923375,111841.70619749176,0.08116883116883117,1.0,0.4042207792207792,0.996,0.7167207792207793,0.883,0.8327922077922078,0.2052,E2
E2_training_cost_sweep,decision_tree__weighted__R50__split789__model42,decision_tree,weighted,class_weighting,E,algorithm+decision,no_origin_balance,test,stratified,789,42,False,50.0,773.7010836478753,False,class_weight[1],True,ner_optimal,val,0.001290797995614565,0.0012908741900602688,0.0012908714849422776,5749,4448085,1232,953160,1232,953162,4453834,52.804734500008635,b2e6f6243676544cb68b25aac83ba18d5eb139e5,True,3.14.4,1.8.0,3.4.0,2026-08-28T17:17:00+00:00,0.7687806658088926,0.9806572341670323,0.0024203922785293683,0.07779695838689804,1133,36023,99,917139,0.03049305630315427,0.9196428571428571,0.05902886318641242,0.16369212610445844,37156,0.038931510466327326,773.7010836478753,0.11814880254319211,112619.40728113963,0.08116883116883117,1.0,0.4050324675324675,0.998,0.7159090909090909,0.882,0.8319805194805194,0.205,E2
E2_training_cost_sweep,decision_tree__weighted__R50__split789__model456,decision_tree,weighted,class_weighting,E,algorithm+decision,no_origin_balance,test,stratified,789,456,False,50.0,773.7010836478753,False,class_weight[1],True,ner_optimal,val,0.001290797995614565,0.0012908741900602688,0.0012908714849422776,5749,4448085,1232,953160,1232,953162,4453834,55.642046399996616,b2e6f6243676544cb68b25aac83ba18d5eb139e5,True,3.14.4,1.8.0,3.4.0,2026-08-28T17:19:11+00:00,0.7690441756954115,0.981206770424166,0.002418532114986969,0.07779695838689804,1134,36019,98,917143,0.030522434258337148,0.9204545454545454,0.05908558030480657,0.16384992046933558,37153,0.038928367110438664,773.7010836478753,0.11733291783923375,111841.70619749176,0.08116883116883117,1.0,0.4042207792207792,0.996,0.7159090909090909,0.882,0.8327922077922078,0.2052,E2
E2_training_cost_sweep,decision_tree__weighted__R50__split789__model789,decision_tree,weighted,class_weighting,E,algorithm+decision,no_origin_balance,test,stratified,789,789,False,50.0,773.7010836478753,False,class_weight[1],True,ner_optimal,val,0.001290797995614565,0.0012908741900602688,0.0012908714849422776,5749,4448085,1232,953160,1232,953162,4453834,64.09756549999292,b2e6f6243676544cb68b25aac83ba18d5eb139e5,True,3.14.4,1.8.0,3.4.0,2026-08-28T17:20:19+00:00,0.7690403602858986,0.9812062019982867,0.002419333909595017,0.07779695838689804,1134,36022,98,917140,0.030519969856819894,0.9204545454545454,0.05908096280087528,0.16384298936513492,37156,0.038931510466327326,773.7010836478753,0.1173360651334363,111844.70619749176,0.08116883116883117,1.0,0.4042207792207792,0.996,0.7167207792207793,0.883,0.8327922077922078,0.2052,E2
E2_training_cost_sweep,logistic_regression__weighted__R100__split123__model42,logistic_regression,weighted,class_weighting,E,algorithm+decision,no_origin_balance,test,stratified,123,42,True,100.0,773.7010836478753,False,class_weight[1],True,ner_optimal,val,0.001290797995614565,0.0012908741900602688,0.0012908714849422776,5749,4448085,1232,953160,1232,953162,4453834,25.587453899992397,b2e6f6243676544cb68b25aac83ba18d5eb139e5,True,3.14.4,1.8.0,3.4.0,2026-08-28T11:38:40+00:00,0.32634926475291043,0.9685240228238822,0.009203178669674744,0.17930155992507935,1046,49561,186,903601,0.020669077400359635,0.849025974025974,0.04035571673836301,0.127709970443698,50607,0.05302527048577422,773.7010836478753,0.20296837529807693,193469.4015585048,0.07873376623376624,0.97,0.2012987012987013,0.496,0.26461038961038963,0.326,0.7159090909090909,0.1764,E2
E2_training_cost_sweep,logistic_regression__weighted__R100__split42__model42,logistic_regression,weighted,class_weighting,E,algorithm+decision,no_origin_balance,test,stratified,42,42,True,100.0,773.7010836478753,False,class_weight[1],True,ner_optimal,val,0.001290797995614565,0.0012908741900602688,0.0012908714849422776,5749,4448085,1232,953160,1232,953162,4453834,11.34007869999914,b2e6f6243676544cb68b25aac83ba18d5eb139e5,True,3.14.4,1.8.0,3.4.0,2026-08-28T09:36:35+00:00,0.29660007740266064,0.9625562012672952,0.009156222959253045,0.17244887351989746,1024,52447,208,900715,0.01915056759738924,0.8311688311688312,0.03743853170758459,0.12117927991874668,53471,0.056026127574146524,773.7010836478753,0.22385321517806459,213376.82539875802,0.07873376623376624,0.97,0.19480519480519481,0.48,0.2508116883116883,0.309,0.6826298701298701,0.1682,E2
E2_training_cost_sweep,logistic_regression__weighted__R100__split456__model42,logistic_regression,weighted,class_weighting,E,algorithm+decision,no_origin_balance,test,stratified,456,42,True,100.0,773.7010836478753,False,class_weight[1],True,ner_optimal,val,0.001290797995614565,0.0012908741900602688,0.0012908714849422776,5749,4448085,1232,953160,1232,953162,4453834,20.202327899998636,b2e6f6243676544cb68b25aac83ba18d5eb139e5,True,3.14.4,1.8.0,3.4.0,2026-08-28T15:39:17+00:00,0.333228104201823,0.9679620276082039,0.008903049450373634,0.1439722180366516,1071,69533,161,883629,0.01516911223160161,0.8693181818181818,0.02981791859234924,0.10924800500626532,70604,0.07397783305427318,773.7010836478753,0.20362875411025458,194098.8744673079,0.07873376623376624,0.97,0.2150974025974026,0.53,0.273538961038961,0.337,0.6931818181818182,0.1708,E2
E2_training_cost_sweep,logistic_regression__weighted__R100__split789__model42,logistic_regression,weighted,class_weighting,E,algorithm+decision,no_origin_balance,test,stratified,789,42,True,100.0,773.7010836478753,False,class_weight[1],True,ner_optimal,val,0.001290797995614565,0.0012908741900602688,0.0012908714849422776,5749,4448085,1232,953160,1232,953162,4453834,39.155371300003026,b2e6f6243676544cb68b25aac83ba18d5eb139e5,True,3.14.4,1.8.0,3.4.0,2026-08-28T17:45:58+00:00,0.33278137306513367,0.9692666348305028,0.009131102930559349,0.1541924625635147,1068,63541,164,889621,0.01653020477023325,0.8668831168831169,0.03244179158882763,0.11436915786630066,64609,0.067696360203438,773.7010836478753,0.19977762342477687,190427.97771825152,0.07873376623376624,0.97,0.21347402597402598,0.526,0.26866883116883117,0.331,0.702922077922078,0.1732,E2
E2_training_cost_sweep,logistic_regression__weighted__R10__split123__model42,logistic_regression,weighted,class_weighting,E,algorithm+decision,no_origin_balance,test,stratified,123,42,True,10.0,773.7010836478753,False,class_weight[1],True,ner_optimal,val,0.001290797995614565,0.0012908741900602688,0.0012908714849422776,5749,4448085,1232,953160,1232,953162,4453834,13.030535300000338,b2e6f6243676544cb68b25aac83ba18d5eb139e5,True,3.14.4,1.8.0,3.4.0,2026-08-28T10:41:05+00:00,0.500874642131849,0.9658814479540783,0.0015129725405158897,0.015666285529732704,1074,76025,158,877137,0.013930141765781657,0.8717532467532467,0.02742209342405944,0.10435482473515534,77099,0.08078319855321807,773.7010836478753,0.2080044338294892,198269.7712163643,0.08116883116883117,1.0,0.3392857142857143,0.836,0.46266233766233766,0.57,0.6826298701298701,0.1682,E2
E2_training_cost_sweep,logistic_regression__weighted__R10__split42__model42,logistic_regression,weighted,class_weighting,E,algorithm+decision,no_origin_balance,test,stratified,42,42,True,10.0,773.7010836478753,False,class_weight[1],True,ner_optimal,val,0.001290797995614565,0.0012908741900602688,0.0012908714849422776,5749,4448085,1232,953160,1232,953162,4453834,11.232378400003654,b2e6f6243676544cb68b25aac83ba18d5eb139e5,True,3.14.4,1.8.0,3.4.0,2026-08-28T08:53:48+00:00,0.4662324357570748,0.9598839899069228,0.0015472611057718339,0.024630961939692497,989,44767,243,908395,0.021614651630387272,0.8027597402597403,0.0420958542606623,0.12701998371688614,45756,0.047942464013814,773.7010836478753,0.24420523292864954,232776.36332643364,0.08116883116883117,1.0,0.3157467532467532,0.778,0.4407467532467532,0.543,0.6469155844155844,0.1594,E2
E2_training_cost_sweep,logistic_regression__weighted__R10__split456__model42,logistic_regression,weighted,class_weighting,E,algorithm+decision,no_origin_balance,test,stratified,456,42,True,10.0,773.7010836478753,False,class_weight[1],True,ner_optimal,val,0.001290797995614565,0.0012908741900602688,0.0012908714849422776,5749,4448085,1232,953160,1232,953162,4453834,20.788417000003392,b2e6f6243676544cb68b25aac83ba18d5eb139e5,True,3.14.4,1.8.0,3.4.0,2026-08-28T14:38:12+00:00,0.49236189059731383,0.9650450260911481,0.0014921942808488566,0.014286631718277931,1075,80493,157,872669,0.01317918791683013,0.872564935064935,0.025966183574879228,0.10121745477792667,81568,0.08546575104202248,773.7010836478753,0.21188011568345244,201964.07013271638,0.08116883116883117,1.0,0.3449675324675325,0.85,0.450487012987013,0.555,0.6558441558441559,0.1616,E2
E2_training_cost_sweep,logistic_regression__weighted__R10__split789__model42,logistic_regression,weighted,class_weighting,E,algorithm+decision,no_origin_balance,test,stratified,789,42,True,10.0,773.7010836478753,False,class_weight[1],True,ner_optimal,val,0.001290797995614565,0.0012908741900602688,0.0012908714849422776,5749,4448085,1232,953160,1232,953162,4453834,16.90693939999619,b2e6f6243676544cb68b25aac83ba18d5eb139e5,True,3.14.4,1.8.0,3.4.0,2026-08-28T16:52:11+00:00,0.5022368980361961,0.9659198854655661,0.0014713669267223614,0.015539290383458138,1075,76710,157,876452,0.013820145272224723,0.872564935064935,0.027209334700127822,0.10394649538670549,77785,0.08150197926642457,773.7010836478753,0.20791137769404777,198181.07013271638,0.08116883116883117,1.0,0.336038961038961,0.828,0.4602272727272727,0.567,0.674512987012987,0.1662,E2
E2_training_cost_sweep,logistic_regression__weighted__R2000__split123__model42,logistic_regression,weighted,class_weighting,E,algorithm+decision,no_origin_balance,test,stratified,123,42,True,2000.0,773.7010836478753,False,class_weight[1],True,ner_optimal,val,0.001290797995614565,0.0012908741900602688,0.0012908714849422776,5749,4448085,1232,953160,1232,953162,4453834,20.719826400003512,b2e6f6243676544cb68b25aac83ba18d5eb139e5,True,3.14.4,1.8.0,3.4.0,2026-08-28T12:28:14+00:00,0.14925366058650258,0.9717062139612032,0.13629454122564907,0.7484116554260254,1076,63292,156,889870,0.01671638081034054,0.8733766233766234,0.03280487804878049,0.11553462523416237,64368,0.06744384394704912,773.7010836478753,0.19302289151245947,183989.36904906854,0.022727272727272728,0.28,0.11038961038961038,0.272,0.1891233766233766,0.233,0.6939935064935064,0.171,E2
E2_training_cost_sweep,logistic_regression__weighted__R2000__split42__model42,logistic_regression,weighted,class_weighting,E,algorithm+decision,no_origin_balance,test,stratified,42,42,True,2000.0,773.7010836478753,False,class_weight[1],True,ner_optimal,val,0.001290797995614565,0.0012908741900602688,0.0012908714849422776,5749,4448085,1232,953160,1232,953162,4453834,16.255701299989596,b2e6f6243676544cb68b25aac83ba18d5eb139e5,True,3.14.4,1.8.0,3.4.0,2026-08-28T09:57:13+00:00,0.1278182720053408,0.9666050370670558,0.1336144711841462,0.7744861841201782,1047,49324,185,903838,0.020785769589644836,0.8498376623376623,0.040579036102552174,0.12816236195804762,50371,0.05277799315586645,773.7010836478753,0.20190805074438783,192458.7004748569,0.012175324675324676,0.15,0.10227272727272728,0.252,0.15016233766233766,0.185,0.6704545454545454,0.1652,E2
E2_training_cost_sweep,logistic_regression__weighted__R2000__split456__model42,logistic_regression,weighted,class_weighting,E,algorithm+decision,no_origin_balance,test,stratified,456,42,True,2000.0,773.7010836478753,False,class_weight[1],True,ner_optimal,val,0.001290797995614565,0.0012908741900602688,0.0012908714849422776,5749,4448085,1232,953160,1232,953162,4453834,16.932164300000295,b2e6f6243676544cb68b25aac83ba18d5eb139e5,True,3.14.4,1.8.0,3.4.0,2026-08-28T16:07:44+00:00,0.1444996394435621,0.9707419988901194,0.1365745449440883,0.720149040222168,1111,77587,121,875575,0.014117258380136725,0.9017857142857143,0.02779932440885775,0.10708989362225947,78698,0.08245860724187286,773.7010836478753,0.17961065747847818,171204.8311213929,0.021103896103896104,0.26,0.10714285714285714,0.264,0.1858766233766234,0.229,0.6785714285714286,0.1672,E2
E2_training_cost_sweep,logistic_regression__weighted__R2000__split789__model42,logistic_regression,weighted,class_weighting,E,algorithm+decision,no_origin_balance,test,stratified,789,42,True,2000.0,773.7010836478753,False,class_weight[1],True,ner_optimal,val,0.001290797995614565,0.0012908741900602688,0.0012908714849422776,5749,4448085,1232,953160,1232,953162,4453834,25.619891099995584,b2e6f6243676544cb68b25aac83ba18d5eb139e5,True,3.14.4,1.8.0,3.4.0,2026-08-28T18:18:10+00:00,0.1326936314320793,0.9712832403872856,0.13772571061395245,0.726213812828064,1103,76950,129,876212,0.014131423519915955,0.8952922077922078,0.02782367408715394,0.10672862545784757,78053,0.08178278572581135,773.7010836478753,0.1854358885029784,176757.4397905759,0.012987012987012988,0.16,0.09496753246753246,0.234,0.1590909090909091,0.196,0.6777597402597403,0.167,E2
E2_training_cost_sweep,logistic_regression__weighted__R5000__split123__model42,logistic_regression,weighted,class_weighting,E,algorithm+decision,no_origin_balance,test,stratified,123,42,True,5000.0,773.7010836478753,False,class_weight[1],True,ner_optimal,val,0.001290797995614565,0.0012908741900602688,0.0012908714849422776,5749,4448085,1232,953160,1232,953162,4453834,17.133072800002992,b2e6f6243676544cb68b25aac83ba18d5eb139e5,True,3.14.4,1.8.0,3.4.0,2026-08-28T12:50:57+00:00,0.1420526144320548,0.9716642045210996,0.2206832326762365,0.8761528730392456,1084,65689,148,887473,0.01623410659997304,0.8798701298701299,0.03188000882288067,0.11414851771827494,66773,0.06996376758445673,773.7010836478753,0.1890440730867835,180196.76037988553,0.027597402597402596,0.34,0.09659090909090909,0.238,0.18019480519480519,0.222,0.685064935064935,0.1688,E2
E2_training_cost_sweep,logistic_regression__weighted__R5000__split42__model42,logistic_regression,weighted,class_weighting,E,algorithm+decision,no_origin_balance,test,stratified,42,42,True,5000.0,773.7010836478753,False,class_weight[1],True,ner_optimal,val,0.001290797995614565,0.0012908741900602688,0.0012908714849422776,5749,4448085,1232,953160,1232,953162,4453834,20.45863969999482,b2e6f6243676544cb68b25aac83ba18d5eb139e5,True,3.14.4,1.8.0,3.4.0,2026-08-28T10:18:42+00:00,0.11801465909657051,0.9667969061356873,0.21713493759905247,0.8843955993652344,1058,56766,174,896396,0.018296900940785833,0.8587662337662337,0.03583039826605256,0.12028289644925654,57824,0.06058713696858949,773.7010836478753,0.20078686713425403,191389.98855473025,0.017857142857142856,0.22,0.08522727272727272,0.21,0.13230519480519481,0.163,0.663961038961039,0.1636,E2
E2_training_cost_sweep,logistic_regression__weighted__R5000__split456__model42,logistic_regression,weighted,class_weighting,E,algorithm+decision,no_origin_balance,test,stratified,456,42,True,5000.0,773.7010836478753,False,class_weight[1],True,ner_optimal,val,0.001290797995614565,0.0012908741900602688,0.0012908714849422776,5749,4448085,1232,953160,1232,953162,4453834,20.292361800005892,b2e6f6243676544cb68b25aac83ba18d5eb139e5,True,3.14.4,1.8.0,3.4.0,2026-08-28T16:30:50+00:00,0.13642937771018668,0.970421084373251,0.22163251186201616,0.8560246229171753,1116,83714,116,869448,0.013155723211128139,0.9058441558441559,0.02593479119704399,0.10321082736336128,84830,0.0888836266782901,773.7010836478753,0.1819800397796936,173463.3257031535,0.018668831168831168,0.23,0.09659090909090909,0.238,0.1728896103896104,0.213,0.6696428571428571,0.165,E2
E2_training_cost_sweep,logistic_regression__weighted__R5000__split789__model42,logistic_regression,weighted,class_weighting,E,algorithm+decision,no_origin_balance,test,stratified,789,42,True,5000.0,773.7010836478753,False,class_weight[1],True,ner_optimal,val,0.001290797995614565,0.0012908741900602688,0.0012908714849422776,5749,4448085,1232,953160,1232,953162,4453834,23.447535100000096,b2e6f6243676544cb68b25aac83ba18d5eb139e5,True,3.14.4,1.8.0,3.4.0,2026-08-28T18:44:09+00:00,0.12242942278381762,0.9705574567672053,0.22218756591134525,0.8473031520843506,1121,95926,111,857236,0.011551104104196935,0.9099025974025974,0.0228126049308601,0.09614106634526809,97047,0.10168441964220228,773.7010836478753,0.19073318382173043,181806.8202849141,0.017045454545454544,0.21,0.08198051948051949,0.202,0.1314935064935065,0.162,0.6672077922077922,0.1644,E2
E2_training_cost_sweep,logistic_regression__weighted__R50__split123__model42,logistic_regression,weighted,class_weighting,E,algorithm+decision,no_origin_balance,test,stratified,123,42,True,50.0,773.7010836478753,False,class_weight[1],True,ner_optimal,val,0.001290797995614565,0.0012908741900602688,0.0012908714849422776,5749,4448085,1232,953160,1232,953162,4453834,25.57141999999294,b2e6f6243676544cb68b25aac83ba18d5eb139e5,True,3.14.4,1.8.0,3.4.0,2026-08-28T11:06:27+00:00,0.3940204120463572,0.9678639343329082,0.005029502471444827,0.07598935812711716,1075,74653,157,878509,0.01419554193957321,0.872564935064935,0.027936590436590438,0.10551209292577729,75728,0.0793466849121013,773.7010836478753,0.20575338296917192,196124.07013271638,0.08116883116883117,1.0,0.2483766233766234,0.612,0.3400974025974026,0.419,0.7094155844155844,0.1748,E2
E2_training_cost_sweep,logistic_regression__weighted__R50__split42__model42,logistic_regression,weighted,class_weighting,E,algorithm+decision,no_origin_balance,test,stratified,42,42,True,50.0,773.7010836478753,False,class_weight[1],True,ner_optimal,val,0.001290797995614565,0.0012908741900602688,0.0012908714849422776,5749,4448085,1232,953160,1232,953162,4453834,13.478189700006624,b2e6f6243676544cb68b25aac83ba18d5eb139e5,True,3.14.4,1.8.0,3.4.0,2026-08-28T09:15:34+00:00,0.36094357569857066,0.9618307493354246,0.005045896984208887,0.08566437661647797,1031,62468,201,890694,0.016236476164978975,0.8368506493506493,0.031854907231465605,0.11112778535930254,63499,0.06653331852463448,773.7010836478753,0.22868440873080212,217981.9178132229,0.08116883116883117,1.0,0.24025974025974026,0.592,0.31655844155844154,0.39,0.672077922077922,0.1656,E2
E2_training_cost_sweep,logistic_regression__weighted__R50__split456__model42,logistic_regression,weighted,class_weighting,E,algorithm+decision,no_origin_balance,test,stratified,456,42,True,50.0,773.7010836478753,False,class_weight[1],True,ner_optimal,val,0.001290797995614565,0.0012908741900602688,0.0012908714849422776,5749,4448085,1232,953160,1232,953162,4453834,19.358696400013287,b2e6f6243676544cb68b25aac83ba18d5eb139e5,True,3.14.4,1.8.0,3.4.0,2026-08-28T15:09:33+00:00,0.396637793668052,0.9671701115755877,0.004881244038723159,0.06546758860349655,1094,88317,138,864845,0.012235630962633233,0.887987012987013,0.024138653839789064,0.09800244223723739,89411,0.09368353112027109,773.7010836478753,0.20466618104160245,195087.74954340677,0.08116883116883117,1.0,0.26542207792207795,0.654,0.338474025974026,0.417,0.6793831168831169,0.1674,E2
E2_training_cost_sweep,logistic_regression__weighted__R50__split789__model42,logistic_regression,weighted,class_weighting,E,algorithm+decision,no_origin_balance,test,stratified,789,42,True,50.0,773.7010836478753,False,class_weight[1],True,ner_optimal,val,0.001290797995614565,0.0012908741900602688,0.0012908714849422776,5749,4448085,1232,953160,1232,953162,4453834,13.381723200000124,b2e6f6243676544cb68b25aac83ba18d5eb139e5,True,3.14.4,1.8.0,3.4.0,2026-08-28T17:16:04+00:00,0.3978695637977518,0.9683759476694072,0.0049698143581569446,0.08272972702980042,1069,66309,163,886853,0.015865712843955,0.8676948051948052,0.031161638245153767,0.11187579997991398,67378,0.07059767768866947,773.7010836478753,0.20186983856396673,192422.27663460365,0.08116883116883117,1.0,0.2621753246753247,0.646,0.33766233766233766,0.416,0.698051948051948,0.172,E2
E2_training_cost_sweep,random_forest__weighted__R100__split123__model123,random_forest,weighted,class_weighting,E,algorithm+decision,no_origin_balance,test,stratified,123,123,False,100.0,773.7010836478753,False,class_weight[1],True,ner_optimal,val,0.001290797995614565,0.0012908741900602688,0.0012908714849422776,5749,4448085,1232,953160,1232,953162,4453834,1513.2522801000014,b2e6f6243676544cb68b25aac83ba18d5eb139e5,True,3.14.4,1.8.0,3.4.0,2026-08-28T12:13:13+00:00,0.8122911599160263,0.987354289071396,0.0011713659607878112,0.06375610083341599,1145,30686,87,922476,0.03597122302158273,0.9293831168831169,0.06926171248827995,0.1794112212315777,31831,0.03335205376395912,773.7010836478753,0.10280950641661127,97997.99427736513,0.08116883116883117,1.0,0.4034090909090909,0.994,0.7443181818181818,0.917,0.8579545454545454,0.2114,E2
E2_training_cost_sweep,random_forest__weighted__R100__split123__model42,random_forest,weighted,class_weighting,E,algorithm+decision,no_origin_balance,test,stratified,123,42,False,100.0,773.7010836478753,False,class_weight[1],True,ner_optimal,val,0.001290797995614565,0.0012908741900602688,0.0012908714849422776,5749,4448085,1232,953160,1232,953162,4453834,210.55293230000825,b2e6f6243676544cb68b25aac83ba18d5eb139e5,True,3.14.4,1.8.0,3.4.0,2026-08-28T11:47:49+00:00,0.8156008914598144,0.9880042970509886,0.0011162063860072047,0.06588899344205856,1140,29074,92,924088,0.03773085324683921,0.9253246753246753,0.07250524709024996,0.18350291477523972,30214,0.03165778493997238,773.7010836478753,0.1051768018902206,100254.4996956045,0.08116883116883117,1.0,0.4050324675324675,0.998,0.7451298701298701,0.918,0.859577922077922,0.2118,E2
E2_training_cost_sweep,random_forest__weighted__R100__split123__model456,random_forest,weighted,class_weighting,E,algorithm+decision,no_origin_balance,test,stratified,123,456,False,100.0,773.7010836478753,False,class_weight[1],True,ner_optimal,val,0.001290797995614565,0.0012908741900602688,0.0012908714849422776,5749,4448085,1232,953160,1232,953162,4453834,178.10057470000174,b2e6f6243676544cb68b25aac83ba18d5eb139e5,True,3.14.4,1.8.0,3.4.0,2026-08-28T12:16:24+00:00,0.8148816391951959,0.9876942601190946,0.0011606642625792134,0.060600586235523224,1144,32187,88,920975,0.034322402568179776,0.9285714285714286,0.06619795735323901,0.17500368543865635,33331,0.03492373170828819,773.7010836478753,0.1051958909276378,100272.69536101301,0.08116883116883117,1.0,0.4042207792207792,0.996,0.7459415584415584,0.919,0.8579545454545454,0.2114,E2
E2_training_cost_sweep,random_forest__weighted__R100__split123__model789,random_forest,weighted,class_weighting,E,algorithm+decision,no_origin_balance,test,stratified,123,789,False,100.0,773.7010836478753,False,class_weight[1],True,ner_optimal,val,0.001290797995614565,0.0012908741900602688,0.0012908714849422776,5749,4448085,1232,953160,1232,953162,4453834,153.40371739999682,b2e6f6243676544cb68b25aac83ba18d5eb139e5,True,3.14.4,1.8.0,3.4.0,2026-08-28T12:19:07+00:00,0.8119842981602092,0.9875370105283474,0.0011537223599979237,0.07200077176094055,1137,26969,95,926193,0.04045399558813065,0.9228896103896104,0.07751039607335197,0.1899952823678535,28106,0.029449053535541926,773.7010836478753,0.105403515393169,100470.60294654813,0.08116883116883117,1.0,0.4025974025974026,0.992,0.7451298701298701,0.918,0.8587662337662337,0.2116,E2
E2_training_cost_sweep,random_forest__weighted__R100__split42__model123,random_forest,weighted,class_weighting,E,algorithm+decision,no_origin_balance,test,stratified,42,123,False,100.0,773.7010836478753,False,class_weight[1],True,ner_optimal,val,0.001290797995614565,0.0012908741900602688,0.0012908714849422776,5749,4448085,1232,953160,1232,953162,4453834,139.7487761999946,b2e6f6243676544cb68b25aac83ba18d5eb139e5,True,3.14.4,1.8.0,3.4.0,2026-08-28T09:44:16+00:00,0.7790836497005182,0.9860631614195018,0.0011343867512862318,0.09549945592880249,1103,20109,129,933053,0.051998868564963226,0.8952922077922078,0.09828907503118874,0.21292324476758942,21212,0.022225621703405512,773.7010836478753,0.12580410524742702,119916.43979057591,0.08035714285714286,0.99,0.400974025974026,0.988,0.7183441558441559,0.885,0.8327922077922078,0.2052,E2
E2_training_cost_sweep,random_forest__weighted__R100__split42__model42,random_forest,weighted,class_weighting,E,algorithm+decision,no_origin_balance,test,stratified,42,42,False,100.0,773.7010836478753,False,class_weight[1],True,ner_optimal,val,0.001290797995614565,0.0012908741900602688,0.0012908714849422776,5749,4448085,1232,953160,1232,953162,4453834,132.11580729999696,b2e6f6243676544cb68b25aac83ba18d5eb139e5,True,3.14.4,1.8.0,3.4.0,2026-08-28T09:41:49+00:00,0.7761206366179823,0.9860325430637062,0.0012834361651813417,0.06746584922075272,1114,27563,118,925599,0.03884646232172124,0.9042207792207793,0.07449262763716608,0.1840947162602233,28677,0.030047338939683192,773.7010836478753,0.12469551081410335,118859.72787044925,0.08116883116883117,1.0,0.4025974025974026,0.992,0.7167207792207793,0.883,0.8165584415584416,0.2012,E2
E2_training_cost_sweep,random_forest__weighted__R100__split42__model456,random_forest,weighted,class_weighting,E,algorithm+decision,no_origin_balance,test,stratified,42,456,False,100.0,773.7010836478753,False,class_weight[1],True,ner_optimal,val,0.001290797995614565,0.0012908741900602688,0.0012908714849422776,5749,4448085,1232,953160,1232,953162,4453834,136.4315287000063,b2e6f6243676544cb68b25aac83ba18d5eb139e5,True,3.14.4,1.8.0,3.4.0,2026-08-28T09:46:39+00:00,0.7794246433499831,0.9856389432696702,0.0011626012378902545,0.06808275729417801,1119,28389,113,924773,0.0379219194794632,0.9082792207792207,0.07280416395575796,0.18222758301121236,29508,0.0309180485208415,773.7010836478753,0.1215036242594282,115817.22245220988,0.08116883116883117,1.0,0.4017857142857143,0.99,0.7232142857142857,0.891,0.823051948051948,0.2028,E2
E2_training_cost_sweep,random_forest__weighted__R100__split42__model789,random_forest,weighted,class_weighting,E,algorithm+decision,no_origin_balance,test,stratified,42,789,False,100.0,773.7010836478753,False,class_weight[1],True,ner_optimal,val,0.001290797995614565,0.0012908741900602688,0.0012908714849422776,5749,4448085,1232,953160,1232,953162,4453834,140.81487220000417,b2e6f6243676544cb68b25aac83ba18d5eb139e5,True,3.14.4,1.8.0,3.4.0,2026-08-28T09:49:08+00:00,0.7827402809267323,0.9861845422727913,0.0011373490225265346,0.07233626395463943,1114,25671,118,927491,0.04159044241179765,0.9042207792207793,0.07952314666095585,0.1907228629178463,26785,0.028064929159236123,773.7010836478753,0.12271061727036726,116967.72787044925,0.08116883116883117,1.0,0.4034090909090909,0.994,0.7167207792207793,0.883,0.8327922077922078,0.2052,E2
E2_training_cost_sweep,random_forest__weighted__R100__split456__model123,random_forest,weighted,class_weighting,E,algorithm+decision,no_origin_balance,test,stratified,456,123,False,100.0,773.7010836478753,False,class_weight[1],True,ner_optimal,val,0.001290797995614565,0.0012908741900602688,0.0012908714849422776,5749,4448085,1232,953160,1232,953162,4453834,201.40813719999278,b2e6f6243676544cb68b25aac83ba18d5eb139e5,True,3.14.4,1.8.0,3.4.0,2026-08-28T15:49:56+00:00,0.8066954973952809,0.9876751725058006,0.0011473911255432611,0.06391020119190216,1128,28355,104,924807,0.03825933588847811,0.9155844155844156,0.07344945466384503,0.18382571408600884,29483,0.030891853888436013,773.7010836478753,0.11416276011993794,108819.91269937901,0.08116883116883117,1.0,0.4042207792207792,0.996,0.7378246753246753,0.909,0.851461038961039,0.2098,E2
E2_training_cost_sweep,random_forest__weighted__R100__split456__model42,random_forest,weighted,class_weighting,E,algorithm+decision,no_origin_balance,test,stratified,456,42,False,100.0,773.7010836478753,False,class_weight[1],True,ner_optimal,val,0.001290797995614565,0.0012908741900602688,0.0012908714849422776,5749,4448085,1232,953160,1232,953162,4453834,176.9032220999943,b2e6f6243676544cb68b25aac83ba18d5eb139e5,True,3.14.4,1.8.0,3.4.0,2026-08-28T15:46:23+00:00,0.8032319135207557,0.9871852528400551,0.001157259876026913,0.06166716292500496,1133,29521,99,923641,0.036960918640307955,0.9196428571428571,0.07106567145455686,0.1809719939877538,30654,0.03211881047030891,773.7010836478753,0.11132756690821745,106117.40728113963,0.08116883116883117,1.0,0.4025974025974026,0.992,0.7386363636363636,0.91,0.8433441558441559,0.2078,E2
E2_training_cost_sweep,random_forest__weighted__R100__split456__model456,random_forest,weighted,class_weighting,E,algorithm+decision,no_origin_balance,test,stratified,456,456,False,100.0,773.7010836478753,False,class_weight[1],True,ner_optimal,val,0.001290797995614565,0.0012908741900602688,0.0012908714849422776,5749,4448085,1232,953160,1232,953162,4453834,182.4086122000008,b2e6f6243676544cb68b25aac83ba18d5eb139e5,True,3.14.4,1.8.0,3.4.0,2026-08-28T15:53:15+00:00,0.8052669177081234,0.9860707451148858,0.0011202575981470004,0.05204092711210251,1132,36610,100,916552,0.02999311112288697,0.9188311688311688,0.05809000872376456,0.16220527836664192,37742,0.03954551264991188,773.7010836478753,0.11957631142051102,113980.1083647875,0.08116883116883117,1.0,0.4017857142857143,0.99,0.7410714285714286,0.913,0.8457792207792207,0.2084,E2
E2_training_cost_sweep,random_forest__weighted__R100__split456__model789,random_forest,weighted,class_weighting,E,algorithm+decision,no_origin_balance,test,stratified,456,789,False,100.0,773.7010836478753,False,class_weight[1],True,ner_optimal,val,0.001290797995614565,0.0012908741900602688,0.0012908714849422776,5749,4448085,1232,953160,1232,953162,4453834,173.91624779999256,b2e6f6243676544cb68b25aac83ba18d5eb139e5,True,3.14.4,1.8.0,3.4.0,2026-08-28T15:56:20+00:00,0.8068434325122629,0.987117893308879,0.0011100739433639328,0.06696397066116333,1122,27503,110,925659,0.03919650655021834,0.9107142857142857,0.07515825434571458,0.1856368516649417,28625,0.029992854104279786,773.7010836478753,0.11813905843654604,112610.11920126625,0.08116883116883117,1.0,0.4034090909090909,0.994,0.7418831168831169,0.914,0.8506493506493507,0.2096,E2
E2_training_cost_sweep,random_forest__weighted__R100__split789__model123,random_forest,weighted,class_weighting,E,algorithm+decision,no_origin_balance,test,stratified,789,123,False,100.0,773.7010836478753,False,class_weight[1],True,ner_optimal,val,0.001290797995614565,0.0012908741900602688,0.0012908714849422776,5749,4448085,1232,953160,1232,953162,4453834,212.05636060000688,b2e6f6243676544cb68b25aac83ba18d5eb139e5,True,3.14.4,1.8.0,3.4.0,2026-08-28T17:59:20+00:00,0.8099648280680444,0.9869992447318956,0.0011619552533092914,0.0847480446100235,1129,21951,103,931211,0.04891681109185442,0.9163961038961039,0.09287594603487989,0.2088105224152415,23080,0.024182884636743316,773.7010836478753,0.1066326477838913,101642.21161573112,0.08116883116883117,1.0,0.4034090909090909,0.994,0.739448051948052,0.911,0.8538961038961039,0.2104,E2
E2_training_cost_sweep,random_forest__weighted__R100__split789__model42,random_forest,weighted,class_weighting,E,algorithm+decision,no_origin_balance,test,stratified,789,42,False,100.0,773.7010836478753,False,class_weight[1],True,ner_optimal,val,0.001290797995614565,0.0012908741900602688,0.0012908714849422776,5749,4448085,1232,953160,1232,953162,4453834,221.90410350001184,b2e6f6243676544cb68b25aac83ba18d5eb139e5,True,3.14.4,1.8.0,3.4.0,2026-08-28T17:55:37+00:00,0.8081902239270241,0.9868350411849969,0.001170037663503723,0.06567826122045517,1144,29423,88,923739,0.03742598226845945,0.9285714285714286,0.0719519481744709,0.1830625299557812,30567,0.03202765314953782,773.7010836478753,0.10229618386902968,97508.69536101301,0.08116883116883117,1.0,0.4042207792207792,0.996,0.734577922077922,0.905,0.8522727272727273,0.21,E2
E2_training_cost_sweep,random_forest__weighted__R100__split789__model456,random_forest,weighted,class_weighting,E,algorithm+decision,no_origin_balance,test,stratified,789,456,False,100.0,773.7010836478753,False,class_weight[1],True,ner_optimal,val,0.001290797995614565,0.0012908741900602688,0.0012908714849422776,5749,4448085,1232,953160,1232,953162,4453834,200.87035579999792,b2e6f6243676544cb68b25aac83ba18d5eb139e5,True,3.14.4,1.8.0,3.4.0,2026-08-28T18:02:51+00:00,0.8096296634723342,0.9873336848041829,0.0011903211107535327,0.06614208966493607,1135,27355,97,925807,0.03983853983853984,0.9212662337662337,0.07637440279927327,0.18832169086226752,28490,0.029851403089290168,773.7010836478753,0.10743184387060596,102404.00511384389,0.08116883116883117,1.0,0.4034090909090909,0.994,0.7378246753246753,0.909,0.8587662337662337,0.2116,E2
E2_training_cost_sweep,random_forest__weighted__R100__split789__model789,random_forest,weighted,class_weighting,E,algorithm+decision,no_origin_balance,test,stratified,789,789,False,100.0,773.7010836478753,False,class_weight[1],True,ner_optimal,val,0.001290797995614565,0.0012908741900602688,0.0012908714849422776,5749,4448085,1232,953160,1232,953162,4453834,191.320638899997,b2e6f6243676544cb68b25aac83ba18d5eb139e5,True,3.14.4,1.8.0,3.4.0,2026-08-28T18:06:14+00:00,0.8108077484320165,0.9872986523127383,0.001145289028268123,0.0727616623044014,1137,24334,95,928828,0.044639001217070394,0.9228896103896104,0.08515897090214583,0.19991366949034614,25471,0.026688139280003857,773.7010836478753,0.10263914198527016,97835.60294654813,0.08116883116883117,1.0,0.4034090909090909,0.994,0.7378246753246753,0.909,0.8612012987012987,0.2122,E2
E2_training_cost_sweep,random_forest__weighted__R10__split123__model123,random_forest,weighted,class_weighting,E,algorithm+decision,no_origin_balance,test,stratified,123,123,False,10.0,773.7010836478753,False,class_weight[1],True,ner_optimal,val,0.001290797995614565,0.0012908741900602688,0.0012908714849422776,5749,4448085,1232,953160,1232,953162,4453834,127.81631639999978,b2e6f6243676544cb68b25aac83ba18d5eb139e5,True,3.14.4,1.8.0,3.4.0,2026-08-28T10:49:28+00:00,0.8225718589852264,0.9874192394987327,0.00041295928495441956,0.016685636714100838,1136,24987,96,928175,0.04348658270489607,0.922077922077922,0.08305611405593127,0.19714303205951764,26123,0.027371295293138892,773.7010836478753,0.104135891335045,99262.30403019601,0.08116883116883117,1.0,0.4034090909090909,0.994,0.7589285714285714,0.935,0.8660714285714286,0.2134,E2
E2_training_cost_sweep,random_forest__weighted__R10__split123__model42,random_forest,weighted,class_weighting,E,algorithm+decision,no_origin_balance,test,stratified,123,42,False,10.0,773.7010836478753,False,class_weight[1],True,ner_optimal,val,0.001290797995614565,0.0012908741900602688,0.0012908714849422776,5749,4448085,1232,953160,1232,953162,4453834,126.08598730000085,b2e6f6243676544cb68b25aac83ba18d5eb139e5,True,3.14.4,1.8.0,3.4.0,2026-08-28T10:47:13+00:00,0.8198119281705405,0.987268209807046,0.0004189205722701804,0.010293425992131233,1150,38297,82,914865,0.029153040788906633,0.9334415584415584,0.056540229602497605,0.16112500161767418,39447,0.041331986579965924,773.7010836478753,0.10673575025001719,101740.48885912576,0.08116883116883117,1.0,0.4034090909090909,0.994,0.7581168831168831,0.934,0.8612012987012987,0.2122,E2
E2_training_cost_sweep,random_forest__weighted__R10__split123__model456,random_forest,weighted,class_weighting,E,algorithm+decision,no_origin_balance,test,stratified,123,456,False,10.0,773.7010836478753,False,class_weight[1],True,ner_optimal,val,0.001290797995614565,0.0012908741900602688,0.0012908714849422776,5749,4448085,1232,953160,1232,953162,4453834,176.11979149999388,b2e6f6243676544cb68b25aac83ba18d5eb139e5,True,3.14.4,1.8.0,3.4.0,2026-08-28T10:52:32+00:00,0.822405059860259,0.9873174789184935,0.00041513780858088676,0.01667005382478237,1138,27536,94,925626,0.03968752179674967,0.9237012987012987,0.07610512940547047,0.1882073770593655,28674,0.030044195583794533,773.7010836478753,0.10518666568576102,100263.90186290025,0.08116883116883117,1.0,0.4042207792207792,0.996,0.7581168831168831,0.934,0.862012987012987,0.2124,E2
E2_training_cost_sweep,random_forest__weighted__R10__split123__model789,random_forest,weighted,class_weighting,E,algorithm+decision,no_origin_balance,test,stratified,123,789,False,10.0,773.7010836478753,False,class_weight[1],True,ner_optimal,val,0.001290797995614565,0.0012908741900602688,0.0012908714849422776,5749,4448085,1232,953160,1232,953162,4453834,180.80258879999747,b2e6f6243676544cb68b25aac83ba18d5eb139e5,True,3.14.4,1.8.0,3.4.0,2026-08-28T10:55:43+00:00,0.8197482782723112,0.9874472567206724,0.00041447868130138176,0.01649961993098259,1140,26205,92,926957,0.041689522764673616,0.9253246753246753,0.0797844420338034,0.19323841731490668,27345,0.028651688925118976,773.7010836478753,0.10216693953452353,97385.4996956045,0.08116883116883117,1.0,0.4025974025974026,0.992,0.7589285714285714,0.935,0.8612012987012987,0.2122,E2
E2_training_cost_sweep,random_forest__weighted__R10__split42__model123,random_forest,weighted,class_weighting,E,algorithm+decision,no_origin_balance,test,stratified,42,123,False,10.0,773.7010836478753,False,class_weight[1],True,ner_optimal,val,0.001290797995614565,0.0012908741900602688,0.0012908714849422776,5749,4448085,1232,953160,1232,953162,4453834,134.96533720000298,b2e6f6243676544cb68b25aac83ba18d5eb139e5,True,3.14.4,1.8.0,3.4.0,2026-08-28T09:02:55+00:00,0.7884774806525973,0.9869368852195224,0.0004544183490302244,0.019614556804299355,1109,21126,123,932036,0.04987632111535867,0.9001623376623377,0.09451570290194741,0.2089867639179155,22235,0.023297506061437937,773.7010836478753,0.12200090811195864,116291.23328868863,0.08035714285714286,0.99,0.4025974025974026,0.992,0.726461038961039,0.895,0.8417207792207793,0.2074,E2
E2_training_cost_sweep,random_forest__weighted__R10__split42__model42,random_forest,weighted,class_weighting,E,algorithm+decision,no_origin_balance,test,stratified,42,42,False,10.0,773.7010836478753,False,class_weight[1],True,ner_optimal,val,0.001290797995614565,0.0012908741900602688,0.0012908714849422776,5749,4448085,1232,953160,1232,953162,4453834,133.71663819999958,b2e6f6243676544cb68b25aac83ba18d5eb139e5,True,3.14.4,1.8.0,3.4.0,2026-08-28T09:00:33+00:00,0.7876938784044724,0.9864618004047611,0.00045864478434335613,0.019224319607019424,1117,22943,115,930219,0.04642560266001663,0.9066558441558441,0.08832832516210659,0.20215207878989033,24060,0.02520971422703831,773.7010836478753,0.11741361280712471,111918.62461950563,0.08116883116883117,1.0,0.4017857142857143,0.99,0.7256493506493507,0.894,0.8400974025974026,0.207,E2
E2_training_cost_sweep,random_forest__weighted__R10__split42__model456,random_forest,weighted,class_weighting,E,algorithm+decision,no_origin_balance,test,stratified,42,456,False,10.0,773.7010836478753,False,class_weight[1],True,ner_optimal,val,0.001290797995614565,0.0012908741900602688,0.0012908714849422776,5749,4448085,1232,953160,1232,953162,4453834,129.1694037999987,b2e6f6243676544cb68b25aac83ba18d5eb139e5,True,3.14.4,1.8.0,3.4.0,2026-08-28T09:05:10+00:00,0.7888387376667472,0.986373082963071,0.0004568610874605231,0.017195895314216614,1118,25626,114,927536,0.04180376906969788,0.9074675324675324,0.07992565055762081,0.19158142533072964,26744,0.028021969962091126,773.7010836478753,0.1194166546105759,113827.92353585776,0.08116883116883117,1.0,0.4042207792207792,0.996,0.726461038961039,0.895,0.838474025974026,0.2066,E2
E2_training_cost_sweep,random_forest__weighted__R10__split42__model789,random_forest,weighted,class_weighting,E,algorithm+decision,no_origin_balance,test,stratified,42,789,False,10.0,773.7010836478753,False,class_weight[1],True,ner_optimal,val,0.001290797995614565,0.0012908741900602688,0.0012908714849422776,5749,4448085,1232,953160,1232,953162,4453834,131.0957858000038,b2e6f6243676544cb68b25aac83ba18d5eb139e5,True,3.14.4,1.8.0,3.4.0,2026-08-28T09:07:28+00:00,0.7886340378584439,0.9869296123487765,0.00045586382621275526,0.02229921706020832,1101,18228,131,934934,0.05696104299239485,0.8936688311688312,0.10709595836778367,0.2229181027523819,19329,0.020252641990624418,773.7010836478753,0.1254541284058102,119582.84195787166,0.08116883116883117,1.0,0.4025974025974026,0.992,0.726461038961039,0.895,0.8409090909090909,0.2072,E2
E2_training_cost_sweep,random_forest__weighted__R10__split456__model123,random_forest,weighted,class_weighting,E,algorithm+decision,no_origin_balance,test,stratified,456,123,False,10.0,773.7010836478753,False,class_weight[1],True,ner_optimal,val,0.001290797995614565,0.0012908741900602688,0.0012908714849422776,5749,4448085,1232,953160,1232,953162,4453834,202.12097129999893,b2e6f6243676544cb68b25aac83ba18d5eb139e5,True,3.14.4,1.8.0,3.4.0,2026-08-28T14:52:12+00:00,0.8125261654293193,0.9870764139738093,0.0004218848436191684,0.013088524341583252,1130,32953,102,920209,0.033154358477833525,0.9172077922077922,0.06399546934730285,0.17077877286156792,34083,0.03571166625104517,773.7010836478753,0.11736313641098971,111870.51053208325,0.08035714285714286,0.99,0.4025974025974026,0.992,0.7451298701298701,0.918,0.8530844155844156,0.2102,E2
E2_training_cost_sweep,random_forest__weighted__R10__split456__model42,random_forest,weighted,class_weighting,E,algorithm+decision,no_origin_balance,test,stratified,456,42,False,10.0,773.7010836478753,False,class_weight[1],True,ner_optimal,val,0.001290797995614565,0.0012908741900602688,0.0012908714849422776,5749,4448085,1232,953160,1232,953162,4453834,202.88684450001165,b2e6f6243676544cb68b25aac83ba18d5eb139e5,True,3.14.4,1.8.0,3.4.0,2026-08-28T14:48:35+00:00,0.8147809141855566,0.9872687803618615,0.0004208851819043107,0.013647234067320824,1134,31914,98,921248,0.03431372549019608,0.9204545454545454,0.0661610268378063,0.17418662509445254,33048,0.034627208469458104,773.7010836478753,0.11302637027208964,107736.70619749176,0.08116883116883117,1.0,0.4034090909090909,0.994,0.75,0.924,0.8498376623376623,0.2094,E2
E2_training_cost_sweep,random_forest__weighted__R10__split456__model456,random_forest,weighted,class_weighting,E,algorithm+decision,no_origin_balance,test,stratified,456,456,False,10.0,773.7010836478753,False,class_weight[1],True,ner_optimal,val,0.001290797995614565,0.0012908741900602688,0.0012908714849422776,5749,4448085,1232,953160,1232,953162,4453834,195.96399419999216,b2e6f6243676544cb68b25aac83ba18d5eb139e5,True,3.14.4,1.8.0,3.4.0,2026-08-28T14:55:40+00:00,0.8118118768465062,0.9869505231827561,0.00041921176739416553,0.013879409991204739,1135,30818,97,922344,0.03552092135323757,0.9212662337662337,0.06840439957812265,0.17743244581725703,31953,0.03347988357009789,773.7010836478753,0.11106487047840621,105867.00511384389,0.07954545454545454,0.98,0.4025974025974026,0.992,0.75,0.924,0.8522727272727273,0.21,E2
E2_training_cost_sweep,random_forest__weighted__R10__split456__model789,random_forest,weighted,class_weighting,E,algorithm+decision,no_origin_balance,test,stratified,456,789,False,10.0,773.7010836478753,False,class_weight[1],True,ner_optimal,val,0.001290797995614565,0.0012908741900602688,0.0012908714849422776,5749,4448085,1232,953160,1232,953162,4453834,199.90666880000208,b2e6f6243676544cb68b25aac83ba18d5eb139e5,True,3.14.4,1.8.0,3.4.0,2026-08-28T14:59:12+00:00,0.8148621823594722,0.9871702902529181,0.0004217711887271202,0.01725100167095661,1127,25420,105,927742,0.042453007872829324,0.9147727272727273,0.08114042982108788,0.1939127809987202,26547,0.02781555625873591,773.7010836478753,0.11189534560347326,106658.61378302689,0.08116883116883117,1.0,0.4034090909090909,0.994,0.7459415584415584,0.919,0.8547077922077922,0.2106,E2
E2_training_cost_sweep,random_forest__weighted__R10__split789__model123,random_forest,weighted,class_weighting,E,algorithm+decision,no_origin_balance,test,stratified,789,123,False,10.0,773.7010836478753,False,class_weight[1],True,ner_optimal,val,0.001290797995614565,0.0012908741900602688,0.0012908714849422776,5749,4448085,1232,953160,1232,953162,4453834,159.3253923000011,b2e6f6243676544cb68b25aac83ba18d5eb139e5,True,3.14.4,1.8.0,3.4.0,2026-08-28T17:02:04+00:00,0.8201993178247104,0.987828773100453,0.00041783210997222326,0.010340218432247639,1153,37993,79,915169,0.029453839472743066,0.9358766233766234,0.05711030759324385,0.16221526100746925,39146,0.04101660320580389,773.7010836478753,0.10398175950242805,99115.38560818213,0.08116883116883117,1.0,0.4025974025974026,0.992,0.747564935064935,0.921,0.8603896103896104,0.212,E2
E2_training_cost_sweep,random_forest__weighted__R10__split789__model42,random_forest,weighted,class_weighting,E,algorithm+decision,no_origin_balance,test,stratified,789,42,False,10.0,773.7010836478753,False,class_weight[1],True,ner_optimal,val,0.001290797995614565,0.0012908741900602688,0.0012908714849422776,5749,4448085,1232,953160,1232,953162,4453834,149.0546694999939,b2e6f6243676544cb68b25aac83ba18d5eb139e5,True,3.14.4,1.8.0,3.4.0,2026-08-28T16:59:15+00:00,0.8195017980870928,0.9876713080613952,0.0004145538660786275,0.011958403512835503,1151,34333,81,918829,0.03243715477398264,0.9342532467532467,0.06269746159712387,0.1704609923276775,35484,0.03717961345104852,773.7010836478753,0.10176543719870422,97002.78777547789,0.07954545454545454,0.98,0.4025974025974026,0.992,0.7459415584415584,0.919,0.864448051948052,0.213,E2
E2_training_cost_sweep,random_forest__weighted__R10__split789__model456,random_forest,weighted,class_weighting,E,algorithm+decision,no_origin_balance,test,stratified,789,456,False,10.0,773.7010836478753,False,class_weight[1],True,ner_optimal,val,0.001290797995614565,0.0012908741900602688,0.0012908714849422776,5749,4448085,1232,953160,1232,953162,4453834,144.25628630000574,b2e6f6243676544cb68b25aac83ba18d5eb139e5,True,3.14.4,1.8.0,3.4.0,2026-08-28T17:04:37+00:00,0.8206676778734099,0.9880020812545268,0.00041694324935059315,0.010824183002114296,1151,36541,81,916621,0.030536983975379392,0.9342532467532467,0.05914088993936903,0.16516485272251683,37692,0.039493123385100914,773.7010836478753,0.10408184573177466,99210.78777547789,0.08035714285714286,0.99,0.4025974025974026,0.992,0.7483766233766234,0.922,0.8668831168831169,0.2136,E2
E2_training_cost_sweep,random_forest__weighted__R10__split789__model789,random_forest,weighted,class_weighting,E,algorithm+decision,no_origin_balance,test,stratified,789,789,False,10.0,773.7010836478753,False,class_weight[1],True,ner_optimal,val,0.001290797995614565,0.0012908741900602688,0.0012908714849422776,5749,4448085,1232,953160,1232,953162,4453834,152.8450223999971,b2e6f6243676544cb68b25aac83ba18d5eb139e5,True,3.14.4,1.8.0,3.4.0,2026-08-28T17:07:19+00:00,0.8224801737725534,0.9877141090398583,0.00041603653340496966,0.010594743303954601,1155,38355,77,914807,0.029233105542900532,0.9375,0.05669824750871337,0.16172256146036407,39510,0.04139799705362775,773.7010836478753,0.10273815637949142,97929.98344088638,0.08116883116883117,1.0,0.4050324675324675,0.998,0.7491883116883117,0.923,0.862012987012987,0.2124,E2
E2_training_cost_sweep,random_forest__weighted__R2000__split123__model123,random_forest,weighted,class_weighting,E,algorithm+decision,no_origin_balance,test,stratified,123,123,False,2000.0,773.7010836478753,False,class_weight[1],True,ner_optimal,val,0.001290797995614565,0.0012908741900602688,0.0012908714849422776,5749,4448085,1232,953160,1232,953162,4453834,159.44460120001168,b2e6f6243676544cb68b25aac83ba18d5eb139e5,True,3.14.4,1.8.0,3.4.0,2026-08-28T12:36:25+00:00,0.7673511874302921,0.9820158946454832,0.017802902218892153,0.26556089520454407,1130,64404,102,888758,0.017242957853938413,0.9172077922077922,0.033849564149417366,0.12063494649587786,65534,0.06866556160244092,773.7010836478753,0.15035831973236594,143321.51053208325,0.08116883116883117,1.0,0.4042207792207792,0.996,0.7224025974025974,0.89,0.8027597402597403,0.1978,E2
E2_training_cost_sweep,random_forest__weighted__R2000__split123__model42,random_forest,weighted,class_weighting,E,algorithm+decision,no_origin_balance,test,stratified,123,42,False,2000.0,773.7010836478753,False,class_weight[1],True,ner_optimal,val,0.001290797995614565,0.0012908741900602688,0.0012908714849422776,5749,4448085,1232,953160,1232,953162,4453834,155.15369939999073,b2e6f6243676544cb68b25aac83ba18d5eb139e5,True,3.14.4,1.8.0,3.4.0,2026-08-28T12:33:35+00:00,0.7683265209641201,0.9825720161270742,0.018004275200352395,0.29273521900177,1116,52520,116,900642,0.020806920724886272,0.9058441558441559,0.040679448859079974,0.1326340462513616,53636,0.056199012148022726,773.7010836478753,0.1492544746616684,142269.3257031535,0.08116883116883117,1.0,0.4034090909090909,0.994,0.7256493506493507,0.894,0.7962662337662337,0.1962,E2
E2_training_cost_sweep,random_forest__weighted__R2000__split123__model456,random_forest,weighted,class_weighting,E,algorithm+decision,no_origin_balance,test,stratified,123,456,False,2000.0,773.7010836478753,False,class_weight[1],True,ner_optimal,val,0.001290797995614565,0.0012908741900602688,0.0012908714849422776,5749,4448085,1232,953160,1232,953162,4453834,148.66043979999085,b2e6f6243676544cb68b25aac83ba18d5eb139e5,True,3.14.4,1.8.0,3.4.0,2026-08-28T12:39:02+00:00,0.7693352288623688,0.9820182611706049,0.017182552437557286,0.2686704695224762,1129,63213,103,889949,0.01754685897236642,0.9163961038961039,0.034434379479671824,0.12172840480386443,64342,0.06741660152934742,773.7010836478753,0.14992053224564533,142904.21161573112,0.08116883116883117,1.0,0.4042207792207792,0.996,0.7215909090909091,0.889,0.799512987012987,0.197,E2
E2_training_cost_sweep,random_forest__weighted__R2000__split123__model789,random_forest,weighted,class_weighting,E,algorithm+decision,no_origin_balance,test,stratified,123,789,False,2000.0,773.7010836478753,False,class_weight[1],True,ner_optimal,val,0.001290797995614565,0.0012908741900602688,0.0012908714849422776,5749,4448085,1232,953160,1232,953162,4453834,160.2411573999998,b2e6f6243676544cb68b25aac83ba18d5eb139e5,True,3.14.4,1.8.0,3.4.0,2026-08-28T12:41:54+00:00,0.7683055003016895,0.982529462105173,0.018485274655839667,0.29406440258026123,1122,55714,110,897448,0.019741009219508762,0.9107142857142857,0.03864434800578632,0.1293061231362413,56836,0.059551925095924746,773.7010836478753,0.1477351640191776,140821.11920126627,0.08116883116883117,1.0,0.4042207792207792,0.996,0.7248376623376623,0.893,0.797077922077922,0.1964,E2
E2_training_cost_sweep,random_forest__weighted__R2000__split42__model123,random_forest,weighted,class_weighting,E,algorithm+decision,no_origin_balance,test,stratified,42,123,False,2000.0,773.7010836478753,False,class_weight[1],True,ner_optimal,val,0.001290797995614565,0.0012908741900602688,0.0012908714849422776,5749,4448085,1232,953160,1232,953162,4453834,124.31233359999896,b2e6f6243676544cb68b25aac83ba18d5eb139e5,True,3.14.4,1.8.0,3.4.0,2026-08-28T10:04:20+00:00,0.7289207878781955,0.9791589005924423,0.01603336884606515,0.2902754843235016,1088,39082,144,914080,0.02708488922081155,0.8831168831168831,0.05255784744698324,0.1505853031104952,40170,0.04208953534913254,773.7010836478753,0.15788396755769085,150494.95604529403,0.08116883116883117,1.0,0.4017857142857143,0.99,0.6915584415584416,0.852,0.760551948051948,0.1874,E2
E2_training_cost_sweep,random_forest__weighted__R2000__split42__model42,random_forest,weighted,class_weighting,E,algorithm+decision,no_origin_balance,test,stratified,42,42,False,2000.0,773.7010836478753,False,class_weight[1],True,ner_optimal,val,0.001290797995614565,0.0012908741900602688,0.0012908714849422776,5749,4448085,1232,953160,1232,953162,4453834,127.20426909999514,b2e6f6243676544cb68b25aac83ba18d5eb139e5,True,3.14.4,1.8.0,3.4.0,2026-08-28T10:02:08+00:00,0.7204187617575734,0.9774519789899847,0.016687067197043187,0.332888662815094,1051,26897,181,926265,0.03760555317017318,0.8530844155844156,0.07203564084989719,0.17566552592776974,27948,0.029283503458739264,773.7010836478753,0.17513317513750282,166936.8961402654,0.08116883116883117,1.0,0.4025974025974026,0.992,0.6875,0.847,0.7451298701298701,0.1836,E2
E2_training_cost_sweep,random_forest__weighted__R2000__split42__model456,random_forest,weighted,class_weighting,E,algorithm+decision,no_origin_balance,test,stratified,42,456,False,2000.0,773.7010836478753,False,class_weight[1],True,ner_optimal,val,0.001290797995614565,0.0012908741900602688,0.0012908714849422776,5749,4448085,1232,953160,1232,953162,4453834,145.90342489999603,b2e6f6243676544cb68b25aac83ba18d5eb139e5,True,3.14.4,1.8.0,3.4.0,2026-08-28T10:06:53+00:00,0.7268127054310957,0.9773212670107425,0.01658246175304758,0.3226270377635956,1063,32212,169,920950,0.031945905334335084,0.8628246753246753,0.06161068768655635,0.16227138701534077,33275,0.03486505573169991,773.7010836478753,0.1709688716260789,162967.48313649092,0.08116883116883117,1.0,0.4017857142857143,0.99,0.6826298701298701,0.841,0.7637987012987013,0.1882,E2
E2_training_cost_sweep,random_forest__weighted__R2000__split42__model789,random_forest,weighted,class_weighting,E,algorithm+decision,no_origin_balance,test,stratified,42,789,False,2000.0,773.7010836478753,False,class_weight[1],True,ner_optimal,val,0.001290797995614565,0.0012908741900602688,0.0012908714849422776,5749,4448085,1232,953160,1232,953162,4453834,133.1101304999902,b2e6f6243676544cb68b25aac83ba18d5eb139e5,True,3.14.4,1.8.0,3.4.0,2026-08-28T10:09:14+00:00,0.7291316421849624,0.9773697403259585,0.017007938448556872,0.26624795794487,1097,56252,135,896910,0.019128493958046347,0.890422077922078,0.03745241631245626,0.12561218332289348,57349,0.060089438952885287,773.7010836478753,0.1685917865717078,160701.64629246315,0.08116883116883117,1.0,0.4025974025974026,0.992,0.6891233766233766,0.849,0.7637987012987013,0.1882,E2
E2_training_cost_sweep,random_forest__weighted__R2000__split456__model123,random_forest,weighted,class_weighting,E,algorithm+decision,no_origin_balance,test,stratified,456,123,False,2000.0,773.7010836478753,False,class_weight[1],True,ner_optimal,val,0.001290797995614565,0.0012908741900602688,0.0012908714849422776,5749,4448085,1232,953160,1232,953162,4453834,131.8648749999993,b2e6f6243676544cb68b25aac83ba18d5eb139e5,True,3.14.4,1.8.0,3.4.0,2026-08-28T16:14:51+00:00,0.7503146326332593,0.9802614181507474,0.016785955241278343,0.3117007613182068,1090,35798,142,917364,0.029548904792886577,0.8847402597402597,0.057187827911857295,0.1578043669485389,36888,0.03865070400694053,773.7010836478753,0.15281535288059891,145663.55387799826,0.08116883116883117,1.0,0.400974025974026,0.988,0.702922077922078,0.866,0.786525974025974,0.1938,E2
E2_training_cost_sweep,random_forest__weighted__R2000__split456__model42,random_forest,weighted,class_weighting,E,algorithm+decision,no_origin_balance,test,stratified,456,42,False,2000.0,773.7010836478753,False,class_weight[1],True,ner_optimal,val,0.001290797995614565,0.0012908741900602688,0.0012908714849422776,5749,4448085,1232,953160,1232,953162,4453834,131.4046956999955,b2e6f6243676544cb68b25aac83ba18d5eb139e5,True,3.14.4,1.8.0,3.4.0,2026-08-28T16:12:32+00:00,0.7554803679633495,0.9796092595201314,0.01635036113319774,0.262421190738678,1110,58457,122,894705,0.018634478822166636,0.900974025974026,0.03651375844997451,0.12462688586267126,59567,0.06241342673989987,773.7010836478753,0.16035309975862763,152848.53220504074,0.08116883116883117,1.0,0.4034090909090909,0.994,0.7021103896103896,0.865,0.7897727272727273,0.1946,E2
E2_training_cost_sweep,random_forest__weighted__R2000__split456__model456,random_forest,weighted,class_weighting,E,algorithm+decision,no_origin_balance,test,stratified,456,456,False,2000.0,773.7010836478753,False,class_weight[1],True,ner_optimal,val,0.001290797995614565,0.0012908741900602688,0.0012908714849422776,5749,4448085,1232,953160,1232,953162,4453834,216.5003422999871,b2e6f6243676544cb68b25aac83ba18d5eb139e5,True,3.14.4,1.8.0,3.4.0,2026-08-28T16:18:41+00:00,0.7523668499112091,0.9800638733390656,0.01674209120155487,0.3170975148677826,1090,34720,142,918442,0.03043842502094387,0.8847402597402597,0.058852113816748555,0.16028165473951103,35810,0.03752119145761604,773.7010836478753,0.15168442516381905,144585.55387799826,0.08035714285714286,0.99,0.4025974025974026,0.992,0.7102272727272727,0.875,0.7873376623376623,0.194,E2
E2_training_cost_sweep,random_forest__weighted__R2000__split456__model789,random_forest,weighted,class_weighting,E,algorithm+decision,no_origin_balance,test,stratified,456,789,False,2000.0,773.7010836478753,False,class_weight[1],True,ner_optimal,val,0.001290797995614565,0.0012908741900602688,0.0012908714849422776,5749,4448085,1232,953160,1232,953162,4453834,153.96746229998826,b2e6f6243676544cb68b25aac83ba18d5eb139e5,True,3.14.4,1.8.0,3.4.0,2026-08-28T16:21:30+00:00,0.7539899097240085,0.9806741898639381,0.01718329254978936,0.283759742975235,1106,51321,126,901841,0.02109600015259313,0.8977272727272727,0.041223280344397026,0.13298382919669632,52427,0.05493223972489349,773.7010836478753,0.15611348919560247,148807.33653963223,0.08116883116883117,1.0,0.4034090909090909,0.994,0.7045454545454546,0.868,0.7905844155844156,0.1948,E2
E2_training_cost_sweep,random_forest__weighted__R2000__split789__model123,random_forest,weighted,class_weighting,E,algorithm+decision,no_origin_balance,test,stratified,789,123,False,2000.0,773.7010836478753,False,class_weight[1],True,ner_optimal,val,0.001290797995614565,0.0012908741900602688,0.0012908714849422776,5749,4448085,1232,953160,1232,953162,4453834,208.80229540000437,b2e6f6243676544cb68b25aac83ba18d5eb139e5,True,3.14.4,1.8.0,3.4.0,2026-08-28T18:28:13+00:00,0.7487430450133477,0.9808585936060201,0.01743695085870771,0.31368839740753174,1102,36185,130,916977,0.029554536433609568,0.8944805194805194,0.05721851553778655,0.15872165376777186,37287,0.039068770340132064,773.7010836478753,0.14348109409246704,136766.14087422378,0.08116883116883117,1.0,0.4034090909090909,0.994,0.7045454545454546,0.868,0.775974025974026,0.1912,E2
E2_training_cost_sweep,random_forest__weighted__R2000__split789__model42,random_forest,weighted,class_weighting,E,algorithm+decision,no_origin_balance,test,stratified,789,42,False,2000.0,773.7010836478753,False,class_weight[1],True,ner_optimal,val,0.001290797995614565,0.0012908741900602688,0.0012908714849422776,5749,4448085,1232,953160,1232,953162,4453834,186.72529440000653,b2e6f6243676544cb68b25aac83ba18d5eb139e5,True,3.14.4,1.8.0,3.4.0,2026-08-28T18:24:33+00:00,0.7496496577696378,0.981646531509055,0.01720617926245605,0.30225497484207153,1120,40160,112,913002,0.027131782945736434,0.9090909090909091,0.05269100489273617,0.1530221001466051,41280,0.04325257702793605,773.7010836478753,0.13304086930044473,126814.52136856201,0.08116883116883117,1.0,0.4034090909090909,0.994,0.7045454545454546,0.868,0.775974025974026,0.1912,E2
E2_training_cost_sweep,random_forest__weighted__R2000__split789__model456,random_forest,weighted,class_weighting,E,algorithm+decision,no_origin_balance,test,stratified,789,456,False,2000.0,773.7010836478753,False,class_weight[1],True,ner_optimal,val,0.001290797995614565,0.0012908741900602688,0.0012908714849422776,5749,4448085,1232,953160,1232,953162,4453834,130.83631620000233,b2e6f6243676544cb68b25aac83ba18d5eb139e5,True,3.14.4,1.8.0,3.4.0,2026-08-28T18:30:35+00:00,0.7528716217119107,0.9814778784861717,0.01752002731812144,0.28401127457618713,1124,53460,108,899702,0.020592114905466804,0.9123376623376623,0.04027518990970331,0.13239803695138236,54584,0.0571923126088387,773.7010836478753,0.1437471203516249,137019.71703397052,0.08116883116883117,1.0,0.4025974025974026,0.992,0.7126623376623377,0.878,0.7800324675324676,0.1922,E2
E2_training_cost_sweep,random_forest__weighted__R2000__split789__model789,random_forest,weighted,class_weighting,E,algorithm+decision,no_origin_balance,test,stratified,789,789,False,2000.0,773.7010836478753,False,class_weight[1],True,ner_optimal,val,0.001290797995614565,0.0012908741900602688,0.0012908714849422776,5749,4448085,1232,953160,1232,953162,4453834,181.02173750000657,b2e6f6243676544cb68b25aac83ba18d5eb139e5,True,3.14.4,1.8.0,3.4.0,2026-08-28T18:33:47+00:00,0.7547318785364158,0.9820293984857562,0.016909556132623193,0.2803085148334503,1131,51986,101,901176,0.021292618182502776,0.9180194805194806,0.04161990101013818,0.13523669065301466,53117,0.055655211579284866,773.7010836478753,0.13651893161829137,130129.80944843538,0.08116883116883117,1.0,0.4050324675324675,0.998,0.7077922077922078,0.872,0.7816558441558441,0.1926,E2
E2_training_cost_sweep,random_forest__weighted__R5000__split123__model123,random_forest,weighted,class_weighting,E,algorithm+decision,no_origin_balance,test,stratified,123,123,False,5000.0,773.7010836478753,False,class_weight[1],True,ner_optimal,val,0.001290797995614565,0.0012908741900602688,0.0012908714849422776,5749,4448085,1232,953160,1232,953162,4453834,5082.492884499996,b2e6f6243676544cb68b25aac83ba18d5eb139e5,True,3.14.4,1.8.0,3.4.0,2026-08-28T14:21:33+00:00,0.745386579374673,0.9773244365704774,0.04074931431380763,0.38687950372695923,1116,76562,116,876600,0.014367002240016477,0.9058441558441559,0.028285388417184133,0.10840212420179697,77678,0.08138986623972909,773.7010836478753,0.17447689040083497,166311.3257031535,0.08116883116883117,1.0,0.4025974025974026,0.992,0.711038961038961,0.876,0.7775974025974026,0.1916,E2
E2_training_cost_sweep,random_forest__weighted__R5000__split123__model42,random_forest,weighted,class_weighting,E,algorithm+decision,no_origin_balance,test,stratified,123,42,False,5000.0,773.7010836478753,False,class_weight[1],True,ner_optimal,val,0.001290797995614565,0.0012908741900602688,0.0012908714849422776,5749,4448085,1232,953160,1232,953162,4453834,166.30784980001044,b2e6f6243676544cb68b25aac83ba18d5eb139e5,True,3.14.4,1.8.0,3.4.0,2026-08-28T12:56:38+00:00,0.7373968540761533,0.9769473649830228,0.03924063288453197,0.37889644503593445,1116,72647,116,880515,0.015129536488483386,0.9058441558441559,0.029761984132275484,0.1115463808195792,73763,0.0772877868050302,773.7010836478753,0.17036967146651846,162396.3257031535,0.08035714285714286,0.99,0.4025974025974026,0.992,0.711038961038961,0.876,0.7686688311688312,0.1894,E2
E2_training_cost_sweep,random_forest__weighted__R5000__split123__model456,random_forest,weighted,class_weighting,E,algorithm+decision,no_origin_balance,test,stratified,123,456,False,5000.0,773.7010836478753,False,class_weight[1],True,ner_optimal,val,0.001290797995614565,0.0012908741900602688,0.0012908714849422776,5749,4448085,1232,953160,1232,953162,4453834,200.97920780000277,b2e6f6243676544cb68b25aac83ba18d5eb139e5,True,3.14.4,1.8.0,3.4.0,2026-08-28T14:25:06+00:00,0.7482200975991552,0.9772330711583431,0.04037954195061703,0.40320518612861633,1102,67527,130,885635,0.016057351848343993,0.8944805194805194,0.0315483603154836,0.11447497472701593,68629,0.0719084570942399,773.7010836478753,0.17636192572448425,168108.14087422378,0.08116883116883117,1.0,0.4050324675324675,0.998,0.7183441558441559,0.885,0.7743506493506493,0.1908,E2
E2_training_cost_sweep,random_forest__weighted__R5000__split123__model789,random_forest,weighted,class_weighting,E,algorithm+decision,no_origin_balance,test,stratified,123,789,False,5000.0,773.7010836478753,False,class_weight[1],True,ner_optimal,val,0.001290797995614565,0.0012908741900602688,0.0012908714849422776,5749,4448085,1232,953160,1232,953162,4453834,154.41026069999498,b2e6f6243676544cb68b25aac83ba18d5eb139e5,True,3.14.4,1.8.0,3.4.0,2026-08-28T14:27:54+00:00,0.7467158785066159,0.9770916893782682,0.038353766005017054,0.3639930486679077,1119,80610,113,872552,0.013691590500312007,0.9082792207792207,0.026976531141138606,0.10569395935339365,81729,0.0856344444747138,773.7010836478753,0.17628857444306587,168038.22245220988,0.08116883116883117,1.0,0.4025974025974026,0.992,0.7102272727272727,0.875,0.7751623376623377,0.191,E2
E2_training_cost_sweep,random_forest__weighted__R5000__split42__model123,random_forest,weighted,class_weighting,E,algorithm+decision,no_origin_balance,test,stratified,42,123,False,5000.0,773.7010836478753,False,class_weight[1],True,ner_optimal,val,0.001290797995614565,0.0012908741900602688,0.0012908714849422776,5749,4448085,1232,953160,1232,953162,4453834,159.97317149999435,b2e6f6243676544cb68b25aac83ba18d5eb139e5,True,3.14.4,1.8.0,3.4.0,2026-08-28T10:26:50+00:00,0.6997337177278588,0.972236279822372,0.03747322613866866,0.4431789815425873,1049,42816,183,910346,0.02391428245754018,0.851461038961039,0.04652194159256713,0.1382958815587495,43865,0.04596110201866315,773.7010836478753,0.19345714389763147,184403.29830756114,0.08035714285714286,0.99,0.400974025974026,0.988,0.6728896103896104,0.829,0.7321428571428571,0.1804,E2
E2_training_cost_sweep,random_forest__weighted__R5000__split42__model42,random_forest,weighted,class_weighting,E,algorithm+decision,no_origin_balance,test,stratified,42,42,False,5000.0,773.7010836478753,False,class_weight[1],True,ner_optimal,val,0.001290797995614565,0.0012908741900602688,0.0012908714849422776,5749,4448085,1232,953160,1232,953162,4453834,159.0561502999917,b2e6f6243676544cb68b25aac83ba18d5eb139e5,True,3.14.4,1.8.0,3.4.0,2026-08-28T10:24:02+00:00,0.6984729966353221,0.9712952514177213,0.038868300941616404,0.43487808108329773,1053,49022,179,904140,0.021028457314028956,0.8547077922077922,0.04104703061960356,0.129354835878648,50075,0.05246784870818551,773.7010836478753,0.19672109325786882,187514.49397296965,0.08116883116883117,1.0,0.40016233766233766,0.986,0.6704545454545454,0.826,0.7329545454545454,0.1806,E2
E2_training_cost_sweep,random_forest__weighted__R5000__split42__model456,random_forest,weighted,class_weighting,E,algorithm+decision,no_origin_balance,test,stratified,42,456,False,5000.0,773.7010836478753,False,class_weight[1],True,ner_optimal,val,0.001290797995614565,0.0012908741900602688,0.0012908714849422776,5749,4448085,1232,953160,1232,953162,4453834,148.50903270000708,b2e6f6243676544cb68b25aac83ba18d5eb139e5,True,3.14.4,1.8.0,3.4.0,2026-08-28T10:29:27+00:00,0.700676820990746,0.971903370880768,0.03852425399286203,0.4392901659011841,1055,49241,177,903921,0.02097582312708764,0.8563311688311688,0.04094861046421363,0.1293100585027123,50296,0.05269940925864999,773.7010836478753,0.1953274691112777,186186.0918056739,0.08116883116883117,1.0,0.40016233766233766,0.986,0.674512987012987,0.831,0.7362012987012987,0.1814,E2
E2_training_cost_sweep,random_forest__weighted__R5000__split42__model789,random_forest,weighted,class_weighting,E,algorithm+decision,no_origin_balance,test,stratified,42,789,False,5000.0,773.7010836478753,False,class_weight[1],True,ner_optimal,val,0.001290797995614565,0.0012908741900602688,0.0012908714849422776,5749,4448085,1232,953160,1232,953162,4453834,141.56707540000207,b2e6f6243676544cb68b25aac83ba18d5eb139e5,True,3.14.4,1.8.0,3.4.0,2026-08-28T10:31:58+00:00,0.6961592129995119,0.9730401566425375,0.03669067305228307,0.3942400813102722,1085,59135,147,894027,0.018017270009963466,0.8806818181818182,0.03531211351949489,0.12089289659434631,60220,0.06309763053833113,773.7010836478753,0.18135659604060983,172869.05929623765,0.08116883116883117,1.0,0.39935064935064934,0.984,0.6663961038961039,0.821,0.7288961038961039,0.1796,E2
E2_training_cost_sweep,random_forest__weighted__R5000__split456__model123,random_forest,weighted,class_weighting,E,algorithm+decision,no_origin_balance,test,stratified,456,123,False,5000.0,773.7010836478753,False,class_weight[1],True,ner_optimal,val,0.001290797995614565,0.0012908741900602688,0.0012908714849422776,5749,4448085,1232,953160,1232,953162,4453834,125.79190150000795,b2e6f6243676544cb68b25aac83ba18d5eb139e5,True,3.14.4,1.8.0,3.4.0,2026-08-28T16:37:47+00:00,0.7308116602493668,0.9744871837140452,0.03915818854953491,0.3818058371543884,1108,80852,124,872310,0.013518789653489507,0.8993506493506493,0.026637176651601115,0.10438213942152692,81960,0.08587648287814048,773.7010836478753,0.1854710276039756,176790.9343723365,0.08035714285714286,0.99,0.4025974025974026,0.992,0.698051948051948,0.86,0.7662337662337663,0.1888,E2
E2_training_cost_sweep,random_forest__weighted__R5000__split456__model42,random_forest,weighted,class_weighting,E,algorithm+decision,no_origin_balance,test,stratified,456,42,False,5000.0,773.7010836478753,False,class_weight[1],True,ner_optimal,val,0.001290797995614565,0.0012908741900602688,0.0012908714849422776,5749,4448085,1232,953160,1232,953162,4453834,126.97092700000212,b2e6f6243676544cb68b25aac83ba18d5eb139e5,True,3.14.4,1.8.0,3.4.0,2026-08-28T16:35:34+00:00,0.724100164539701,0.9751824400967857,0.03630344582567465,0.35824790596961975,1114,84422,118,868740,0.013023756079311635,0.9042207792207793,0.025677669186796977,0.10252832252367686,85536,0.08962336309742099,773.7010836478753,0.18434617783486998,175718.72787044925,0.08035714285714286,0.99,0.4017857142857143,0.99,0.689935064935065,0.85,0.7540584415584416,0.1858,E2
E2_training_cost_sweep,random_forest__weighted__R5000__split456__model456,random_forest,weighted,class_weighting,E,algorithm+decision,no_origin_balance,test,stratified,456,456,False,5000.0,773.7010836478753,False,class_weight[1],True,ner_optimal,val,0.001290797995614565,0.0012908741900602688,0.0012908714849422776,5749,4448085,1232,953160,1232,953162,4453834,125.67091690000962,b2e6f6243676544cb68b25aac83ba18d5eb139e5,True,3.14.4,1.8.0,3.4.0,2026-08-28T16:40:02+00:00,0.7273514174194127,0.9751578653641602,0.03702413508333198,0.4117664694786072,1084,56155,148,897007,0.018938136585195407,0.8798701298701299,0.037078209710796804,0.12414484033571672,57239,0.059974182570301154,773.7010836478753,0.17904197211110703,170662.76037988553,0.08035714285714286,0.99,0.4017857142857143,0.99,0.6931818181818182,0.854,0.7646103896103896,0.1884,E2
E2_training_cost_sweep,random_forest__weighted__R5000__split456__model789,random_forest,weighted,class_weighting,E,algorithm+decision,no_origin_balance,test,stratified,456,789,False,5000.0,773.7010836478753,False,class_weight[1],True,ner_optimal,val,0.001290797995614565,0.0012908741900602688,0.0012908714849422776,5749,4448085,1232,953160,1232,953162,4453834,134.1702590000059,b2e6f6243676544cb68b25aac83ba18d5eb139e5,True,3.14.4,1.8.0,3.4.0,2026-08-28T16:42:24+00:00,0.7252226980186292,0.9745969239717416,0.036580338763165854,0.35797810554504395,1117,84326,115,868836,0.013073042847278303,0.9066558441558441,0.02577444476492645,0.10289752340339658,85443,0.08952591906487258,773.7010836478753,0.18181039948532374,173301.62461950563,0.08116883116883117,1.0,0.4042207792207792,0.996,0.6907467532467533,0.851,0.7581168831168831,0.1868,E2
E2_training_cost_sweep,random_forest__weighted__R5000__split789__model123,random_forest,weighted,class_weighting,E,algorithm+decision,no_origin_balance,test,stratified,789,123,False,5000.0,773.7010836478753,False,class_weight[1],True,ner_optimal,val,0.001290797995614565,0.0012908741900602688,0.0012908714849422776,5749,4448085,1232,953160,1232,953162,4453834,158.3842527000088,b2e6f6243676544cb68b25aac83ba18d5eb139e5,True,3.14.4,1.8.0,3.4.0,2026-08-28T18:52:22+00:00,0.7184170983548498,0.9755307795656327,0.039807553483580414,0.399178683757782,1110,66448,122,886714,0.016430326534237247,0.900974025974026,0.032272132577409504,0.11637668020822475,67558,0.07078627904198895,773.7010836478753,0.16873644241613034,160839.53220504074,0.08116883116883117,1.0,0.4034090909090909,0.994,0.6891233766233766,0.849,0.7516233766233766,0.1852,E2
E2_training_cost_sweep,random_forest__weighted__R5000__split789__model42,random_forest,weighted,class_weighting,E,algorithm+decision,no_origin_balance,test,stratified,789,42,False,5000.0,773.7010836478753,False,class_weight[1],True,ner_optimal,val,0.001290797995614565,0.0012908741900602688,0.0012908714849422776,5749,4448085,1232,953160,1232,953162,4453834,155.0686190999986,b2e6f6243676544cb68b25aac83ba18d5eb139e5,True,3.14.4,1.8.0,3.4.0,2026-08-28T18:49:35+00:00,0.7210585368386788,0.9757374251524052,0.03950058480719747,0.39779534935951233,1108,68217,124,884945,0.015982690227190767,0.8993506493506493,0.03140723103306547,0.11451725319888313,69325,0.0726377156604086,773.7010836478753,0.17221567352093886,164155.9343723365,0.08116883116883117,1.0,0.4017857142857143,0.99,0.6907467532467533,0.851,0.7516233766233766,0.1852,E2
E2_training_cost_sweep,random_forest__weighted__R5000__split789__model456,random_forest,weighted,class_weighting,E,algorithm+decision,no_origin_balance,test,stratified,789,456,False,5000.0,773.7010836478753,False,class_weight[1],True,ner_optimal,val,0.001290797995614565,0.0012908741900602688,0.0012908714849422776,5749,4448085,1232,953160,1232,953162,4453834,154.75620309999795,b2e6f6243676544cb68b25aac83ba18d5eb139e5,True,3.14.4,1.8.0,3.4.0,2026-08-28T18:55:07+00:00,0.724371205836336,0.9752319983177251,0.040619366692631734,0.3943038284778595,1112,76103,120,877059,0.014401346888557922,0.9025974025974026,0.028350351192524888,0.10833384352163188,77215,0.0809047416475795,773.7010836478753,0.17724210763459938,168947.130037745,0.08035714285714286,0.99,0.4017857142857143,0.99,0.6964285714285714,0.858,0.7548701298701299,0.186,E2
E2_training_cost_sweep,random_forest__weighted__R5000__split789__model789,random_forest,weighted,class_weighting,E,algorithm+decision,no_origin_balance,test,stratified,789,789,False,5000.0,773.7010836478753,False,class_weight[1],True,ner_optimal,val,0.001290797995614565,0.0012908741900602688,0.0012908714849422776,5749,4448085,1232,953160,1232,953162,4453834,160.86600569999428,b2e6f6243676544cb68b25aac83ba18d5eb139e5,True,3.14.4,1.8.0,3.4.0,2026-08-28T18:57:57+00:00,0.7257553525708652,0.9754395018656563,0.03797249943634884,0.35572996735572815,1129,87561,103,865601,0.012729732777088736,0.9163961038961039,0.025110651453481906,0.10197046403796087,88690,0.09292807792169691,773.7010836478753,0.1754639719934711,167252.21161573112,0.08116883116883117,1.0,0.4017857142857143,0.99,0.6939935064935064,0.855,0.7564935064935064,0.1864,E2
E2_training_cost_sweep,random_forest__weighted__R50__split123__model123,random_forest,weighted,class_weighting,E,algorithm+decision,no_origin_balance,test,stratified,123,123,False,50.0,773.7010836478753,False,class_weight[1],True,ner_optimal,val,0.001290797995614565,0.0012908741900602688,0.0012908714849422776,5749,4448085,1232,953160,1232,953162,4453834,155.95704729999125,b2e6f6243676544cb68b25aac83ba18d5eb139e5,True,3.14.4,1.8.0,3.4.0,2026-08-28T11:16:28+00:00,0.820723424298153,0.987554637265842,0.0007327467461348797,0.06819090992212296,1121,18333,111,934829,0.05762311092834378,0.9099025974025974,0.10838248090495987,0.22631252415325,19454,0.02038361515265184,773.7010836478753,0.10933051746913289,104213.82028491412,0.08116883116883117,1.0,0.4050324675324675,0.998,0.7516233766233766,0.926,0.8652597402597403,0.2132,E2
E2_training_cost_sweep,random_forest__weighted__R50__split123__model42,random_forest,weighted,class_weighting,E,algorithm+decision,no_origin_balance,test,stratified,123,42,False,50.0,773.7010836478753,False,class_weight[1],True,ner_optimal,val,0.001290797995614565,0.0012908741900602688,0.0012908714849422776,5749,4448085,1232,953160,1232,953162,4453834,146.75128310000582,b2e6f6243676544cb68b25aac83ba18d5eb139e5,True,3.14.4,1.8.0,3.4.0,2026-08-28T11:13:42+00:00,0.8145892830545719,0.9875653049377389,0.000757039566289334,0.04817241057753563,1138,26727,94,926435,0.04083976314372869,0.9237012987012987,0.07822112245248651,0.19101757123268037,27865,0.029196537279153053,773.7010836478753,0.10433794534914236,99454.90186290025,0.07954545454545454,0.98,0.400974025974026,0.988,0.7491883116883117,0.923,0.8636363636363636,0.2128,E2
E2_training_cost_sweep,random_forest__weighted__R50__split123__model456,random_forest,weighted,class_weighting,E,algorithm+decision,no_origin_balance,test,stratified,123,456,False,50.0,773.7010836478753,False,class_weight[1],True,ner_optimal,val,0.001290797995614565,0.0012908741900602688,0.0012908714849422776,5749,4448085,1232,953160,1232,953162,4453834,200.20800179999787,b2e6f6243676544cb68b25aac83ba18d5eb139e5,True,3.14.4,1.8.0,3.4.0,2026-08-28T11:20:01+00:00,0.8188894586753575,0.9874098794192518,0.0007494075090316318,0.033568691462278366,1149,37764,83,915398,0.029527407293192507,0.9326298701298701,0.05724249595217337,0.1621336240423749,38913,0.04077246923178478,773.7010836478753,0.10698826929172064,101981.18994277364,0.08116883116883117,1.0,0.4034090909090909,0.994,0.7508116883116883,0.925,0.8628246753246753,0.2126,E2
E2_training_cost_sweep,random_forest__weighted__R50__split123__model789,random_forest,weighted,class_weighting,E,algorithm+decision,no_origin_balance,test,stratified,123,789,False,50.0,773.7010836478753,False,class_weight[1],True,ner_optimal,val,0.001290797995614565,0.0012908741900602688,0.0012908714849422776,5749,4448085,1232,953160,1232,953162,4453834,240.21036979999917,b2e6f6243676544cb68b25aac83ba18d5eb139e5,True,3.14.4,1.8.0,3.4.0,2026-08-28T11:24:19+00:00,0.8180764820119709,0.9872831374796348,0.0007328514220735037,0.04356151819229126,1143,29494,89,923668,0.03730783040114894,0.9277597402597403,0.07173114939282689,0.18267969342760743,30637,0.03210099812027318,773.7010836478753,0.10318235814351147,98353.39644466089,0.08116883116883117,1.0,0.4025974025974026,0.992,0.7483766233766234,0.922,0.859577922077922,0.2118,E2
E2_training_cost_sweep,random_forest__weighted__R50__split42__model123,random_forest,weighted,class_weighting,E,algorithm+decision,no_origin_balance,test,stratified,42,123,False,50.0,773.7010836478753,False,class_weight[1],True,ner_optimal,val,0.001290797995614565,0.0012908741900602688,0.0012908714849422776,5749,4448085,1232,953160,1232,953162,4453834,136.85160989999713,b2e6f6243676544cb68b25aac83ba18d5eb139e5,True,3.14.4,1.8.0,3.4.0,2026-08-28T09:23:43+00:00,0.7870630362036852,0.9868538086063349,0.0007517108161834242,0.055186979472637177,1114,22889,118,930273,0.0464108653085031,0.9042207792207793,0.08829007331087775,0.20184036845224257,24003,0.025149990465153805,773.7010836478753,0.1197920264465439,114185.72787044925,0.08116883116883117,1.0,0.4034090909090909,0.994,0.7207792207792207,0.888,0.8303571428571429,0.2046,E2
E2_training_cost_sweep,random_forest__weighted__R50__split42__model42,random_forest,weighted,class_weighting,E,algorithm+decision,no_origin_balance,test,stratified,42,42,False,50.0,773.7010836478753,False,class_weight[1],True,ner_optimal,val,0.001290797995614565,0.0012908741900602688,0.0012908714849422776,5749,4448085,1232,953160,1232,953162,4453834,152.39560350000102,b2e6f6243676544cb68b25aac83ba18d5eb139e5,True,3.14.4,1.8.0,3.4.0,2026-08-28T09:21:19+00:00,0.7862992872246122,0.9865228335900816,0.000764966628402168,0.040253642946481705,1121,30215,111,922947,0.03577355118713301,0.9099025974025974,0.06884057971014493,0.17694866020628258,31336,0.03283340004233053,773.7010836478753,0.12179590070733175,116095.82028491412,0.08116883116883117,1.0,0.4034090909090909,0.994,0.724025974025974,0.892,0.8344155844155844,0.2056,E2
E2_training_cost_sweep,random_forest__weighted__R50__split42__model456,random_forest,weighted,class_weighting,E,algorithm+decision,no_origin_balance,test,stratified,42,456,False,50.0,773.7010836478753,False,class_weight[1],True,ner_optimal,val,0.001290797995614565,0.0012908741900602688,0.0012908714849422776,5749,4448085,1232,953160,1232,953162,4453834,138.1217098000052,b2e6f6243676544cb68b25aac83ba18d5eb139e5,True,3.14.4,1.8.0,3.4.0,2026-08-28T09:26:08+00:00,0.7856403305988482,0.9858651226946962,0.0007495410097730549,0.03934919089078903,1124,30951,108,922211,0.035042868277474666,0.9123376623376623,0.06749331972258084,0.17529971600427222,32075,0.03360771337623665,773.7010836478753,0.12013297194995697,114510.7170339705,0.08116883116883117,1.0,0.4017857142857143,0.99,0.7224025974025974,0.89,0.8344155844155844,0.2056,E2
E2_training_cost_sweep,random_forest__weighted__R50__split42__model789,random_forest,weighted,class_weighting,E,algorithm+decision,no_origin_balance,test,stratified,42,789,False,50.0,773.7010836478753,False,class_weight[1],True,ner_optimal,val,0.001290797995614565,0.0012908741900602688,0.0012908714849422776,5749,4448085,1232,953160,1232,953162,4453834,140.49786649999442,b2e6f6243676544cb68b25aac83ba18d5eb139e5,True,3.14.4,1.8.0,3.4.0,2026-08-28T09:28:35+00:00,0.7838503917052279,0.9865930067229137,0.0007801909174504296,0.03834736347198486,1124,31488,108,921674,0.03446584079479946,0.9123376623376623,0.06642240869873538,0.1737897352103066,32612,0.03417037408030646,773.7010836478753,0.12069633761221188,115047.7170339705,0.08116883116883117,1.0,0.400974025974026,0.988,0.7232142857142857,0.891,0.8336038961038961,0.2054,E2
E2_training_cost_sweep,random_forest__weighted__R50__split456__model123,random_forest,weighted,class_weighting,E,algorithm+decision,no_origin_balance,test,stratified,456,123,False,50.0,773.7010836478753,False,class_weight[1],True,ner_optimal,val,0.001290797995614565,0.0012908741900602688,0.0012908714849422776,5749,4448085,1232,953160,1232,953162,4453834,207.89740370000072,b2e6f6243676544cb68b25aac83ba18d5eb139e5,True,3.14.4,1.8.0,3.4.0,2026-08-28T15:22:34+00:00,0.8108900375917826,0.9874407613373091,0.0007523942612261958,0.03833143040537834,1135,32131,97,921031,0.03411892021884206,0.9212662337662337,0.06580091599513015,0.17374981690623517,33266,0.03485562566403393,773.7010836478753,0.11244233624105182,107180.00511384389,0.08116883116883117,1.0,0.4017857142857143,0.99,0.7451298701298701,0.918,0.8587662337662337,0.2116,E2
E2_training_cost_sweep,random_forest__weighted__R50__split456__model42,random_forest,weighted,class_weighting,E,algorithm+decision,no_origin_balance,test,stratified,456,42,False,50.0,773.7010836478753,False,class_weight[1],True,ner_optimal,val,0.001290797995614565,0.0012908741900602688,0.0012908714849422776,5749,4448085,1232,953160,1232,953162,4453834,210.0227523999929,b2e6f6243676544cb68b25aac83ba18d5eb139e5,True,3.14.4,1.8.0,3.4.0,2026-08-28T15:18:52+00:00,0.8113254704551415,0.9877405350951229,0.000725750698604188,0.04028619825839996,1129,29747,103,923415,0.036565617307941445,0.9163961038961039,0.07032515260994145,0.1796348987227725,30876,0.032351418806069614,773.7010836478753,0.1148114163182288,109438.21161573112,0.08116883116883117,1.0,0.4034090909090909,0.994,0.7443181818181818,0.917,0.8506493506493507,0.2096,E2
E2_training_cost_sweep,random_forest__weighted__R50__split456__model456,random_forest,weighted,class_weighting,E,algorithm+decision,no_origin_balance,test,stratified,456,456,False,50.0,773.7010836478753,False,class_weight[1],True,ner_optimal,val,0.001290797995614565,0.0012908741900602688,0.0012908714849422776,5749,4448085,1232,953160,1232,953162,4453834,214.82604749999882,b2e6f6243676544cb68b25aac83ba18d5eb139e5,True,3.14.4,1.8.0,3.4.0,2026-08-28T15:26:25+00:00,0.811820714201703,0.987612233922869,0.0007190283573393557,0.03860629349946976,1133,30752,99,922410,0.03553395013329152,0.9196428571428571,0.06842407222876468,0.17730447404938604,31885,0.033408634169954966,773.7010836478753,0.11261900662932693,107348.40728113963,0.08116883116883117,1.0,0.4025974025974026,0.992,0.7459415584415584,0.919,0.8506493506493507,0.2096,E2
E2_training_cost_sweep,random_forest__weighted__R50__split456__model789,random_forest,weighted,class_weighting,E,algorithm+decision,no_origin_balance,test,stratified,456,789,False,50.0,773.7010836478753,False,class_weight[1],True,ner_optimal,val,0.001290797995614565,0.0012908741900602688,0.0012908714849422776,5749,4448085,1232,953160,1232,953162,4453834,126.24645150000288,b2e6f6243676544cb68b25aac83ba18d5eb139e5,True,3.14.4,1.8.0,3.4.0,2026-08-28T08:50:50+00:00,0.8103892585202417,0.9871145755752071,0.0007424248591399394,0.03476285561919212,1134,34877,98,918285,0.031490377940073866,0.9204545454545454,0.06089734983755336,0.16654994927555877,36011,0.03773179630215613,773.7010836478753,0.11613484784613301,110699.70619749176,0.08116883116883117,1.0,0.4017857142857143,0.99,0.7443181818181818,0.917,0.8547077922077922,0.2106,E2
E2_training_cost_sweep,random_forest__weighted__R50__split789__model123,random_forest,weighted,class_weighting,E,algorithm+decision,no_origin_balance,test,stratified,789,123,False,50.0,773.7010836478753,False,class_weight[1],True,ner_optimal,val,0.001290797995614565,0.0012908741900602688,0.0012908714849422776,5749,4448085,1232,953160,1232,953162,4453834,148.46658880000177,b2e6f6243676544cb68b25aac83ba18d5eb139e5,True,3.14.4,1.8.0,3.4.0,2026-08-28T17:25:36+00:00,0.8171943753961223,0.9873671261289525,0.0007437391021547518,0.04149293899536133,1144,29570,88,923592,0.037246858110308,0.9285714285714286,0.07162086020159018,0.18260708199570433,30714,0.03218167758808207,773.7010836478753,0.10245040128495421,97655.69536101301,0.08116883116883117,1.0,0.4042207792207792,0.996,0.7426948051948052,0.915,0.8628246753246753,0.2126,E2
E2_training_cost_sweep,random_forest__weighted__R50__split789__model42,random_forest,weighted,class_weighting,E,algorithm+decision,no_origin_balance,test,stratified,789,42,False,50.0,773.7010836478753,False,class_weight[1],True,ner_optimal,val,0.001290797995614565,0.0012908741900602688,0.0012908714849422776,5749,4448085,1232,953160,1232,953162,4453834,151.0500517999899,b2e6f6243676544cb68b25aac83ba18d5eb139e5,True,3.14.4,1.8.0,3.4.0,2026-08-28T17:22:58+00:00,0.814927452641318,0.9880275952736616,0.0007537962920083722,0.04654175788164139,1139,26264,93,926898,0.04156479217603912,0.924512987012987,0.07955299458704383,0.19285202061206147,27403,0.0287124604722997,773.7010836478753,0.10304052463219517,98218.20077925238,0.08116883116883117,1.0,0.4042207792207792,0.996,0.7418831168831169,0.914,0.864448051948052,0.213,E2
E2_training_cost_sweep,random_forest__weighted__R50__split789__model456,random_forest,weighted,class_weighting,E,algorithm+decision,no_origin_balance,test,stratified,789,456,False,50.0,773.7010836478753,False,class_weight[1],True,ner_optimal,val,0.001290797995614565,0.0012908741900602688,0.0012908714849422776,5749,4448085,1232,953160,1232,953162,4453834,150.06334649999917,b2e6f6243676544cb68b25aac83ba18d5eb139e5,True,3.14.4,1.8.0,3.4.0,2026-08-28T17:28:15+00:00,0.817009903057494,0.9879874516329613,0.0007485021727888266,0.03549760952591896,1154,35531,78,917631,0.0314569987733406,0.9366883116883117,0.06086979455125669,0.16797719006211412,36685,0.038438003591808,773.7010836478753,0.1005871917485208,95879.68452453426,0.08116883116883117,1.0,0.4050324675324675,0.998,0.7451298701298701,0.918,0.8603896103896104,0.212,E2
E2_training_cost_sweep,random_forest__weighted__R50__split789__model789,random_forest,weighted,class_weighting,E,algorithm+decision,no_origin_balance,test,stratified,789,789,False,50.0,773.7010836478753,False,class_weight[1],True,ner_optimal,val,0.001290797995614565,0.0012908741900602688,0.0012908714849422776,5749,4448085,1232,953160,1232,953162,4453834,205.82447279999906,b2e6f6243676544cb68b25aac83ba18d5eb139e5,True,3.14.4,1.8.0,3.4.0,2026-08-28T17:31:52+00:00,0.8142850002359366,0.9879912304941445,0.0007407183642970747,0.032815802842378616,1152,38707,80,914455,0.02890187912391179,0.935064935064935,0.05607067241001679,0.1605403762787311,39859,0.041763674122008314,773.7010836478753,0.10554250383432122,100603.08669183002,0.08035714285714286,0.99,0.4025974025974026,0.992,0.7426948051948052,0.915,0.8603896103896104,0.212,E2
E2_training_cost_sweep,xgboost__weighted__R100__split123__model123,xgboost,weighted,class_weighting,E,algorithm+decision,no_origin_balance,test,stratified,123,123,False,100.0,773.7010836478753,False,scale_pos_weight,True,ner_optimal,val,0.001290797995614565,0.0012908741900602688,0.0012908714849422776,5749,4448085,1232,953160,1232,953162,4453834,104.6265820999979,b2e6f6243676544cb68b25aac83ba18d5eb139e5,True,3.14.4,1.8.0,3.4.0,2026-08-28T12:23:04+00:00,0.8375029437446488,0.9876200564848585,0.002357198169972519,0.0723407194018364,1140,33871,92,919291,0.03256119505298335,0.9253246753246753,0.06290869961095935,0.16995164979427022,35011,0.036684011005936754,773.7010836478753,0.11020932532008426,105051.4996956045,0.08116883116883117,1.0,0.40584415584415584,1.0,0.7637987012987013,0.941,0.8693181818181818,0.2142,E2
E2_training_cost_sweep,xgboost__weighted__R100__split123__model42,xgboost,weighted,class_weighting,E,algorithm+decision,no_origin_balance,test,stratified,123,42,False,100.0,773.7010836478753,False,scale_pos_weight,True,ner_optimal,val,0.001290797995614565,0.0012908741900602688,0.0012908714849422776,5749,4448085,1232,953160,1232,953162,4453834,109.62056329999177,b2e6f6243676544cb68b25aac83ba18d5eb139e5,True,3.14.4,1.8.0,3.4.0,2026-08-28T12:21:07+00:00,0.836193327444195,0.9869978570914902,0.002346199663647557,0.10919829457998276,1118,20347,114,932815,0.052084789191707434,0.9074675324675324,0.09851522227607173,0.21458128777791552,21465,0.022490711383349016,773.7010836478753,0.1138784659121706,108548.92353585776,0.08116883116883117,1.0,0.40584415584415584,1.0,0.7646103896103896,0.942,0.8693181818181818,0.2142,E2
E2_training_cost_sweep,xgboost__weighted__R100__split123__model456,xgboost,weighted,class_weighting,E,algorithm+decision,no_origin_balance,test,stratified,123,456,False,100.0,773.7010836478753,False,scale_pos_weight,True,ner_optimal,val,0.001290797995614565,0.0012908741900602688,0.0012908714849422776,5749,4448085,1232,953160,1232,953162,4453834,104.42122329999984,b2e6f6243676544cb68b25aac83ba18d5eb139e5,True,3.14.4,1.8.0,3.4.0,2026-08-28T12:24:59+00:00,0.8367571928881178,0.9876047025993074,0.002433121452891508,0.09084796160459518,1132,26663,100,926499,0.04072674941536247,0.9188311688311688,0.07799634822751232,0.19022514585673087,27795,0.029123192308417697,773.7010836478753,0.10914093294295135,104033.1083647875,0.08116883116883117,1.0,0.40584415584415584,1.0,0.762987012987013,0.94,0.8733766233766234,0.2152,E2
E2_training_cost_sweep,xgboost__weighted__R100__split123__model789,xgboost,weighted,class_weighting,E,algorithm+decision,no_origin_balance,test,stratified,123,789,False,100.0,773.7010836478753,False,scale_pos_weight,True,ner_optimal,val,0.001290797995614565,0.0012908741900602688,0.0012908714849422776,5749,4448085,1232,953160,1232,953162,4453834,155.9737954000011,b2e6f6243676544cb68b25aac83ba18d5eb139e5,True,3.14.4,1.8.0,3.4.0,2026-08-28T12:27:48+00:00,0.838477919852754,0.9871535597974284,0.0023116893803339406,0.12097308784723282,1112,17991,120,935171,0.058210752237868396,0.9025974025974026,0.10936808458323088,0.22655850921354842,19103,0.020015842513678838,773.7010836478753,0.11627692073523799,110835.13003774501,0.08116883116883117,1.0,0.40584415584415584,1.0,0.7686688311688312,0.947,0.8717532467532467,0.2148,E2
E2_training_cost_sweep,xgboost__weighted__R100__split42__model123,xgboost,weighted,class_weighting,E,algorithm+decision,no_origin_balance,test,stratified,42,123,False,100.0,773.7010836478753,False,scale_pos_weight,True,ner_optimal,val,0.001290797995614565,0.0012908741900602688,0.0012908714849422776,5749,4448085,1232,953160,1232,953162,4453834,105.5273659999948,b2e6f6243676544cb68b25aac83ba18d5eb139e5,True,3.14.4,1.8.0,3.4.0,2026-08-28T09:53:03+00:00,0.8053071891755501,0.984598045631414,0.0022808552782061587,0.12921124696731567,1086,16505,146,936657,0.06173611505883691,0.8814935064935064,0.11539074536471339,0.2306865353098436,17591,0.018431591145795134,773.7010836478753,0.1358218571108086,129465.35821258978,0.08116883116883117,1.0,0.40584415584415584,1.0,0.7443181818181818,0.917,0.8425324675324676,0.2076,E2
E2_training_cost_sweep,xgboost__weighted__R100__split42__model42,xgboost,weighted,class_weighting,E,algorithm+decision,no_origin_balance,test,stratified,42,42,False,100.0,773.7010836478753,False,scale_pos_weight,True,ner_optimal,val,0.001290797995614565,0.0012908741900602688,0.0012908714849422776,5749,4448085,1232,953160,1232,953162,4453834,109.69401699998707,b2e6f6243676544cb68b25aac83ba18d5eb139e5,True,3.14.4,1.8.0,3.4.0,2026-08-28T09:51:07+00:00,0.8075650456337491,0.985152784582046,0.0022713685740789204,0.10867174714803696,1092,19834,140,933328,0.05218388607473956,0.8863636363636364,0.09856485242350392,0.21222207489127304,20926,0.02192595510868677,773.7010836478753,0.13444417470743214,128152.15171070253,0.08116883116883117,1.0,0.40584415584415584,1.0,0.7508116883116883,0.925,0.8409090909090909,0.2072,E2
E2_training_cost_sweep,xgboost__weighted__R100__split42__model456,xgboost,weighted,class_weighting,E,algorithm+decision,no_origin_balance,test,stratified,42,456,False,100.0,773.7010836478753,False,scale_pos_weight,True,ner_optimal,val,0.001290797995614565,0.0012908741900602688,0.0012908714849422776,5749,4448085,1232,953160,1232,953162,4453834,103.60076570000092,b2e6f6243676544cb68b25aac83ba18d5eb139e5,True,3.14.4,1.8.0,3.4.0,2026-08-28T09:54:57+00:00,0.8092770317212167,0.9851130075441039,0.002271478204722629,0.0903199315071106,1108,25195,124,927967,0.0421244724936319,0.8993506493506493,0.08047938986744144,0.19145381702715866,26303,0.02755989664645838,773.7010836478753,0.12708137646036058,121133.9343723365,0.08116883116883117,1.0,0.40584415584415584,1.0,0.7483766233766234,0.922,0.8417207792207793,0.2074,E2
E2_training_cost_sweep,xgboost__weighted__R100__split42__model789,xgboost,weighted,class_weighting,E,algorithm+decision,no_origin_balance,test,stratified,42,789,False,100.0,773.7010836478753,False,scale_pos_weight,True,ner_optimal,val,0.001290797995614565,0.0012908741900602688,0.0012908714849422776,5749,4448085,1232,953160,1232,953162,4453834,107.40448300000571,b2e6f6243676544cb68b25aac83ba18d5eb139e5,True,3.14.4,1.8.0,3.4.0,2026-08-28T09:56:53+00:00,0.80679052804545,0.9846558683814313,0.002302698092249996,0.11935913562774658,1085,17934,147,935228,0.057048214942951786,0.8806818181818182,0.10715520221223643,0.22143283502272784,19019,0.01992782854879641,773.7010836478753,0.13813270656097412,131668.05929623765,0.08116883116883117,1.0,0.40584415584415584,1.0,0.7426948051948052,0.915,0.8425324675324676,0.2076,E2
E2_training_cost_sweep,xgboost__weighted__R100__split456__model123,xgboost,weighted,class_weighting,E,algorithm+decision,no_origin_balance,test,stratified,456,123,False,100.0,773.7010836478753,False,scale_pos_weight,True,ner_optimal,val,0.001290797995614565,0.0012908741900602688,0.0012908714849422776,5749,4448085,1232,953160,1232,953162,4453834,181.2727850000083,b2e6f6243676544cb68b25aac83ba18d5eb139e5,True,3.14.4,1.8.0,3.4.0,2026-08-28T16:02:17+00:00,0.825519313151109,0.9860387778653181,0.0022285352556703606,0.07540254294872284,1118,30929,114,922233,0.03488626080444347,0.9074675324675324,0.0671895189158328,0.17440751139423036,32047,0.033578375387942505,773.7010836478753,0.12498002166260154,119130.92353585776,0.08116883116883117,1.0,0.4050324675324675,0.998,0.752435064935065,0.927,0.859577922077922,0.2118,E2
E2_training_cost_sweep,xgboost__weighted__R100__split456__model42,xgboost,weighted,class_weighting,E,algorithm+decision,no_origin_balance,test,stratified,456,42,False,100.0,773.7010836478753,False,scale_pos_weight,True,ner_optimal,val,0.001290797995614565,0.0012908741900602688,0.0012908714849422776,5749,4448085,1232,953160,1232,953162,4453834,148.68297660000098,b2e6f6243676544cb68b25aac83ba18d5eb139e5,True,3.14.4,1.8.0,3.4.0,2026-08-28T15:59:02+00:00,0.8255819692318925,0.9866225401729859,0.002201149603047792,0.0735059604048729,1121,31177,111,921985,0.034708031457056164,0.9099025974025974,0.0668654935878318,0.17418400430128453,32298,0.03384136949729357,773.7010836478753,0.12280513304828002,117057.82028491412,0.08116883116883117,1.0,0.40584415584415584,1.0,0.7564935064935064,0.932,0.8603896103896104,0.212,E2
E2_training_cost_sweep,xgboost__weighted__R100__split456__model456,xgboost,weighted,class_weighting,E,algorithm+decision,no_origin_balance,test,stratified,456,456,False,100.0,773.7010836478753,False,scale_pos_weight,True,ner_optimal,val,0.001290797995614565,0.0012908741900602688,0.0012908714849422776,5749,4448085,1232,953160,1232,953162,4453834,146.06256900000153,b2e6f6243676544cb68b25aac83ba18d5eb139e5,True,3.14.4,1.8.0,3.4.0,2026-08-28T16:04:54+00:00,0.8256445222073752,0.9862714926977023,0.0022366865755353528,0.09348369389772415,1106,24027,126,929135,0.04400588867226356,0.8977272727272727,0.08389910866679309,0.1956468600426068,25133,0.026333987849881706,773.7010836478753,0.12747940654088108,121513.33653963225,0.08116883116883117,1.0,0.4050324675324675,0.998,0.7564935064935064,0.932,0.8612012987012987,0.2122,E2
E2_training_cost_sweep,xgboost__weighted__R100__split456__model789,xgboost,weighted,class_weighting,E,algorithm+decision,no_origin_balance,test,stratified,456,789,False,100.0,773.7010836478753,False,scale_pos_weight,True,ner_optimal,val,0.001290797995614565,0.0012908741900602688,0.0012908714849422776,5749,4448085,1232,953160,1232,953162,4453834,138.7687048999942,b2e6f6243676544cb68b25aac83ba18d5eb139e5,True,3.14.4,1.8.0,3.4.0,2026-08-28T16:07:23+00:00,0.8256768440554638,0.986682561687978,0.0021976646242503122,0.06083246320486069,1128,39890,104,913272,0.02750012189770345,0.9155844155844156,0.053396449704142014,0.15468778802190275,41018,0.042978057280326575,773.7010836478753,0.12626410632870952,120354.91269937901,0.08116883116883117,1.0,0.4050324675324675,0.998,0.7573051948051948,0.933,0.8628246753246753,0.2126,E2
E2_training_cost_sweep,xgboost__weighted__R100__split789__model123,xgboost,weighted,class_weighting,E,algorithm+decision,no_origin_balance,test,stratified,789,123,False,100.0,773.7010836478753,False,scale_pos_weight,True,ner_optimal,val,0.001290797995614565,0.0012908741900602688,0.0012908714849422776,5749,4448085,1232,953160,1232,953162,4453834,168.4943983000121,b2e6f6243676544cb68b25aac83ba18d5eb139e5,True,3.14.4,1.8.0,3.4.0,2026-08-28T18:12:04+00:00,0.8290068500801879,0.987629968810306,0.0022740602249343308,0.0862906351685524,1131,27151,101,926011,0.03999009971006294,0.9180194805194806,0.07664159381988209,0.18834955294972616,28282,0.029633463747676538,773.7010836478753,0.11046458111158639,105294.80944843538,0.08116883116883117,1.0,0.40584415584415584,1.0,0.7581168831168831,0.934,0.8603896103896104,0.212,E2
E2_training_cost_sweep,xgboost__weighted__R100__split789__model42,xgboost,weighted,class_weighting,E,algorithm+decision,no_origin_balance,test,stratified,789,42,False,100.0,773.7010836478753,False,scale_pos_weight,True,ner_optimal,val,0.001290797995614565,0.0012908741900602688,0.0012908714849422776,5749,4448085,1232,953160,1232,953162,4453834,154.09073979999812,b2e6f6243676544cb68b25aac83ba18d5eb139e5,True,3.14.4,1.8.0,3.4.0,2026-08-28T18:09:01+00:00,0.8324128987159497,0.9873917332214033,0.0022960516312612554,0.10295073688030243,1124,22122,108,931040,0.04835240471478964,0.9123376623376623,0.0918375684287932,0.20709509742725507,23246,0.02435681699591573,773.7010836478753,0.1108704851118777,105681.7170339705,0.08116883116883117,1.0,0.40584415584415584,1.0,0.7597402597402597,0.936,0.8652597402597403,0.2132,E2
E2_training_cost_sweep,xgboost__weighted__R100__split789__model456,xgboost,weighted,class_weighting,E,algorithm+decision,no_origin_balance,test,stratified,789,456,False,100.0,773.7010836478753,False,scale_pos_weight,True,ner_optimal,val,0.001290797995614565,0.0012908741900602688,0.0012908714849422776,5749,4448085,1232,953160,1232,953162,4453834,155.45391910000762,b2e6f6243676544cb68b25aac83ba18d5eb139e5,True,3.14.4,1.8.0,3.4.0,2026-08-28T18:14:54+00:00,0.8333949154397822,0.9876215156575093,0.0022470960419054696,0.08787920325994492,1124,26883,108,926279,0.040132823936872924,0.9123376623376623,0.07688361435069599,0.18809493823059437,28007,0.029345322791216207,773.7010836478753,0.11586524101131086,110442.7170339705,0.08116883116883117,1.0,0.40584415584415584,1.0,0.7564935064935064,0.932,0.8660714285714286,0.2134,E2
E2_training_cost_sweep,xgboost__weighted__R100__split789__model789,xgboost,weighted,class_weighting,E,algorithm+decision,no_origin_balance,test,stratified,789,789,False,100.0,773.7010836478753,False,scale_pos_weight,True,ner_optimal,val,0.001290797995614565,0.0012908741900602688,0.0012908714849422776,5749,4448085,1232,953160,1232,953162,4453834,151.63833679999516,b2e6f6243676544cb68b25aac83ba18d5eb139e5,True,3.14.4,1.8.0,3.4.0,2026-08-28T18:17:39+00:00,0.8319037062504548,0.9873776698967813,0.0022107259639901162,0.06550172716379166,1138,38171,94,914991,0.02895011320562721,0.9237012987012987,0.05614069707209985,0.15965941582227988,39309,0.04118739220908765,773.7010836478753,0.11634382363377017,110898.90186290025,0.08116883116883117,1.0,0.40584415584415584,1.0,0.7589285714285714,0.935,0.8628246753246753,0.2126,E2
E2_training_cost_sweep,xgboost__weighted__R10__split123__model123,xgboost,weighted,class_weighting,E,algorithm+decision,no_origin_balance,test,stratified,123,123,False,10.0,773.7010836478753,False,scale_pos_weight,True,ner_optimal,val,0.001290797995614565,0.0012908741900602688,0.0012908714849422776,5749,4448085,1232,953160,1232,953162,4453834,145.67394530000456,b2e6f6243676544cb68b25aac83ba18d5eb139e5,True,3.14.4,1.8.0,3.4.0,2026-08-28T11:00:43+00:00,0.8452988583797548,0.9872012798951307,0.000446362422852415,0.01525071170181036,1121,20802,111,932360,0.05113351274916754,0.9099025974025974,0.096825739581084,0.21284936548294728,21923,0.02297059704901749,773.7010836478753,0.11192074059782443,106682.82028491412,0.08116883116883117,1.0,0.40584415584415584,1.0,0.773538961038961,0.953,0.8741883116883117,0.2154,E2
E2_training_cost_sweep,xgboost__weighted__R10__split123__model42,xgboost,weighted,class_weighting,E,algorithm+decision,no_origin_balance,test,stratified,123,42,False,10.0,773.7010836478753,False,scale_pos_weight,True,ner_optimal,val,0.001290797995614565,0.0012908741900602688,0.0012908714849422776,5749,4448085,1232,953160,1232,953162,4453834,131.31683429999975,b2e6f6243676544cb68b25aac83ba18d5eb139e5,True,3.14.4,1.8.0,3.4.0,2026-08-28T10:58:05+00:00,0.845233108826094,0.9873489041409866,0.0004448983579184718,0.016545260325074196,1119,19001,113,934161,0.05561630218687873,0.9082792207792207,0.1048145372798801,0.22203376404613298,20120,0.021081440159933948,773.7010836478753,0.11165469160160874,106429.22245220988,0.08116883116883117,1.0,0.40584415584415584,1.0,0.7800324675324676,0.961,0.8733766233766234,0.2152,E2
E2_training_cost_sweep,xgboost__weighted__R10__split123__model456,xgboost,weighted,class_weighting,E,algorithm+decision,no_origin_balance,test,stratified,123,456,False,10.0,773.7010836478753,False,scale_pos_weight,True,ner_optimal,val,0.001290797995614565,0.0012908741900602688,0.0012908714849422776,5749,4448085,1232,953160,1232,953162,4453834,141.98400560001028,b2e6f6243676544cb68b25aac83ba18d5eb139e5,True,3.14.4,1.8.0,3.4.0,2026-08-28T11:03:17+00:00,0.8460812359504071,0.987611050234521,0.0004432382701733228,0.017150912433862686,1116,18371,116,934791,0.05726894852978909,0.9058441558441559,0.10772720691153048,0.22508432362541722,19487,0.02041819206742708,773.7010836478753,0.11342882475413997,108120.3257031535,0.08116883116883117,1.0,0.40584415584415584,1.0,0.7775974025974026,0.958,0.8733766233766234,0.2152,E2
E2_training_cost_sweep,xgboost__weighted__R10__split123__model789,xgboost,weighted,class_weighting,E,algorithm+decision,no_origin_balance,test,stratified,123,789,False,10.0,773.7010836478753,False,scale_pos_weight,True,ner_optimal,val,0.001290797995614565,0.0012908741900602688,0.0012908714849422776,5749,4448085,1232,953160,1232,953162,4453834,145.5813288999925,b2e6f6243676544cb68b25aac83ba18d5eb139e5,True,3.14.4,1.8.0,3.4.0,2026-08-28T11:05:56+00:00,0.8447848070408265,0.9873619481311104,0.00044101776641512525,0.00980395544320345,1140,32940,92,920222,0.03345070422535211,0.9253246753246753,0.06456728590847303,0.17235923054723232,34080,0.03570852289515651,773.7010836478753,0.10923261501922892,104120.4996956045,0.08116883116883117,1.0,0.40584415584415584,1.0,0.7775974025974026,0.958,0.8709415584415584,0.2146,E2
E2_training_cost_sweep,xgboost__weighted__R10__split42__model123,xgboost,weighted,class_weighting,E,algorithm+decision,no_origin_balance,test,stratified,42,123,False,10.0,773.7010836478753,False,scale_pos_weight,True,ner_optimal,val,0.001290797995614565,0.0012908741900602688,0.0012908714849422776,5749,4448085,1232,953160,1232,953162,4453834,99.39931229999638,b2e6f6243676544cb68b25aac83ba18d5eb139e5,True,3.14.4,1.8.0,3.4.0,2026-08-28T09:11:09+00:00,0.8168167349635567,0.9854253028511772,0.00045898472133403553,0.014048632234334946,1098,22398,134,930764,0.04673135852911134,0.8912337662337663,0.0888062115820123,0.20106102039735466,23496,0.02461876331997058,773.7010836478753,0.13226393228240763,126073.94520881528,0.08116883116883117,1.0,0.40584415584415584,1.0,0.7589285714285714,0.935,0.8465909090909091,0.2086,E2
E2_training_cost_sweep,xgboost__weighted__R10__split42__model42,xgboost,weighted,class_weighting,E,algorithm+decision,no_origin_balance,test,stratified,42,42,False,10.0,773.7010836478753,False,scale_pos_weight,True,ner_optimal,val,0.001290797995614565,0.0012908741900602688,0.0012908714849422776,5749,4448085,1232,953160,1232,953162,4453834,103.14292209999985,b2e6f6243676544cb68b25aac83ba18d5eb139e5,True,3.14.4,1.8.0,3.4.0,2026-08-28T09:09:20+00:00,0.8181658553747775,0.9859701524688693,0.00045952270654772947,0.014835196547210217,1096,20518,136,932644,0.05070787452577034,0.8896103896103896,0.09594677405235053,0.20950449760876688,21614,0.022646831392485703,773.7010836478753,0.13191500453885835,125741.34737611104,0.08116883116883117,1.0,0.40584415584415584,1.0,0.7581168831168831,0.934,0.849025974025974,0.2092,E2
E2_training_cost_sweep,xgboost__weighted__R10__split42__model456,xgboost,weighted,class_weighting,E,algorithm+decision,no_origin_balance,test,stratified,42,456,False,10.0,773.7010836478753,False,scale_pos_weight,True,ner_optimal,val,0.001290797995614565,0.0012908741900602688,0.0012908714849422776,5749,4448085,1232,953160,1232,953162,4453834,98.90098910000233,b2e6f6243676544cb68b25aac83ba18d5eb139e5,True,3.14.4,1.8.0,3.4.0,2026-08-28T09:12:56+00:00,0.8165753880050883,0.985835960105254,0.0004637921098827026,0.017970619723200798,1092,16956,140,936206,0.06050531914893617,0.8863636363636364,0.11327800829875519,0.22896179994783888,18048,0.01891042902616739,773.7010836478753,0.13142487046912746,125274.15171070253,0.08116883116883117,1.0,0.40584415584415584,1.0,0.7573051948051948,0.933,0.8441558441558441,0.208,E2
E2_training_cost_sweep,xgboost__weighted__R10__split42__model789,xgboost,weighted,class_weighting,E,algorithm+decision,no_origin_balance,test,stratified,42,789,False,10.0,773.7010836478753,False,scale_pos_weight,True,ner_optimal,val,0.001290797995614565,0.0012908741900602688,0.0012908714849422776,5749,4448085,1232,953160,1232,953162,4453834,128.8843712999951,b2e6f6243676544cb68b25aac83ba18d5eb139e5,True,3.14.4,1.8.0,3.4.0,2026-08-28T09:15:16+00:00,0.8166132869642424,0.9853857838402635,0.0004650068948756728,0.02276625670492649,1082,13093,150,940069,0.076331569664903,0.8782467532467533,0.14045563704809502,0.25661549401085165,14175,0.014852356573909728,773.7010836478753,0.1354890877512048,129148.16254718127,0.08116883116883117,1.0,0.40584415584415584,1.0,0.7548701298701299,0.93,0.8498376623376623,0.2094,E2
E2_training_cost_sweep,xgboost__weighted__R10__split456__model123,xgboost,weighted,class_weighting,E,algorithm+decision,no_origin_balance,test,stratified,456,123,False,10.0,773.7010836478753,False,scale_pos_weight,True,ner_optimal,val,0.001290797995614565,0.0012908741900602688,0.0012908714849422776,5749,4448085,1232,953160,1232,953162,4453834,135.69511889999558,b2e6f6243676544cb68b25aac83ba18d5eb139e5,True,3.14.4,1.8.0,3.4.0,2026-08-28T15:04:14+00:00,0.8323962101689977,0.9862962760660436,0.0004439193745912849,0.014080960303544998,1106,21507,126,931655,0.04890991907309954,0.8977272727272727,0.09276577898930594,0.206605490035569,22613,0.023693568903408863,773.7010836478753,0.12483567941074633,118993.33653963225,0.08116883116883117,1.0,0.40584415584415584,1.0,0.7719155844155844,0.951,0.8652597402597403,0.2132,E2
E2_training_cost_sweep,xgboost__weighted__R10__split456__model42,xgboost,weighted,class_weighting,E,algorithm+decision,no_origin_balance,test,stratified,456,42,False,10.0,773.7010836478753,False,scale_pos_weight,True,ner_optimal,val,0.001290797995614565,0.0012908741900602688,0.0012908714849422776,5749,4448085,1232,953160,1232,953162,4453834,138.47676099999808,b2e6f6243676544cb68b25aac83ba18d5eb139e5,True,3.14.4,1.8.0,3.4.0,2026-08-28T15:01:45+00:00,0.8352370113928592,0.9870115985210075,0.0004332080166619685,0.018363116309046745,1099,15976,133,937186,0.06436310395314787,0.8920454545454546,0.12006336374064565,0.23709032706016928,17075,0.017890933932945934,773.7010836478753,0.12471493618114576,118878.2441251674,0.08116883116883117,1.0,0.40584415584415584,1.0,0.7727272727272727,0.952,0.8652597402597403,0.2132,E2
E2_training_cost_sweep,xgboost__weighted__R10__split456__model456,xgboost,weighted,class_weighting,E,algorithm+decision,no_origin_balance,test,stratified,456,456,False,10.0,773.7010836478753,False,scale_pos_weight,True,ner_optimal,val,0.001290797995614565,0.0012908741900602688,0.0012908714849422776,5749,4448085,1232,953160,1232,953162,4453834,132.89508750000095,b2e6f6243676544cb68b25aac83ba18d5eb139e5,True,3.14.4,1.8.0,3.4.0,2026-08-28T15:06:41+00:00,0.8363538446298722,0.9870398682347425,0.0004325788486240594,0.012311496771872044,1113,25098,119,928064,0.04246308801648163,0.9034090909090909,0.08111358087672631,0.19269401459674568,26211,0.027463500399206198,773.7010836478753,0.12292117238937017,117168.42895409712,0.08116883116883117,1.0,0.40584415584415584,1.0,0.7719155844155844,0.951,0.8693181818181818,0.2142,E2
E2_training_cost_sweep,xgboost__weighted__R10__split456__model789,xgboost,weighted,class_weighting,E,algorithm+decision,no_origin_balance,test,stratified,456,789,False,10.0,773.7010836478753,False,scale_pos_weight,True,ner_optimal,val,0.001290797995614565,0.0012908741900602688,0.0012908714849422776,5749,4448085,1232,953160,1232,953162,4453834,134.39780880000035,b2e6f6243676544cb68b25aac83ba18d5eb139e5,True,3.14.4,1.8.0,3.4.0,2026-08-28T15:09:09+00:00,0.8335163190436062,0.9869890335038507,0.0004376100523138542,0.006998057011514902,1133,47623,99,905539,0.023238165559110673,0.9196428571428571,0.04533087941105866,0.14182627127280867,48756,0.05108581990247214,773.7010836478753,0.1303183401263521,124219.40728113963,0.08116883116883117,1.0,0.4050324675324675,0.998,0.7751623376623377,0.955,0.8628246753246753,0.2126,E2
E2_training_cost_sweep,xgboost__weighted__R10__split789__model123,xgboost,weighted,class_weighting,E,algorithm+decision,no_origin_balance,test,stratified,789,123,False,10.0,773.7010836478753,False,scale_pos_weight,True,ner_optimal,val,0.001290797995614565,0.0012908741900602688,0.0012908714849422776,5749,4448085,1232,953160,1232,953162,4453834,116.09622199999285,b2e6f6243676544cb68b25aac83ba18d5eb139e5,True,3.14.4,1.8.0,3.4.0,2026-08-28T17:11:31+00:00,0.8409917181580866,0.9876721919955717,0.00043584740550337703,0.011058740317821503,1135,28772,97,924390,0.03795098137559769,0.9212662337662337,0.07289893702431036,0.18364062834101627,29907,0.03133611485403303,773.7010836478753,0.108918415832273,103821.00511384389,0.08116883116883117,1.0,0.40584415584415584,1.0,0.7751623376623377,0.955,0.8636363636363636,0.2128,E2
E2_training_cost_sweep,xgboost__weighted__R10__split789__model42,xgboost,weighted,class_weighting,E,algorithm+decision,no_origin_balance,test,stratified,789,42,False,10.0,773.7010836478753,False,scale_pos_weight,True,ner_optimal,val,0.001290797995614565,0.0012908741900602688,0.0012908714849422776,5749,4448085,1232,953160,1232,953162,4453834,114.5372126000002,b2e6f6243676544cb68b25aac83ba18d5eb139e5,True,3.14.4,1.8.0,3.4.0,2026-08-28T17:09:24+00:00,0.8418464561814337,0.9880187916980193,0.000432763901612043,0.017239287495613098,1119,17174,113,935988,0.061170939703711805,0.9082792207792207,0.11462227912932138,0.23313226633380976,18293,0.019167136423741137,773.7010836478753,0.10973798943226104,104602.22245220988,0.08116883116883117,1.0,0.40584415584415584,1.0,0.775974025974026,0.956,0.8652597402597403,0.2132,E2
E2_training_cost_sweep,xgboost__weighted__R10__split789__model456,xgboost,weighted,class_weighting,E,algorithm+decision,no_origin_balance,test,stratified,789,456,False,10.0,773.7010836478753,False,scale_pos_weight,True,ner_optimal,val,0.001290797995614565,0.0012908741900602688,0.0012908714849422776,5749,4448085,1232,953160,1232,953162,4453834,114.14357929999824,b2e6f6243676544cb68b25aac83ba18d5eb139e5,True,3.14.4,1.8.0,3.4.0,2026-08-28T17:13:36+00:00,0.840428478376342,0.9880646617504439,0.0004378073306481637,0.018510572612285614,1118,16161,114,937001,0.0647028184501418,0.9074675324675324,0.12079304197504187,0.23981311585113355,17279,0.018104682133374687,773.7010836478753,0.10948694140155787,104362.92353585776,0.08116883116883117,1.0,0.40584415584415584,1.0,0.7694805194805194,0.948,0.8685064935064936,0.214,E2
E2_training_cost_sweep,xgboost__weighted__R10__split789__model789,xgboost,weighted,class_weighting,E,algorithm+decision,no_origin_balance,test,stratified,789,789,False,10.0,773.7010836478753,False,scale_pos_weight,True,ner_optimal,val,0.001290797995614565,0.0012908741900602688,0.0012908714849422776,5749,4448085,1232,953160,1232,953162,4453834,118.09602850000374,b2e6f6243676544cb68b25aac83ba18d5eb139e5,True,3.14.4,1.8.0,3.4.0,2026-08-28T17:15:45+00:00,0.8418914163678504,0.9876485620846888,0.0004291230001997497,0.01780899241566658,1116,16935,116,936227,0.06182482964932691,0.9058441558441559,0.11574962402115853,0.23408371856216356,18051,0.018913572382056047,773.7010836478753,0.11192231992919018,106684.3257031535,0.08116883116883117,1.0,0.40584415584415584,1.0,0.7719155844155844,0.951,0.8660714285714286,0.2134,E2
E2_training_cost_sweep,xgboost__weighted__R2000__split123__model123,xgboost,weighted,class_weighting,E,algorithm+decision,no_origin_balance,test,stratified,123,123,False,2000.0,773.7010836478753,False,scale_pos_weight,True,ner_optimal,val,0.001290797995614565,0.0012908741900602688,0.0012908714849422776,5749,4448085,1232,953160,1232,953162,4453834,117.57903280000028,b2e6f6243676544cb68b25aac83ba18d5eb139e5,True,3.14.4,1.8.0,3.4.0,2026-08-28T12:46:12+00:00,0.8202569119988873,0.985080971742801,0.024428448074368548,0.5405301451683044,1110,23559,122,929603,0.04499574364587133,0.900974025974026,0.08571097641017722,0.1982747261376025,24669,0.025847815472435913,773.7010836478753,0.12374167539853138,117950.53220504076,0.08116883116883117,1.0,0.4042207792207792,0.996,0.7451298701298701,0.918,0.8587662337662337,0.2116,E2
E2_training_cost_sweep,xgboost__weighted__R2000__split123__model42,xgboost,weighted,class_weighting,E,algorithm+decision,no_origin_balance,test,stratified,123,42,False,2000.0,773.7010836478753,False,scale_pos_weight,True,ner_optimal,val,0.001290797995614565,0.0012908741900602688,0.0012908714849422776,5749,4448085,1232,953160,1232,953162,4453834,119.79260099999374,b2e6f6243676544cb68b25aac83ba18d5eb139e5,True,3.14.4,1.8.0,3.4.0,2026-08-28T12:44:05+00:00,0.8205839861971842,0.9849684425791045,0.024490687306097533,0.48388081789016724,1113,30114,119,923048,0.03564223268325487,0.9034090909090909,0.06857882251455683,0.17595756095756312,31227,0.032719191445042616,773.7010836478753,0.12818344829601935,122184.42895409712,0.08116883116883117,1.0,0.4050324675324675,0.998,0.7508116883116883,0.925,0.8587662337662337,0.2116,E2
E2_training_cost_sweep,xgboost__weighted__R2000__split123__model456,xgboost,weighted,class_weighting,E,algorithm+decision,no_origin_balance,test,stratified,123,456,False,2000.0,773.7010836478753,False,scale_pos_weight,True,ner_optimal,val,0.001290797995614565,0.0012908741900602688,0.0012908714849422776,5749,4448085,1232,953160,1232,953162,4453834,114.05918710000697,b2e6f6243676544cb68b25aac83ba18d5eb139e5,True,3.14.4,1.8.0,3.4.0,2026-08-28T12:48:17+00:00,0.8194553792946268,0.9861149733319614,0.02510969022611406,0.5558009147644043,1109,23065,123,930097,0.0458757342599487,0.9001623376623377,0.08730221207588759,0.20017408100597717,24174,0.02532916175080732,773.7010836478753,0.12403510926486788,118230.23328868863,0.08116883116883117,1.0,0.40584415584415584,1.0,0.7483766233766234,0.922,0.8587662337662337,0.2116,E2
E2_training_cost_sweep,xgboost__weighted__R2000__split123__model789,xgboost,weighted,class_weighting,E,algorithm+decision,no_origin_balance,test,stratified,123,789,False,2000.0,773.7010836478753,False,scale_pos_weight,True,ner_optimal,val,0.001290797995614565,0.0012908741900602688,0.0012908714849422776,5749,4448085,1232,953160,1232,953162,4453834,128.3091817999957,b2e6f6243676544cb68b25aac83ba18d5eb139e5,True,3.14.4,1.8.0,3.4.0,2026-08-28T12:50:37+00:00,0.8203426527915456,0.9849165042078538,0.024893249619136453,0.4894264042377472,1121,29873,111,923289,0.036168290636897464,0.9099025974025974,0.06957115372680445,0.17796197073767261,30994,0.0324750574710235,773.7010836478753,0.12143710916824203,115753.82028491412,0.08116883116883117,1.0,0.4050324675324675,0.998,0.7459415584415584,0.919,0.8612012987012987,0.2122,E2
E2_training_cost_sweep,xgboost__weighted__R2000__split42__model123,xgboost,weighted,class_weighting,E,algorithm+decision,no_origin_balance,test,stratified,42,123,False,2000.0,773.7010836478753,False,scale_pos_weight,True,ner_optimal,val,0.001290797995614565,0.0012908741900602688,0.0012908714849422776,5749,4448085,1232,953160,1232,953162,4453834,110.18319879999035,b2e6f6243676544cb68b25aac83ba18d5eb139e5,True,3.14.4,1.8.0,3.4.0,2026-08-28T10:13:20+00:00,0.7909448653487782,0.9826529506049816,0.02392821277229402,0.6254163384437561,1071,15795,161,937367,0.06350053361792957,0.8693181818181818,0.11835561940545916,0.23238642432859558,16866,0.017671946806036083,773.7010836478753,0.1472523221581985,140360.8744673079,0.08116883116883117,1.0,0.40584415584415584,1.0,0.7272727272727273,0.896,0.8319805194805194,0.205,E2
E2_training_cost_sweep,xgboost__weighted__R2000__split42__model42,xgboost,weighted,class_weighting,E,algorithm+decision,no_origin_balance,test,stratified,42,42,False,2000.0,773.7010836478753,False,scale_pos_weight,True,ner_optimal,val,0.001290797995614565,0.0012908741900602688,0.0012908714849422776,5749,4448085,1232,953160,1232,953162,4453834,116.56685849999485,b2e6f6243676544cb68b25aac83ba18d5eb139e5,True,3.14.4,1.8.0,3.4.0,2026-08-28T10:11:20+00:00,0.7903597793097741,0.9824024434038917,0.023751485777256994,0.5189228653907776,1082,24966,150,928196,0.04153869778869779,0.8782467532467533,0.07932551319648094,0.1877645812148519,26048,0.027292711395922438,773.7010836478753,0.14794502910679602,141021.16254718127,0.08116883116883117,1.0,0.4050324675324675,0.998,0.726461038961039,0.895,0.8238636363636364,0.203,E2
E2_training_cost_sweep,xgboost__weighted__R2000__split42__model456,xgboost,weighted,class_weighting,E,algorithm+decision,no_origin_balance,test,stratified,42,456,False,2000.0,773.7010836478753,False,scale_pos_weight,True,ner_optimal,val,0.001290797995614565,0.0012908741900602688,0.0012908714849422776,5749,4448085,1232,953160,1232,953162,4453834,137.9579892000038,b2e6f6243676544cb68b25aac83ba18d5eb139e5,True,3.14.4,1.8.0,3.4.0,2026-08-28T10:15:48+00:00,0.7893347666287236,0.9823319888257367,0.024641744545421496,0.6184794306755066,1071,16694,161,936468,0.06028708133971292,0.8693181818181818,0.11275464547033742,0.22628819801697223,17765,0.018613905787337306,773.7010836478753,0.1481954613208934,141259.8744673079,0.08116883116883117,1.0,0.40584415584415584,1.0,0.7297077922077922,0.899,0.8238636363636364,0.203,E2
E2_training_cost_sweep,xgboost__weighted__R2000__split42__model789,xgboost,weighted,class_weighting,E,algorithm+decision,no_origin_balance,test,stratified,42,789,False,2000.0,773.7010836478753,False,scale_pos_weight,True,ner_optimal,val,0.001290797995614565,0.0012908741900602688,0.0012908714849422776,5749,4448085,1232,953160,1232,953162,4453834,138.61109049999504,b2e6f6243676544cb68b25aac83ba18d5eb139e5,True,3.14.4,1.8.0,3.4.0,2026-08-28T10:18:17+00:00,0.7930534853621353,0.9820559531287482,0.023296214829152385,0.7056536674499512,1058,10488,174,942674,0.09163346613545817,0.8587662337662337,0.1655971200500861,0.27843670161631656,11546,0.012097729030148973,773.7010836478753,0.15223670676585083,145111.98855473025,0.08116883116883117,1.0,0.40584415584415584,1.0,0.7256493506493507,0.894,0.8352272727272727,0.2058,E2
E2_training_cost_sweep,xgboost__weighted__R2000__split456__model123,xgboost,weighted,class_weighting,E,algorithm+decision,no_origin_balance,test,stratified,456,123,False,2000.0,773.7010836478753,False,scale_pos_weight,True,ner_optimal,val,0.001290797995614565,0.0012908741900602688,0.0012908714849422776,5749,4448085,1232,953160,1232,953162,4453834,121.60472940000182,b2e6f6243676544cb68b25aac83ba18d5eb139e5,True,3.14.4,1.8.0,3.4.0,2026-08-28T16:26:07+00:00,0.8114001795436012,0.9839573934734306,0.023681620423000108,0.4324067533016205,1115,35425,117,917737,0.030514504652435687,0.9050324675324676,0.059038441173355924,0.16239425578809685,36540,0.03828607472385619,773.7010836478753,0.13213183150920846,125948.02678680138,0.08116883116883117,1.0,0.4042207792207792,0.996,0.7426948051948052,0.915,0.8441558441558441,0.208,E2
E2_training_cost_sweep,xgboost__weighted__R2000__split456__model42,xgboost,weighted,class_weighting,E,algorithm+decision,no_origin_balance,test,stratified,456,42,False,2000.0,773.7010836478753,False,scale_pos_weight,True,ner_optimal,val,0.001290797995614565,0.0012908741900602688,0.0012908714849422776,5749,4448085,1232,953160,1232,953162,4453834,133.1382803000015,b2e6f6243676544cb68b25aac83ba18d5eb139e5,True,3.14.4,1.8.0,3.4.0,2026-08-28T16:23:54+00:00,0.8136286360447634,0.9841521302186894,0.02387979797066339,0.42925751209259033,1112,36202,120,916960,0.029801147022565255,0.9025974025974026,0.057697296736366935,0.16016687181752293,37314,0.03909706054312999,773.7010836478753,0.13538204564273162,129046.13003774501,0.08116883116883117,1.0,0.4050324675324675,0.998,0.7435064935064936,0.916,0.849025974025974,0.2092,E2
E2_training_cost_sweep,xgboost__weighted__R2000__split456__model456,xgboost,weighted,class_weighting,E,algorithm+decision,no_origin_balance,test,stratified,456,456,False,2000.0,773.7010836478753,False,scale_pos_weight,True,ner_optimal,val,0.001290797995614565,0.0012908741900602688,0.0012908714849422776,5749,4448085,1232,953160,1232,953162,4453834,117.83108659999561,b2e6f6243676544cb68b25aac83ba18d5eb139e5,True,3.14.4,1.8.0,3.4.0,2026-08-28T16:28:16+00:00,0.809437697048389,0.9840528796538505,0.024410524676787986,0.42101866006851196,1111,38449,121,914713,0.02808392315470172,0.9017857142857143,0.05447146499313591,0.15517371625468085,39560,0.04145038631843872,773.7010836478753,0.13855105731212344,132066.8311213929,0.08116883116883117,1.0,0.4042207792207792,0.996,0.7459415584415584,0.919,0.8425324675324676,0.2076,E2
E2_training_cost_sweep,xgboost__weighted__R2000__split456__model789,xgboost,weighted,class_weighting,E,algorithm+decision,no_origin_balance,test,stratified,456,789,False,2000.0,773.7010836478753,False,scale_pos_weight,True,ner_optimal,val,0.001290797995614565,0.0012908741900602688,0.0012908714849422776,5749,4448085,1232,953160,1232,953162,4453834,118.28489619999891,b2e6f6243676544cb68b25aac83ba18d5eb139e5,True,3.14.4,1.8.0,3.4.0,2026-08-28T16:30:25+00:00,0.8089047551206938,0.9848465916567732,0.023970109879369383,0.4718482196331024,1109,30720,123,922442,0.03484243928492884,0.9001623376623377,0.06708810985753606,0.1735660640681025,31829,0.03334995819336668,773.7010836478753,0.13206595497168597,125885.23328868863,0.08116883116883117,1.0,0.4042207792207792,0.996,0.7410714285714286,0.913,0.849025974025974,0.2092,E2
E2_training_cost_sweep,xgboost__weighted__R2000__split789__model123,xgboost,weighted,class_weighting,E,algorithm+decision,no_origin_balance,test,stratified,789,123,False,2000.0,773.7010836478753,False,scale_pos_weight,True,ner_optimal,val,0.001290797995614565,0.0012908741900602688,0.0012908714849422776,5749,4448085,1232,953160,1232,953162,4453834,139.21942480000143,b2e6f6243676544cb68b25aac83ba18d5eb139e5,True,3.14.4,1.8.0,3.4.0,2026-08-28T18:38:47+00:00,0.816504727348849,0.9855976857697184,0.02480665507679885,0.5427367091178894,1109,23869,123,929293,0.04439907118264073,0.9001623376623377,0.08462418924074781,0.19682154242424285,24978,0.0261715811289677,773.7010836478753,0.12487858411114898,119034.23328868863,0.08116883116883117,1.0,0.40584415584415584,1.0,0.739448051948052,0.911,0.8506493506493507,0.2096,E2
E2_training_cost_sweep,xgboost__weighted__R2000__split789__model42,xgboost,weighted,class_weighting,E,algorithm+decision,no_origin_balance,test,stratified,789,42,False,2000.0,773.7010836478753,False,scale_pos_weight,True,ner_optimal,val,0.001290797995614565,0.0012908741900602688,0.0012908714849422776,5749,4448085,1232,953160,1232,953162,4453834,137.92821719999483,b2e6f6243676544cb68b25aac83ba18d5eb139e5,True,3.14.4,1.8.0,3.4.0,2026-08-28T18:36:17+00:00,0.8177357318166251,0.9858734936705681,0.02566973624201893,0.5949876308441162,1102,19798,130,933364,0.05272727272727273,0.8944805194805194,0.09958431230797037,0.2143517036684293,20900,0.021898712690985065,773.7010836478753,0.12628952406011854,120379.14087422378,0.08116883116883117,1.0,0.40584415584415584,1.0,0.7426948051948052,0.915,0.8555194805194806,0.2108,E2
E2_training_cost_sweep,xgboost__weighted__R2000__split789__model456,xgboost,weighted,class_weighting,E,algorithm+decision,no_origin_balance,test,stratified,789,456,False,2000.0,773.7010836478753,False,scale_pos_weight,True,ner_optimal,val,0.001290797995614565,0.0012908741900602688,0.0012908714849422776,5749,4448085,1232,953160,1232,953162,4453834,135.00831160000234,b2e6f6243676544cb68b25aac83ba18d5eb139e5,True,3.14.4,1.8.0,3.4.0,2026-08-28T18:41:15+00:00,0.8170556586124103,0.9855526724010912,0.02540569740461316,0.5928357243537903,1095,19432,137,933730,0.05334437570029717,0.8887987012987013,0.10064800772094305,0.21493601097612494,20527,0.021507888775495237,773.7010836478753,0.13158737234922668,125429.04845975891,0.08116883116883117,1.0,0.40584415584415584,1.0,0.7410714285714286,0.913,0.8538961038961039,0.2104,E2
E2_training_cost_sweep,xgboost__weighted__R2000__split789__model789,xgboost,weighted,class_weighting,E,algorithm+decision,no_origin_balance,test,stratified,789,789,False,2000.0,773.7010836478753,False,scale_pos_weight,True,ner_optimal,val,0.001290797995614565,0.0012908741900602688,0.0012908714849422776,5749,4448085,1232,953160,1232,953162,4453834,135.1152785000013,b2e6f6243676544cb68b25aac83ba18d5eb139e5,True,3.14.4,1.8.0,3.4.0,2026-08-28T18:43:41+00:00,0.8179643839380091,0.986094415049763,0.02454273845959307,0.4900447726249695,1119,29361,113,923801,0.03671259842519685,0.9082792207792207,0.07057265388496468,0.17918449403471898,30480,0.03193649582876674,773.7010836478753,0.1225233475810516,116789.22245220988,0.08116883116883117,1.0,0.40584415584415584,1.0,0.7451298701298701,0.918,0.8547077922077922,0.2106,E2
E2_training_cost_sweep,xgboost__weighted__R5000__split123__model123,xgboost,weighted,class_weighting,E,algorithm+decision,no_origin_balance,test,stratified,123,123,False,5000.0,773.7010836478753,False,scale_pos_weight,True,ner_optimal,val,0.001290797995614565,0.0012908741900602688,0.0012908714849422776,5749,4448085,1232,953160,1232,953162,4453834,126.18033009998908,b2e6f6243676544cb68b25aac83ba18d5eb139e5,True,3.14.4,1.8.0,3.4.0,2026-08-28T14:32:31+00:00,0.8131655775663309,0.9835258390105638,0.03984263209026989,0.5990794897079468,1117,35617,115,917545,0.030407796591713398,0.9066558441558441,0.0588421218985408,0.1622473850405677,36734,0.03848934507132275,773.7010836478753,0.1307098817147945,124592.62461950563,0.08116883116883117,1.0,0.4042207792207792,0.996,0.739448051948052,0.911,0.8547077922077922,0.2106,E2
E2_training_cost_sweep,xgboost__weighted__R5000__split123__model42,xgboost,weighted,class_weighting,E,algorithm+decision,no_origin_balance,test,stratified,123,42,False,5000.0,773.7010836478753,False,scale_pos_weight,True,ner_optimal,val,0.001290797995614565,0.0012908741900602688,0.0012908714849422776,5749,4448085,1232,953160,1232,953162,4453834,124.4875519000052,b2e6f6243676544cb68b25aac83ba18d5eb139e5,True,3.14.4,1.8.0,3.4.0,2026-08-28T14:30:12+00:00,0.8130783763297488,0.9839419416568291,0.04053258584597659,0.6900616884231567,1102,24994,130,928168,0.04222869405272839,0.8944805194805194,0.08064988290398127,0.1911643878083889,26096,0.027343005090140968,773.7010836478753,0.1317406376189202,125575.14087422378,0.08116883116883117,1.0,0.4042207792207792,0.996,0.739448051948052,0.911,0.8538961038961039,0.2104,E2
E2_training_cost_sweep,xgboost__weighted__R5000__split123__model456,xgboost,weighted,class_weighting,E,algorithm+decision,no_origin_balance,test,stratified,123,456,False,5000.0,773.7010836478753,False,scale_pos_weight,True,ner_optimal,val,0.001290797995614565,0.0012908741900602688,0.0012908714849422776,5749,4448085,1232,953160,1232,953162,4453834,122.98805390000052,b2e6f6243676544cb68b25aac83ba18d5eb139e5,True,3.14.4,1.8.0,3.4.0,2026-08-28T14:34:46+00:00,0.814517889996875,0.9838501278907985,0.04105336262912447,0.6765064597129822,1106,26557,126,926605,0.039981202328019376,0.8977272727272727,0.07655303685758781,0.1861719393943953,27663,0.028984884649316738,773.7010836478753,0.13013362465169098,124043.33653963225,0.08116883116883117,1.0,0.40584415584415584,1.0,0.7378246753246753,0.909,0.8571428571428571,0.2112,E2
E2_training_cost_sweep,xgboost__weighted__R5000__split123__model789,xgboost,weighted,class_weighting,E,algorithm+decision,no_origin_balance,test,stratified,123,789,False,5000.0,773.7010836478753,False,scale_pos_weight,True,ner_optimal,val,0.001290797995614565,0.0012908741900602688,0.0012908714849422776,5749,4448085,1232,953160,1232,953162,4453834,129.17758180000237,b2e6f6243676544cb68b25aac83ba18d5eb139e5,True,3.14.4,1.8.0,3.4.0,2026-08-28T14:37:09+00:00,0.8173643457265253,0.984250315038228,0.039357745468123026,0.6521081328392029,1110,27939,122,925223,0.03821129815139936,0.900974025974026,0.07331329876820449,0.18218786635928236,29049,0.030437115069876803,773.7010836478753,0.12833672493424178,122330.53220504076,0.08116883116883117,1.0,0.4050324675324675,0.998,0.7491883116883117,0.923,0.8555194805194806,0.2108,E2
E2_training_cost_sweep,xgboost__weighted__R5000__split42__model123,xgboost,weighted,class_weighting,E,algorithm+decision,no_origin_balance,test,stratified,42,123,False,5000.0,773.7010836478753,False,scale_pos_weight,True,ner_optimal,val,0.001290797995614565,0.0012908741900602688,0.0012908714849422776,5749,4448085,1232,953160,1232,953162,4453834,91.06559659999039,b2e6f6243676544cb68b25aac83ba18d5eb139e5,True,3.14.4,1.8.0,3.4.0,2026-08-28T10:35:46+00:00,0.7850495371139968,0.980734189663784,0.03869670312829483,0.6902898550033569,1069,22570,163,930592,0.0452218790981006,0.8676948051948052,0.08596357203168349,0.1949876083354995,23639,0.02476859661732995,773.7010836478753,0.15598333818898105,148683.27663460365,0.08116883116883117,1.0,0.40584415584415584,1.0,0.7199675324675324,0.887,0.823051948051948,0.2028,E2
E2_training_cost_sweep,xgboost__weighted__R5000__split42__model42,xgboost,weighted,class_weighting,E,algorithm+decision,no_origin_balance,test,stratified,42,42,False,5000.0,773.7010836478753,False,scale_pos_weight,True,ner_optimal,val,0.001290797995614565,0.0012908741900602688,0.0012908714849422776,5749,4448085,1232,953160,1232,953162,4453834,120.76683519998915,b2e6f6243676544cb68b25aac83ba18d5eb139e5,True,3.14.4,1.8.0,3.4.0,2026-08-28T10:34:07+00:00,0.7861335439671185,0.981202928972268,0.03872345071049166,0.7894650101661682,1053,13513,179,939649,0.0722916380612385,0.8547077922077922,0.1333080136726168,0.24617729039234743,14566,0.015262040624731505,773.7010836478753,0.1594686699785216,152005.49397296965,0.08116883116883117,1.0,0.40584415584415584,1.0,0.7280844155844156,0.897,0.8222402597402597,0.2026,E2
E2_training_cost_sweep,xgboost__weighted__R5000__split42__model456,xgboost,weighted,class_weighting,E,algorithm+decision,no_origin_balance,test,stratified,42,456,False,5000.0,773.7010836478753,False,scale_pos_weight,True,ner_optimal,val,0.001290797995614565,0.0012908741900602688,0.0012908714849422776,5749,4448085,1232,953160,1232,953162,4453834,126.15413989999797,b2e6f6243676544cb68b25aac83ba18d5eb139e5,True,3.14.4,1.8.0,3.4.0,2026-08-28T10:38:03+00:00,0.7835858681482414,0.9808271057928121,0.03885719438335742,0.751083493232727,1069,17389,163,935773,0.05791526709285946,0.8676948051948052,0.10858303707465719,0.22146842171924197,18458,0.019340020997617335,773.7010836478753,0.1505479611011921,143502.27663460365,0.08116883116883117,1.0,0.40584415584415584,1.0,0.7207792207792207,0.888,0.8222402597402597,0.2026,E2
E2_training_cost_sweep,xgboost__weighted__R5000__split42__model789,xgboost,weighted,class_weighting,E,algorithm+decision,no_origin_balance,test,stratified,42,789,False,5000.0,773.7010836478753,False,scale_pos_weight,True,ner_optimal,val,0.001290797995614565,0.0012908741900602688,0.0012908714849422776,5749,4448085,1232,953160,1232,953162,4453834,130.96638050000183,b2e6f6243676544cb68b25aac83ba18d5eb139e5,True,3.14.4,1.8.0,3.4.0,2026-08-28T10:40:25+00:00,0.7863413120725083,0.9816261154397732,0.03703909159799946,0.7765209078788757,1061,14040,171,939122,0.0702602476657175,0.8612012987012987,0.12992101879630197,0.24355530594731217,15101,0.015822605758208874,773.7010836478753,0.1535280381665949,146342.88530378666,0.08116883116883117,1.0,0.40584415584415584,1.0,0.7199675324675324,0.887,0.8262987012987013,0.2036,E2
E2_training_cost_sweep,xgboost__weighted__R5000__split456__model123,xgboost,weighted,class_weighting,E,algorithm+decision,no_origin_balance,test,stratified,456,123,False,5000.0,773.7010836478753,False,scale_pos_weight,True,ner_optimal,val,0.001290797995614565,0.0012908741900602688,0.0012908714849422776,5749,4448085,1232,953160,1232,953162,4453834,125.47730369999772,b2e6f6243676544cb68b25aac83ba18d5eb139e5,True,3.14.4,1.8.0,3.4.0,2026-08-28T16:46:46+00:00,0.8043435204132102,0.9824203737276422,0.03851059317504439,0.7167604565620422,1083,19894,149,933268,0.051627973494779995,0.8790584415584416,0.09752802917736053,0.21016530935049954,20977,0.021979392158793958,773.7010836478753,0.14181231539667777,135175.4614635334,0.08116883116883117,1.0,0.4042207792207792,0.996,0.7337662337662337,0.904,0.8409090909090909,0.2072,E2
E2_training_cost_sweep,xgboost__weighted__R5000__split456__model42,xgboost,weighted,class_weighting,E,algorithm+decision,no_origin_balance,test,stratified,456,42,False,5000.0,773.7010836478753,False,scale_pos_weight,True,ner_optimal,val,0.001290797995614565,0.0012908741900602688,0.0012908714849422776,5749,4448085,1232,953160,1232,953162,4453834,115.93301760000759,b2e6f6243676544cb68b25aac83ba18d5eb139e5,True,3.14.4,1.8.0,3.4.0,2026-08-28T16:44:30+00:00,0.8056054060658977,0.9827672791452821,0.03858088968322778,0.6821556687355042,1088,22907,144,930255,0.04534277974578037,0.8831168831168831,0.08625678836167598,0.19702869113565288,23995,0.025141608182784048,773.7010836478753,0.14091480631565528,134319.95604529403,0.08116883116883117,1.0,0.4050324675324675,0.998,0.734577922077922,0.905,0.8417207792207793,0.2074,E2
E2_training_cost_sweep,xgboost__weighted__R5000__split456__model456,xgboost,weighted,class_weighting,E,algorithm+decision,no_origin_balance,test,stratified,456,456,False,5000.0,773.7010836478753,False,scale_pos_weight,True,ner_optimal,val,0.001290797995614565,0.0012908741900602688,0.0012908714849422776,5749,4448085,1232,953160,1232,953162,4453834,119.91889000000083,b2e6f6243676544cb68b25aac83ba18d5eb139e5,True,3.14.4,1.8.0,3.4.0,2026-08-28T16:48:57+00:00,0.8031415849138309,0.9829095593362974,0.039482999565401,0.7121223211288452,1084,20755,148,932407,0.049635972343056,0.8798701298701299,0.09397078583503099,0.20604904396704116,21839,0.022882583084135065,773.7010836478753,0.14190390052111884,135262.76037988553,0.08116883116883117,1.0,0.4042207792207792,0.996,0.7378246753246753,0.909,0.8392857142857143,0.2068,E2
E2_training_cost_sweep,xgboost__weighted__R5000__split456__model789,xgboost,weighted,class_weighting,E,algorithm+decision,no_origin_balance,test,stratified,456,789,False,5000.0,773.7010836478753,False,scale_pos_weight,True,ner_optimal,val,0.001290797995614565,0.0012908741900602688,0.0012908714849422776,5749,4448085,1232,953160,1232,953162,4453834,127.14800430000469,b2e6f6243676544cb68b25aac83ba18d5eb139e5,True,3.14.4,1.8.0,3.4.0,2026-08-28T16:51:16+00:00,0.8010344889675473,0.9835422211721441,0.03938781085720014,0.584834635257721,1110,36292,122,916870,0.029677557349874338,0.900974025974026,0.05746233887249573,0.15966815899972783,37402,0.039189265649197294,773.7010836478753,0.13709984109218448,130683.53220504076,0.08116883116883117,1.0,0.4042207792207792,0.996,0.7329545454545454,0.903,0.8400974025974026,0.207,E2
E2_training_cost_sweep,xgboost__weighted__R5000__split789__model123,xgboost,weighted,class_weighting,E,algorithm+decision,no_origin_balance,test,stratified,789,123,False,5000.0,773.7010836478753,False,scale_pos_weight,True,ner_optimal,val,0.001290797995614565,0.0012908741900602688,0.0012908714849422776,5749,4448085,1232,953160,1232,953162,4453834,134.9040793000022,b2e6f6243676544cb68b25aac83ba18d5eb139e5,True,3.14.4,1.8.0,3.4.0,2026-08-28T19:02:58+00:00,0.8139634616387778,0.9844127362400096,0.039503474496362406,0.6787371635437012,1106,24870,126,928292,0.042577764089929165,0.8977272727272727,0.08129961775948251,0.19233819938794897,25976,0.027217270854594643,773.7010836478753,0.1283637962117952,122356.33653963225,0.08116883116883117,1.0,0.40584415584415584,1.0,0.7353896103896104,0.906,0.8482142857142857,0.209,E2
E2_training_cost_sweep,xgboost__weighted__R5000__split789__model42,xgboost,weighted,class_weighting,E,algorithm+decision,no_origin_balance,test,stratified,789,42,False,5000.0,773.7010836478753,False,scale_pos_weight,True,ner_optimal,val,0.001290797995614565,0.0012908741900602688,0.0012908714849422776,5749,4448085,1232,953160,1232,953162,4453834,140.64249850000488,b2e6f6243676544cb68b25aac83ba18d5eb139e5,True,3.14.4,1.8.0,3.4.0,2026-08-28T19:00:30+00:00,0.8100413033693843,0.9846052686850606,0.04019986075967932,0.6961718201637268,1095,23478,137,929684,0.04456110365034794,0.8887987012987013,0.08486727378415036,0.19591046120310823,24573,0.02574722808399885,773.7010836478753,0.13583202313038747,129475.04845975891,0.08116883116883117,1.0,0.40584415584415584,1.0,0.7386363636363636,0.91,0.8498376623376623,0.2094,E2
E2_training_cost_sweep,xgboost__weighted__R5000__split789__model456,xgboost,weighted,class_weighting,E,algorithm+decision,no_origin_balance,test,stratified,789,456,False,5000.0,773.7010836478753,False,scale_pos_weight,True,ner_optimal,val,0.001290797995614565,0.0012908741900602688,0.0012908714849422776,5749,4448085,1232,953160,1232,953162,4453834,138.02244329999667,b2e6f6243676544cb68b25aac83ba18d5eb139e5,True,3.14.4,1.8.0,3.4.0,2026-08-28T19:05:28+00:00,0.8124436394309713,0.9850372881075231,0.04041711434689287,0.6693054437637329,1108,26476,124,926686,0.040168213457076565,0.8993506493506493,0.07690172126596335,0.18679653579035008,27584,0.028902109610915407,773.7010836478753,0.12842527108484575,122414.9343723365,0.08116883116883117,1.0,0.40584415584415584,1.0,0.7378246753246753,0.909,0.8538961038961039,0.2104,E2
E2_training_cost_sweep,xgboost__weighted__R5000__split789__model789,xgboost,weighted,class_weighting,E,algorithm+decision,no_origin_balance,test,stratified,789,789,False,5000.0,773.7010836478753,False,scale_pos_weight,True,ner_optimal,val,0.001290797995614565,0.0012908741900602688,0.0012908714849422776,5749,4448085,1232,953160,1232,953162,4453834,134.18806659999245,b2e6f6243676544cb68b25aac83ba18d5eb139e5,True,3.14.4,1.8.0,3.4.0,2026-08-28T19:07:54+00:00,0.8084282354242955,0.9850130527272765,0.040390444597528004,0.663324236869812,1103,27208,129,925954,0.03896012150754124,0.8952922077922078,0.07467081880648546,0.18343348159680542,28311,0.029663849521266897,773.7010836478753,0.13325165242870743,127015.43979057591,0.08116883116883117,1.0,0.4050324675324675,0.998,0.7313311688311688,0.901,0.849025974025974,0.2092,E2
E2_training_cost_sweep,xgboost__weighted__R50__split123__model123,xgboost,weighted,class_weighting,E,algorithm+decision,no_origin_balance,test,stratified,123,123,False,50.0,773.7010836478753,False,scale_pos_weight,True,ner_optimal,val,0.001290797995614565,0.0012908741900602688,0.0012908714849422776,5749,4448085,1232,953160,1232,953162,4453834,183.60995829998865,b2e6f6243676544cb68b25aac83ba18d5eb139e5,True,3.14.4,1.8.0,3.4.0,2026-08-28T11:32:03+00:00,0.8367888819109953,0.987146965205653,0.0012976233967339024,0.06570611894130707,1118,19227,114,933935,0.054952076677316296,0.9074675324675324,0.10362886406822079,0.22056846768952804,20345,0.02131719185158331,773.7010836478753,0.11270347607655516,107428.92353585776,0.08116883116883117,1.0,0.40584415584415584,1.0,0.7686688311688312,0.947,0.8717532467532467,0.2148,E2
E2_training_cost_sweep,xgboost__weighted__R50__split123__model42,xgboost,weighted,class_weighting,E,algorithm+decision,no_origin_balance,test,stratified,123,42,False,50.0,773.7010836478753,False,scale_pos_weight,True,ner_optimal,val,0.001290797995614565,0.0012908741900602688,0.0012908714849422776,5749,4448085,1232,953160,1232,953162,4453834,241.84112310000637,b2e6f6243676544cb68b25aac83ba18d5eb139e5,True,3.14.4,1.8.0,3.4.0,2026-08-28T11:28:42+00:00,0.8391695024916772,0.987143237864718,0.001290863543903976,0.05363831669092178,1125,24461,107,928701,0.043969358242789025,0.9131493506493507,0.08389887389067044,0.19728143712622667,25586,0.026808634589069083,773.7010836478753,0.11251263718010415,107247.01595032263,0.08116883116883117,1.0,0.40584415584415584,1.0,0.7694805194805194,0.948,0.8709415584415584,0.2146,E2
E2_training_cost_sweep,xgboost__weighted__R50__split123__model456,xgboost,weighted,class_weighting,E,algorithm+decision,no_origin_balance,test,stratified,123,456,False,50.0,773.7010836478753,False,scale_pos_weight,True,ner_optimal,val,0.001290797995614565,0.0012908741900602688,0.0012908714849422776,5749,4448085,1232,953160,1232,953162,4453834,147.9025135999982,b2e6f6243676544cb68b25aac83ba18d5eb139e5,True,3.14.4,1.8.0,3.4.0,2026-08-28T11:34:42+00:00,0.8404812657773254,0.9870192137246425,0.0012973430287967368,0.0459354892373085,1132,30338,100,922824,0.03597076580870671,0.9188311688311688,0.06923123967953031,0.17835371242598236,31470,0.03297380327202392,773.7010836478753,0.11299636834106452,107708.1083647875,0.08116883116883117,1.0,0.40584415584415584,1.0,0.7694805194805194,0.948,0.8709415584415584,0.2146,E2
E2_training_cost_sweep,xgboost__weighted__R50__split123__model789,xgboost,weighted,class_weighting,E,algorithm+decision,no_origin_balance,test,stratified,123,789,False,50.0,773.7010836478753,False,scale_pos_weight,True,ner_optimal,val,0.001290797995614565,0.0012908741900602688,0.0012908714849422776,5749,4448085,1232,953160,1232,953162,4453834,186.19448370000464,b2e6f6243676544cb68b25aac83ba18d5eb139e5,True,3.14.4,1.8.0,3.4.0,2026-08-28T11:38:06+00:00,0.8400800745363843,0.9869332064183254,0.0012651962629902443,0.056867364794015884,1126,22706,106,930456,0.04724739845585767,0.913961038961039,0.08984998404085541,0.20483009924052123,23832,0.02497081917950029,773.7010836478753,0.10985978175992915,104718.31486667476,0.08116883116883117,1.0,0.40584415584415584,1.0,0.7711038961038961,0.95,0.8717532467532467,0.2148,E2
E2_training_cost_sweep,xgboost__weighted__R50__split42__model123,xgboost,weighted,class_weighting,E,algorithm+decision,no_origin_balance,test,stratified,42,123,False,50.0,773.7010836478753,False,scale_pos_weight,True,ner_optimal,val,0.001290797995614565,0.0012908741900602688,0.0012908714849422776,5749,4448085,1232,953160,1232,953162,4453834,103.63069240000914,b2e6f6243676544cb68b25aac83ba18d5eb139e5,True,3.14.4,1.8.0,3.4.0,2026-08-28T09:32:24+00:00,0.8091122260834392,0.9848999155394934,0.001280005012179174,0.056776683777570724,1096,22709,136,930453,0.046040747742070995,0.8896103896103896,0.08755042537045173,0.19933610173931443,23805,0.024942528976502367,773.7010836478753,0.13421357840478107,127932.34737611104,0.08116883116883117,1.0,0.40584415584415584,1.0,0.747564935064935,0.921,0.8392857142857143,0.2068,E2
E2_training_cost_sweep,xgboost__weighted__R50__split42__model42,xgboost,weighted,class_weighting,E,algorithm+decision,no_origin_balance,test,stratified,42,42,False,50.0,773.7010836478753,False,scale_pos_weight,True,ner_optimal,val,0.001290797995614565,0.0012908741900602688,0.0012908714849422776,5749,4448085,1232,953160,1232,953162,4453834,108.09556709999742,b2e6f6243676544cb68b25aac83ba18d5eb139e5,True,3.14.4,1.8.0,3.4.0,2026-08-28T09:30:32+00:00,0.8098783995306954,0.9854337866606504,0.0012497842851587682,0.09145335853099823,1082,12414,150,940748,0.08017190278601068,0.8782467532467533,0.14693101575230852,0.2631133163736194,13496,0.014140910357776768,773.7010836478753,0.13477675016336294,128469.16254718127,0.08116883116883117,1.0,0.40584415584415584,1.0,0.7467532467532467,0.92,0.8417207792207793,0.2074,E2
E2_training_cost_sweep,xgboost__weighted__R50__split42__model456,xgboost,weighted,class_weighting,E,algorithm+decision,no_origin_balance,test,stratified,42,456,False,50.0,773.7010836478753,False,scale_pos_weight,True,ner_optimal,val,0.001290797995614565,0.0012908741900602688,0.0012908714849422776,5749,4448085,1232,953160,1232,953162,4453834,108.30957399999897,b2e6f6243676544cb68b25aac83ba18d5eb139e5,True,3.14.4,1.8.0,3.4.0,2026-08-28T09:34:21+00:00,0.8106103296382311,0.985030078253279,0.0012766894930497088,0.10126357525587082,1077,11221,155,941941,0.08757521548219223,0.8741883116883117,0.15920177383592019,0.2745621408805447,12298,0.012885663572905949,773.7010836478753,0.13758361772726052,131144.66796542064,0.08116883116883117,1.0,0.40584415584415584,1.0,0.7508116883116883,0.925,0.8425324675324676,0.2076,E2
E2_training_cost_sweep,xgboost__weighted__R50__split42__model789,xgboost,weighted,class_weighting,E,algorithm+decision,no_origin_balance,test,stratified,42,789,False,50.0,773.7010836478753,False,scale_pos_weight,True,ner_optimal,val,0.001290797995614565,0.0012908741900602688,0.0012908714849422776,5749,4448085,1232,953160,1232,953162,4453834,110.05383860001166,b2e6f6243676544cb68b25aac83ba18d5eb139e5,True,3.14.4,1.8.0,3.4.0,2026-08-28T09:36:21+00:00,0.8120211380132882,0.9855533345001493,0.0012771957811087429,0.0659160390496254,1090,18668,142,934494,0.05516752707763944,0.8847402597402597,0.10385898046688899,0.21816739876545804,19758,0.020702141882702533,773.7010836478753,0.1348443029840877,128533.55387799827,0.08116883116883117,1.0,0.40584415584415584,1.0,0.7491883116883117,0.923,0.8449675324675324,0.2082,E2
E2_training_cost_sweep,xgboost__weighted__R50__split456__model123,xgboost,weighted,class_weighting,E,algorithm+decision,no_origin_balance,test,stratified,456,123,False,50.0,773.7010836478753,False,scale_pos_weight,True,ner_optimal,val,0.001290797995614565,0.0012908741900602688,0.0012908714849422776,5749,4448085,1232,953160,1232,953162,4453834,192.6132995999942,b2e6f6243676544cb68b25aac83ba18d5eb139e5,True,3.14.4,1.8.0,3.4.0,2026-08-28T15:34:06+00:00,0.8264904777833016,0.9864032010189352,0.0012495818765379996,0.04250848665833473,1120,30827,112,922335,0.035058064920023786,0.9090909090909091,0.0675125832604961,0.17501621274661783,31947,0.03347359685832057,773.7010836478753,0.12324963703633851,117481.52136856201,0.08116883116883117,1.0,0.4050324675324675,0.998,0.7573051948051948,0.933,0.8563311688311688,0.211,E2
E2_training_cost_sweep,xgboost__weighted__R50__split456__model42,xgboost,weighted,class_weighting,E,algorithm+decision,no_origin_balance,test,stratified,456,42,False,50.0,773.7010836478753,False,scale_pos_weight,True,ner_optimal,val,0.001290797995614565,0.0012908741900602688,0.0012908714849422776,5749,4448085,1232,953160,1232,953162,4453834,232.97763139999006,b2e6f6243676544cb68b25aac83ba18d5eb139e5,True,3.14.4,1.8.0,3.4.0,2026-08-28T15:30:38+00:00,0.8274950533650581,0.987068160940985,0.0012237434165279712,0.03230142965912819,1132,41398,100,911764,0.026616505995767693,0.9188311688311688,0.05173438142680865,0.15232878488851087,42530,0.04456230864821028,773.7010836478753,0.12459939296776705,118768.1083647875,0.08116883116883117,1.0,0.40584415584415584,1.0,0.7589285714285714,0.935,0.8636363636363636,0.2128,E2
E2_training_cost_sweep,xgboost__weighted__R50__split456__model456,xgboost,weighted,class_weighting,E,algorithm+decision,no_origin_balance,test,stratified,456,456,False,50.0,773.7010836478753,False,scale_pos_weight,True,ner_optimal,val,0.001290797995614565,0.0012908741900602688,0.0012908714849422776,5749,4448085,1232,953160,1232,953162,4453834,135.24347109999508,b2e6f6243676544cb68b25aac83ba18d5eb139e5,True,3.14.4,1.8.0,3.4.0,2026-08-28T15:36:35+00:00,0.8276123222738229,0.9866260891090944,0.0012528112085535617,0.04501170665025711,1113,28754,119,924408,0.037265209093648506,0.9034090909090909,0.07157786424000771,0.1800809587365498,29867,0.031294203442184254,773.7010836478753,0.1267566749242006,120824.42895409712,0.08116883116883117,1.0,0.40584415584415584,1.0,0.7613636363636364,0.938,0.862012987012987,0.2124,E2
E2_training_cost_sweep,xgboost__weighted__R50__split456__model789,xgboost,weighted,class_weighting,E,algorithm+decision,no_origin_balance,test,stratified,456,789,False,50.0,773.7010836478753,False,scale_pos_weight,True,ner_optimal,val,0.001290797995614565,0.0012908741900602688,0.0012908714849422776,5749,4448085,1232,953160,1232,953162,4453834,126.2384241999971,b2e6f6243676544cb68b25aac83ba18d5eb139e5,True,3.14.4,1.8.0,3.4.0,2026-08-28T15:38:51+00:00,0.8287045578227494,0.9870259692639702,0.001226882633426665,0.05252724140882492,1109,24251,123,928911,0.04373028391167193,0.9001623376623377,0.08340854392298436,0.19528422813330645,25360,0.026571835112123503,773.7010836478753,0.12527933957293924,119416.23328868863,0.08116883116883117,1.0,0.4050324675324675,0.998,0.7646103896103896,0.942,0.8628246753246753,0.2126,E2
E2_training_cost_sweep,xgboost__weighted__R50__split789__model123,xgboost,weighted,class_weighting,E,algorithm+decision,no_origin_balance,test,stratified,789,123,False,50.0,773.7010836478753,False,scale_pos_weight,True,ner_optimal,val,0.001290797995614565,0.0012908741900602688,0.0012908714849422776,5749,4448085,1232,953160,1232,953162,4453834,162.008545100005,b2e6f6243676544cb68b25aac83ba18d5eb139e5,True,3.14.4,1.8.0,3.4.0,2026-08-28T17:38:07+00:00,0.8349944826262887,0.9875552763723925,0.0012599040188387657,0.04288637638092041,1133,31653,99,921509,0.034557433050692365,0.9196428571428571,0.06661179375624669,0.17475032829184314,32786,0.03435268872184863,773.7010836478753,0.11356424398815686,108249.40728113963,0.08116883116883117,1.0,0.40584415584415584,1.0,0.7646103896103896,0.942,0.8660714285714286,0.2134,E2
E2_training_cost_sweep,xgboost__weighted__R50__split789__model42,xgboost,weighted,class_weighting,E,algorithm+decision,no_origin_balance,test,stratified,789,42,False,50.0,773.7010836478753,False,scale_pos_weight,True,ner_optimal,val,0.001290797995614565,0.0012908741900602688,0.0012908714849422776,5749,4448085,1232,953160,1232,953162,4453834,170.15734790000715,b2e6f6243676544cb68b25aac83ba18d5eb139e5,True,3.14.4,1.8.0,3.4.0,2026-08-28T17:35:06+00:00,0.8359035768180955,0.9877380855415019,0.001253850007799893,0.04523531720042229,1136,29936,96,923226,0.036560247167868175,0.922077922077922,0.0703318474492323,0.18019584428199942,31072,0.03255678472412861,773.7010836478753,0.10932787767117075,104211.30403019601,0.08116883116883117,1.0,0.40584415584415584,1.0,0.7637987012987013,0.941,0.8668831168831169,0.2136,E2
E2_training_cost_sweep,xgboost__weighted__R50__split789__model456,xgboost,weighted,class_weighting,E,algorithm+decision,no_origin_balance,test,stratified,789,456,False,50.0,773.7010836478753,False,scale_pos_weight,True,ner_optimal,val,0.001290797995614565,0.0012908741900602688,0.0012908714849422776,5749,4448085,1232,953160,1232,953162,4453834,158.00759109998762,b2e6f6243676544cb68b25aac83ba18d5eb139e5,True,3.14.4,1.8.0,3.4.0,2026-08-28T17:41:07+00:00,0.8369239706984211,0.9876051833130286,0.0012500766987716884,0.04399118945002556,1133,31347,99,921815,0.03488300492610837,0.9196428571428571,0.06721642145230185,0.17560601133841994,32480,0.0340320664212055,773.7010836478753,0.11324321997949763,107943.40728113963,0.08116883116883117,1.0,0.40584415584415584,1.0,0.7662337662337663,0.944,0.8685064935064936,0.214,E2
E2_training_cost_sweep,xgboost__weighted__R50__split789__model789,xgboost,weighted,class_weighting,E,algorithm+decision,no_origin_balance,test,stratified,789,789,False,50.0,773.7010836478753,False,scale_pos_weight,True,ner_optimal,val,0.001290797995614565,0.0012908741900602688,0.0012908714849422776,5749,4448085,1232,953160,1232,953162,4453834,216.49856320000254,b2e6f6243676544cb68b25aac83ba18d5eb139e5,True,3.14.4,1.8.0,3.4.0,2026-08-28T17:45:07+00:00,0.8363175523920137,0.9877408293140614,0.0012181852491341828,0.041707441210746765,1136,32727,96,920435,0.0335469391371113,0.922077922077922,0.06473856674739992,0.1723034264202317,33863,0.0354811534858769,773.7010836478753,0.11225591037760174,107002.30403019601,0.08116883116883117,1.0,0.40584415584415584,1.0,0.760551948051948,0.937,0.8660714285714286,0.2134,E2
E3 (reused),decision_tree__unweighted__split123__model123,decision_tree,unweighted,none,C,decision,no_origin_balance,test,stratified,123,123,False,1.0,773.7010836478753,False,none,True,ner_optimal,val,0.0012907979956145,0.0012908741900602,0.0012908714849422,5749,4448085,1232,953160,1232,953162,4453834,60.5854345000007,b2e6f6243676544cb68b25aac83ba18d5eb139e5,True,3.14.4,1.8.0,3.4.0,2026-08-27T17:24:22+00:00,0.7674547839989712,0.9190146690528644,0.0003869289221755,0.0151061173528432,1012,4339,220,948823,0.1891235283124649,0.8214285714285714,0.3074586054990126,0.3928118840773513,5351,0.0056066991200699,773.7010836478753,0.1831234650863708,174553.23840253253,0.0811688311688311,1.0,0.4042207792207792,0.996,0.7280844155844156,0.897,0.8181818181818182,0.2016,E3
E3 (reused),decision_tree__unweighted__split123__model42,decision_tree,unweighted,none,C,decision,no_origin_balance,test,stratified,123,42,False,1.0,773.7010836478753,False,none,True,ner_optimal,val,0.0012907979956145,0.0012908741900602,0.0012908714849422,5749,4448085,1232,953160,1232,953162,4453834,54.24331380000149,b2e6f6243676544cb68b25aac83ba18d5eb139e5,True,3.14.4,1.8.0,3.4.0,2026-08-27T17:23:14+00:00,0.7660834404692739,0.9190137944860058,0.0003879767074717,0.0151061173528432,1012,4340,220,948822,0.1890881913303438,0.8214285714285714,0.307411907654921,0.3927748871695106,5352,0.0056077469053661,773.7010836478753,0.1831245141844384,174554.23840253253,0.0811688311688311,1.0,0.4042207792207792,0.996,0.7272727272727273,0.896,0.8181818181818182,0.2016,E3
E3 (reused),decision_tree__unweighted__split123__model456,decision_tree,unweighted,none,C,decision,no_origin_balance,test,stratified,123,456,False,1.0,773.7010836478753,False,none,True,ner_optimal,val,0.0012907979956145,0.0012908741900602,0.0012908714849422,5749,4448085,1232,953160,1232,953162,4453834,61.6434556000022,b2e6f6243676544cb68b25aac83ba18d5eb139e5,True,3.14.4,1.8.0,3.4.0,2026-08-27T17:25:32+00:00,0.7674547839989712,0.9190146690528644,0.0003869289221755,0.0151061173528432,1012,4339,220,948823,0.1891235283124649,0.8214285714285714,0.3074586054990126,0.3928118840773513,5351,0.0056066991200699,773.7010836478753,0.1831234650863708,174553.23840253253,0.0811688311688311,1.0,0.4042207792207792,0.996,0.7280844155844156,0.897,0.8181818181818182,0.2016,E3
E3 (reused),decision_tree__unweighted__split123__model789,decision_tree,unweighted,none,C,decision,no_origin_balance,test,stratified,123,789,False,1.0,773.7010836478753,False,none,True,ner_optimal,val,0.0012907979956145,0.0012908741900602,0.0012908714849422,5749,4448085,1232,953160,1232,953162,4453834,62.12470450000183,b2e6f6243676544cb68b25aac83ba18d5eb139e5,True,3.14.4,1.8.0,3.4.0,2026-08-27T17:26:44+00:00,0.7674627863245576,0.9190160281655289,0.0003869264074909,0.0151061173528432,1012,4333,220,948829,0.1893358278765201,0.8214285714285714,0.3077390907708682,0.3930340829274666,5345,0.0056004124082925,773.7010836478753,0.1831171704979658,174547.23840253253,0.0811688311688311,1.0,0.4034090909090909,0.994,0.726461038961039,0.895,0.8189935064935064,0.2018,E3
E3 (reused),decision_tree__unweighted__split42__model123,decision_tree,unweighted,none,C,decision,no_origin_balance,test,stratified,42,123,False,1.0,773.7010836478753,False,none,True,ner_optimal,val,0.0012907979956145,0.0012908741900602,0.0012908714849422,5749,4448085,1232,953160,1232,953162,4453834,50.43263359999765,b2e6f6243676544cb68b25aac83ba18d5eb139e5,True,3.14.4,1.8.0,3.4.0,2026-08-27T16:14:44+00:00,0.7297426212657876,0.9731520858721036,0.0004447114665906,0.0039267013780772,1072,21740,160,931422,0.0469928108013326,0.8701298701298701,0.0891698552653468,0.1991795528446559,22812,0.0239020781773565,773.7010836478753,0.1526775218578796,145532.17338366003,0.0811688311688311,1.0,0.4058441558441558,1.0,0.698051948051948,0.86,0.7840909090909091,0.1932,E3
E3 (reused),decision_tree__unweighted__split42__model42,decision_tree,unweighted,none,C,decision,no_origin_balance,test,stratified,42,42,False,1.0,773.7010836478753,False,none,True,ner_optimal,val,0.0012907979956145,0.0012908741900602,0.0012908714849422,5749,4448085,1232,953160,1232,953162,4453834,50.11093260000053,b2e6f6243676544cb68b25aac83ba18d5eb139e5,True,3.14.4,1.8.0,3.4.0,2026-08-27T16:13:46+00:00,0.7297426212657876,0.9731520858721036,0.0004447114665906,0.0039267013780772,1072,21740,160,931422,0.0469928108013326,0.8701298701298701,0.0891698552653468,0.1991795528446559,22812,0.0239020781773565,773.7010836478753,0.1526775218578796,145532.17338366003,0.0811688311688311,1.0,0.4058441558441558,1.0,0.698051948051948,0.86,0.7840909090909091,0.1932,E3
E3 (reused),decision_tree__unweighted__split42__model456,decision_tree,unweighted,none,C,decision,no_origin_balance,test,stratified,42,456,False,1.0,773.7010836478753,False,none,True,ner_optimal,val,0.0012907979956145,0.0012908741900602,0.0012908714849422,5749,4448085,1232,953160,1232,953162,4453834,50.20388289999755,b2e6f6243676544cb68b25aac83ba18d5eb139e5,True,3.14.4,1.8.0,3.4.0,2026-08-27T16:15:42+00:00,0.7297814974740391,0.9731521097161854,0.0004447039225359,0.0039267013780772,1072,21740,160,931422,0.0469928108013326,0.8701298701298701,0.0891698552653468,0.1991795528446559,22812,0.0239020781773565,773.7010836478753,0.1526775218578796,145532.17338366003,0.0811688311688311,1.0,0.4058441558441558,1.0,0.6972402597402597,0.859,0.7840909090909091,0.1932,E3
E3 (reused),decision_tree__unweighted__split42__model789,decision_tree,unweighted,none,C,decision,no_origin_balance,test,stratified,42,789,False,1.0,773.7010836478753,False,none,True,ner_optimal,val,0.0012907979956145,0.0012908741900602,0.0012908714849422,5749,4448085,1232,953160,1232,953162,4453834,75.80473350000102,b2e6f6243676544cb68b25aac83ba18d5eb139e5,True,3.14.4,1.8.0,3.4.0,2026-08-27T16:17:11+00:00,0.7297426212657876,0.9731520858721036,0.0004447114665906,0.0039267013780772,1072,21740,160,931422,0.0469928108013326,0.8701298701298701,0.0891698552653468,0.1991795528446559,22812,0.0239020781773565,773.7010836478753,0.1526775218578796,145532.17338366003,0.0811688311688311,1.0,0.4058441558441558,1.0,0.698051948051948,0.86,0.7840909090909091,0.1932,E3
E3 (reused),decision_tree__unweighted__split456__model123,decision_tree,unweighted,none,C,decision,no_origin_balance,test,stratified,456,123,False,1.0,773.7010836478753,False,none,True,ner_optimal,val,0.0012907979956145,0.0012908741900602,0.0012908714849422,5749,4448085,1232,953160,1232,953162,4453834,52.921106199999485,b2e6f6243676544cb68b25aac83ba18d5eb139e5,True,3.14.4,1.8.0,3.4.0,2026-08-27T18:37:42+00:00,0.7511873139577037,0.913049846741142,0.0004125768640343,0.0140526974573731,1000,4517,232,948645,0.181257930034439,0.8116883116883117,0.296340198547933,0.3821893113740569,5517,0.0057806314792423,773.7010836478753,0.193050464282648,184015.651406307,0.0811688311688311,1.0,0.4058441558441558,1.0,0.7118506493506493,0.877,0.8060064935064936,0.1986,E3
E3 (reused),decision_tree__unweighted__split456__model42,decision_tree,unweighted,none,C,decision,no_origin_balance,test,stratified,456,42,False,1.0,773.7010836478753,False,none,True,ner_optimal,val,0.0012907979956145,0.0012908741900602,0.0012908714849422,5749,4448085,1232,953160,1232,953162,4453834,53.30204960000265,b2e6f6243676544cb68b25aac83ba18d5eb139e5,True,3.14.4,1.8.0,3.4.0,2026-08-27T18:36:42+00:00,0.7511850498051984,0.9130495972298572,0.0004125772831484,0.0140526974573731,1000,4518,232,948644,0.1812250815512867,0.8116883116883117,0.2962962962962963,0.3821543831813073,5518,0.0057816792645385,773.7010836478753,0.1930515133807155,184016.651406307,0.0811688311688311,1.0,0.4042207792207792,0.996,0.7175324675324676,0.884,0.8051948051948052,0.1984,E3
E3 (reused),decision_tree__unweighted__split456__model456,decision_tree,unweighted,none,C,decision,no_origin_balance,test,stratified,456,456,False,1.0,773.7010836478753,False,none,True,ner_optimal,val,0.0012907979956145,0.0012908741900602,0.0012908714849422,5749,4448085,1232,953160,1232,953162,4453834,51.98042659999919,b2e6f6243676544cb68b25aac83ba18d5eb139e5,True,3.14.4,1.8.0,3.4.0,2026-08-27T18:38:42+00:00,0.7507019534840034,0.913049291088878,0.0004135959131922,0.0140526974573731,1000,4518,232,948644,0.1812250815512867,0.8116883116883117,0.2962962962962963,0.3821543831813073,5518,0.0057816792645385,773.7010836478753,0.1930515133807155,184016.651406307,0.0811688311688311,1.0,0.4050324675324675,0.998,0.713474025974026,0.879,0.8060064935064936,0.1986,E3
E3 (reused),decision_tree__unweighted__split456__model789,decision_tree,unweighted,none,C,decision,no_origin_balance,test,stratified,456,789,False,1.0,773.7010836478753,False,none,True,ner_optimal,val,0.0012907979956145,0.0012908741900602,0.0012908714849422,5749,4448085,1232,953160,1232,953162,4453834,53.28622919999907,b2e6f6243676544cb68b25aac83ba18d5eb139e5,True,3.14.4,1.8.0,3.4.0,2026-08-27T18:39:43+00:00,0.7511850498051984,0.9130495972298572,0.0004125772831484,0.0140526974573731,1000,4518,232,948644,0.1812250815512867,0.8116883116883117,0.2962962962962963,0.3821543831813073,5518,0.0057816792645385,773.7010836478753,0.1930515133807155,184016.651406307,0.0811688311688311,1.0,0.4042207792207792,0.996,0.7175324675324676,0.884,0.8051948051948052,0.1984,E3
E3 (reused),decision_tree__unweighted__split789__model123,decision_tree,unweighted,none,C,decision,no_origin_balance,test,stratified,789,123,False,1.0,773.7010836478753,False,none,True,ner_optimal,val,0.0012907979956145,0.0012908741900602,0.0012908714849422,5749,4448085,1232,953160,1232,953162,4453834,51.39903069999855,b2e6f6243676544cb68b25aac83ba18d5eb139e5,True,3.14.4,1.8.0,3.4.0,2026-08-27T19:51:09+00:00,0.7571897155189382,0.9148269942740412,0.0004076311933083,0.0129506699740886,1007,4672,225,948490,0.177319950695545,0.8173701298701299,0.2914194761973665,0.3793075213726662,5679,0.0059503726972298,773.7010836478753,0.1875312563012945,178754.7438207719,0.0811688311688311,1.0,0.4050324675324675,0.998,0.7199675324675324,0.887,0.8125,0.2002,E3
E3 (reused),decision_tree__unweighted__split789__model42,decision_tree,unweighted,none,C,decision,no_origin_balance,test,stratified,789,42,False,1.0,773.7010836478753,False,none,True,ner_optimal,val,0.0012907979956145,0.0012908741900602,0.0012908714849422,5749,4448085,1232,953160,1232,953162,4453834,53.02456510000047,b2e6f6243676544cb68b25aac83ba18d5eb139e5,True,3.14.4,1.8.0,3.4.0,2026-08-27T19:50:10+00:00,0.7571897155189382,0.9148269942740412,0.0004076311933083,0.0129506699740886,1007,4672,225,948490,0.177319950695545,0.8173701298701299,0.2914194761973665,0.3793075213726662,5679,0.0059503726972298,773.7010836478753,0.1875312563012945,178754.7438207719,0.0811688311688311,1.0,0.4050324675324675,0.998,0.7199675324675324,0.887,0.8125,0.2002,E3
E3 (reused),decision_tree__unweighted__split789__model456,decision_tree,unweighted,none,C,decision,no_origin_balance,test,stratified,789,456,False,1.0,773.7010836478753,False,none,True,ner_optimal,val,0.0012907979956145,0.0012908741900602,0.0012908714849422,5749,4448085,1232,953160,1232,953162,4453834,52.46900409999944,b2e6f6243676544cb68b25aac83ba18d5eb139e5,True,3.14.4,1.8.0,3.4.0,2026-08-27T19:52:09+00:00,0.7571744114532092,0.9148260166666862,0.0004076462814158,0.0129506699740886,1007,4676,225,948486,0.1771951434101706,0.8173701298701299,0.2912509038322487,0.3791728502264206,5683,0.0059545638384147,773.7010836478753,0.1875354526935645,178758.7438207719,0.0811688311688311,1.0,0.4050324675324675,0.998,0.7199675324675324,0.887,0.8125,0.2002,E3
E3 (reused),decision_tree__unweighted__split789__model789,decision_tree,unweighted,none,C,decision,no_origin_balance,test,stratified,789,789,False,1.0,773.7010836478753,False,none,True,ner_optimal,val,0.0012907979956145,0.0012908741900602,0.0012908714849422,5749,4448085,1232,953160,1232,953162,4453834,51.91548479999983,b2e6f6243676544cb68b25aac83ba18d5eb139e5,True,3.14.4,1.8.0,3.4.0,2026-08-27T19:53:08+00:00,0.7572455594467772,0.914826054987532,0.0004076236492516,0.0129506699740886,1007,4676,225,948486,0.1771951434101706,0.8173701298701299,0.2912509038322487,0.3791728502264206,5683,0.0059545638384147,773.7010836478753,0.1875354526935645,178758.7438207719,0.0811688311688311,1.0,0.4050324675324675,0.998,0.7207792207792207,0.888,0.8125,0.2002,E3
E3 (reused),decision_tree__weighted__split123__model123,decision_tree,weighted,class_weighting,E,algorithm+decision,no_origin_balance,test,stratified,123,123,False,773.7010836478753,773.7010836478753,True,class_weight[1] / scale_pos_weight,True,ner_optimal,val,0.0012907979956145,0.0012908741900602,0.0012908714849422,5749,4448085,1232,953160,1232,953162,4453834,39.76317399999971,b2e6f6243676544cb68b25aac83ba18d5eb139e5,True,3.14.4,1.8.0,3.4.0,2026-08-27T17:28:16+00:00,0.745346620759228,0.9807405798777152,0.032098755875428,0.4168910980224609,1141,45079,91,908083,0.0246862829943747,0.9261363636363636,0.0480907021832588,0.1469941710538681,46220,0.0484286363912597,773.7010836478753,0.1211559281490905,115485.79861195663,0.0811688311688311,1.0,0.4034090909090909,0.994,0.672077922077922,0.828,0.8327922077922078,0.2052,E3
E3 (reused),decision_tree__weighted__split123__model42,decision_tree,weighted,class_weighting,E,algorithm+decision,no_origin_balance,test,stratified,123,42,False,773.7010836478753,773.7010836478753,True,class_weight[1] / scale_pos_weight,True,ner_optimal,val,0.0012907979956145,0.0012908741900602,0.0012908714849422,5749,4448085,1232,953160,1232,953162,4453834,41.25686810000116,b2e6f6243676544cb68b25aac83ba18d5eb139e5,True,3.14.4,1.8.0,3.4.0,2026-08-27T17:27:31+00:00,0.7453351246651442,0.9807390947320468,0.0321061693974421,0.4168910980224609,1141,45087,91,908075,0.0246820109024833,0.9261363636363636,0.0480825958702064,0.146980695111501,46228,0.0484370186736295,773.7010836478753,0.1211643209336306,115493.79861195663,0.0811688311688311,1.0,0.4034090909090909,0.994,0.6680194805194806,0.823,0.8336038961038961,0.2054,E3
E3 (reused),decision_tree__weighted__split123__model456,decision_tree,weighted,class_weighting,E,algorithm+decision,no_origin_balance,test,stratified,123,456,False,773.7010836478753,773.7010836478753,True,class_weight[1] / scale_pos_weight,True,ner_optimal,val,0.0012907979956145,0.0012908741900602,0.0012908714849422,5749,4448085,1232,953160,1232,953162,4453834,39.61944980000044,b2e6f6243676544cb68b25aac83ba18d5eb139e5,True,3.14.4,1.8.0,3.4.0,2026-08-27T17:29:02+00:00,0.7453480598658605,0.9807407655209236,0.0320978291851763,0.4168910980224609,1141,45078,91,908084,0.0246868171098466,0.9261363636363636,0.0480917156645803,0.1469958557877987,46219,0.0484275886059635,773.7010836478753,0.121154879051023,115484.79861195663,0.0811688311688311,1.0,0.4034090909090909,0.994,0.6712662337662337,0.827,0.8352272727272727,0.2058,E3
E3 (reused),decision_tree__weighted__split123__model789,decision_tree,weighted,class_weighting,E,algorithm+decision,no_origin_balance,test,stratified,123,789,False,773.7010836478753,773.7010836478753,True,class_weight[1] / scale_pos_weight,True,ner_optimal,val,0.0012907979956145,0.0012908741900602,0.0012908714849422,5749,4448085,1232,953160,1232,953162,4453834,39.911830900000496,b2e6f6243676544cb68b25aac83ba18d5eb139e5,True,3.14.4,1.8.0,3.4.0,2026-08-27T17:29:47+00:00,0.7453451821187052,0.9807403942345064,0.0320996825656798,0.4168910980224609,1141,45080,91,908082,0.0246857489020142,0.9261363636363636,0.0480896887446526,0.1469924863735297,46221,0.048429684176556,773.7010836478753,0.121156977247158,115486.79861195663,0.0811688311688311,1.0,0.4034090909090909,0.994,0.6753246753246753,0.832,0.8336038961038961,0.2054,E3
E3 (reused),decision_tree__weighted__split42__model123,decision_tree,weighted,class_weighting,E,algorithm+decision,no_origin_balance,test,stratified,42,123,False,773.7010836478753,773.7010836478753,True,class_weight[1] / scale_pos_weight,True,ner_optimal,val,0.0012907979956145,0.0012908741900602,0.0012908714849422,5749,4448085,1232,953160,1232,953162,4453834,32.803470499999094,b2e6f6243676544cb68b25aac83ba18d5eb139e5,True,3.14.4,1.8.0,3.4.0,2026-08-27T16:18:43+00:00,0.7113401041369343,0.9803511847320376,0.0330184961591815,0.4773277640342712,1096,28948,136,924214,0.0364798295832778,0.8896103896103896,0.0700856887069957,0.1766875905951937,30044,0.031479661439615,773.7010836478753,0.1407589012479995,134171.34737611102,0.0811688311688311,1.0,0.4025974025974026,0.992,0.6623376623376623,0.816,0.8043831168831169,0.1982,E3
E3 (reused),decision_tree__weighted__split42__model42,decision_tree,weighted,class_weighting,E,algorithm+decision,no_origin_balance,test,stratified,42,42,False,773.7010836478753,773.7010836478753,True,class_weight[1] / scale_pos_weight,True,ner_optimal,val,0.0012907979956145,0.0012908741900602,0.0012908714849422,5749,4448085,1232,953160,1232,953162,4453834,45.85997040000075,b2e6f6243676544cb68b25aac83ba18d5eb139e5,True,3.14.4,1.8.0,3.4.0,2026-08-27T16:18:05+00:00,0.7113265927524011,0.9803481922997676,0.0330314698227061,0.4773277640342712,1096,28962,136,924200,0.0364628385122097,0.8896103896103896,0.070054330457015,0.176644756350123,30058,0.0314943304337621,773.7010836478753,0.1407735886209447,134185.34737611102,0.0811688311688311,1.0,0.4025974025974026,0.992,0.6607142857142857,0.814,0.8027597402597403,0.1978,E3
E3 (reused),decision_tree__weighted__split42__model456,decision_tree,weighted,class_weighting,E,algorithm+decision,no_origin_balance,test,stratified,42,456,False,773.7010836478753,773.7010836478753,True,class_weight[1] / scale_pos_weight,True,ner_optimal,val,0.0012907979956145,0.0012908741900602,0.0012908714849422,5749,4448085,1232,953160,1232,953162,4453834,31.060018299998774,b2e6f6243676544cb68b25aac83ba18d5eb139e5,True,3.14.4,1.8.0,3.4.0,2026-08-27T16:19:18+00:00,0.7113362374685769,0.980350329751389,0.0330222029201885,0.4773277640342712,1096,28952,136,924210,0.0364749733759318,0.8896103896103896,0.070076726342711,0.1766753492263604,30048,0.0314838525807999,773.7010836478753,0.1407630976402696,134175.34737611102,0.0811688311688311,1.0,0.4025974025974026,0.992,0.6623376623376623,0.816,0.8043831168831169,0.1982,E3
E3 (reused),decision_tree__weighted__split42__model789,decision_tree,weighted,class_weighting,E,algorithm+decision,no_origin_balance,test,stratified,42,789,False,773.7010836478753,773.7010836478753,True,class_weight[1] / scale_pos_weight,True,ner_optimal,val,0.0012907979956145,0.0012908741900602,0.0012908714849422,5749,4448085,1232,953160,1232,953162,4453834,32.28749959999914,b2e6f6243676544cb68b25aac83ba18d5eb139e5,True,3.14.4,1.8.0,3.4.0,2026-08-27T16:19:55+00:00,0.7113401041369343,0.9803511847320376,0.0330184961591815,0.4773277640342712,1096,28948,136,924214,0.0364798295832778,0.8896103896103896,0.0700856887069957,0.1766875905951937,30044,0.031479661439615,773.7010836478753,0.1407589012479995,134171.34737611102,0.0811688311688311,1.0,0.4025974025974026,0.992,0.6623376623376623,0.816,0.8043831168831169,0.1982,E3
E3 (reused),decision_tree__weighted__split456__model123,decision_tree,weighted,class_weighting,E,algorithm+decision,no_origin_balance,test,stratified,456,123,False,773.7010836478753,773.7010836478753,True,class_weight[1] / scale_pos_weight,True,ner_optimal,val,0.0012907979956145,0.0012908741900602,0.0012908714849422,5749,4448085,1232,953160,1232,953162,4453834,31.974228200000653,b2e6f6243676544cb68b25aac83ba18d5eb139e5,True,3.14.4,1.8.0,3.4.0,2026-08-27T18:40:57+00:00,0.7426824929247786,0.9822542043213542,0.0327563169416219,0.6332982182502747,1110,30460,122,922702,0.0351599619892302,0.900974025974026,0.0676788000731662,0.1744698435726824,31570,0.0330785818016458,773.7010836478753,0.130981501162444,124851.53220504076,0.0803571428571428,0.99,0.4025974025974026,0.992,0.676948051948052,0.834,0.8214285714285714,0.2024,E3
E3 (reused),decision_tree__weighted__split456__model42,decision_tree,weighted,class_weighting,E,algorithm+decision,no_origin_balance,test,stratified,456,42,False,773.7010836478753,773.7010836478753,True,class_weight[1] / scale_pos_weight,True,ner_optimal,val,0.0012907979956145,0.0012908741900602,0.0012908714849422,5749,4448085,1232,953160,1232,953162,4453834,32.73563769999964,b2e6f6243676544cb68b25aac83ba18d5eb139e5,True,3.14.4,1.8.0,3.4.0,2026-08-27T18:40:20+00:00,0.7427057464175726,0.9822543431279734,0.0327560177279649,0.6332982182502747,1110,30460,122,922702,0.0351599619892302,0.900974025974026,0.0676788000731662,0.1744698435726824,31570,0.0330785818016458,773.7010836478753,0.130981501162444,124851.53220504076,0.0803571428571428,0.99,0.4025974025974026,0.992,0.6785714285714286,0.836,0.8262987012987013,0.2036,E3
E3 (reused),decision_tree__weighted__split456__model456,decision_tree,weighted,class_weighting,E,algorithm+decision,no_origin_balance,test,stratified,456,456,False,773.7010836478753,773.7010836478753,True,class_weight[1] / scale_pos_weight,True,ner_optimal,val,0.0012907979956145,0.0012908741900602,0.0012908714849422,5749,4448085,1232,953160,1232,953162,4453834,31.60950469999807,b2e6f6243676544cb68b25aac83ba18d5eb139e5,True,3.14.4,1.8.0,3.4.0,2026-08-27T18:41:33+00:00,0.7427057464175726,0.9822543431279734,0.0327560177279649,0.6332982182502747,1110,30460,122,922702,0.0351599619892302,0.900974025974026,0.0676788000731662,0.1744698435726824,31570,0.0330785818016458,773.7010836478753,0.130981501162444,124851.53220504076,0.0803571428571428,0.99,0.4025974025974026,0.992,0.6785714285714286,0.836,0.8262987012987013,0.2036,E3
E3 (reused),decision_tree__weighted__split456__model789,decision_tree,weighted,class_weighting,E,algorithm+decision,no_origin_balance,test,stratified,456,789,False,773.7010836478753,773.7010836478753,True,class_weight[1] / scale_pos_weight,True,ner_optimal,val,0.0012907979956145,0.0012908741900602,0.0012908714849422,5749,4448085,1232,953160,1232,953162,4453834,32.984904899996764,b2e6f6243676544cb68b25aac83ba18d5eb139e5,True,3.14.4,1.8.0,3.4.0,2026-08-27T18:42:11+00:00,0.7430874199284132,0.9822549503004858,0.0327549700741903,0.6332982182502747,1110,30459,122,922703,0.0351610757388577,0.900974025974026,0.0676808633883113,0.1744727229642756,31569,0.0330775340163496,773.7010836478753,0.1309804520643765,124850.53220504076,0.0811688311688311,1.0,0.4025974025974026,0.992,0.6801948051948052,0.838,0.823051948051948,0.2028,E3
E3 (reused),decision_tree__weighted__split789__model123,decision_tree,weighted,class_weighting,E,algorithm+decision,no_origin_balance,test,stratified,789,123,False,773.7010836478753,773.7010836478753,True,class_weight[1] / scale_pos_weight,True,ner_optimal,val,0.0012907979956145,0.0012908741900602,0.0012908714849422,5749,4448085,1232,953160,1232,953162,4453834,35.06138790000114,b2e6f6243676544cb68b25aac83ba18d5eb139e5,True,3.14.4,1.8.0,3.4.0,2026-08-27T19:54:29+00:00,0.744724060794993,0.9836109887815092,0.0337638289195273,0.456003189086914,1148,46656,84,906506,0.0240147268011045,0.9318181818181818,0.0468227424749163,0.1453274518207095,47804,0.0500883283004712,773.7010836478753,0.1171285376197415,111646.89102642152,0.0811688311688311,1.0,0.4025974025974026,0.992,0.6688311688311688,0.824,0.8392857142857143,0.2068,E3
E3 (reused),decision_tree__weighted__split789__model42,decision_tree,weighted,class_weighting,E,algorithm+decision,no_origin_balance,test,stratified,789,42,False,773.7010836478753,773.7010836478753,True,class_weight[1] / scale_pos_weight,True,ner_optimal,val,0.0012907979956145,0.0012908741900602,0.0012908714849422,5749,4448085,1232,953160,1232,953162,4453834,34.130948300000455,b2e6f6243676544cb68b25aac83ba18d5eb139e5,True,3.14.4,1.8.0,3.4.0,2026-08-27T19:53:47+00:00,0.7447227431604648,0.9836108061188108,0.0337647556097791,0.456003189086914,1148,46657,84,906505,0.024014224453509,0.9318181818181818,0.0468217876297489,0.1453258392648097,47805,0.0500893760857675,773.7010836478753,0.1171295867178091,111647.89102642152,0.0811688311688311,1.0,0.4025974025974026,0.992,0.6663961038961039,0.821,0.8400974025974026,0.207,E3
E3 (reused),decision_tree__weighted__split789__model456,decision_tree,weighted,class_weighting,E,algorithm+decision,no_origin_balance,test,stratified,789,456,False,773.7010836478753,773.7010836478753,True,class_weight[1] / scale_pos_weight,True,ner_optimal,val,0.0012907979956145,0.0012908741900602,0.0012908714849422,5749,4448085,1232,953160,1232,953162,4453834,34.48435880000034,b2e6f6243676544cb68b25aac83ba18d5eb139e5,True,3.14.4,1.8.0,3.4.0,2026-08-27T19:55:08+00:00,0.744724060794993,0.9836109887815092,0.0337638289195273,0.456003189086914,1148,46656,84,906506,0.0240147268011045,0.9318181818181818,0.0468227424749163,0.1453274518207095,47804,0.0500883283004712,773.7010836478753,0.1171285376197415,111646.89102642152,0.0811688311688311,1.0,0.4025974025974026,0.992,0.6688311688311688,0.824,0.8392857142857143,0.2068,E3
E3 (reused),decision_tree__weighted__split789__model789,decision_tree,weighted,class_weighting,E,algorithm+decision,no_origin_balance,test,stratified,789,789,False,773.7010836478753,773.7010836478753,True,class_weight[1] / scale_pos_weight,True,ner_optimal,val,0.0012907979956145,0.0012908741900602,0.0012908714849422,5749,4448085,1232,953160,1232,953162,4453834,38.88354869999967,b2e6f6243676544cb68b25aac83ba18d5eb139e5,True,3.14.4,1.8.0,3.4.0,2026-08-27T19:55:53+00:00,0.7447227431604648,0.9836108061188108,0.0337647556097791,0.456003189086914,1148,46657,84,906505,0.024014224453509,0.9318181818181818,0.0468217876297489,0.1453258392648097,47805,0.0500893760857675,773.7010836478753,0.1171295867178091,111647.89102642152,0.0811688311688311,1.0,0.4025974025974026,0.992,0.6663961038961039,0.821,0.8400974025974026,0.207,E3
E3 (reused),logistic_regression__unweighted__split123__model42,logistic_regression,unweighted,none,C,decision,no_origin_balance,test,stratified,123,42,True,1.0,773.7010836478753,False,none,True,ner_optimal,val,0.0012907979956145,0.0012908741900602,0.0012908714849422,5749,4448085,1232,953160,1232,953162,4453834,8.466937499997584,b2e6f6243676544cb68b25aac83ba18d5eb139e5,True,3.14.4,1.8.0,3.4.0,2026-08-27T17:21:22+00:00,0.5337812107525854,0.9619567461474844,0.0007853986081,0.0011921977857127,1086,93191,146,859971,0.0115192464758106,0.8814935064935064,0.0227413123370572,0.0943126047856845,94277,0.0987820543716745,773.7010836478753,0.2162729915161711,206151.35821258975,0.0811688311688311,1.0,0.3660714285714285,0.902,0.4886363636363636,0.602,0.6704545454545454,0.1652,E3
E3 (reused),logistic_regression__unweighted__split42__model42,logistic_regression,unweighted,none,C,decision,no_origin_balance,test,stratified,42,42,True,1.0,773.7010836478753,False,none,True,ner_optimal,val,0.0012907979956145,0.0012908741900602,0.0012908714849422,5749,4448085,1232,953160,1232,953162,4453834,7.429266499999358,b2e6f6243676544cb68b25aac83ba18d5eb139e5,True,3.14.4,1.8.0,3.4.0,2026-08-27T16:11:37+00:00,0.5039687570139619,0.9545552646819798,0.0008164262003653,0.002015677280724,998,57146,234,896016,0.017164281783159,0.810064935064935,0.0336162759364052,0.1126022573928273,58144,0.0609224282633796,773.7010836478753,0.2498868231012079,238192.05357360275,0.0811688311688311,1.0,0.3555194805194805,0.876,0.4756493506493506,0.586,0.6331168831168831,0.156,E3
E3 (reused),logistic_regression__unweighted__split456__model42,logistic_regression,unweighted,none,C,decision,no_origin_balance,test,stratified,456,42,True,1.0,773.7010836478753,False,none,True,ner_optimal,val,0.0012907979956145,0.0012908741900602,0.0012908714849422,5749,4448085,1232,953160,1232,953162,4453834,10.816498500000309,b2e6f6243676544cb68b25aac83ba18d5eb139e5,True,3.14.4,1.8.0,3.4.0,2026-08-27T18:34:36+00:00,0.5220509431039683,0.9596290455776764,0.0007842288639368,0.0015174308791756,1048,73139,184,880023,0.0141264642053189,0.8506493506493507,0.0277914053487847,0.1037830453955127,74187,0.0777320477706272,773.7010836478753,0.2260806329105404,215499.99939120904,0.0811688311688311,1.0,0.3766233766233766,0.928,0.4813311688311688,0.593,0.6412337662337663,0.158,E3
E3 (reused),logistic_regression__unweighted__split789__model42,logistic_regression,unweighted,none,C,decision,no_origin_balance,test,stratified,789,42,True,1.0,773.7010836478753,False,none,True,ner_optimal,val,0.0012907979956145,0.0012908741900602,0.0012908714849422,5749,4448085,1232,953160,1232,953162,4453834,8.696128499999759,b2e6f6243676544cb68b25aac83ba18d5eb139e5,True,3.14.4,1.8.0,3.4.0,2026-08-27T19:48:10+00:00,0.5345349621036724,0.9616044664441146,0.0007775878045013,0.0014876696513965,1056,75787,176,877375,0.0137423057402756,0.8571428571428571,0.0270509125840537,0.1026181874563311,76843,0.0805149655173859,773.7010836478753,0.2223651380998104,211958.39072202603,0.0811688311688311,1.0,0.3701298701298701,0.912,0.4951298701298701,0.61,0.6607142857142857,0.1628,E3
E3 (reused),logistic_regression__weighted__split123__model42,logistic_regression,weighted,class_weighting,E,algorithm+decision,no_origin_balance,test,stratified,123,42,True,773.7010836478753,773.7010836478753,True,class_weight[1] / scale_pos_weight,True,ner_optimal,val,0.0012907979956145,0.0012908741900602,0.0012908714849422,5749,4448085,1232,953160,1232,953162,4453834,12.039143499998318,b2e6f6243676544cb68b25aac83ba18d5eb139e5,True,3.14.4,1.8.0,3.4.0,2026-08-27T17:21:40+00:00,0.165715911164837,0.971127827642414,0.0665695075079837,0.5396656394004822,1078,67566,154,885596,0.015704213041198,0.875,0.0308546568206537,0.1117504744572147,68644,0.0719241738736831,773.7010836478753,0.1958833600296367,186715.9668817728,0.023538961038961,0.29,0.1412337662337662,0.348,0.1964285714285714,0.242,0.700487012987013,0.1726,E3
E3 (reused),logistic_regression__weighted__split42__model42,logistic_regression,weighted,class_weighting,E,algorithm+decision,no_origin_balance,test,stratified,42,42,True,773.7010836478753,773.7010836478753,True,class_weight[1] / scale_pos_weight,True,ner_optimal,val,0.0012907979956145,0.0012908741900602,0.0012908714849422,5749,4448085,1232,953160,1232,953162,4453834,24.812573900002462,b2e6f6243676544cb68b25aac83ba18d5eb139e5,True,3.14.4,1.8.0,3.4.0,2026-08-27T16:12:10+00:00,0.1487063069716073,0.9656902882468814,0.065340634713902,0.5718259811401367,1040,54487,192,898675,0.0187296270282925,0.8441558441558441,0.0366461706513504,0.1207143396903968,55527,0.0581803741431735,773.7010836478753,0.2130063622487797,203037.60806039203,0.0227272727272727,0.28,0.1282467532467532,0.316,0.1607142857142857,0.198,0.6753246753246753,0.1664,E3
E3 (reused),logistic_regression__weighted__split456__model42,logistic_regression,weighted,class_weighting,E,algorithm+decision,no_origin_balance,test,stratified,456,42,True,773.7010836478753,773.7010836478753,True,class_weight[1] / scale_pos_weight,True,ner_optimal,val,0.0012907979956145,0.0012908741900602,0.0012908714849422,5749,4448085,1232,953160,1232,953162,4453834,17.598085899997386,b2e6f6243676544cb68b25aac83ba18d5eb139e5,True,3.14.4,1.8.0,3.4.0,2026-08-27T18:35:01+00:00,0.1608905143654167,0.9703089626878816,0.0661181450089068,0.5317200422286987,1089,68952,143,884210,0.0155480361502548,0.8839285714285714,0.0305585565361357,0.1117469026586048,70041,0.0733879299325016,773.7010836478753,0.1884088385226394,179591.25496164616,0.0178571428571428,0.22,0.1420454545454545,0.35,0.1915584415584415,0.236,0.6883116883116883,0.1696,E3
E3 (reused),logistic_regression__weighted__split789__model42,logistic_regression,weighted,class_weighting,E,algorithm+decision,no_origin_balance,test,stratified,789,42,True,773.7010836478753,773.7010836478753,True,class_weight[1] / scale_pos_weight,True,ner_optimal,val,0.0012907979956145,0.0012908741900602,0.0012908714849422,5749,4448085,1232,953160,1232,953162,4453834,14.795462699999916,b2e6f6243676544cb68b25aac83ba18d5eb139e5,True,3.14.4,1.8.0,3.4.0,2026-08-27T19:48:32+00:00,0.1558189503126832,0.9714098137151812,0.0672382020668296,0.5317416191101074,1096,71536,136,881626,0.0150897675955501,0.8896103896103896,0.0296761615942813,0.1102990174267341,72632,0.076102741635006,773.7010836478753,0.1854378897472769,176759.34737611102,0.0243506493506493,0.3,0.1323051948051948,0.326,0.1785714285714285,0.22,0.6939935064935064,0.171,E3
E3 (reused),random_forest__unweighted__split123__model123,random_forest,unweighted,none,C,decision,no_origin_balance,test,stratified,123,123,False,1.0,773.7010836478753,False,none,True,ner_optimal,val,0.0012907979956145,0.0012908741900602,0.0012908714849422,5749,4448085,1232,953160,1232,953162,4453834,166.60268630000064,b2e6f6243676544cb68b25aac83ba18d5eb139e5,True,3.14.4,1.8.0,3.4.0,2026-08-27T17:38:58+00:00,0.8270090245568442,0.9872094477705198,0.0003472679312268,0.0016072592698037,1144,36634,88,916528,0.0302821748107364,0.9285714285714286,0.0586516277877467,0.1639202057817876,37778,0.0395832329205757,773.7010836478753,0.1098612300338716,104719.695361013,0.0811688311688311,1.0,0.4058441558441558,1.0,0.7597402597402597,0.936,0.862012987012987,0.2124,E3
E3 (reused),random_forest__unweighted__split123__model42,random_forest,unweighted,none,C,decision,no_origin_balance,test,stratified,123,42,False,1.0,773.7010836478753,False,none,True,ner_optimal,val,0.0012907979956145,0.0012908741900602,0.0012908714849422,5749,4448085,1232,953160,1232,953162,4453834,168.39261369999804,b2e6f6243676544cb68b25aac83ba18d5eb139e5,True,3.14.4,1.8.0,3.4.0,2026-08-27T17:35:56+00:00,0.8283846305647891,0.9877283384214788,0.0003468792873425,0.000971908273641,1153,44371,79,908791,0.0253272998857745,0.9358766233766234,0.0493198733852339,0.1498229159985891,45524,0.0476993778250911,773.7010836478753,0.110672906977031,105493.38560818211,0.0811688311688311,1.0,0.4050324675324675,0.998,0.7613636363636364,0.938,0.8685064935064936,0.214,E3
E3 (reused),random_forest__unweighted__split123__model456,random_forest,unweighted,none,C,decision,no_origin_balance,test,stratified,123,456,False,1.0,773.7010836478753,False,none,True,ner_optimal,val,0.0012907979956145,0.0012908741900602,0.0012908714849422,5749,4448085,1232,953160,1232,953162,4453834,155.50141340000118,b2e6f6243676544cb68b25aac83ba18d5eb139e5,True,3.14.4,1.8.0,3.4.0,2026-08-27T17:41:47+00:00,0.8264158770557622,0.9869983676103136,0.0003479789029,0.0017935760552063,1139,33888,93,919274,0.0325177720044537,0.924512987012987,0.0628257811853608,0.1697559017448715,35027,0.0367007755706762,773.7010836478753,0.1110388482989203,105842.20077925238,0.0811688311688311,1.0,0.4058441558441558,1.0,0.760551948051948,0.937,0.859577922077922,0.2118,E3
E3 (reused),random_forest__unweighted__split123__model789,random_forest,unweighted,none,C,decision,no_origin_balance,test,stratified,123,789,False,1.0,773.7010836478753,False,none,True,ner_optimal,val,0.0012907979956145,0.0012908741900602,0.0012908714849422,5749,4448085,1232,953160,1232,953162,4453834,139.50260750000234,b2e6f6243676544cb68b25aac83ba18d5eb139e5,True,3.14.4,1.8.0,3.4.0,2026-08-27T17:44:20+00:00,0.8280678255017108,0.9872917354000712,0.0003468587420238,0.001629697275348,1143,35616,89,917546,0.0310944258548926,0.9277597402597404,0.0601721460345871,0.166132234649858,36759,0.0385155397037282,773.7010836478753,0.1096049365128309,104475.39644466087,0.0811688311688311,1.0,0.4050324675324675,0.998,0.7597402597402597,0.936,0.8628246753246753,0.2126,E3
E3 (reused),random_forest__unweighted__split42__model123,random_forest,unweighted,none,C,decision,no_origin_balance,test,stratified,42,123,False,1.0,773.7010836478753,False,none,True,ner_optimal,val,0.0012907979956145,0.0012908741900602,0.0012908714849422,5749,4448085,1232,953160,1232,953162,4453834,145.51976220000142,b2e6f6243676544cb68b25aac83ba18d5eb139e5,True,3.14.4,1.8.0,3.4.0,2026-08-27T16:28:36+00:00,0.7993036154324304,0.9865343358048428,0.0003996717199708,0.0023039204534143,1111,25574,121,927588,0.041633876709762,0.9017857142857144,0.079593079485618,0.190561407404479,26685,0.0279601506296141,773.7010836478753,0.1250439196928833,119191.83112139288,0.0811688311688311,1.0,0.4050324675324675,0.998,0.7297077922077922,0.899,0.8400974025974026,0.207,E3
E3 (reused),random_forest__unweighted__split42__model42,random_forest,unweighted,none,C,decision,no_origin_balance,test,stratified,42,42,False,1.0,773.7010836478753,False,none,True,ner_optimal,val,0.0012907979956145,0.0012908741900602,0.0012908714849422,5749,4448085,1232,953160,1232,953162,4453834,153.2610136000003,b2e6f6243676544cb68b25aac83ba18d5eb139e5,True,3.14.4,1.8.0,3.4.0,2026-08-27T16:25:58+00:00,0.7967497221433496,0.986697379933262,0.0003995703058644,0.0025640910025686,1096,20937,136,932225,0.0497435664684791,0.8896103896103896,0.0942187835804857,0.2074443888798066,22033,0.0230858534316016,773.7010836478753,0.1323545766291466,126160.34737611104,0.0811688311688311,1.0,0.4050324675324675,0.998,0.7305194805194806,0.9,0.836038961038961,0.206,E3
E3 (reused),random_forest__unweighted__split42__model456,random_forest,unweighted,none,C,decision,no_origin_balance,test,stratified,42,456,False,1.0,773.7010836478753,False,none,True,ner_optimal,val,0.0012907979956145,0.0012908741900602,0.0012908714849422,5749,4448085,1232,953160,1232,953162,4453834,134.10049159999835,b2e6f6243676544cb68b25aac83ba18d5eb139e5,True,3.14.4,1.8.0,3.4.0,2026-08-27T16:31:01+00:00,0.7949283079988327,0.9869159164784872,0.0003996415685114,0.0024752086028456,1106,23358,126,929804,0.0452092871157619,0.8977272727272727,0.0860834371108343,0.1983920457566315,24464,0.0256330194867109,773.7010836478753,0.1267775599337143,120844.33653963223,0.0811688311688311,1.0,0.4042207792207792,0.996,0.7313311688311688,0.901,0.8392857142857143,0.2068,E3
E3 (reused),random_forest__unweighted__split42__model789,random_forest,unweighted,none,C,decision,no_origin_balance,test,stratified,42,789,False,1.0,773.7010836478753,False,none,True,ner_optimal,val,0.0012907979956145,0.0012908741900602,0.0012908714849422,5749,4448085,1232,953160,1232,953162,4453834,139.17927650000274,b2e6f6243676544cb68b25aac83ba18d5eb139e5,True,3.14.4,1.8.0,3.4.0,2026-08-27T16:33:33+00:00,0.7946899724099898,0.98639634414226,0.0003991830590247,0.0021883791778236,1115,28564,117,924598,0.0375686512348798,0.9050324675324676,0.0721426029568761,0.1810090824813384,29679,0.031097219806495,773.7010836478753,0.1249339696679963,119087.02678680138,0.0811688311688311,1.0,0.4050324675324675,0.998,0.7313311688311688,0.901,0.8319805194805194,0.205,E3
E3 (reused),random_forest__unweighted__split456__model123,random_forest,unweighted,none,C,decision,no_origin_balance,test,stratified,456,123,False,1.0,773.7010836478753,False,none,True,ner_optimal,val,0.0012907979956145,0.0012908741900602,0.0012908714849422,5749,4448085,1232,953160,1232,953162,4453834,140.0928641999999,b2e6f6243676544cb68b25aac83ba18d5eb139e5,True,3.14.4,1.8.0,3.4.0,2026-08-27T18:50:02+00:00,0.8166914233191555,0.9868735438419224,0.0003687925038478,0.0010922804940491,1139,42001,93,911161,0.0264024107556791,0.924512987012987,0.0513386820517443,0.1521712708802339,43140,0.0452014576789041,773.7010836478753,0.1195501809206597,113955.20077925238,0.0811688311688311,1.0,0.4050324675324675,0.998,0.75,0.924,0.8449675324675324,0.2082,E3
E3 (reused),random_forest__unweighted__split456__model42,random_forest,unweighted,none,C,decision,no_origin_balance,test,stratified,456,42,False,1.0,773.7010836478753,False,none,True,ner_optimal,val,0.0012907979956145,0.0012908741900602,0.0012908714849422,5749,4448085,1232,953160,1232,953162,4453834,138.70348909999666,b2e6f6243676544cb68b25aac83ba18d5eb139e5,True,3.14.4,1.8.0,3.4.0,2026-08-27T18:47:30+00:00,0.8167331044455801,0.9874026874480692,0.0003681495841693,0.0015110090607777,1140,37570,92,915592,0.0294497545853784,0.9253246753246752,0.0570827700165239,0.1612475721059945,38710,0.0405597688166522,773.7010836478753,0.1140899390718177,108750.4996956045,0.0803571428571428,0.99,0.4050324675324675,0.998,0.75,0.924,0.8482142857142857,0.209,E3
E3 (reused),random_forest__unweighted__split456__model456,random_forest,unweighted,none,C,decision,no_origin_balance,test,stratified,456,456,False,1.0,773.7010836478753,False,none,True,ner_optimal,val,0.0012907979956145,0.0012908741900602,0.0012908714849422,5749,4448085,1232,953160,1232,953162,4453834,174.04860550000012,b2e6f6243676544cb68b25aac83ba18d5eb139e5,True,3.14.4,1.8.0,3.4.0,2026-08-27T18:53:14+00:00,0.818425560312881,0.9870199882315148,0.0003672566681374,0.0010174724739044,1142,43785,90,909377,0.0254190130656398,0.926948051948052,0.0494811412725579,0.1493561452175921,44927,0.0470738500032481,773.7010836478753,0.1189867069380393,113418.09752830876,0.0811688311688311,1.0,0.4050324675324675,0.998,0.7508116883116883,0.925,0.8538961038961039,0.2104,E3
E3 (reused),random_forest__unweighted__split456__model789,random_forest,unweighted,none,C,decision,no_origin_balance,test,stratified,456,789,False,1.0,773.7010836478753,False,none,True,ner_optimal,val,0.0012907979956145,0.0012908741900602,0.0012908714849422,5749,4448085,1232,953160,1232,953162,4453834,204.60916050000012,b2e6f6243676544cb68b25aac83ba18d5eb139e5,True,3.14.4,1.8.0,3.4.0,2026-08-27T18:57:04+00:00,0.820746555323804,0.9872694658792142,0.0003661703061104,0.0013346525374799,1139,39084,93,914078,0.0283171319891604,0.924512987012987,0.0549511518514051,0.1578877568034057,40223,0.0421450679698321,773.7010836478753,0.1164899618577219,111038.20077925238,0.0811688311688311,1.0,0.4050324675324675,0.998,0.7556818181818182,0.931,0.8530844155844156,0.2102,E3
E3 (reused),random_forest__unweighted__split789__model123,random_forest,unweighted,none,C,decision,no_origin_balance,test,stratified,789,123,False,1.0,773.7010836478753,False,none,True,ner_optimal,val,0.0012907979956145,0.0012908741900602,0.0012908714849422,5749,4448085,1232,953160,1232,953162,4453834,176.68200149999757,b2e6f6243676544cb68b25aac83ba18d5eb139e5,True,3.14.4,1.8.0,3.4.0,2026-08-27T20:05:46+00:00,0.8262754227918255,0.9873896268522456,0.0003598305122825,0.0013111376902088,1154,38357,78,914805,0.0292070562628128,0.9366883116883116,0.0566477677146994,0.1615739278212132,39511,0.0413990448389239,773.7010836478753,0.1035519428873147,98705.68452453426,0.0811688311688311,1.0,0.4058441558441558,1.0,0.747564935064935,0.921,0.8571428571428571,0.2112,E3
E3 (reused),random_forest__unweighted__split789__model42,random_forest,unweighted,none,C,decision,no_origin_balance,test,stratified,789,42,False,1.0,773.7010836478753,False,none,True,ner_optimal,val,0.0012907979956145,0.0012908741900602,0.0012908714849422,5749,4448085,1232,953160,1232,953162,4453834,179.69871409999905,b2e6f6243676544cb68b25aac83ba18d5eb139e5,True,3.14.4,1.8.0,3.4.0,2026-08-27T20:02:32+00:00,0.824819523851171,0.9875855583563192,0.0003602882860935,0.0012523722834885,1152,39176,80,913986,0.0285657607617536,0.935064935064935,0.0554379210779595,0.1595572518059965,40328,0.0422550854259352,773.7010836478753,0.1060345308279852,101072.08669183002,0.0811688311688311,1.0,0.4050324675324675,0.998,0.75,0.924,0.859577922077922,0.2118,E3
E3 (reused),random_forest__unweighted__split789__model456,random_forest,unweighted,none,C,decision,no_origin_balance,test,stratified,789,456,False,1.0,773.7010836478753,False,none,True,ner_optimal,val,0.0012907979956145,0.0012908741900602,0.0012908714849422,5749,4448085,1232,953160,1232,953162,4453834,171.51835869999923,b2e6f6243676544cb68b25aac83ba18d5eb139e5,True,3.14.4,1.8.0,3.4.0,2026-08-27T20:08:54+00:00,0.8220793385528772,0.9869992191846648,0.000362787535654,0.0010401657782495,1155,42632,77,910530,0.0263776920090437,0.9375,0.0513116684066727,0.1532116228315612,43787,0.045879374765558,773.7010836478753,0.1072251488142479,102206.98344088638,0.0811688311688311,1.0,0.4050324675324675,0.998,0.747564935064935,0.921,0.8603896103896104,0.212,E3
E3 (reused),random_forest__unweighted__split789__model789,random_forest,unweighted,none,C,decision,no_origin_balance,test,stratified,789,789,False,1.0,773.7010836478753,False,none,True,ner_optimal,val,0.0012907979956145,0.0012908741900602,0.0012908714849422,5749,4448085,1232,953160,1232,953162,4453834,169.7270897999988,b2e6f6243676544cb68b25aac83ba18d5eb139e5,True,3.14.4,1.8.0,3.4.0,2026-08-27T20:11:58+00:00,0.8240651548913299,0.9878408237290964,0.0003588602703135,0.0024575323332101,1130,23579,102,929583,0.0457323242543202,0.9172077922077922,0.0871207740642226,0.2017840835310498,24709,0.0258897268842846,773.7010836478753,0.1075288911261154,102496.51053208324,0.0811688311688311,1.0,0.4042207792207792,0.996,0.7491883116883117,0.923,0.8547077922077922,0.2106,E3
E3 (reused),random_forest__weighted__split123__model123,random_forest,weighted,class_weighting,E,algorithm+decision,no_origin_balance,test,stratified,123,123,False,773.7010836478753,773.7010836478753,True,class_weight[1] / scale_pos_weight,True,ner_optimal,val,0.0012907979956145,0.0012908741900602,0.0012908714849422,5749,4448085,1232,953160,1232,953162,4453834,130.42530420000185,b2e6f6243676544cb68b25aac83ba18d5eb139e5,True,3.14.4,1.8.0,3.4.0,2026-08-27T17:49:00+00:00,0.787039498853958,0.9858493379125236,0.0069102239975254,0.1973086297512054,1130,39348,102,913814,0.0279163990315727,0.9172077922077922,0.0541836490050347,0.1560607144205981,40478,0.0424122532203681,773.7010836478753,0.1240721185527404,118265.51053208324,0.0811688311688311,1.0,0.4034090909090909,0.994,0.7313311688311688,0.901,0.8189935064935064,0.2018,E3
E3 (reused),random_forest__weighted__split123__model42,random_forest,weighted,class_weighting,E,algorithm+decision,no_origin_balance,test,stratified,123,42,False,773.7010836478753,773.7010836478753,True,class_weight[1] / scale_pos_weight,True,ner_optimal,val,0.0012907979956145,0.0012908741900602,0.0012908714849422,5749,4448085,1232,953160,1232,953162,4453834,123.03857650000282,b2e6f6243676544cb68b25aac83ba18d5eb139e5,True,3.14.4,1.8.0,3.4.0,2026-08-27T17:46:34+00:00,0.7884614067650181,0.9853834607454336,0.0068706579480936,0.234475091099739,1104,27029,128,926133,0.0392421711157715,0.8961038961038961,0.0751915545717691,0.1842073577496088,28133,0.0294773437385398,773.7010836478753,0.1322521755629341,126062.738706928,0.0811688311688311,1.0,0.4034090909090909,0.994,0.7353896103896104,0.906,0.825487012987013,0.2034,E3
E3 (reused),random_forest__weighted__split123__model456,random_forest,weighted,class_weighting,E,algorithm+decision,no_origin_balance,test,stratified,123,456,False,773.7010836478753,773.7010836478753,True,class_weight[1] / scale_pos_weight,True,ner_optimal,val,0.0012907979956145,0.0012908741900602,0.0012908714849422,5749,4448085,1232,953160,1232,953162,4453834,159.0894913000011,b2e6f6243676544cb68b25aac83ba18d5eb139e5,True,3.14.4,1.8.0,3.4.0,2026-08-27T17:51:55+00:00,0.7836183341761481,0.9850027610254556,0.0068710514958532,0.1909539401531219,1120,39978,112,913184,0.0272519344007007,0.9090909090909092,0.0529175525631939,0.153379042525609,41098,0.0430618801040241,773.7010836478753,0.1328499334521572,126632.521368562,0.0811688311688311,1.0,0.4017857142857143,0.99,0.7313311688311688,0.901,0.8141233766233766,0.2006,E3
E3 (reused),random_forest__weighted__split123__model789,random_forest,weighted,class_weighting,E,algorithm+decision,no_origin_balance,test,stratified,123,789,False,773.7010836478753,773.7010836478753,True,class_weight[1] / scale_pos_weight,True,ner_optimal,val,0.0012907979956145,0.0012908741900602,0.0012908714849422,5749,4448085,1232,953160,1232,953162,4453834,146.31680119999874,b2e6f6243676544cb68b25aac83ba18d5eb139e5,True,3.14.4,1.8.0,3.4.0,2026-08-27T17:54:32+00:00,0.7872525291113277,0.9858814273630104,0.0071232424520674,0.1878827363252639,1136,47574,96,905588,0.0233216998562923,0.922077922077922,0.0454927716150734,0.1422952918549613,48710,0.051037621778846,773.7010836478753,0.1278318693859789,121849.304030196,0.0811688311688311,1.0,0.4050324675324675,0.998,0.7305194805194806,0.9,0.8198051948051948,0.202,E3
E3 (reused),random_forest__weighted__split42__model123,random_forest,weighted,class_weighting,E,algorithm+decision,no_origin_balance,test,stratified,42,123,False,773.7010836478753,773.7010836478753,True,class_weight[1] / scale_pos_weight,True,ner_optimal,val,0.0012907979956145,0.0012908741900602,0.0012908714849422,5749,4448085,1232,953160,1232,953162,4453834,120.60110859999986,b2e6f6243676544cb68b25aac83ba18d5eb139e5,True,3.14.4,1.8.0,3.4.0,2026-08-27T16:37:56+00:00,0.7543450675820219,0.9806133231614028,0.0059879928437684,0.1843786388635635,1091,32043,141,921119,0.0329269028792177,0.885551948051948,0.0634929872548449,0.1670962912935481,33134,0.0347173180049329,773.7010836478753,0.1480643013253963,141134.85279435042,0.0811688311688311,1.0,0.4042207792207792,0.996,0.7012987012987013,0.864,0.7881493506493507,0.1942,E3
E3 (reused),random_forest__weighted__split42__model42,random_forest,weighted,class_weighting,E,algorithm+decision,no_origin_balance,test,stratified,42,42,False,773.7010836478753,773.7010836478753,True,class_weight[1] / scale_pos_weight,True,ner_optimal,val,0.0012907979956145,0.0012908741900602,0.0012908714849422,5749,4448085,1232,953160,1232,953162,4453834,120.28755439999804,b2e6f6243676544cb68b25aac83ba18d5eb139e5,True,3.14.4,1.8.0,3.4.0,2026-08-27T16:35:44+00:00,0.746743451938522,0.9817387970352788,0.0069187186165125,0.1929068118333816,1101,38585,131,914577,0.0277427808295116,0.8936688311688312,0.0538149469671049,0.1534523124710642,39686,0.0415824072657623,773.7010836478753,0.1468106177661884,139939.84195787166,0.0811688311688311,1.0,0.400974025974026,0.988,0.6996753246753247,0.862,0.7832792207792207,0.193,E3
E3 (reused),random_forest__weighted__split42__model456,random_forest,weighted,class_weighting,E,algorithm+decision,no_origin_balance,test,stratified,42,456,False,773.7010836478753,773.7010836478753,True,class_weight[1] / scale_pos_weight,True,ner_optimal,val,0.0012907979956145,0.0012908741900602,0.0012908714849422,5749,4448085,1232,953160,1232,953162,4453834,119.72394219999842,b2e6f6243676544cb68b25aac83ba18d5eb139e5,True,3.14.4,1.8.0,3.4.0,2026-08-27T16:40:11+00:00,0.7497554939061769,0.981748718728044,0.006665639046532,0.1663933545351028,1112,52719,120,900443,0.0206572421095651,0.9025974025974026,0.0403900986143145,0.1318701193843762,53831,0.0564033302807855,773.7010836478753,0.1527099984238568,145563.130037745,0.0811688311688311,1.0,0.4017857142857143,0.99,0.7012987012987013,0.864,0.7824675324675324,0.1928,E3
E3 (reused),random_forest__weighted__split42__model789,random_forest,weighted,class_weighting,E,algorithm+decision,no_origin_balance,test,stratified,42,789,False,773.7010836478753,773.7010836478753,True,class_weight[1] / scale_pos_weight,True,ner_optimal,val,0.0012907979956145,0.0012908741900602,0.0012908714849422,5749,4448085,1232,953160,1232,953162,4453834,120.55147319999742,b2e6f6243676544cb68b25aac83ba18d5eb139e5,True,3.14.4,1.8.0,3.4.0,2026-08-27T16:42:25+00:00,0.743144141522048,0.9817199653200774,0.0067607062186698,0.1887541115283966,1098,33921,134,919241,0.0313544076072988,0.8912337662337663,0.0605776392375382,0.163412236279055,35019,0.0366923932883065,773.7010836478753,0.144352689314369,137596.94520881528,0.0803571428571428,0.99,0.400974025974026,0.988,0.6988636363636364,0.861,0.7800324675324676,0.1922,E3
E3 (reused),random_forest__weighted__split456__model123,random_forest,weighted,class_weighting,E,algorithm+decision,no_origin_balance,test,stratified,456,123,False,773.7010836478753,773.7010836478753,True,class_weight[1] / scale_pos_weight,True,ner_optimal,val,0.0012907979956145,0.0012908741900602,0.0012908714849422,5749,4448085,1232,953160,1232,953162,4453834,158.38957510000182,b2e6f6243676544cb68b25aac83ba18d5eb139e5,True,3.14.4,1.8.0,3.4.0,2026-08-27T19:02:45+00:00,0.7756890629916643,0.9833712339839644,0.0065246340989494,0.198261559009552,1096,27302,136,925860,0.0385942672019156,0.8896103896103896,0.0739790752615592,0.1819393655516526,28398,0.0297550068420379,773.7010836478753,0.1390320858288719,132525.34737611102,0.0811688311688311,1.0,0.4025974025974026,0.992,0.7215909090909091,0.889,0.8125,0.2002,E3
E3 (reused),random_forest__weighted__split456__model42,random_forest,weighted,class_weighting,E,algorithm+decision,no_origin_balance,test,stratified,456,42,False,773.7010836478753,773.7010836478753,True,class_weight[1] / scale_pos_weight,True,ner_optimal,val,0.0012907979956145,0.0012908741900602,0.0012908714849422,5749,4448085,1232,953160,1232,953162,4453834,156.03954639999938,b2e6f6243676544cb68b25aac83ba18d5eb139e5,True,3.14.4,1.8.0,3.4.0,2026-08-27T18:59:54+00:00,0.7720827964235308,0.9831475913989302,0.0066341981316726,0.173733577132225,1115,46877,117,906285,0.0232330388398066,0.9050324675324676,0.0453031041768243,0.1406185147759263,47992,0.0502853119361605,773.7010836478753,0.1441461025783764,137400.02678680138,0.0811688311688311,1.0,0.4025974025974026,0.992,0.7159090909090909,0.882,0.8084415584415584,0.1992,E3
E3 (reused),random_forest__weighted__split456__model456,random_forest,weighted,class_weighting,E,algorithm+decision,no_origin_balance,test,stratified,456,456,False,773.7010836478753,773.7010836478753,True,class_weight[1] / scale_pos_weight,True,ner_optimal,val,0.0012907979956145,0.0012908741900602,0.0012908714849422,5749,4448085,1232,953160,1232,953162,4453834,146.2171770999994,b2e6f6243676544cb68b25aac83ba18d5eb139e5,True,3.14.4,1.8.0,3.4.0,2026-08-27T19:05:22+00:00,0.7763820317570478,0.9837378678245972,0.0062525257087803,0.1766688525676727,1109,37207,123,915955,0.028943522288339,0.9001623376623377,0.0560837463335693,0.1575069099958071,38316,0.0401469414099418,773.7010836478753,0.1388714541356479,132372.23328868864,0.0811688311688311,1.0,0.4034090909090909,0.994,0.7248376623376623,0.893,0.8125,0.2002,E3
E3 (reused),random_forest__weighted__split456__model789,random_forest,weighted,class_weighting,E,algorithm+decision,no_origin_balance,test,stratified,456,789,False,773.7010836478753,773.7010836478753,True,class_weight[1] / scale_pos_weight,True,ner_optimal,val,0.0012907979956145,0.0012908741900602,0.0012908714849422,5749,4448085,1232,953160,1232,953162,4453834,149.97549440000148,b2e6f6243676544cb68b25aac83ba18d5eb139e5,True,3.14.4,1.8.0,3.4.0,2026-08-27T19:08:04+00:00,0.7745950497702909,0.9842572102357492,0.0066438928674203,0.192260593175888,1095,33037,137,920125,0.0320813313020039,0.8887987012987013,0.0619273837801153,0.1651506491107481,34132,0.0357630077305599,773.7010836478753,0.1458603515577518,139034.04845975892,0.0811688311688311,1.0,0.4017857142857143,0.99,0.7207792207792207,0.888,0.8068181818181818,0.1988,E3
E3 (reused),random_forest__weighted__split789__model123,random_forest,weighted,class_weighting,E,algorithm+decision,no_origin_balance,test,stratified,789,123,False,773.7010836478753,773.7010836478753,True,class_weight[1] / scale_pos_weight,True,ner_optimal,val,0.0012907979956145,0.0012908741900602,0.0012908714849422,5749,4448085,1232,953160,1232,953162,4453834,152.61701670000184,b2e6f6243676544cb68b25aac83ba18d5eb139e5,True,3.14.4,1.8.0,3.4.0,2026-08-27T20:17:21+00:00,0.7734860069331649,0.9832232708115164,0.0071288711942747,0.1707752645015716,1137,52644,95,900518,0.0211412952529703,0.9228896103896104,0.0413356842928035,0.1350996114274775,53781,0.0563509410159745,773.7010836478753,0.1323391082765855,126145.60294654813,0.0811688311688311,1.0,0.4025974025974026,0.992,0.7183441558441559,0.885,0.8035714285714286,0.198,E3
E3 (reused),random_forest__weighted__split789__model42,random_forest,weighted,class_weighting,E,algorithm+decision,no_origin_balance,test,stratified,789,42,False,773.7010836478753,773.7010836478753,True,class_weight[1] / scale_pos_weight,True,ner_optimal,val,0.0012907979956145,0.0012908741900602,0.0012908714849422,5749,4448085,1232,953160,1232,953162,4453834,149.5565709999937,b2e6f6243676544cb68b25aac83ba18d5eb139e5,True,3.14.4,1.8.0,3.4.0,2026-08-27T20:14:38+00:00,0.7710857316780422,0.9841490777504276,0.00739815963528,0.1782072782516479,1141,46525,91,906637,0.0239373977258423,0.9261363636363636,0.0466685754018569,0.1446126958324808,47666,0.049943733929593,773.7010836478753,0.1226729239547154,116931.79861195663,0.0803571428571428,0.99,0.4042207792207792,0.996,0.7183441558441559,0.885,0.799512987012987,0.197,E3
E3 (reused),random_forest__weighted__split789__model456,random_forest,weighted,class_weighting,E,algorithm+decision,no_origin_balance,test,stratified,789,456,False,773.7010836478753,773.7010836478753,True,class_weight[1] / scale_pos_weight,True,ner_optimal,val,0.0012907979956145,0.0012908741900602,0.0012908714849422,5749,4448085,1232,953160,1232,953162,4453834,146.12161280000146,b2e6f6243676544cb68b25aac83ba18d5eb139e5,True,3.14.4,1.8.0,3.4.0,2026-08-27T20:19:59+00:00,0.7684044221874352,0.9841947387413492,0.0071433067742345,0.2023001313209533,1124,33194,108,919968,0.0327524914039279,0.9123376623376624,0.0632348804500703,0.169226822688692,34318,0.0359578957956567,773.7010836478753,0.1224860989153904,116753.7170339705,0.0811688311688311,1.0,0.4017857142857143,0.99,0.7159090909090909,0.882,0.7962662337662337,0.1962,E3
E3 (reused),random_forest__weighted__split789__model789,random_forest,weighted,class_weighting,E,algorithm+decision,no_origin_balance,test,stratified,789,789,False,773.7010836478753,773.7010836478753,True,class_weight[1] / scale_pos_weight,True,ner_optimal,val,0.0012907979956145,0.0012908741900602,0.0012908714849422,5749,4448085,1232,953160,1232,953162,4453834,165.59343369999988,b2e6f6243676544cb68b25aac83ba18d5eb139e5,True,3.14.4,1.8.0,3.4.0,2026-08-27T20:23:00+00:00,0.7697078918671916,0.98414910457502,0.0070850067591867,0.1941239982843399,1124,38438,108,914724,0.028411101562105,0.9123376623376624,0.0551061430602539,0.1570727334969756,39562,0.0414524818890311,773.7010836478753,0.1279875691814327,121997.7170339705,0.0795454545454545,0.98,0.4017857142857143,0.99,0.7191558441558441,0.886,0.8027597402597403,0.1978,E3
E3 (reused),xgboost__unweighted__split123__model123,xgboost,unweighted,none,C,decision,no_origin_balance,test,stratified,123,123,False,1.0,773.7010836478753,False,none,True,ner_optimal,val,0.0012907979956145,0.0012908741900602,0.0012908714849422,5749,4448085,1232,953160,1232,953162,4453834,126.50996840000153,b2e6f6243676544cb68b25aac83ba18d5eb139e5,True,3.14.4,1.8.0,3.4.0,2026-08-27T18:08:51+00:00,0.841324853088602,0.987717316494652,0.0002985074128631,0.0012808406027033,1131,26512,101,926650,0.040914517237637,0.9180194805194806,0.0783376623376623,0.1905919151346497,27643,0.0289639289433923,773.7010836478753,0.109794207446445,104655.80944843538,0.0811688311688311,1.0,0.4042207792207792,0.996,0.7824675324675324,0.964,0.8717532467532467,0.2148,E3
E3 (reused),xgboost__unweighted__split123__model42,xgboost,unweighted,none,C,decision,no_origin_balance,test,stratified,123,42,False,1.0,773.7010836478753,False,none,True,ner_optimal,val,0.0012907979956145,0.0012908741900602,0.0012908714849422,5749,4448085,1232,953160,1232,953162,4453834,122.47124740000072,b2e6f6243676544cb68b25aac83ba18d5eb139e5,True,3.14.4,1.8.0,3.4.0,2026-08-27T18:06:24+00:00,0.8409199819693604,0.9880023524809576,0.0002967493920679,0.0017570934724062,1119,19665,113,933497,0.0538394919168591,0.9082792207792209,0.1016533430232558,0.2183645449164847,20784,0.0217771695966236,773.7010836478753,0.1123512927184378,107093.22245220988,0.0811688311688311,1.0,0.4058441558441558,1.0,0.7832792207792207,0.965,0.864448051948052,0.213,E3
E3 (reused),xgboost__unweighted__split123__model456,xgboost,unweighted,none,C,decision,no_origin_balance,test,stratified,123,456,False,1.0,773.7010836478753,False,none,True,ner_optimal,val,0.0012907979956145,0.0012908741900602,0.0012908714849422,5749,4448085,1232,953160,1232,953162,4453834,126.70060759999978,b2e6f6243676544cb68b25aac83ba18d5eb139e5,True,3.14.4,1.8.0,3.4.0,2026-08-27T18:11:18+00:00,0.8426204388549638,0.9876291938776464,0.0002982972889311,0.0015902656596153,1127,22151,105,931011,0.0484148122690952,0.9147727272727272,0.0919624643002856,0.2075159702696496,23278,0.0243903461253947,773.7010836478753,0.1084658440207706,103389.61378302689,0.0803571428571428,0.99,0.4042207792207792,0.996,0.7824675324675324,0.964,0.8741883116883117,0.2154,E3
E3 (reused),xgboost__unweighted__split123__model789,xgboost,unweighted,none,C,decision,no_origin_balance,test,stratified,123,789,False,1.0,773.7010836478753,False,none,True,ner_optimal,val,0.0012907979956145,0.0012908741900602,0.0012908714849422,5749,4448085,1232,953160,1232,953162,4453834,129.21677120000095,b2e6f6243676544cb68b25aac83ba18d5eb139e5,True,3.14.4,1.8.0,3.4.0,2026-08-27T18:13:56+00:00,0.843971650147884,0.9874286051134464,0.0002979561483605,0.0015989815583452,1127,21894,105,931268,0.0489553016810738,0.9147727272727272,0.0929369562528347,0.2087053887637614,23021,0.0241210653042663,773.7010836478753,0.1081962258174196,103132.61378302689,0.0811688311688311,1.0,0.4050324675324675,0.998,0.7816558441558441,0.963,0.872564935064935,0.215,E3
E3 (reused),xgboost__unweighted__split42__model123,xgboost,unweighted,none,C,decision,no_origin_balance,test,stratified,42,123,False,1.0,773.7010836478753,False,none,True,ner_optimal,val,0.0012907979956145,0.0012908741900602,0.0012908714849422,5749,4448085,1232,953160,1232,953162,4453834,116.41548170000168,b2e6f6243676544cb68b25aac83ba18d5eb139e5,True,3.14.4,1.8.0,3.4.0,2026-08-27T16:57:41+00:00,0.815903493251223,0.983279323990032,0.0003396578657798,0.0013300842838361,1105,26759,127,926403,0.0396569049669824,0.8969155844155844,0.0759554577948859,0.1853010481100024,27864,0.0291954894938568,773.7010836478753,0.131157230773017,125019.03762328012,0.0811688311688311,1.0,0.4050324675324675,0.998,0.7556818181818182,0.931,0.8474025974025974,0.2088,E3
E3 (reused),xgboost__unweighted__split42__model42,xgboost,unweighted,none,C,decision,no_origin_balance,test,stratified,42,42,False,1.0,773.7010836478753,False,none,True,ner_optimal,val,0.0012907979956145,0.0012908741900602,0.0012908714849422,5749,4448085,1232,953160,1232,953162,4453834,129.19114780000018,b2e6f6243676544cb68b25aac83ba18d5eb139e5,True,3.14.4,1.8.0,3.4.0,2026-08-27T16:55:28+00:00,0.817257678698113,0.9851784403883104,0.0003368547175556,0.0019162173848599,1093,17683,139,935479,0.0582126118449083,0.8871753246753247,0.1092562974810076,0.224579138029712,18776,0.0196732167218151,773.7010836478753,0.1313758764525216,125227.45062705466,0.0811688311688311,1.0,0.4058441558441558,1.0,0.7589285714285714,0.935,0.8474025974025974,0.2088,E3
E3 (reused),xgboost__unweighted__split42__model456,xgboost,unweighted,none,C,decision,no_origin_balance,test,stratified,42,456,False,1.0,773.7010836478753,False,none,True,ner_optimal,val,0.0012907979956145,0.0012908741900602,0.0012908714849422,5749,4448085,1232,953160,1232,953162,4453834,116.69495609999647,b2e6f6243676544cb68b25aac83ba18d5eb139e5,True,3.14.4,1.8.0,3.4.0,2026-08-27T16:59:52+00:00,0.8166811773286371,0.984450879958346,0.000335348234125,0.0021981198806315,1087,15585,145,937577,0.0651991362763915,0.8823051948051948,0.1214253798033958,0.2373300937064689,16672,0.0174686764585695,773.7010836478753,0.1340449985770076,127771.65712894192,0.0811688311688311,1.0,0.4058441558441558,1.0,0.7589285714285714,0.935,0.8433441558441559,0.2078,E3
E3 (reused),xgboost__unweighted__split42__model789,xgboost,unweighted,none,C,decision,no_origin_balance,test,stratified,42,789,False,1.0,773.7010836478753,False,none,True,ner_optimal,val,0.0012907979956145,0.0012908741900602,0.0012908714849422,5749,4448085,1232,953160,1232,953162,4453834,117.24004099999728,b2e6f6243676544cb68b25aac83ba18d5eb139e5,True,3.14.4,1.8.0,3.4.0,2026-08-27T17:02:06+00:00,0.817807052643664,0.9851738887234034,0.0003385238324735,0.0013564806431531,1110,25301,122,927861,0.0420279429025784,0.900974025974026,0.0803096624823644,0.1914040854526369,26411,0.02767305745845,773.7010836478753,0.1255692042321404,119692.53220504076,0.0811688311688311,1.0,0.4058441558441558,1.0,0.760551948051948,0.937,0.8449675324675324,0.2082,E3
E3 (reused),xgboost__unweighted__split456__model123,xgboost,unweighted,none,C,decision,no_origin_balance,test,stratified,456,123,False,1.0,773.7010836478753,False,none,True,ner_optimal,val,0.0012907979956145,0.0012908741900602,0.0012908714849422,5749,4448085,1232,953160,1232,953162,4453834,120.22480429999996,b2e6f6243676544cb68b25aac83ba18d5eb139e5,True,3.14.4,1.8.0,3.4.0,2026-08-27T19:23:48+00:00,0.8374490119526069,0.9869648658237652,0.0003054617613914,0.0010284666204825,1129,33605,103,919557,0.0325041745839811,0.916396103896104,0.0627815158761052,0.1689438812894222,34734,0.0363937744788839,773.7010836478753,0.118858836662697,113296.21161573112,0.0811688311688311,1.0,0.4050324675324675,0.998,0.7775974025974026,0.958,0.8660714285714286,0.2134,E3
E3 (reused),xgboost__unweighted__split456__model42,xgboost,unweighted,none,C,decision,no_origin_balance,test,stratified,456,42,False,1.0,773.7010836478753,False,none,True,ner_optimal,val,0.0012907979956145,0.0012908741900602,0.0012908714849422,5749,4448085,1232,953160,1232,953162,4453834,123.59485679999852,b2e6f6243676544cb68b25aac83ba18d5eb139e5,True,3.14.4,1.8.0,3.4.0,2026-08-27T19:21:31+00:00,0.8345775848474781,0.9877191099102354,0.0003155381144955,0.0010040823835879,1129,34775,103,918387,0.0314449643493761,0.916396103896104,0.060803532959931,0.1660425735284302,35904,0.0376196832754606,773.7010836478753,0.1200862814016881,114466.21161573112,0.0811688311688311,1.0,0.4050324675324675,0.998,0.7727272727272727,0.952,0.8612012987012987,0.2122,E3
E3 (reused),xgboost__unweighted__split456__model456,xgboost,unweighted,none,C,decision,no_origin_balance,test,stratified,456,456,False,1.0,773.7010836478753,False,none,True,ner_optimal,val,0.0012907979956145,0.0012908741900602,0.0012908714849422,5749,4448085,1232,953160,1232,953162,4453834,119.56349369999953,b2e6f6243676544cb68b25aac83ba18d5eb139e5,True,3.14.4,1.8.0,3.4.0,2026-08-27T19:26:05+00:00,0.8357479352888872,0.986616938516904,0.0003118883329235,0.0010286488104611,1135,34538,97,918624,0.0318167801979087,0.9212662337662336,0.0615092805852865,0.1675272975708816,35673,0.0373776448720339,773.7010836478753,0.1149675152895575,109587.00511384389,0.0811688311688311,1.0,0.4042207792207792,0.996,0.773538961038961,0.953,0.8628246753246753,0.2126,E3
E3 (reused),xgboost__unweighted__split456__model789,xgboost,unweighted,none,C,decision,no_origin_balance,test,stratified,456,789,False,1.0,773.7010836478753,False,none,True,ner_optimal,val,0.0012907979956145,0.0012908741900602,0.0012908714849422,5749,4448085,1232,953160,1232,953162,4453834,120.73930049999764,b2e6f6243676544cb68b25aac83ba18d5eb139e5,True,3.14.4,1.8.0,3.4.0,2026-08-27T19:28:22+00:00,0.8334657815065373,0.985109008976738,0.0003126146666965,0.0016510800924152,1110,20805,122,932357,0.0506502395619438,0.900974025974026,0.0959087570743508,0.2107462157730535,21915,0.0229622147666477,773.7010836478753,0.1208524593205984,115196.53220504076,0.0811688311688311,1.0,0.4050324675324675,0.998,0.7743506493506493,0.954,0.8636363636363636,0.2128,E3
E3 (reused),xgboost__unweighted__split789__model123,xgboost,unweighted,none,C,decision,no_origin_balance,test,stratified,789,123,False,1.0,773.7010836478753,False,none,True,ner_optimal,val,0.0012907979956145,0.0012908741900602,0.0012908714849422,5749,4448085,1232,953160,1232,953162,4453834,148.92647769999894,b2e6f6243676544cb68b25aac83ba18d5eb139e5,True,3.14.4,1.8.0,3.4.0,2026-08-27T20:41:07+00:00,0.842337079612535,0.9883282448756956,0.0002999939380177,0.001036437228322,1141,33718,91,919444,0.0327318626466622,0.9261363636363636,0.0632290598764234,0.1704937821540404,34859,0.0365247476409114,773.7010836478753,0.1092371250040663,104124.79861195663,0.0811688311688311,1.0,0.4058441558441558,1.0,0.7816558441558441,0.963,0.8693181818181818,0.2142,E3
E3 (reused),xgboost__unweighted__split789__model42,xgboost,unweighted,none,C,decision,no_origin_balance,test,stratified,789,42,False,1.0,773.7010836478753,False,none,True,ner_optimal,val,0.0012907979956145,0.0012908741900602,0.0012908714849422,5749,4448085,1232,953160,1232,953162,4453834,149.2375247000018,b2e6f6243676544cb68b25aac83ba18d5eb139e5,True,3.14.4,1.8.0,3.4.0,2026-08-27T20:38:15+00:00,0.8392160059802548,0.9884062665435348,0.0003019345201224,0.0011638585710898,1133,29206,99,923956,0.0373446718744849,0.9196428571428572,0.07177472997371,0.181945683507444,30339,0.0317887581019998,773.7010836478753,0.1109971010169506,105802.40728113965,0.0811688311688311,1.0,0.4034090909090909,0.994,0.7824675324675324,0.964,0.8685064935064936,0.214,E3
E3 (reused),xgboost__unweighted__split789__model456,xgboost,unweighted,none,C,decision,no_origin_balance,test,stratified,789,456,False,1.0,773.7010836478753,False,none,True,ner_optimal,val,0.0012907979956145,0.0012908741900602,0.0012908714849422,5749,4448085,1232,953160,1232,953162,4453834,108.03850899999816,b2e6f6243676544cb68b25aac83ba18d5eb139e5,True,3.14.4,1.8.0,3.4.0,2026-08-27T20:43:12+00:00,0.8405271506468719,0.9869180036872216,0.0003024989720323,0.0009388300240971,1148,37560,84,915602,0.0296579518445799,0.9318181818181818,0.057486229344016,0.1624354083527164,38708,0.0405576732460598,773.7010836478753,0.1075859415976361,102550.89102642152,0.0811688311688311,1.0,0.4050324675324675,0.998,0.7767857142857143,0.957,0.8685064935064936,0.214,E3
E3 (reused),xgboost__unweighted__split789__model789,xgboost,unweighted,none,C,decision,no_origin_balance,test,stratified,789,789,False,1.0,773.7010836478753,False,none,True,ner_optimal,val,0.0012907979956145,0.0012908741900602,0.0012908714849422,5749,4448085,1232,953160,1232,953162,4453834,104.62674569999945,b2e6f6243676544cb68b25aac83ba18d5eb139e5,True,3.14.4,1.8.0,3.4.0,2026-08-27T20:45:11+00:00,0.8398015516993577,0.9864414605513836,0.000304579748546,0.0011961391428485,1133,28618,99,924544,0.03808275352089,0.9196428571428572,0.0731368815156698,0.1838039039808017,29751,0.0311726603478228,773.7010836478753,0.1103802313532524,105214.40728113965,0.0811688311688311,1.0,0.4042207792207792,0.996,0.7775974025974026,0.958,0.8628246753246753,0.2126,E3
E3 (reused),xgboost__weighted__split123__model123,xgboost,weighted,class_weighting,E,algorithm+decision,no_origin_balance,test,stratified,123,123,False,773.7010836478753,773.7010836478753,True,class_weight[1] / scale_pos_weight,True,ner_optimal,val,0.0012907979956145,0.0012908741900602,0.0012908714849422,5749,4448085,1232,953160,1232,953162,4453834,131.35881789999985,b2e6f6243676544cb68b25aac83ba18d5eb139e5,True,3.14.4,1.8.0,3.4.0,2026-08-27T18:18:48+00:00,0.8283351647239205,0.9863297761494434,0.0128659695068933,0.3716185986995697,1118,23086,114,930076,0.0461907122789621,0.9074675324675324,0.0879069036011951,0.2017165476167695,24204,0.0253605953096939,773.7010836478753,0.1167519455190908,111287.92353585776,0.0811688311688311,1.0,0.4058441558441558,1.0,0.7508116883116883,0.925,0.8636363636363636,0.2128,E3
E3 (reused),xgboost__weighted__split123__model42,xgboost,weighted,class_weighting,E,algorithm+decision,no_origin_balance,test,stratified,123,42,False,773.7010836478753,773.7010836478753,True,class_weight[1] / scale_pos_weight,True,ner_optimal,val,0.0012907979956145,0.0012908741900602,0.0012908714849422,5749,4448085,1232,953160,1232,953162,4453834,128.5329477999985,b2e6f6243676544cb68b25aac83ba18d5eb139e5,True,3.14.4,1.8.0,3.4.0,2026-08-27T18:16:21+00:00,0.8248751773828585,0.98629226515085,0.013224345035951,0.2896187305450439,1131,35758,101,917404,0.0306595462061861,0.9180194805194806,0.0593373731014401,0.1640089533411241,36889,0.0386517517922367,773.7010836478753,0.1194941681786775,113901.80944843538,0.0811688311688311,1.0,0.4050324675324675,0.998,0.7516233766233766,0.926,0.8555194805194806,0.2108,E3
E3 (reused),xgboost__weighted__split123__model456,xgboost,weighted,class_weighting,E,algorithm+decision,no_origin_balance,test,stratified,123,456,False,773.7010836478753,773.7010836478753,True,class_weight[1] / scale_pos_weight,True,ner_optimal,val,0.0012907979956145,0.0012908741900602,0.0012908714849422,5749,4448085,1232,953160,1232,953162,4453834,137.0250866000024,b2e6f6243676544cb68b25aac83ba18d5eb139e5,True,3.14.4,1.8.0,3.4.0,2026-08-27T18:21:20+00:00,0.8246323655951001,0.9865340215739072,0.0133471641613909,0.3958902955055237,1113,21463,119,931699,0.0493001417434443,0.9034090909090908,0.0934979838709677,0.2081239413378957,22576,0.0236548008474487,773.7010836478753,0.1191077009139575,113533.42895409712,0.0811688311688311,1.0,0.4058441558441558,1.0,0.75,0.924,0.8612012987012987,0.2122,E3
E3 (reused),xgboost__weighted__split123__model789,xgboost,weighted,class_weighting,E,algorithm+decision,no_origin_balance,test,stratified,123,789,False,773.7010836478753,773.7010836478753,True,class_weight[1] / scale_pos_weight,True,ner_optimal,val,0.0012907979956145,0.0012908741900602,0.0012908714849422,5749,4448085,1232,953160,1232,953162,4453834,132.4010387999988,b2e6f6243676544cb68b25aac83ba18d5eb139e5,True,3.14.4,1.8.0,3.4.0,2026-08-27T18:23:47+00:00,0.8251705528729397,0.9868003195181904,0.0130945183262598,0.3565203249454498,1121,25233,111,927929,0.0425362373833194,0.9099025974025974,0.0812731095483216,0.1935771405500772,26354,0.0276133336965655,773.7010836478753,0.116569294134978,111113.82028491412,0.0811688311688311,1.0,0.4058441558441558,1.0,0.7548701298701299,0.93,0.8636363636363636,0.2128,E3
E3 (reused),xgboost__weighted__split42__model123,xgboost,weighted,class_weighting,E,algorithm+decision,no_origin_balance,test,stratified,42,123,False,773.7010836478753,773.7010836478753,True,class_weight[1] / scale_pos_weight,True,ner_optimal,val,0.0012907979956145,0.0012908741900602,0.0012908714849422,5749,4448085,1232,953160,1232,953162,4453834,118.3571813999988,b2e6f6243676544cb68b25aac83ba18d5eb139e5,True,3.14.4,1.8.0,3.4.0,2026-08-27T17:06:30+00:00,0.793669041176051,0.9834178819495588,0.0126515158035441,0.4094126522541046,1076,19190,156,933972,0.0530938517714398,0.8733766233766234,0.1001023351009396,0.2125076440860573,20266,0.0212344168131819,773.7010836478753,0.1467555685389662,139887.36904906854,0.0811688311688311,1.0,0.4058441558441558,1.0,0.734577922077922,0.905,0.8336038961038961,0.2054,E3
E3 (reused),xgboost__weighted__split42__model42,xgboost,weighted,class_weighting,E,algorithm+decision,no_origin_balance,test,stratified,42,42,False,773.7010836478753,773.7010836478753,True,class_weight[1] / scale_pos_weight,True,ner_optimal,val,0.0012907979956145,0.0012908741900602,0.0012908714849422,5749,4448085,1232,953160,1232,953162,4453834,120.65797569999997,b2e6f6243676544cb68b25aac83ba18d5eb139e5,True,3.14.4,1.8.0,3.4.0,2026-08-27T17:04:19+00:00,0.7977492432799025,0.9838178992079052,0.0123691236280447,0.4471830129623413,1077,15670,155,937492,0.0643100256762405,0.8741883116883117,0.1198064408476556,0.2345634725798173,16747,0.0175472603557859,773.7010836478753,0.1422510550296293,135593.66796542064,0.0811688311688311,1.0,0.4058441558441558,1.0,0.7329545454545454,0.903,0.836038961038961,0.206,E3
E3 (reused),xgboost__weighted__split42__model456,xgboost,weighted,class_weighting,E,algorithm+decision,no_origin_balance,test,stratified,42,456,False,773.7010836478753,773.7010836478753,True,class_weight[1] / scale_pos_weight,True,ner_optimal,val,0.0012907979956145,0.0012908741900602,0.0012908714849422,5749,4448085,1232,953160,1232,953162,4453834,134.12493929999982,b2e6f6243676544cb68b25aac83ba18d5eb139e5,True,3.14.4,1.8.0,3.4.0,2026-08-27T17:09:00+00:00,0.7979451040239316,0.9842289017753814,0.0127450850167282,0.468712717294693,1067,14720,165,938442,0.0675872553366694,0.8660714285714286,0.1253892708149715,0.2394620725445444,15787,0.0165413864714153,773.7010836478753,0.1493712949823744,142380.6788018994,0.0811688311688311,1.0,0.4058441558441558,1.0,0.7337662337662337,0.904,0.838474025974026,0.2066,E3
E3 (reused),xgboost__weighted__split42__model789,xgboost,weighted,class_weighting,E,algorithm+decision,no_origin_balance,test,stratified,42,789,False,773.7010836478753,773.7010836478753,True,class_weight[1] / scale_pos_weight,True,ner_optimal,val,0.0012907979956145,0.0012908741900602,0.0012908714849422,5749,4448085,1232,953160,1232,953162,4453834,128.71469720000096,b2e6f6243676544cb68b25aac83ba18d5eb139e5,True,3.14.4,1.8.0,3.4.0,2026-08-27T17:11:23+00:00,0.7969956877581315,0.983925380238848,0.0124877961338159,0.4300681054592132,1077,16862,155,936300,0.0600367913484586,0.8741883116883117,0.1123572061968598,0.2264500148955422,17939,0.0187962204288794,773.7010836478753,0.1435015799261058,136785.66796542064,0.0811688311688311,1.0,0.4058441558441558,1.0,0.7329545454545454,0.903,0.8336038961038961,0.2054,E3
E3 (reused),xgboost__weighted__split456__model123,xgboost,weighted,class_weighting,E,algorithm+decision,no_origin_balance,test,stratified,456,123,False,773.7010836478753,773.7010836478753,True,class_weight[1] / scale_pos_weight,True,ner_optimal,val,0.0012907979956145,0.0012908741900602,0.0012908714849422,5749,4448085,1232,953160,1232,953162,4453834,119.25846770000136,b2e6f6243676544cb68b25aac83ba18d5eb139e5,True,3.14.4,1.8.0,3.4.0,2026-08-27T19:32:55+00:00,0.8168826112947853,0.9856835334058448,0.0122377575239312,0.3193224370479584,1112,27900,120,925262,0.0383289673238659,0.9025974025974026,0.0735352466604946,0.1826484320095329,29012,0.0303983470139166,773.7010836478753,0.1266724334862321,120744.130037745,0.0811688311688311,1.0,0.4050324675324675,0.998,0.7459415584415584,0.919,0.8498376623376623,0.2094,E3
E3 (reused),xgboost__weighted__split456__model42,xgboost,weighted,class_weighting,E,algorithm+decision,no_origin_balance,test,stratified,456,42,False,773.7010836478753,773.7010836478753,True,class_weight[1] / scale_pos_weight,True,ner_optimal,val,0.0012907979956145,0.0012908741900602,0.0012908714849422,5749,4448085,1232,953160,1232,953162,4453834,127.86503810000067,b2e6f6243676544cb68b25aac83ba18d5eb139e5,True,3.14.4,1.8.0,3.4.0,2026-08-27T19:30:42+00:00,0.817585978020491,0.9859947880890608,0.0124037943476317,0.2191172391176223,1135,49134,97,904028,0.022578527521932,0.9212662337662336,0.0440768140424457,0.1397985654079296,50269,0.052671119055652,773.7010836478753,0.1302801506829888,124183.00511384389,0.0811688311688311,1.0,0.4050324675324675,0.998,0.7483766233766234,0.922,0.8506493506493507,0.2096,E3
E3 (reused),xgboost__weighted__split456__model456,xgboost,weighted,class_weighting,E,algorithm+decision,no_origin_balance,test,stratified,456,456,False,773.7010836478753,773.7010836478753,True,class_weight[1] / scale_pos_weight,True,ner_optimal,val,0.0012907979956145,0.0012908741900602,0.0012908714849422,5749,4448085,1232,953160,1232,953162,4453834,126.2732775000004,b2e6f6243676544cb68b25aac83ba18d5eb139e5,True,3.14.4,1.8.0,3.4.0,2026-08-27T19:35:14+00:00,0.8153872171997595,0.9858914461352516,0.0126260862011486,0.2855784893035888,1113,34335,119,918827,0.0313981042654028,0.9034090909090908,0.0606870229007633,0.1646875237869276,35448,0.0371418931803846,773.7010836478753,0.132611691238995,126405.42895409712,0.0811688311688311,1.0,0.4050324675324675,0.998,0.7483766233766234,0.922,0.8530844155844156,0.2102,E3
E3 (reused),xgboost__weighted__split456__model789,xgboost,weighted,class_weighting,E,algorithm+decision,no_origin_balance,test,stratified,456,789,False,773.7010836478753,773.7010836478753,True,class_weight[1] / scale_pos_weight,True,ner_optimal,val,0.0012907979956145,0.0012908741900602,0.0012908714849422,5749,4448085,1232,953160,1232,953162,4453834,117.68581690000065,b2e6f6243676544cb68b25aac83ba18d5eb139e5,True,3.14.4,1.8.0,3.4.0,2026-08-27T19:37:24+00:00,0.8155826642678626,0.9855284732127546,0.0127537660140566,0.2601685523986816,1122,39861,110,913301,0.0273772051826367,0.9107142857142856,0.0531564609735875,0.1538936805191973,40983,0.0429413847949588,773.7010836478753,0.1311038123548814,124968.11920126624,0.0811688311688311,1.0,0.4042207792207792,0.996,0.7491883116883117,0.923,0.851461038961039,0.2098,E3
E3 (reused),xgboost__weighted__split789__model123,xgboost,weighted,class_weighting,E,algorithm+decision,no_origin_balance,test,stratified,789,123,False,773.7010836478753,773.7010836478753,True,class_weight[1] / scale_pos_weight,True,ner_optimal,val,0.0012907979956145,0.0012908741900602,0.0012908714849422,5749,4448085,1232,953160,1232,953162,4453834,91.3749633999978,b2e6f6243676544cb68b25aac83ba18d5eb139e5,True,3.14.4,1.8.0,3.4.0,2026-08-27T20:48:58+00:00,0.8253448223980756,0.987330297241414,0.013142047416535,0.419091135263443,1115,19258,117,933904,0.0547292985814558,0.9050324675324676,0.1032168479518629,0.2198071551278472,20373,0.0213465298398774,773.7010836478753,0.115171063051713,109781.02678680138,0.0811688311688311,1.0,0.4058441558441558,1.0,0.7459415584415584,0.919,0.8603896103896104,0.212,E3
E3 (reused),xgboost__weighted__split789__model42,xgboost,weighted,class_weighting,E,algorithm+decision,no_origin_balance,test,stratified,789,42,False,773.7010836478753,773.7010836478753,True,class_weight[1] / scale_pos_weight,True,ner_optimal,val,0.0012907979956145,0.0012908741900602,0.0012908714849422,5749,4448085,1232,953160,1232,953162,4453834,112.08169389999966,b2e6f6243676544cb68b25aac83ba18d5eb139e5,True,3.14.4,1.8.0,3.4.0,2026-08-27T20:47:16+00:00,0.824915587634431,0.9869374387428508,0.0134087526908675,0.3288641273975372,1123,30364,109,922798,0.0356655127512941,0.911525974025974,0.068645129741129,0.1768332110425188,31487,0.0329916156220596,773.7010836478753,0.1203288396960146,114697.41811761838,0.0811688311688311,1.0,0.4058441558441558,1.0,0.7508116883116883,0.925,0.859577922077922,0.2118,E3
E3 (reused),xgboost__weighted__split789__model456,xgboost,weighted,class_weighting,E,algorithm+decision,no_origin_balance,test,stratified,789,456,False,773.7010836478753,773.7010836478753,True,class_weight[1] / scale_pos_weight,True,ner_optimal,val,0.0012907979956145,0.0012908741900602,0.0012908714849422,5749,4448085,1232,953160,1232,953162,4453834,88.4442046999975,b2e6f6243676544cb68b25aac83ba18d5eb139e5,True,3.14.4,1.8.0,3.4.0,2026-08-27T20:50:37+00:00,0.824542498861577,0.9870892987195292,0.0129399987671667,0.3066228330135345,1128,32560,104,920602,0.0334837330800285,0.9155844155844156,0.0646048109965635,0.171504569825184,33688,0.0352977910590385,773.7010836478753,0.1185742174938334,113024.912699379,0.0811688311688311,1.0,0.4058441558441558,1.0,0.7459415584415584,0.919,0.859577922077922,0.2118,E3
E3 (reused),xgboost__weighted__split789__model789,xgboost,weighted,class_weighting,E,algorithm+decision,no_origin_balance,test,stratified,789,789,False,773.7010836478753,773.7010836478753,True,class_weight[1] / scale_pos_weight,True,ner_optimal,val,0.0012907979956145,0.0012908741900602,0.0012908714849422,5749,4448085,1232,953160,1232,953162,4453834,89.70778150000115,b2e6f6243676544cb68b25aac83ba18d5eb139e5,True,3.14.4,1.8.0,3.4.0,2026-08-27T20:52:17+00:00,0.8234770459056854,0.9871747869912796,0.0127114268466695,0.4069646596908569,1107,19573,125,933589,0.0535299806576402,0.898538961038961,0.1010405257393209,0.2165225238929616,20680,0.0216681999258168,773.7010836478753,0.1219950354364863,116285.63545598436,0.0811688311688311,1.0,0.4050324675324675,0.998,0.7467532467532467,0.92,0.8563311688311688,0.211,E3
