experiment_id,cell_id,learner,csl_variant,config,level,feature_set,split,split_strategy,split_seed,model_seed,deterministic_in_model_seed,R_train,R_eval,threshold_rule,threshold_selected_on,train_prevalence,val_prevalence,test_prevalence,train_n_positive,train_n_negative,val_n_positive,val_n_negative,test_n_positive,test_n_negative,n_train,fit_seconds,git_sha,git_dirty,python_version,sklearn_version,xgboost_version,timestamp_utc,pr_auc,roc_auc,brier,threshold,tp,fp,fn,tn,precision,recall,f1,mcc,n_flagged,alert_rate,R,ner,total_risk,recall_at_100,precision_at_100,recall_at_500,precision_at_500,recall_at_1000,precision_at_1000,recall_at_5000,precision_at_5000
E3_multiseed_multisplit,decision_tree__instance_weighted__split123__model123,decision_tree,instance_weighted,F,algorithm,no_origin_balance,test,stratified,123,123,False,773.7010836478753,773.7010836478753,ner_optimal,val,0.001290797995614565,0.0012908741900602688,0.0012908714849422776,5749,4448085,1232,953160,1232,953162,4453834,41.34262079999826,b2e6f6243676544cb68b25aac83ba18d5eb139e5,True,3.14.4,1.8.0,3.4.0,2026-08-27T17:31:15+00:00,0.7453063365774166,0.9810765276623913,0.02218008840445158,0.5242404341697693,1113,28899,119,924263,0.03708516593362655,0.9034090909090909,0.07124567917040071,0.17962820154322942,30012,0.031446132310136064,773.7010836478753,0.1269087941439901,120969.42895409712,0.08116883116883117,1.0,0.4034090909090909,0.994,0.672077922077922,0.828,0.8295454545454546,0.2044
E3_multiseed_multisplit,decision_tree__instance_weighted__split123__model42,decision_tree,instance_weighted,F,algorithm,no_origin_balance,test,stratified,123,42,False,773.7010836478753,773.7010836478753,ner_optimal,val,0.001290797995614565,0.0012908741900602688,0.0012908714849422776,5749,4448085,1232,953160,1232,953162,4453834,40.76660470000206,b2e6f6243676544cb68b25aac83ba18d5eb139e5,True,3.14.4,1.8.0,3.4.0,2026-08-27T17:30:32+00:00,0.7452896104696469,0.9810738954460719,0.022192026875678224,0.5242404341697693,1113,28913,119,924249,0.03706787450875908,0.9034090909090909,0.07121376927506558,0.1795846584670902,30026,0.03146080130428314,773.7010836478753,0.12692348151693528,120983.42895409712,0.08116883116883117,1.0,0.4034090909090909,0.994,0.6737012987012987,0.83,0.8311688311688312,0.2048
E3_multiseed_multisplit,decision_tree__instance_weighted__split123__model456,decision_tree,instance_weighted,F,algorithm,no_origin_balance,test,stratified,123,456,False,773.7010836478753,773.7010836478753,ner_optimal,val,0.001290797995614565,0.0012908741900602688,0.0012908714849422776,5749,4448085,1232,953160,1232,953162,4453834,37.044993200001045,b2e6f6243676544cb68b25aac83ba18d5eb139e5,True,3.14.4,1.8.0,3.4.0,2026-08-27T17:31:56+00:00,0.7452949336791446,0.9810751757881089,0.02218626300904197,0.5242404341697693,1113,28906,119,924256,0.037076518205136744,0.9034090909090909,0.07122972064893923,0.17960642624783785,30019,0.031453466807209604,773.7010836478753,0.12691613783046268,120976.42895409712,0.08116883116883117,1.0,0.4034090909090909,0.994,0.6688311688311688,0.824,0.8295454545454546,0.2044
E3_multiseed_multisplit,decision_tree__instance_weighted__split123__model789,decision_tree,instance_weighted,F,algorithm,no_origin_balance,test,stratified,123,789,False,773.7010836478753,773.7010836478753,ner_optimal,val,0.001290797995614565,0.0012908741900602688,0.0012908714849422776,5749,4448085,1232,953160,1232,953162,4453834,39.10720190000211,b2e6f6243676544cb68b25aac83ba18d5eb139e5,True,3.14.4,1.8.0,3.4.0,2026-08-27T17:32:37+00:00,0.7453022369433211,0.9810757901990032,0.022183448826641326,0.5242404341697693,1113,28903,119,924259,0.037080223880597014,0.9034090909090909,0.07123655913978495,0.17961575759687604,30016,0.03145032345132094,773.7010836478753,0.12691299053626015,120973.42895409712,0.08116883116883117,1.0,0.4025974025974026,0.992,0.6704545454545454,0.826,0.8303571428571429,0.2046
E3_multiseed_multisplit,decision_tree__instance_weighted__split42__model123,decision_tree,instance_weighted,F,algorithm,no_origin_balance,test,stratified,42,123,False,773.7010836478753,773.7010836478753,ner_optimal,val,0.001290797995614565,0.0012908741900602688,0.0012908714849422776,5749,4448085,1232,953160,1232,953162,4453834,45.61893979999877,b2e6f6243676544cb68b25aac83ba18d5eb139e5,True,3.14.4,1.8.0,3.4.0,2026-08-27T16:21:30+00:00,0.7153773031503265,0.9779755060374986,0.02115810043643879,0.3630135953426361,1101,34646,131,918516,0.03079978739474641,0.8936688311688312,0.059547310635766244,0.1621204165515996,35747,0.037455180983954214,773.7010836478753,0.14267822047825163,136000.84195787166,0.08116883116883117,1.0,0.4042207792207792,0.996,0.6663961038961039,0.821,0.801948051948052,0.1976
E3_multiseed_multisplit,decision_tree__instance_weighted__split42__model42,decision_tree,instance_weighted,F,algorithm,no_origin_balance,test,stratified,42,42,False,773.7010836478753,773.7010836478753,ner_optimal,val,0.001290797995614565,0.0012908741900602688,0.0012908714849422776,5749,4448085,1232,953160,1232,953162,4453834,43.62598490000164,b2e6f6243676544cb68b25aac83ba18d5eb139e5,True,3.14.4,1.8.0,3.4.0,2026-08-27T16:20:41+00:00,0.7153634575239174,0.9779733174914161,0.021167359561965676,0.3630135953426361,1101,34656,131,918506,0.0307911737561876,0.8936688311688312,0.05953121198194058,0.16209664382150674,35757,0.03746565883691641,773.7010836478753,0.14268871145892675,136010.84195787166,0.08116883116883117,1.0,0.4050324675324675,0.998,0.6647727272727273,0.819,0.801948051948052,0.1976
E3_multiseed_multisplit,decision_tree__instance_weighted__split42__model456,decision_tree,instance_weighted,F,algorithm,no_origin_balance,test,stratified,42,456,False,773.7010836478753,773.7010836478753,ner_optimal,val,0.001290797995614565,0.0012908741900602688,0.0012908714849422776,5749,4448085,1232,953160,1232,953162,4453834,40.14707009999984,b2e6f6243676544cb68b25aac83ba18d5eb139e5,True,3.14.4,1.8.0,3.4.0,2026-08-27T16:22:13+00:00,0.7153783667075635,0.9779757214858096,0.021157210968628687,0.3630135953426361,1101,34645,131,918517,0.030800649023666984,0.8936688311688312,0.059548920980042185,0.16212279436438715,35746,0.03745413319865799,773.7010836478753,0.1426771713801841,135999.84195787166,0.08116883116883117,1.0,0.4042207792207792,0.996,0.6672077922077922,0.822,0.801948051948052,0.1976
E3_multiseed_multisplit,decision_tree__instance_weighted__split42__model789,decision_tree,instance_weighted,F,algorithm,no_origin_balance,test,stratified,42,789,False,773.7010836478753,773.7010836478753,ner_optimal,val,0.001290797995614565,0.0012908741900602688,0.0012908714849422776,5749,4448085,1232,953160,1232,953162,4453834,42.381910700001754,b2e6f6243676544cb68b25aac83ba18d5eb139e5,True,3.14.4,1.8.0,3.4.0,2026-08-27T16:22:59+00:00,0.7153645174833139,0.9779735329397272,0.02116647009415557,0.3630135953426361,1101,34655,131,918507,0.030792034903233022,0.8936688311688312,0.059532821455607225,0.16209902065298187,35756,0.03746461105162019,773.7010836478753,0.14268766236085925,136009.84195787166,0.08116883116883117,1.0,0.4042207792207792,0.996,0.6655844155844156,0.82,0.801948051948052,0.1976
E3_multiseed_multisplit,decision_tree__instance_weighted__split456__model123,decision_tree,instance_weighted,F,algorithm,no_origin_balance,test,stratified,456,123,False,773.7010836478753,773.7010836478753,ner_optimal,val,0.001290797995614565,0.0012908741900602688,0.0012908714849422776,5749,4448085,1232,953160,1232,953162,4453834,35.313885200001096,b2e6f6243676544cb68b25aac83ba18d5eb139e5,True,3.14.4,1.8.0,3.4.0,2026-08-27T18:43:28+00:00,0.7407649749988063,0.9806381393153566,0.021890302869197617,0.46225664019584656,1100,30627,132,922535,0.034670785135688845,0.8928571428571429,0.06674959798537577,0.17239164179242916,31727,0.033243084093152304,773.7010836478753,0.139273583656602,132755.54304151953,0.08035714285714286,0.99,0.4025974025974026,0.992,0.6761363636363636,0.833,0.8214285714285714,0.2024
E3_multiseed_multisplit,decision_tree__instance_weighted__split456__model42,decision_tree,instance_weighted,F,algorithm,no_origin_balance,test,stratified,456,42,False,773.7010836478753,773.7010836478753,ner_optimal,val,0.001290797995614565,0.0012908741900602688,0.0012908714849422776,5749,4448085,1232,953160,1232,953162,4453834,37.88509569999951,b2e6f6243676544cb68b25aac83ba18d5eb139e5,True,3.14.4,1.8.0,3.4.0,2026-08-27T18:42:51+00:00,0.7407782126831213,0.9806399284730682,0.021882222911242505,0.46225664019584656,1100,30618,132,922544,0.03468062299010026,0.8928571428571429,0.06676783004552352,0.17241714868937272,31718,0.03323365402548633,773.7010836478753,0.13926414177399438,132746.54304151953,0.08035714285714286,0.99,0.40016233766233766,0.986,0.6777597402597403,0.835,0.8222402597402597,0.2026
E3_multiseed_multisplit,decision_tree__instance_weighted__split456__model456,decision_tree,instance_weighted,F,algorithm,no_origin_balance,test,stratified,456,456,False,773.7010836478753,773.7010836478753,ner_optimal,val,0.001290797995614565,0.0012908741900602688,0.0012908714849422776,5749,4448085,1232,953160,1232,953162,4453834,36.34920979999879,b2e6f6243676544cb68b25aac83ba18d5eb139e5,True,3.14.4,1.8.0,3.4.0,2026-08-27T18:44:07+00:00,0.7412179526584879,0.9806391437473038,0.02188759528474015,0.46225664019584656,1100,30624,132,922538,0.03467406380027739,0.8928571428571429,0.06675567423230974,0.1724001429026018,31724,0.03323994073726365,773.7010836478753,0.13927043636239947,132752.54304151953,0.08035714285714286,0.99,0.4025974025974026,0.992,0.6785714285714286,0.836,0.8214285714285714,0.2024
E3_multiseed_multisplit,decision_tree__instance_weighted__split456__model789,decision_tree,instance_weighted,F,algorithm,no_origin_balance,test,stratified,456,789,False,773.7010836478753,773.7010836478753,ner_optimal,val,0.001290797995614565,0.0012908741900602688,0.0012908714849422776,5749,4448085,1232,953160,1232,953162,4453834,38.593704900002194,b2e6f6243676544cb68b25aac83ba18d5eb139e5,True,3.14.4,1.8.0,3.4.0,2026-08-27T18:44:49+00:00,0.7407662360148295,0.9806383360290315,0.021889413401387513,0.46225664019584656,1100,30626,132,922536,0.0346718779549896,0.8928571428571429,0.06675162327811153,0.1723944753637579,31726,0.033242036307856083,773.7010836478753,0.1392725345585345,132754.54304151953,0.08035714285714286,0.99,0.4025974025974026,0.992,0.6785714285714286,0.836,0.8214285714285714,0.2024
E3_multiseed_multisplit,decision_tree__instance_weighted__split789__model123,decision_tree,instance_weighted,F,algorithm,no_origin_balance,test,stratified,789,123,False,773.7010836478753,773.7010836478753,ner_optimal,val,0.001290797995614565,0.0012908741900602688,0.0012908714849422776,5749,4448085,1232,953160,1232,953162,4453834,41.018277399998624,b2e6f6243676544cb68b25aac83ba18d5eb139e5,True,3.14.4,1.8.0,3.4.0,2026-08-27T19:57:22+00:00,0.7438996558400253,0.9822683962337033,0.0220730834302707,0.4547639489173889,1128,33188,104,919974,0.03287096398181606,0.9155844155844156,0.06346348599077303,0.16985893259403906,34316,0.03595580022506428,773.7010836478753,0.11923305108023208,113652.91269937901,0.08116883116883117,1.0,0.4025974025974026,0.992,0.6712662337662337,0.827,0.8352272727272727,0.2058
E3_multiseed_multisplit,decision_tree__instance_weighted__split789__model42,decision_tree,instance_weighted,F,algorithm,no_origin_balance,test,stratified,789,42,False,773.7010836478753,773.7010836478753,ner_optimal,val,0.001290797995614565,0.0012908741900602688,0.0012908714849422776,5749,4448085,1232,953160,1232,953162,4453834,41.95369120000032,b2e6f6243676544cb68b25aac83ba18d5eb139e5,True,3.14.4,1.8.0,3.4.0,2026-08-27T19:56:38+00:00,0.7438939831627351,0.9822678175889317,0.022075913119851333,0.4547639489173889,1128,33191,104,919971,0.032868090562079316,0.9155844155844156,0.06345813057297967,0.16985117825413704,34319,0.03595894358095294,773.7010836478753,0.11923619837443462,113655.91269937901,0.08035714285714286,0.99,0.4025974025974026,0.992,0.6704545454545454,0.826,0.8368506493506493,0.2062
E3_multiseed_multisplit,decision_tree__instance_weighted__split789__model456,decision_tree,instance_weighted,F,algorithm,no_origin_balance,test,stratified,789,456,False,773.7010836478753,773.7010836478753,ner_optimal,val,0.001290797995614565,0.0012908741900602688,0.0012908714849422776,5749,4448085,1232,953160,1232,953162,4453834,40.71339900000021,b2e6f6243676544cb68b25aac83ba18d5eb139e5,True,3.14.4,1.8.0,3.4.0,2026-08-27T19:58:06+00:00,0.7438992766236028,0.9822683911242572,0.02207317271535264,0.4547639489173889,1128,33188,104,919974,0.03287096398181606,0.9155844155844156,0.06346348599077303,0.16985893259403906,34316,0.03595580022506428,773.7010836478753,0.11923305108023208,113652.91269937901,0.08116883116883117,1.0,0.4025974025974026,0.992,0.6704545454545454,0.826,0.836038961038961,0.206
E3_multiseed_multisplit,decision_tree__instance_weighted__split789__model789,decision_tree,instance_weighted,F,algorithm,no_origin_balance,test,stratified,789,789,False,773.7010836478753,773.7010836478753,ner_optimal,val,0.001290797995614565,0.0012908741900602688,0.0012908714849422776,5749,4448085,1232,953160,1232,953162,4453834,46.687447899999825,b2e6f6243676544cb68b25aac83ba18d5eb139e5,True,3.14.4,1.8.0,3.4.0,2026-08-27T19:58:56+00:00,0.7438939831627351,0.9822678175889317,0.022075913119851333,0.4547639489173889,1128,33191,104,919971,0.032868090562079316,0.9155844155844156,0.06345813057297967,0.16985117825413704,34319,0.03595894358095294,773.7010836478753,0.11923619837443462,113655.91269937901,0.08035714285714286,0.99,0.4025974025974026,0.992,0.6704545454545454,0.826,0.8368506493506493,0.2062
E3_multiseed_multisplit,decision_tree__rus__split123__model123,decision_tree,rus,G,data,no_origin_balance,test,stratified,123,123,False,773.7010836478753,773.7010836478753,ner_optimal,val,0.001290797995614565,0.0012908741900602688,0.0012908714849422776,5749,4448085,1232,953160,1232,953162,11498,0.030387999999220483,b2e6f6243676544cb68b25aac83ba18d5eb139e5,True,3.14.4,1.8.0,3.4.0,2026-08-27T17:32:44+00:00,0.29456830928311145,0.9831191309325403,0.03999349026567283,0.4776119291782379,1132,53416,100,899746,0.020752364889638483,0.9188311688311688,0.04058802438149874,0.13345058152694306,54548,0.0571545923381748,773.7010836478753,0.13720745354314778,130786.1083647875,0.03409090909090909,0.42,0.16152597402597402,0.398,0.32386363636363635,0.399,0.7824675324675324,0.1928
E3_multiseed_multisplit,decision_tree__rus__split123__model42,decision_tree,rus,G,data,no_origin_balance,test,stratified,123,42,False,773.7010836478753,773.7010836478753,ner_optimal,val,0.001290797995614565,0.0012908741900602688,0.0012908714849422776,5749,4448085,1232,953160,1232,953162,11498,0.0370175999996718,b2e6f6243676544cb68b25aac83ba18d5eb139e5,True,3.14.4,1.8.0,3.4.0,2026-08-27T17:32:41+00:00,0.18160591653878735,0.9803269940594446,0.04680433884837122,0.4693877696990967,1148,68323,84,884839,0.016524880885549365,0.9318181818181818,0.03247386956706222,0.11887820517589961,69471,0.07279069231365662,773.7010836478753,0.13985934544856288,133313.8910264215,0.04220779220779221,0.52,0.1038961038961039,0.256,0.19805194805194806,0.244,0.739448051948052,0.1822
E3_multiseed_multisplit,decision_tree__rus__split123__model456,decision_tree,rus,G,data,no_origin_balance,test,stratified,123,456,False,773.7010836478753,773.7010836478753,ner_optimal,val,0.001290797995614565,0.0012908741900602688,0.0012908714849422776,5749,4448085,1232,953160,1232,953162,11498,0.02932929999951739,b2e6f6243676544cb68b25aac83ba18d5eb139e5,True,3.14.4,1.8.0,3.4.0,2026-08-27T17:32:47+00:00,0.22242513110121753,0.9830615904794207,0.042991840786707286,0.5078125,1131,49609,101,903553,0.02229010642491131,0.9180194805194806,0.04352343569614408,0.13858512018388636,50740,0.0531646259301714,773.7010836478753,0.1340252255118111,127752.80944843538,0.030032467532467532,0.37,0.125,0.308,0.2297077922077922,0.283,0.7597402597402597,0.1872
E3_multiseed_multisplit,decision_tree__rus__split123__model789,decision_tree,rus,G,data,no_origin_balance,test,stratified,123,789,False,773.7010836478753,773.7010836478753,ner_optimal,val,0.001290797995614565,0.0012908741900602688,0.0012908714849422776,5749,4448085,1232,953160,1232,953162,11498,0.032025200001953635,b2e6f6243676544cb68b25aac83ba18d5eb139e5,True,3.14.4,1.8.0,3.4.0,2026-08-27T17:32:50+00:00,0.21045151840705006,0.9832346393291043,0.042299875337288274,0.5205479264259338,1126,41518,106,911644,0.026404652471625552,0.913961038961039,0.05132646549366396,0.151266295226326,42644,0.04468175617197929,773.7010836478753,0.12959541460599858,123530.31486667476,0.032467532467532464,0.4,0.1461038961038961,0.36,0.2621753246753247,0.323,0.7613636363636364,0.1876
E3_multiseed_multisplit,decision_tree__rus__split42__model123,decision_tree,rus,G,data,no_origin_balance,test,stratified,42,123,False,773.7010836478753,773.7010836478753,ner_optimal,val,0.001290797995614565,0.0012908741900602688,0.0012908714849422776,5749,4448085,1232,953160,1232,953162,11498,0.030660100001114188,b2e6f6243676544cb68b25aac83ba18d5eb139e5,True,3.14.4,1.8.0,3.4.0,2026-08-27T16:23:05+00:00,0.2740269250396951,0.9817603946639724,0.03943096464545665,0.6710526347160339,1110,33582,122,919580,0.03199584918713248,0.900974025974026,0.06179712726867832,0.16608823742924161,34692,0.03634976749644277,773.7010836478753,0.1342567853292221,127973.53220504076,0.040584415584415584,0.5,0.1672077922077922,0.412,0.2962662337662338,0.365,0.734577922077922,0.181
E3_multiseed_multisplit,decision_tree__rus__split42__model42,decision_tree,rus,G,data,no_origin_balance,test,stratified,42,42,False,773.7010836478753,773.7010836478753,ner_optimal,val,0.001290797995614565,0.0012908741900602688,0.0012908714849422776,5749,4448085,1232,953160,1232,953162,11498,0.033271699998294935,b2e6f6243676544cb68b25aac83ba18d5eb139e5,True,3.14.4,1.8.0,3.4.0,2026-08-27T16:23:02+00:00,0.19354490422864157,0.9804804124171858,0.041389187260618174,0.5492957830429077,1103,39431,129,913731,0.027211723491389943,0.8952922077922078,0.052818081693243306,0.15204010342396096,40534,0.04247092919695639,773.7010836478753,0.1460747781079285,139238.4397905759,0.021915584415584416,0.27,0.049512987012987016,0.122,0.12824675324675325,0.158,0.7516233766233766,0.1852
E3_multiseed_multisplit,decision_tree__rus__split42__model456,decision_tree,rus,G,data,no_origin_balance,test,stratified,42,456,False,773.7010836478753,773.7010836478753,ner_optimal,val,0.001290797995614565,0.0012908741900602688,0.0012908714849422776,5749,4448085,1232,953160,1232,953162,11498,0.07113080000272021,b2e6f6243676544cb68b25aac83ba18d5eb139e5,True,3.14.4,1.8.0,3.4.0,2026-08-27T16:23:08+00:00,0.2705240319715807,0.9808284597960304,0.041391111110261454,0.6323529481887817,1095,32124,137,921038,0.0329630633071435,0.8887987012987013,0.06356854663144756,0.16750944950814187,33219,0.03480637975511162,773.7010836478753,0.14490252502211173,138121.04845975892,0.040584415584415584,0.5,0.18181818181818182,0.448,0.32142857142857145,0.396,0.7435064935064936,0.1832
E3_multiseed_multisplit,decision_tree__rus__split42__model789,decision_tree,rus,G,data,no_origin_balance,test,stratified,42,789,False,773.7010836478753,773.7010836478753,ner_optimal,val,0.001290797995614565,0.0012908741900602688,0.0012908714849422776,5749,4448085,1232,953160,1232,953162,11498,0.07068580000122893,b2e6f6243676544cb68b25aac83ba18d5eb139e5,True,3.14.4,1.8.0,3.4.0,2026-08-27T16:23:11+00:00,0.26624486781863643,0.9807019950438645,0.038134697766088126,0.5956284403800964,1091,32008,141,921154,0.03296172089791232,0.885551948051948,0.06355771751478256,0.16718864469553393,33099,0.0346806455195653,773.7010836478753,0.14802758289303336,141099.85279435042,0.03165584415584415,0.39,0.16558441558441558,0.408,0.32954545454545453,0.406,0.7410714285714286,0.1826
E3_multiseed_multisplit,decision_tree__rus__split456__model123,decision_tree,rus,G,data,no_origin_balance,test,stratified,456,123,False,773.7010836478753,773.7010836478753,ner_optimal,val,0.001290797995614565,0.0012908741900602688,0.0012908714849422776,5749,4448085,1232,953160,1232,953162,11498,0.028917100000398932,b2e6f6243676544cb68b25aac83ba18d5eb139e5,True,3.14.4,1.8.0,3.4.0,2026-08-27T18:44:54+00:00,0.26614505020371365,0.9828479611313943,0.04045284392422509,0.5833333134651184,1121,41430,111,911732,0.026344856760123145,0.9099025974025974,0.051207089509627025,0.15073380270084744,42551,0.044584312139430884,773.7010836478753,0.1335615355344989,127310.82028491412,0.02922077922077922,0.36,0.1241883116883117,0.306,0.27435064935064934,0.338,0.7621753246753247,0.1878
E3_multiseed_multisplit,decision_tree__rus__split456__model42,decision_tree,rus,G,data,no_origin_balance,test,stratified,456,42,False,773.7010836478753,773.7010836478753,ner_optimal,val,0.001290797995614565,0.0012908741900602688,0.0012908714849422776,5749,4448085,1232,953160,1232,953162,11498,0.02560079999966547,b2e6f6243676544cb68b25aac83ba18d5eb139e5,True,3.14.4,1.8.0,3.4.0,2026-08-27T18:44:51+00:00,0.2395107397222715,0.9832029198876728,0.04109126274806837,0.6736842393875122,1115,35255,117,917907,0.03065713500137476,0.9050324675324676,0.05930535609807989,0.1627917197299731,36370,0.03810795122349889,773.7010836478753,0.13195348483773112,125778.02678680138,0.032467532467532464,0.4,0.12905844155844157,0.318,0.25405844155844154,0.313,0.7613636363636364,0.1876
E3_multiseed_multisplit,decision_tree__rus__split456__model456,decision_tree,rus,G,data,no_origin_balance,test,stratified,456,456,False,773.7010836478753,773.7010836478753,ner_optimal,val,0.001290797995614565,0.0012908741900602688,0.0012908714849422776,5749,4448085,1232,953160,1232,953162,11498,0.025827099998423364,b2e6f6243676544cb68b25aac83ba18d5eb139e5,True,3.14.4,1.8.0,3.4.0,2026-08-27T18:44:57+00:00,0.2657576806920043,0.9829667131746619,0.040604163118347296,0.46236559748649597,1142,60327,90,892835,0.018578470448518767,0.926948051948052,0.036426851246391605,0.12632643739719648,61469,0.06440631437330914,773.7010836478753,0.1363408871708525,129960.09752830876,0.03409090909090909,0.42,0.14042207792207792,0.346,0.31737012987012986,0.391,0.7832792207792207,0.193
E3_multiseed_multisplit,decision_tree__rus__split456__model789,decision_tree,rus,G,data,no_origin_balance,test,stratified,456,789,False,773.7010836478753,773.7010836478753,ner_optimal,val,0.001290797995614565,0.0012908741900602688,0.0012908714849422776,5749,4448085,1232,953160,1232,953162,11498,0.0667327999981353,b2e6f6243676544cb68b25aac83ba18d5eb139e5,True,3.14.4,1.8.0,3.4.0,2026-08-27T18:45:00+00:00,0.17759737162290906,0.9811399725062748,0.045540788595064184,0.5333333611488342,1120,50885,112,902277,0.02153639073166042,0.9090909090909091,0.04207599977459286,0.1353610019449498,52005,0.054490074329888914,773.7010836478753,0.14429244607453012,137539.521368562,0.028409090909090908,0.35,0.07873376623376624,0.194,0.17532467532467533,0.216,0.7248376623376623,0.1786
E3_multiseed_multisplit,decision_tree__rus__split789__model123,decision_tree,rus,G,data,no_origin_balance,test,stratified,789,123,False,773.7010836478753,773.7010836478753,ner_optimal,val,0.001290797995614565,0.0012908741900602688,0.0012908714849422776,5749,4448085,1232,953160,1232,953162,11498,0.0332830000006652,b2e6f6243676544cb68b25aac83ba18d5eb139e5,True,3.14.4,1.8.0,3.4.0,2026-08-27T19:59:03+00:00,0.2809157731146192,0.9835555994052005,0.04015193486393859,0.5409836173057556,1126,39479,106,913683,0.027730575052333457,0.913961038961039,0.05382795133494275,0.15522524812566177,40605,0.04254532195298797,773.7010836478753,0.12745630364633795,121491.31486667476,0.030032467532467532,0.37,0.1599025974025974,0.394,0.31006493506493504,0.382,0.7784090909090909,0.1918
E3_multiseed_multisplit,decision_tree__rus__split789__model42,decision_tree,rus,G,data,no_origin_balance,test,stratified,789,42,False,773.7010836478753,773.7010836478753,ner_optimal,val,0.001290797995614565,0.0012908741900602688,0.0012908714849422776,5749,4448085,1232,953160,1232,953162,11498,0.03232980000029784,b2e6f6243676544cb68b25aac83ba18d5eb139e5,True,3.14.4,1.8.0,3.4.0,2026-08-27T19:59:00+00:00,0.22913149885106254,0.9840242918770953,0.04103196670644023,0.6629213690757751,1134,37556,98,915606,0.02930989919875937,0.9204545454545454,0.05681078102299484,0.16040350598370354,38690,0.04053881311072786,773.7010836478753,0.11894538156900245,113378.70619749176,0.016233766233766232,0.2,0.05113636363636364,0.126,0.1534090909090909,0.189,0.7767857142857143,0.1914
E3_multiseed_multisplit,decision_tree__rus__split789__model456,decision_tree,rus,G,data,no_origin_balance,test,stratified,789,456,False,773.7010836478753,773.7010836478753,ner_optimal,val,0.001290797995614565,0.0012908741900602688,0.0012908714849422776,5749,4448085,1232,953160,1232,953162,11498,0.03580850000071223,b2e6f6243676544cb68b25aac83ba18d5eb139e5,True,3.14.4,1.8.0,3.4.0,2026-08-27T19:59:07+00:00,0.18991066852251645,0.9826061157188173,0.044836687335257794,0.5789473652839661,1121,38699,111,914463,0.028151682571572075,0.9099025974025974,0.05461366072298548,0.1560987090412179,39820,0.04172281049545575,773.7010836478753,0.13069644871211875,124579.82028491412,0.01461038961038961,0.18,0.03814935064935065,0.094,0.09983766233766234,0.123,0.7597402597402597,0.1872
E3_multiseed_multisplit,decision_tree__rus__split789__model789,decision_tree,rus,G,data,no_origin_balance,test,stratified,789,789,False,773.7010836478753,773.7010836478753,ner_optimal,val,0.001290797995614565,0.0012908741900602688,0.0012908714849422776,5749,4448085,1232,953160,1232,953162,11498,0.11505590000160737,b2e6f6243676544cb68b25aac83ba18d5eb139e5,True,3.14.4,1.8.0,3.4.0,2026-08-27T19:59:14+00:00,0.21392415243672175,0.9835850770771526,0.03952082408496023,0.6413043737411499,1111,29070,121,924092,0.03681123885888473,0.9017857142857143,0.07073504600006367,0.17877105848909355,30181,0.03162320802519714,773.7010836478753,0.12871156653691157,122687.83112139288,0.030032467532467532,0.37,0.10551948051948051,0.26,0.2353896103896104,0.29,0.7824675324675324,0.1928
E3_multiseed_multisplit,decision_tree__unweighted__split123__model123,decision_tree,unweighted,C,decision,no_origin_balance,test,stratified,123,123,False,1.0,773.7010836478753,ner_optimal,val,0.001290797995614565,0.0012908741900602688,0.0012908714849422776,5749,4448085,1232,953160,1232,953162,4453834,60.5854345000007,b2e6f6243676544cb68b25aac83ba18d5eb139e5,True,3.14.4,1.8.0,3.4.0,2026-08-27T17:24:22+00:00,0.7674547839989712,0.9190146690528644,0.0003869289221755781,0.015106117352843285,1012,4339,220,948823,0.18912352831246496,0.8214285714285714,0.3074586054990126,0.3928118840773513,5351,0.005606699120069909,773.7010836478753,0.18312346508637087,174553.23840253253,0.08116883116883117,1.0,0.4042207792207792,0.996,0.7280844155844156,0.897,0.8181818181818182,0.2016
E3_multiseed_multisplit,decision_tree__unweighted__split123__model42,decision_tree,unweighted,C,decision,no_origin_balance,test,stratified,123,42,False,1.0,773.7010836478753,ner_optimal,val,0.001290797995614565,0.0012908741900602688,0.0012908714849422776,5749,4448085,1232,953160,1232,953162,4453834,54.24331380000149,b2e6f6243676544cb68b25aac83ba18d5eb139e5,True,3.14.4,1.8.0,3.4.0,2026-08-27T17:23:14+00:00,0.7660834404692739,0.9190137944860058,0.0003879767074717975,0.015106117352843285,1012,4340,220,948822,0.1890881913303438,0.8214285714285714,0.30741190765492105,0.39277488716951064,5352,0.005607746905366128,773.7010836478753,0.1831245141844384,174554.23840253253,0.08116883116883117,1.0,0.4042207792207792,0.996,0.7272727272727273,0.896,0.8181818181818182,0.2016
E3_multiseed_multisplit,decision_tree__unweighted__split123__model456,decision_tree,unweighted,C,decision,no_origin_balance,test,stratified,123,456,False,1.0,773.7010836478753,ner_optimal,val,0.001290797995614565,0.0012908741900602688,0.0012908714849422776,5749,4448085,1232,953160,1232,953162,4453834,61.6434556000022,b2e6f6243676544cb68b25aac83ba18d5eb139e5,True,3.14.4,1.8.0,3.4.0,2026-08-27T17:25:32+00:00,0.7674547839989712,0.9190146690528644,0.0003869289221755781,0.015106117352843285,1012,4339,220,948823,0.18912352831246496,0.8214285714285714,0.3074586054990126,0.3928118840773513,5351,0.005606699120069909,773.7010836478753,0.18312346508637087,174553.23840253253,0.08116883116883117,1.0,0.4042207792207792,0.996,0.7280844155844156,0.897,0.8181818181818182,0.2016
E3_multiseed_multisplit,decision_tree__unweighted__split123__model789,decision_tree,unweighted,C,decision,no_origin_balance,test,stratified,123,789,False,1.0,773.7010836478753,ner_optimal,val,0.001290797995614565,0.0012908741900602688,0.0012908714849422776,5749,4448085,1232,953160,1232,953162,4453834,62.124704500001826,b2e6f6243676544cb68b25aac83ba18d5eb139e5,True,3.14.4,1.8.0,3.4.0,2026-08-27T17:26:44+00:00,0.7674627863245576,0.9190160281655289,0.00038692640749097955,0.015106117352843285,1012,4333,220,948829,0.18933582787652012,0.8214285714285714,0.3077390907708682,0.39303408292746667,5345,0.005600412408292592,773.7010836478753,0.1831171704979658,174547.23840253253,0.08116883116883117,1.0,0.4034090909090909,0.994,0.726461038961039,0.895,0.8189935064935064,0.2018
E3_multiseed_multisplit,decision_tree__unweighted__split42__model123,decision_tree,unweighted,C,decision,no_origin_balance,test,stratified,42,123,False,1.0,773.7010836478753,ner_optimal,val,0.001290797995614565,0.0012908741900602688,0.0012908714849422776,5749,4448085,1232,953160,1232,953162,4453834,50.432633599997644,b2e6f6243676544cb68b25aac83ba18d5eb139e5,True,3.14.4,1.8.0,3.4.0,2026-08-27T16:14:44+00:00,0.7297426212657876,0.9731520858721036,0.000444711466590677,0.003926701378077269,1072,21740,160,931422,0.046992810801332635,0.8701298701298701,0.08916985526534686,0.1991795528446559,22812,0.023902078177356522,773.7010836478753,0.15267752185787967,145532.17338366003,0.08116883116883117,1.0,0.40584415584415584,1.0,0.698051948051948,0.86,0.7840909090909091,0.1932
E3_multiseed_multisplit,decision_tree__unweighted__split42__model42,decision_tree,unweighted,C,decision,no_origin_balance,test,stratified,42,42,False,1.0,773.7010836478753,ner_optimal,val,0.001290797995614565,0.0012908741900602688,0.0012908714849422776,5749,4448085,1232,953160,1232,953162,4453834,50.110932600000524,b2e6f6243676544cb68b25aac83ba18d5eb139e5,True,3.14.4,1.8.0,3.4.0,2026-08-27T16:13:46+00:00,0.7297426212657876,0.9731520858721036,0.000444711466590677,0.003926701378077269,1072,21740,160,931422,0.046992810801332635,0.8701298701298701,0.08916985526534686,0.1991795528446559,22812,0.023902078177356522,773.7010836478753,0.15267752185787967,145532.17338366003,0.08116883116883117,1.0,0.40584415584415584,1.0,0.698051948051948,0.86,0.7840909090909091,0.1932
E3_multiseed_multisplit,decision_tree__unweighted__split42__model456,decision_tree,unweighted,C,decision,no_origin_balance,test,stratified,42,456,False,1.0,773.7010836478753,ner_optimal,val,0.001290797995614565,0.0012908741900602688,0.0012908714849422776,5749,4448085,1232,953160,1232,953162,4453834,50.20388289999755,b2e6f6243676544cb68b25aac83ba18d5eb139e5,True,3.14.4,1.8.0,3.4.0,2026-08-27T16:15:42+00:00,0.7297814974740391,0.9731521097161854,0.0004447039225359447,0.003926701378077269,1072,21740,160,931422,0.046992810801332635,0.8701298701298701,0.08916985526534686,0.1991795528446559,22812,0.023902078177356522,773.7010836478753,0.15267752185787967,145532.17338366003,0.08116883116883117,1.0,0.40584415584415584,1.0,0.6972402597402597,0.859,0.7840909090909091,0.1932
E3_multiseed_multisplit,decision_tree__unweighted__split42__model789,decision_tree,unweighted,C,decision,no_origin_balance,test,stratified,42,789,False,1.0,773.7010836478753,ner_optimal,val,0.001290797995614565,0.0012908741900602688,0.0012908714849422776,5749,4448085,1232,953160,1232,953162,4453834,75.80473350000102,b2e6f6243676544cb68b25aac83ba18d5eb139e5,True,3.14.4,1.8.0,3.4.0,2026-08-27T16:17:11+00:00,0.7297426212657876,0.9731520858721036,0.000444711466590677,0.003926701378077269,1072,21740,160,931422,0.046992810801332635,0.8701298701298701,0.08916985526534686,0.1991795528446559,22812,0.023902078177356522,773.7010836478753,0.15267752185787967,145532.17338366003,0.08116883116883117,1.0,0.40584415584415584,1.0,0.698051948051948,0.86,0.7840909090909091,0.1932
E3_multiseed_multisplit,decision_tree__unweighted__split456__model123,decision_tree,unweighted,C,decision,no_origin_balance,test,stratified,456,123,False,1.0,773.7010836478753,ner_optimal,val,0.001290797995614565,0.0012908741900602688,0.0012908714849422776,5749,4448085,1232,953160,1232,953162,4453834,52.921106199999485,b2e6f6243676544cb68b25aac83ba18d5eb139e5,True,3.14.4,1.8.0,3.4.0,2026-08-27T18:37:42+00:00,0.7511873139577037,0.9130498467411421,0.00041257686403433936,0.014052697457373142,1000,4517,232,948645,0.18125793003443902,0.8116883116883117,0.29634019854793303,0.38218931137405693,5517,0.005780631479242325,773.7010836478753,0.19305046428264805,184015.651406307,0.08116883116883117,1.0,0.40584415584415584,1.0,0.7118506493506493,0.877,0.8060064935064936,0.1986
E3_multiseed_multisplit,decision_tree__unweighted__split456__model42,decision_tree,unweighted,C,decision,no_origin_balance,test,stratified,456,42,False,1.0,773.7010836478753,ner_optimal,val,0.001290797995614565,0.0012908741900602688,0.0012908714849422776,5749,4448085,1232,953160,1232,953162,4453834,53.30204960000265,b2e6f6243676544cb68b25aac83ba18d5eb139e5,True,3.14.4,1.8.0,3.4.0,2026-08-27T18:36:42+00:00,0.7511850498051984,0.9130495972298572,0.0004125772831484391,0.014052697457373142,1000,4518,232,948644,0.1812250815512867,0.8116883116883117,0.2962962962962963,0.3821543831813073,5518,0.005781679264538545,773.7010836478753,0.19305151338071555,184016.651406307,0.08116883116883117,1.0,0.4042207792207792,0.996,0.7175324675324676,0.884,0.8051948051948052,0.1984
E3_multiseed_multisplit,decision_tree__unweighted__split456__model456,decision_tree,unweighted,C,decision,no_origin_balance,test,stratified,456,456,False,1.0,773.7010836478753,ner_optimal,val,0.001290797995614565,0.0012908741900602688,0.0012908714849422776,5749,4448085,1232,953160,1232,953162,4453834,51.98042659999919,b2e6f6243676544cb68b25aac83ba18d5eb139e5,True,3.14.4,1.8.0,3.4.0,2026-08-27T18:38:42+00:00,0.7507019534840034,0.913049291088878,0.0004135959131922886,0.014052697457373142,1000,4518,232,948644,0.1812250815512867,0.8116883116883117,0.2962962962962963,0.3821543831813073,5518,0.005781679264538545,773.7010836478753,0.19305151338071555,184016.651406307,0.08116883116883117,1.0,0.4050324675324675,0.998,0.713474025974026,0.879,0.8060064935064936,0.1986
E3_multiseed_multisplit,decision_tree__unweighted__split456__model789,decision_tree,unweighted,C,decision,no_origin_balance,test,stratified,456,789,False,1.0,773.7010836478753,ner_optimal,val,0.001290797995614565,0.0012908741900602688,0.0012908714849422776,5749,4448085,1232,953160,1232,953162,4453834,53.28622919999907,b2e6f6243676544cb68b25aac83ba18d5eb139e5,True,3.14.4,1.8.0,3.4.0,2026-08-27T18:39:43+00:00,0.7511850498051984,0.9130495972298572,0.0004125772831484391,0.014052697457373142,1000,4518,232,948644,0.1812250815512867,0.8116883116883117,0.2962962962962963,0.3821543831813073,5518,0.005781679264538545,773.7010836478753,0.19305151338071555,184016.651406307,0.08116883116883117,1.0,0.4042207792207792,0.996,0.7175324675324676,0.884,0.8051948051948052,0.1984
E3_multiseed_multisplit,decision_tree__unweighted__split789__model123,decision_tree,unweighted,C,decision,no_origin_balance,test,stratified,789,123,False,1.0,773.7010836478753,ner_optimal,val,0.001290797995614565,0.0012908741900602688,0.0012908714849422776,5749,4448085,1232,953160,1232,953162,4453834,51.39903069999855,b2e6f6243676544cb68b25aac83ba18d5eb139e5,True,3.14.4,1.8.0,3.4.0,2026-08-27T19:51:09+00:00,0.7571897155189382,0.9148269942740412,0.0004076311933083017,0.012950669974088669,1007,4672,225,948490,0.177319950695545,0.8173701298701299,0.2914194761973665,0.37930752137266627,5679,0.005950372697229866,773.7010836478753,0.18753125630129452,178754.7438207719,0.08116883116883117,1.0,0.4050324675324675,0.998,0.7199675324675324,0.887,0.8125,0.2002
E3_multiseed_multisplit,decision_tree__unweighted__split789__model42,decision_tree,unweighted,C,decision,no_origin_balance,test,stratified,789,42,False,1.0,773.7010836478753,ner_optimal,val,0.001290797995614565,0.0012908741900602688,0.0012908714849422776,5749,4448085,1232,953160,1232,953162,4453834,53.02456510000047,b2e6f6243676544cb68b25aac83ba18d5eb139e5,True,3.14.4,1.8.0,3.4.0,2026-08-27T19:50:10+00:00,0.7571897155189382,0.9148269942740412,0.0004076311933083017,0.012950669974088669,1007,4672,225,948490,0.177319950695545,0.8173701298701299,0.2914194761973665,0.37930752137266627,5679,0.005950372697229866,773.7010836478753,0.18753125630129452,178754.7438207719,0.08116883116883117,1.0,0.4050324675324675,0.998,0.7199675324675324,0.887,0.8125,0.2002
E3_multiseed_multisplit,decision_tree__unweighted__split789__model456,decision_tree,unweighted,C,decision,no_origin_balance,test,stratified,789,456,False,1.0,773.7010836478753,ner_optimal,val,0.001290797995614565,0.0012908741900602688,0.0012908714849422776,5749,4448085,1232,953160,1232,953162,4453834,52.46900409999944,b2e6f6243676544cb68b25aac83ba18d5eb139e5,True,3.14.4,1.8.0,3.4.0,2026-08-27T19:52:09+00:00,0.7571744114532092,0.9148260166666862,0.00040764628141589277,0.012950669974088669,1007,4676,225,948486,0.17719514341017067,0.8173701298701299,0.2912509038322487,0.37917285022642067,5683,0.0059545638384147425,773.7010836478753,0.18753545269356456,178758.7438207719,0.08116883116883117,1.0,0.4050324675324675,0.998,0.7199675324675324,0.887,0.8125,0.2002
E3_multiseed_multisplit,decision_tree__unweighted__split789__model789,decision_tree,unweighted,C,decision,no_origin_balance,test,stratified,789,789,False,1.0,773.7010836478753,ner_optimal,val,0.001290797995614565,0.0012908741900602688,0.0012908714849422776,5749,4448085,1232,953160,1232,953162,4453834,51.91548479999983,b2e6f6243676544cb68b25aac83ba18d5eb139e5,True,3.14.4,1.8.0,3.4.0,2026-08-27T19:53:08+00:00,0.7572455594467772,0.914826054987532,0.0004076236492516957,0.012950669974088669,1007,4676,225,948486,0.17719514341017067,0.8173701298701299,0.2912509038322487,0.37917285022642067,5683,0.0059545638384147425,773.7010836478753,0.18753545269356456,178758.7438207719,0.08116883116883117,1.0,0.4050324675324675,0.998,0.7207792207792207,0.888,0.8125,0.2002
E3_multiseed_multisplit,decision_tree__weighted__split123__model123,decision_tree,weighted,E,algorithm+decision,no_origin_balance,test,stratified,123,123,False,773.7010836478753,773.7010836478753,ner_optimal,val,0.001290797995614565,0.0012908741900602688,0.0012908714849422776,5749,4448085,1232,953160,1232,953162,4453834,39.76317399999971,b2e6f6243676544cb68b25aac83ba18d5eb139e5,True,3.14.4,1.8.0,3.4.0,2026-08-27T17:28:16+00:00,0.745346620759228,0.9807405798777151,0.032098755875428084,0.41689109802246094,1141,45079,91,908083,0.02468628299437473,0.9261363636363636,0.04809070218325887,0.14699417105386814,46220,0.04842863639125979,773.7010836478753,0.12115592814909051,115485.79861195663,0.08116883116883117,1.0,0.4034090909090909,0.994,0.672077922077922,0.828,0.8327922077922078,0.2052
E3_multiseed_multisplit,decision_tree__weighted__split123__model42,decision_tree,weighted,E,algorithm+decision,no_origin_balance,test,stratified,123,42,False,773.7010836478753,773.7010836478753,ner_optimal,val,0.001290797995614565,0.0012908741900602688,0.0012908714849422776,5749,4448085,1232,953160,1232,953162,4453834,41.25686810000116,b2e6f6243676544cb68b25aac83ba18d5eb139e5,True,3.14.4,1.8.0,3.4.0,2026-08-27T17:27:31+00:00,0.7453351246651442,0.9807390947320467,0.03210616939744212,0.41689109802246094,1141,45087,91,908075,0.024682010902483342,0.9261363636363636,0.04808259587020649,0.14698069511150103,46228,0.048437018673629546,773.7010836478753,0.12116432093363062,115493.79861195663,0.08116883116883117,1.0,0.4034090909090909,0.994,0.6680194805194806,0.823,0.8336038961038961,0.2054
E3_multiseed_multisplit,decision_tree__weighted__split123__model456,decision_tree,weighted,E,algorithm+decision,no_origin_balance,test,stratified,123,456,False,773.7010836478753,773.7010836478753,ner_optimal,val,0.001290797995614565,0.0012908741900602688,0.0012908714849422776,5749,4448085,1232,953160,1232,953162,4453834,39.61944980000044,b2e6f6243676544cb68b25aac83ba18d5eb139e5,True,3.14.4,1.8.0,3.4.0,2026-08-27T17:29:02+00:00,0.7453480598658605,0.9807407655209235,0.032097829185176334,0.41689109802246094,1141,45078,91,908084,0.0246868171098466,0.9261363636363636,0.0480917156645803,0.14699585578779878,46219,0.04842758860596357,773.7010836478753,0.121154879051023,115484.79861195663,0.08116883116883117,1.0,0.4034090909090909,0.994,0.6712662337662337,0.827,0.8352272727272727,0.2058
E3_multiseed_multisplit,decision_tree__weighted__split123__model789,decision_tree,weighted,E,algorithm+decision,no_origin_balance,test,stratified,123,789,False,773.7010836478753,773.7010836478753,ner_optimal,val,0.001290797995614565,0.0012908741900602688,0.0012908714849422776,5749,4448085,1232,953160,1232,953162,4453834,39.911830900000496,b2e6f6243676544cb68b25aac83ba18d5eb139e5,True,3.14.4,1.8.0,3.4.0,2026-08-27T17:29:47+00:00,0.7453451821187052,0.9807403942345063,0.03209968256567984,0.41689109802246094,1141,45080,91,908082,0.024685748902014235,0.9261363636363636,0.0480896887446526,0.14699248637352974,46221,0.048429684176556013,773.7010836478753,0.12115697724715803,115486.79861195663,0.08116883116883117,1.0,0.4034090909090909,0.994,0.6753246753246753,0.832,0.8336038961038961,0.2054
E3_multiseed_multisplit,decision_tree__weighted__split42__model123,decision_tree,weighted,E,algorithm+decision,no_origin_balance,test,stratified,42,123,False,773.7010836478753,773.7010836478753,ner_optimal,val,0.001290797995614565,0.0012908741900602688,0.0012908714849422776,5749,4448085,1232,953160,1232,953162,4453834,32.803470499999094,b2e6f6243676544cb68b25aac83ba18d5eb139e5,True,3.14.4,1.8.0,3.4.0,2026-08-27T16:18:43+00:00,0.7113401041369343,0.9803511847320376,0.03301849615918156,0.47732776403427124,1096,28948,136,924214,0.03647982958327786,0.8896103896103896,0.07008568870699577,0.17668759059519373,30044,0.031479661439615086,773.7010836478753,0.14075890124799958,134171.34737611102,0.08116883116883117,1.0,0.4025974025974026,0.992,0.6623376623376623,0.816,0.8043831168831169,0.1982
E3_multiseed_multisplit,decision_tree__weighted__split42__model42,decision_tree,weighted,E,algorithm+decision,no_origin_balance,test,stratified,42,42,False,773.7010836478753,773.7010836478753,ner_optimal,val,0.001290797995614565,0.0012908741900602688,0.0012908714849422776,5749,4448085,1232,953160,1232,953162,4453834,45.85997040000075,b2e6f6243676544cb68b25aac83ba18d5eb139e5,True,3.14.4,1.8.0,3.4.0,2026-08-27T16:18:05+00:00,0.7113265927524011,0.9803481922997677,0.03303146982270611,0.47732776403427124,1096,28962,136,924200,0.03646283851220973,0.8896103896103896,0.07005433045701502,0.17664475635012306,30058,0.03149433043376216,773.7010836478753,0.14077358862094477,134185.34737611102,0.08116883116883117,1.0,0.4025974025974026,0.992,0.6607142857142857,0.814,0.8027597402597403,0.1978
E3_multiseed_multisplit,decision_tree__weighted__split42__model456,decision_tree,weighted,E,algorithm+decision,no_origin_balance,test,stratified,42,456,False,773.7010836478753,773.7010836478753,ner_optimal,val,0.001290797995614565,0.0012908741900602688,0.0012908714849422776,5749,4448085,1232,953160,1232,953162,4453834,31.060018299998774,b2e6f6243676544cb68b25aac83ba18d5eb139e5,True,3.14.4,1.8.0,3.4.0,2026-08-27T16:19:18+00:00,0.7113362374685769,0.980350329751389,0.03302220292018857,0.47732776403427124,1096,28952,136,924210,0.03647497337593184,0.8896103896103896,0.070076726342711,0.17667534922636047,30048,0.03148385258079996,773.7010836478753,0.14076309764026965,134175.34737611102,0.08116883116883117,1.0,0.4025974025974026,0.992,0.6623376623376623,0.816,0.8043831168831169,0.1982
E3_multiseed_multisplit,decision_tree__weighted__split42__model789,decision_tree,weighted,E,algorithm+decision,no_origin_balance,test,stratified,42,789,False,773.7010836478753,773.7010836478753,ner_optimal,val,0.001290797995614565,0.0012908741900602688,0.0012908714849422776,5749,4448085,1232,953160,1232,953162,4453834,32.28749959999914,b2e6f6243676544cb68b25aac83ba18d5eb139e5,True,3.14.4,1.8.0,3.4.0,2026-08-27T16:19:55+00:00,0.7113401041369343,0.9803511847320376,0.03301849615918156,0.47732776403427124,1096,28948,136,924214,0.03647982958327786,0.8896103896103896,0.07008568870699577,0.17668759059519373,30044,0.031479661439615086,773.7010836478753,0.14075890124799958,134171.34737611102,0.08116883116883117,1.0,0.4025974025974026,0.992,0.6623376623376623,0.816,0.8043831168831169,0.1982
E3_multiseed_multisplit,decision_tree__weighted__split456__model123,decision_tree,weighted,E,algorithm+decision,no_origin_balance,test,stratified,456,123,False,773.7010836478753,773.7010836478753,ner_optimal,val,0.001290797995614565,0.0012908741900602688,0.0012908714849422776,5749,4448085,1232,953160,1232,953162,4453834,31.974228200000653,b2e6f6243676544cb68b25aac83ba18d5eb139e5,True,3.14.4,1.8.0,3.4.0,2026-08-27T18:40:57+00:00,0.7426824929247786,0.9822542043213542,0.0327563169416219,0.6332982182502747,1110,30460,122,922702,0.035159961989230284,0.900974025974026,0.06767880007316628,0.17446984357268247,31570,0.033078581801645864,773.7010836478753,0.13098150116244406,124851.53220504076,0.08035714285714286,0.99,0.4025974025974026,0.992,0.676948051948052,0.834,0.8214285714285714,0.2024
E3_multiseed_multisplit,decision_tree__weighted__split456__model42,decision_tree,weighted,E,algorithm+decision,no_origin_balance,test,stratified,456,42,False,773.7010836478753,773.7010836478753,ner_optimal,val,0.001290797995614565,0.0012908741900602688,0.0012908714849422776,5749,4448085,1232,953160,1232,953162,4453834,32.73563769999964,b2e6f6243676544cb68b25aac83ba18d5eb139e5,True,3.14.4,1.8.0,3.4.0,2026-08-27T18:40:20+00:00,0.7427057464175726,0.9822543431279734,0.032756017727964916,0.6332982182502747,1110,30460,122,922702,0.035159961989230284,0.900974025974026,0.06767880007316628,0.17446984357268247,31570,0.033078581801645864,773.7010836478753,0.13098150116244406,124851.53220504076,0.08035714285714286,0.99,0.4025974025974026,0.992,0.6785714285714286,0.836,0.8262987012987013,0.2036
E3_multiseed_multisplit,decision_tree__weighted__split456__model456,decision_tree,weighted,E,algorithm+decision,no_origin_balance,test,stratified,456,456,False,773.7010836478753,773.7010836478753,ner_optimal,val,0.001290797995614565,0.0012908741900602688,0.0012908714849422776,5749,4448085,1232,953160,1232,953162,4453834,31.60950469999807,b2e6f6243676544cb68b25aac83ba18d5eb139e5,True,3.14.4,1.8.0,3.4.0,2026-08-27T18:41:33+00:00,0.7427057464175726,0.9822543431279734,0.032756017727964916,0.6332982182502747,1110,30460,122,922702,0.035159961989230284,0.900974025974026,0.06767880007316628,0.17446984357268247,31570,0.033078581801645864,773.7010836478753,0.13098150116244406,124851.53220504076,0.08035714285714286,0.99,0.4025974025974026,0.992,0.6785714285714286,0.836,0.8262987012987013,0.2036
E3_multiseed_multisplit,decision_tree__weighted__split456__model789,decision_tree,weighted,E,algorithm+decision,no_origin_balance,test,stratified,456,789,False,773.7010836478753,773.7010836478753,ner_optimal,val,0.001290797995614565,0.0012908741900602688,0.0012908714849422776,5749,4448085,1232,953160,1232,953162,4453834,32.984904899996764,b2e6f6243676544cb68b25aac83ba18d5eb139e5,True,3.14.4,1.8.0,3.4.0,2026-08-27T18:42:11+00:00,0.7430874199284132,0.9822549503004858,0.032754970074190315,0.6332982182502747,1110,30459,122,922703,0.03516107573885774,0.900974025974026,0.06768086338831134,0.17447272296427568,31569,0.03307753401634964,773.7010836478753,0.13098045206437656,124850.53220504076,0.08116883116883117,1.0,0.4025974025974026,0.992,0.6801948051948052,0.838,0.823051948051948,0.2028
E3_multiseed_multisplit,decision_tree__weighted__split789__model123,decision_tree,weighted,E,algorithm+decision,no_origin_balance,test,stratified,789,123,False,773.7010836478753,773.7010836478753,ner_optimal,val,0.001290797995614565,0.0012908741900602688,0.0012908714849422776,5749,4448085,1232,953160,1232,953162,4453834,35.06138790000114,b2e6f6243676544cb68b25aac83ba18d5eb139e5,True,3.14.4,1.8.0,3.4.0,2026-08-27T19:54:29+00:00,0.744724060794993,0.9836109887815093,0.03376382891952738,0.45600318908691406,1148,46656,84,906506,0.02401472680110451,0.9318181818181818,0.046822742474916385,0.14532745182070958,47804,0.050088328300471295,773.7010836478753,0.11712853761974158,111646.89102642151,0.08116883116883117,1.0,0.4025974025974026,0.992,0.6688311688311688,0.824,0.8392857142857143,0.2068
E3_multiseed_multisplit,decision_tree__weighted__split789__model42,decision_tree,weighted,E,algorithm+decision,no_origin_balance,test,stratified,789,42,False,773.7010836478753,773.7010836478753,ner_optimal,val,0.001290797995614565,0.0012908741900602688,0.0012908714849422776,5749,4448085,1232,953160,1232,953162,4453834,34.130948300000455,b2e6f6243676544cb68b25aac83ba18d5eb139e5,True,3.14.4,1.8.0,3.4.0,2026-08-27T19:53:47+00:00,0.7447227431604648,0.9836108061188109,0.033764755609779144,0.45600318908691406,1148,46657,84,906505,0.024014224453509047,0.9318181818181818,0.046821787629748965,0.14532583926480974,47805,0.050089376085767516,773.7010836478753,0.1171295867178091,111647.89102642151,0.08116883116883117,1.0,0.4025974025974026,0.992,0.6663961038961039,0.821,0.8400974025974026,0.207
E3_multiseed_multisplit,decision_tree__weighted__split789__model456,decision_tree,weighted,E,algorithm+decision,no_origin_balance,test,stratified,789,456,False,773.7010836478753,773.7010836478753,ner_optimal,val,0.001290797995614565,0.0012908741900602688,0.0012908714849422776,5749,4448085,1232,953160,1232,953162,4453834,34.48435880000034,b2e6f6243676544cb68b25aac83ba18d5eb139e5,True,3.14.4,1.8.0,3.4.0,2026-08-27T19:55:08+00:00,0.744724060794993,0.9836109887815093,0.03376382891952738,0.45600318908691406,1148,46656,84,906506,0.02401472680110451,0.9318181818181818,0.046822742474916385,0.14532745182070958,47804,0.050088328300471295,773.7010836478753,0.11712853761974158,111646.89102642151,0.08116883116883117,1.0,0.4025974025974026,0.992,0.6688311688311688,0.824,0.8392857142857143,0.2068
E3_multiseed_multisplit,decision_tree__weighted__split789__model789,decision_tree,weighted,E,algorithm+decision,no_origin_balance,test,stratified,789,789,False,773.7010836478753,773.7010836478753,ner_optimal,val,0.001290797995614565,0.0012908741900602688,0.0012908714849422776,5749,4448085,1232,953160,1232,953162,4453834,38.883548699999665,b2e6f6243676544cb68b25aac83ba18d5eb139e5,True,3.14.4,1.8.0,3.4.0,2026-08-27T19:55:53+00:00,0.7447227431604648,0.9836108061188109,0.033764755609779144,0.45600318908691406,1148,46657,84,906505,0.024014224453509047,0.9318181818181818,0.046821787629748965,0.14532583926480974,47805,0.050089376085767516,773.7010836478753,0.1171295867178091,111647.89102642151,0.08116883116883117,1.0,0.4025974025974026,0.992,0.6663961038961039,0.821,0.8400974025974026,0.207
E3_multiseed_multisplit,logistic_regression__instance_weighted__split123__model42,logistic_regression,instance_weighted,F,algorithm,no_origin_balance,test,stratified,123,42,True,773.7010836478753,773.7010836478753,ner_optimal,val,0.001290797995614565,0.0012908741900602688,0.0012908714849422776,5749,4448085,1232,953160,1232,953162,4453834,13.10015249999924,b2e6f6243676544cb68b25aac83ba18d5eb139e5,True,3.14.4,1.8.0,3.4.0,2026-08-27T17:21:57+00:00,0.2719303192269845,0.9661868889391991,0.045057870826045295,0.5201849937438965,1035,49388,197,903774,0.020526347103504355,0.8400974025974026,0.04007356499854806,0.1265257753071876,50423,0.052832477991269854,773.7010836478753,0.21171545276096845,201807.1134786314,0.0698051948051948,0.86,0.16152597402597402,0.398,0.21996753246753248,0.271,0.7012987012987013,0.1728
E3_multiseed_multisplit,logistic_regression__instance_weighted__split42__model42,logistic_regression,instance_weighted,F,algorithm,no_origin_balance,test,stratified,42,42,True,773.7010836478753,773.7010836478753,ner_optimal,val,0.001290797995614565,0.0012908741900602688,0.0012908714849422776,5749,4448085,1232,953160,1232,953162,4453834,18.206797200000437,b2e6f6243676544cb68b25aac83ba18d5eb139e5,True,3.14.4,1.8.0,3.4.0,2026-08-27T16:12:33+00:00,0.2392930851475499,0.9592340351507276,0.04438827037171775,0.47364625334739685,1031,61810,201,891352,0.01640648621123152,0.8368506493506493,0.03218204235793548,0.11176678571213024,62841,0.06584387579972213,773.7010836478753,0.22799410220237804,217323.9178132229,0.07224025974025974,0.89,0.12905844155844157,0.318,0.18506493506493507,0.228,0.6785714285714286,0.1672
E3_multiseed_multisplit,logistic_regression__instance_weighted__split456__model42,logistic_regression,instance_weighted,F,algorithm,no_origin_balance,test,stratified,456,42,True,773.7010836478753,773.7010836478753,ner_optimal,val,0.001290797995614565,0.0012908741900602688,0.0012908714849422776,5749,4448085,1232,953160,1232,953162,4453834,17.61113210000258,b2e6f6243676544cb68b25aac83ba18d5eb139e5,True,3.14.4,1.8.0,3.4.0,2026-08-27T18:35:23+00:00,0.2674716298373284,0.9651594896059832,0.04428488239591045,0.4533354938030243,1049,68096,183,885066,0.015171017427145854,0.851461038961039,0.02981087571223553,0.10803903268121727,69145,0.0724491143070891,773.7010836478753,0.2199783430443801,209683.29830756114,0.0698051948051948,0.86,0.16152597402597402,0.398,0.2069805194805195,0.255,0.6956168831168831,0.1714
E3_multiseed_multisplit,logistic_regression__instance_weighted__split789__model42,logistic_regression,instance_weighted,F,algorithm,no_origin_balance,test,stratified,789,42,True,773.7010836478753,773.7010836478753,ner_optimal,val,0.001290797995614565,0.0012908741900602688,0.0012908714849422776,5749,4448085,1232,953160,1232,953162,4453834,14.331563699997787,b2e6f6243676544cb68b25aac83ba18d5eb139e5,True,3.14.4,1.8.0,3.4.0,2026-08-27T19:48:51+00:00,0.2673822588733718,0.9668364409007264,0.045195031631487484,0.5007021427154541,1057,54802,175,898360,0.01892264451565549,0.8579545454545454,0.0370286034576378,0.12243738691375942,55859,0.05852823886151841,773.7010836478753,0.19953812684134528,190199.68963837816,0.07305194805194805,0.9,0.15584415584415584,0.384,0.20941558441558442,0.258,0.7150974025974026,0.1762
E3_multiseed_multisplit,logistic_regression__rus__split123__model123,logistic_regression,rus,G,data,no_origin_balance,test,stratified,123,123,False,773.7010836478753,773.7010836478753,ner_optimal,val,0.001290797995614565,0.0012908741900602688,0.0012908714849422776,5749,4448085,1232,953160,1232,953162,11498,0.040415600000415,b2e6f6243676544cb68b25aac83ba18d5eb139e5,True,3.14.4,1.8.0,3.4.0,2026-08-27T17:22:04+00:00,0.1686398448290381,0.970685238053318,0.06857897001012418,0.5642186403274536,1067,60290,165,892872,0.017390028847564257,0.8660714285714286,0.03409544808193133,0.11752749079346854,61357,0.06428896242013257,773.7010836478753,0.19717869391897785,187950.6788018994,0.020292207792207792,0.25,0.13636363636363635,0.336,0.1875,0.231,0.702922077922078,0.1732
E3_multiseed_multisplit,logistic_regression__rus__split123__model42,logistic_regression,rus,G,data,no_origin_balance,test,stratified,123,42,False,773.7010836478753,773.7010836478753,ner_optimal,val,0.001290797995614565,0.0012908741900602688,0.0012908714849422776,5749,4448085,1232,953160,1232,953162,11498,0.043793699998786906,b2e6f6243676544cb68b25aac83ba18d5eb139e5,True,3.14.4,1.8.0,3.4.0,2026-08-27T17:22:01+00:00,0.12660529136657592,0.9713338175169361,0.06434209578103359,0.540823221206665,1073,62548,159,890614,0.016865500385092973,0.8709415584415584,0.03309021941930211,0.11592401572822796,63621,0.06666114833077325,773.7010836478753,0.1946774274852941,185566.47230001213,0.021915584415584416,0.27,0.07954545454545454,0.196,0.12337662337662338,0.152,0.6777597402597403,0.167
E3_multiseed_multisplit,logistic_regression__rus__split123__model456,logistic_regression,rus,G,data,no_origin_balance,test,stratified,123,456,False,773.7010836478753,773.7010836478753,ner_optimal,val,0.001290797995614565,0.0012908741900602688,0.0012908714849422776,5749,4448085,1232,953160,1232,953162,11498,0.07741379999788478,b2e6f6243676544cb68b25aac83ba18d5eb139e5,True,3.14.4,1.8.0,3.4.0,2026-08-27T17:22:08+00:00,0.1625880559479581,0.9708220038746225,0.06834727714782379,0.5674810409545898,1067,58240,165,894922,0.017991130895172576,0.8660714285714286,0.03525000412956937,0.11972436906439661,59307,0.06214100256288283,773.7010836478753,0.19502804288057457,185900.6788018994,0.021103896103896104,0.26,0.13392857142857142,0.33,0.19724025974025974,0.243,0.6956168831168831,0.1714
E3_multiseed_multisplit,logistic_regression__rus__split123__model789,logistic_regression,rus,G,data,no_origin_balance,test,stratified,123,789,False,773.7010836478753,773.7010836478753,ner_optimal,val,0.001290797995614565,0.0012908741900602688,0.0012908714849422776,5749,4448085,1232,953160,1232,953162,11498,0.061054100002365885,b2e6f6243676544cb68b25aac83ba18d5eb139e5,True,3.14.4,1.8.0,3.4.0,2026-08-27T17:22:12+00:00,0.13222545726527335,0.971346982856405,0.06613940803804105,0.5452808737754822,1073,63416,159,889746,0.01663849648777311,0.8709415584415584,0.03265318543540117,0.1150670988970562,64489,0.06757062596789166,773.7010836478753,0.19558804460789606,186434.47230001213,0.018668831168831168,0.23,0.09090909090909091,0.224,0.15016233766233766,0.185,0.6842532467532467,0.1686
E3_multiseed_multisplit,logistic_regression__rus__split42__model123,logistic_regression,rus,G,data,no_origin_balance,test,stratified,42,123,False,773.7010836478753,773.7010836478753,ner_optimal,val,0.001290797995614565,0.0012908741900602688,0.0012908714849422776,5749,4448085,1232,953160,1232,953162,11498,0.07993599999826984,b2e6f6243676544cb68b25aac83ba18d5eb139e5,True,3.14.4,1.8.0,3.4.0,2026-08-27T16:12:41+00:00,0.16958010913929222,0.9644325095239394,0.06888208625297655,0.6003263592720032,1026,50465,206,902697,0.019925812277873805,0.8327922077922078,0.03892039527341009,0.12394017896509427,51491,0.05395151268763215,773.7010836478753,0.2201505261848756,209847.42323146225,0.045454545454545456,0.56,0.09496753246753246,0.234,0.11201298701298701,0.138,0.6834415584415584,0.1684
E3_multiseed_multisplit,logistic_regression__rus__split42__model42,logistic_regression,rus,G,data,no_origin_balance,test,stratified,42,42,False,773.7010836478753,773.7010836478753,ner_optimal,val,0.001290797995614565,0.0012908741900602688,0.0012908714849422776,5749,4448085,1232,953160,1232,953162,11498,0.033755399999790825,b2e6f6243676544cb68b25aac83ba18d5eb139e5,True,3.14.4,1.8.0,3.4.0,2026-08-27T16:12:37+00:00,0.11761523436739944,0.9651931055034948,0.06653114663589807,0.5665059685707092,1045,57989,187,895173,0.017701663448182404,0.8482142857142857,0.03467958716357482,0.11736018564405444,59034,0.061854957177014946,773.7010836478753,0.21262186212277145,202671.10264215263,0.011363636363636364,0.14,0.08035714285714286,0.198,0.12256493506493507,0.151,0.6574675324675324,0.162
E3_multiseed_multisplit,logistic_regression__rus__split42__model456,logistic_regression,rus,G,data,no_origin_balance,test,stratified,42,456,False,773.7010836478753,773.7010836478753,ner_optimal,val,0.001290797995614565,0.0012908741900602688,0.0012908714849422776,5749,4448085,1232,953160,1232,953162,11498,0.032930199999100296,b2e6f6243676544cb68b25aac83ba18d5eb139e5,True,3.14.4,1.8.0,3.4.0,2026-08-27T16:12:44+00:00,0.15653403112749217,0.9643563706869904,0.06888896286147769,0.5822882056236267,1033,57105,199,896057,0.017768069077023635,0.838474025974026,0.03479871989220145,0.11687896093143693,58138,0.060916141551602375,773.7010836478753,0.221434719171349,211071.51564592714,0.020292207792207792,0.25,0.10633116883116883,0.262,0.137987012987013,0.17,0.6785714285714286,0.1672
E3_multiseed_multisplit,logistic_regression__rus__split42__model789,logistic_regression,rus,G,data,no_origin_balance,test,stratified,42,789,False,773.7010836478753,773.7010836478753,ner_optimal,val,0.001290797995614565,0.0012908741900602688,0.0012908714849422776,5749,4448085,1232,953160,1232,953162,11498,0.09419979999802308,b2e6f6243676544cb68b25aac83ba18d5eb139e5,True,3.14.4,1.8.0,3.4.0,2026-08-27T16:12:49+00:00,0.12696302155876987,0.9652923403142084,0.06485050145150223,0.5759061574935913,1035,50242,197,902920,0.02018448817208495,0.8400974025974026,0.03942181340341656,0.1253843642585516,51277,0.05372728663424121,773.7010836478753,0.21261138251062522,202661.1134786314,0.010551948051948052,0.13,0.10795454545454546,0.266,0.1525974025974026,0.188,0.6680194805194806,0.1646
E3_multiseed_multisplit,logistic_regression__rus__split456__model123,logistic_regression,rus,G,data,no_origin_balance,test,stratified,456,123,False,773.7010836478753,773.7010836478753,ner_optimal,val,0.001290797995614565,0.0012908741900602688,0.0012908714849422776,5749,4448085,1232,953160,1232,953162,11498,0.09089250000033644,b2e6f6243676544cb68b25aac83ba18d5eb139e5,True,3.14.4,1.8.0,3.4.0,2026-08-27T18:35:32+00:00,0.10486034241062642,0.9708301215071248,0.06392971995475093,0.5137990713119507,1095,71153,137,882009,0.015156128889381022,0.8887987012987013,0.02980402830702232,0.11051204184643211,72248,0.07570039208125784,773.7010836478753,0.18584777349910747,177150.04845975892,0.008928571428571428,0.11,0.036525974025974024,0.09,0.0836038961038961,0.103,0.6590909090909091,0.1624
E3_multiseed_multisplit,logistic_regression__rus__split456__model42,logistic_regression,rus,G,data,no_origin_balance,test,stratified,456,42,False,773.7010836478753,773.7010836478753,ner_optimal,val,0.001290797995614565,0.0012908741900602688,0.0012908714849422776,5749,4448085,1232,953160,1232,953162,11498,0.061990999998670304,b2e6f6243676544cb68b25aac83ba18d5eb139e5,True,3.14.4,1.8.0,3.4.0,2026-08-27T18:35:28+00:00,0.1085859811223861,0.9707653967469915,0.0658263070493201,0.519886314868927,1100,73364,132,879798,0.014772238934250108,0.8928571428571429,0.029063622912703445,0.10922499941461099,74464,0.07802228429767999,773.7010836478753,0.18410888776793888,175492.54304151953,0.008928571428571428,0.11,0.052759740259740256,0.13,0.08279220779220779,0.102,0.6655844155844156,0.164
E3_multiseed_multisplit,logistic_regression__rus__split456__model456,logistic_regression,rus,G,data,no_origin_balance,test,stratified,456,456,False,773.7010836478753,773.7010836478753,ner_optimal,val,0.001290797995614565,0.0012908741900602688,0.0012908714849422776,5749,4448085,1232,953160,1232,953162,11498,0.03643219999867142,b2e6f6243676544cb68b25aac83ba18d5eb139e5,True,3.14.4,1.8.0,3.4.0,2026-08-27T18:35:36+00:00,0.1508358645095375,0.9699178954759656,0.06548832601962978,0.5371484160423279,1085,63816,147,889346,0.016717770142216606,0.8806818181818182,0.03281266538641828,0.11605718702505466,64901,0.06800231350993405,773.7010836478753,0.18626742409464186,177550.05929623765,0.017857142857142856,0.22,0.13068181818181818,0.322,0.17694805194805194,0.218,0.6818181818181818,0.168
E3_multiseed_multisplit,logistic_regression__rus__split456__model789,logistic_regression,rus,G,data,no_origin_balance,test,stratified,456,789,False,773.7010836478753,773.7010836478753,ner_optimal,val,0.001290797995614565,0.0012908741900602688,0.0012908714849422776,5749,4448085,1232,953160,1232,953162,11498,0.028985099997953512,b2e6f6243676544cb68b25aac83ba18d5eb139e5,True,3.14.4,1.8.0,3.4.0,2026-08-27T18:35:40+00:00,0.15305061053618924,0.969663365437641,0.06847129647695825,0.5571848154067993,1076,63847,156,889315,0.01657347935246369,0.8733766233766234,0.03252966518025848,0.11499258838589559,64923,0.06802536478645088,773.7010836478753,0.19360514093992962,184544.36904906854,0.010551948051948052,0.13,0.12337662337662338,0.304,0.17045454545454544,0.21,0.6834415584415584,0.1684
E3_multiseed_multisplit,logistic_regression__rus__split789__model123,logistic_regression,rus,G,data,no_origin_balance,test,stratified,789,123,False,773.7010836478753,773.7010836478753,ner_optimal,val,0.001290797995614565,0.0012908741900602688,0.0012908714849422776,5749,4448085,1232,953160,1232,953162,11498,0.09617719999732799,b2e6f6243676544cb68b25aac83ba18d5eb139e5,True,3.14.4,1.8.0,3.4.0,2026-08-27T19:49:00+00:00,0.13988277265527027,0.9711693687166245,0.06680519308106392,0.5227818489074707,1099,74514,133,878648,0.01453453771176914,0.8920454545454546,0.028603032077558724,0.10819448371381389,75613,0.07922618960303607,773.7010836478753,0.18612703885726806,177416.2441251674,0.01461038961038961,0.18,0.10146103896103896,0.25,0.1728896103896104,0.213,0.6785714285714286,0.1672
E3_multiseed_multisplit,logistic_regression__rus__split789__model42,logistic_regression,rus,G,data,no_origin_balance,test,stratified,789,42,False,773.7010836478753,773.7010836478753,ner_optimal,val,0.001290797995614565,0.0012908741900602688,0.0012908714849422776,5749,4448085,1232,953160,1232,953162,11498,0.06261300000187475,b2e6f6243676544cb68b25aac83ba18d5eb139e5,True,3.14.4,1.8.0,3.4.0,2026-08-27T19:48:56+00:00,0.12703319800925553,0.970901515371789,0.06687804908204549,0.5270979404449463,1095,73570,137,879592,0.014665505926471574,0.8887987012987013,0.02885489545041306,0.10851880122169698,74665,0.07823288914222008,773.7010836478753,0.18838344352828829,179567.04845975892,0.01461038961038961,0.18,0.09496753246753246,0.234,0.1396103896103896,0.172,0.6834415584415584,0.1684
E3_multiseed_multisplit,logistic_regression__rus__split789__model456,logistic_regression,rus,G,data,no_origin_balance,test,stratified,789,456,False,773.7010836478753,773.7010836478753,ner_optimal,val,0.001290797995614565,0.0012908741900602688,0.0012908714849422776,5749,4448085,1232,953160,1232,953162,11498,0.03741699999955017,b2e6f6243676544cb68b25aac83ba18d5eb139e5,True,3.14.4,1.8.0,3.4.0,2026-08-27T19:49:04+00:00,0.15229424974238243,0.9708543905245581,0.0705650723016606,0.5377470254898071,1095,74264,137,878898,0.014530447590865058,0.8887987012987013,0.028593437871290362,0.10796364702523087,75359,0.07896005213779635,773.7010836478753,0.18911151758714287,180261.04845975892,0.017045454545454544,0.21,0.12743506493506493,0.314,0.174512987012987,0.215,0.6866883116883117,0.1692
E3_multiseed_multisplit,logistic_regression__rus__split789__model789,logistic_regression,rus,G,data,no_origin_balance,test,stratified,789,789,False,773.7010836478753,773.7010836478753,ner_optimal,val,0.001290797995614565,0.0012908741900602688,0.0012908714849422776,5749,4448085,1232,953160,1232,953162,11498,0.09165700000085053,b2e6f6243676544cb68b25aac83ba18d5eb139e5,True,3.14.4,1.8.0,3.4.0,2026-08-27T19:49:08+00:00,0.14428572235953857,0.9714435326531893,0.06604914845583734,0.5359887480735779,1093,67212,139,885950,0.016001756826001023,0.8871753246753247,0.0314365014308929,0.11375365827540879,68305,0.07156897465826483,773.7010836478753,0.18333665463841223,174756.45062705467,0.017045454545454544,0.21,0.10957792207792208,0.27,0.174512987012987,0.215,0.6907467532467533,0.1702
E3_multiseed_multisplit,logistic_regression__unweighted__split123__model42,logistic_regression,unweighted,C,decision,no_origin_balance,test,stratified,123,42,True,1.0,773.7010836478753,ner_optimal,val,0.001290797995614565,0.0012908741900602688,0.0012908714849422776,5749,4448085,1232,953160,1232,953162,4453834,8.466937499997584,b2e6f6243676544cb68b25aac83ba18d5eb139e5,True,3.14.4,1.8.0,3.4.0,2026-08-27T17:21:22+00:00,0.5337812107525854,0.9619567461474845,0.00078539860810003,0.0011921977857127786,1086,93191,146,859971,0.011519246475810643,0.8814935064935064,0.02274131233705724,0.09431260478568453,94277,0.09878205437167459,773.7010836478753,0.21627299151617116,206151.35821258978,0.08116883116883117,1.0,0.36607142857142855,0.902,0.48863636363636365,0.602,0.6704545454545454,0.1652
E3_multiseed_multisplit,logistic_regression__unweighted__split42__model42,logistic_regression,unweighted,C,decision,no_origin_balance,test,stratified,42,42,True,1.0,773.7010836478753,ner_optimal,val,0.001290797995614565,0.0012908741900602688,0.0012908714849422776,5749,4448085,1232,953160,1232,953162,4453834,7.429266499999358,b2e6f6243676544cb68b25aac83ba18d5eb139e5,True,3.14.4,1.8.0,3.4.0,2026-08-27T16:11:37+00:00,0.5039687570139619,0.9545552646819798,0.0008164262003653779,0.0020156772807240486,998,57146,234,896016,0.017164281783159055,0.810064935064935,0.03361627593640528,0.11260225739282739,58144,0.060922428263379694,773.7010836478753,0.24988682310120794,238192.05357360275,0.08116883116883117,1.0,0.3555194805194805,0.876,0.47564935064935066,0.586,0.6331168831168831,0.156
E3_multiseed_multisplit,logistic_regression__unweighted__split456__model42,logistic_regression,unweighted,C,decision,no_origin_balance,test,stratified,456,42,True,1.0,773.7010836478753,ner_optimal,val,0.001290797995614565,0.0012908741900602688,0.0012908714849422776,5749,4448085,1232,953160,1232,953162,4453834,10.816498500000307,b2e6f6243676544cb68b25aac83ba18d5eb139e5,True,3.14.4,1.8.0,3.4.0,2026-08-27T18:34:36+00:00,0.5220509431039683,0.9596290455776763,0.0007842288639368192,0.001517430879175663,1048,73139,184,880023,0.014126464205318991,0.8506493506493507,0.027791405348784787,0.10378304539551275,74187,0.07773204777062723,773.7010836478753,0.22608063291054048,215499.99939120904,0.08116883116883117,1.0,0.37662337662337664,0.928,0.48133116883116883,0.593,0.6412337662337663,0.158
E3_multiseed_multisplit,logistic_regression__unweighted__split789__model42,logistic_regression,unweighted,C,decision,no_origin_balance,test,stratified,789,42,True,1.0,773.7010836478753,ner_optimal,val,0.001290797995614565,0.0012908741900602688,0.0012908714849422776,5749,4448085,1232,953160,1232,953162,4453834,8.696128499999759,b2e6f6243676544cb68b25aac83ba18d5eb139e5,True,3.14.4,1.8.0,3.4.0,2026-08-27T19:48:10+00:00,0.5345349621036724,0.9616044664441146,0.0007775878045013312,0.0014876696513965726,1056,75787,176,877375,0.013742305740275627,0.8571428571428571,0.027050912584053795,0.10261818745633117,76843,0.0805149655173859,773.7010836478753,0.22236513809981048,211958.39072202603,0.08116883116883117,1.0,0.37012987012987014,0.912,0.49512987012987014,0.61,0.6607142857142857,0.1628
E3_multiseed_multisplit,logistic_regression__weighted__split123__model42,logistic_regression,weighted,E,algorithm+decision,no_origin_balance,test,stratified,123,42,True,773.7010836478753,773.7010836478753,ner_optimal,val,0.001290797995614565,0.0012908741900602688,0.0012908714849422776,5749,4448085,1232,953160,1232,953162,4453834,12.039143499998318,b2e6f6243676544cb68b25aac83ba18d5eb139e5,True,3.14.4,1.8.0,3.4.0,2026-08-27T17:21:40+00:00,0.16571591116483708,0.9711278276424141,0.06656950750798372,0.5396656394004822,1078,67566,154,885596,0.015704213041198064,0.875,0.03085465682065373,0.11175047445721475,68644,0.07192417387368319,773.7010836478753,0.19588336002963677,186715.9668817728,0.02353896103896104,0.29,0.14123376623376624,0.348,0.19642857142857142,0.242,0.700487012987013,0.1726
E3_multiseed_multisplit,logistic_regression__weighted__split42__model42,logistic_regression,weighted,E,algorithm+decision,no_origin_balance,test,stratified,42,42,True,773.7010836478753,773.7010836478753,ner_optimal,val,0.001290797995614565,0.0012908741900602688,0.0012908714849422776,5749,4448085,1232,953160,1232,953162,4453834,24.812573900002462,b2e6f6243676544cb68b25aac83ba18d5eb139e5,True,3.14.4,1.8.0,3.4.0,2026-08-27T16:12:10+00:00,0.1487063069716073,0.9656902882468814,0.06534063471390207,0.5718259811401367,1040,54487,192,898675,0.018729627028292544,0.8441558441558441,0.036646170651350445,0.12071433969039681,55527,0.05818037414317358,773.7010836478753,0.21300636224877972,203037.60806039203,0.022727272727272728,0.28,0.12824675324675325,0.316,0.16071428571428573,0.198,0.6753246753246753,0.1664
E3_multiseed_multisplit,logistic_regression__weighted__split456__model42,logistic_regression,weighted,E,algorithm+decision,no_origin_balance,test,stratified,456,42,True,773.7010836478753,773.7010836478753,ner_optimal,val,0.001290797995614565,0.0012908741900602688,0.0012908714849422776,5749,4448085,1232,953160,1232,953162,4453834,17.598085899997386,b2e6f6243676544cb68b25aac83ba18d5eb139e5,True,3.14.4,1.8.0,3.4.0,2026-08-27T18:35:01+00:00,0.16089051436541674,0.9703089626878815,0.06611814500890688,0.5317200422286987,1089,68952,143,884210,0.015548036150254851,0.8839285714285714,0.030558556536135702,0.11174690265860482,70041,0.07338792993250168,773.7010836478753,0.18840883852263945,179591.25496164616,0.017857142857142856,0.22,0.14204545454545456,0.35,0.19155844155844157,0.236,0.6883116883116883,0.1696
E3_multiseed_multisplit,logistic_regression__weighted__split789__model42,logistic_regression,weighted,E,algorithm+decision,no_origin_balance,test,stratified,789,42,True,773.7010836478753,773.7010836478753,ner_optimal,val,0.001290797995614565,0.0012908741900602688,0.0012908714849422776,5749,4448085,1232,953160,1232,953162,4453834,14.795462699999916,b2e6f6243676544cb68b25aac83ba18d5eb139e5,True,3.14.4,1.8.0,3.4.0,2026-08-27T19:48:32+00:00,0.15581895031268325,0.9714098137151812,0.06723820206682969,0.5317416191101074,1096,71536,136,881626,0.01508976759555017,0.8896103896103896,0.02967616159428138,0.11029901742673413,72632,0.07610274163500609,773.7010836478753,0.1854378897472769,176759.34737611102,0.024350649350649352,0.3,0.13230519480519481,0.326,0.17857142857142858,0.22,0.6939935064935064,0.171
E3_multiseed_multisplit,random_forest__instance_weighted__split123__model123,random_forest,instance_weighted,F,algorithm,no_origin_balance,test,stratified,123,123,False,773.7010836478753,773.7010836478753,ner_optimal,val,0.001290797995614565,0.0012908741900602688,0.0012908714849422776,5749,4448085,1232,953160,1232,953162,4453834,125.59440850000101,b2e6f6243676544cb68b25aac83ba18d5eb139e5,True,3.14.4,1.8.0,3.4.0,2026-08-27T17:59:03+00:00,0.7923325320070788,0.9845598601859344,0.0036602582873939654,0.13525156676769257,1129,42605,103,910557,0.02581515525677962,0.9163961038961039,0.05021571854289908,0.14968103898841895,43734,0.045823842144858414,773.7010836478753,0.12830071927032113,122296.21161573112,0.08116883116883117,1.0,0.4034090909090909,0.994,0.7353896103896104,0.906,0.8238636363636364,0.203
E3_multiseed_multisplit,random_forest__instance_weighted__split123__model42,random_forest,instance_weighted,F,algorithm,no_origin_balance,test,stratified,123,42,False,773.7010836478753,773.7010836478753,ner_optimal,val,0.001290797995614565,0.0012908741900602688,0.0012908714849422776,5749,4448085,1232,953160,1232,953162,4453834,129.02605790000234,b2e6f6243676544cb68b25aac83ba18d5eb139e5,True,3.14.4,1.8.0,3.4.0,2026-08-27T17:56:49+00:00,0.788831718913748,0.9854977458554421,0.003554121156877794,0.14333124458789825,1126,38030,106,915132,0.0287567678005925,0.913961038961039,0.05575913637714173,0.15822128269593336,39156,0.04102708105876609,773.7010836478753,0.12593616054651047,120042.31486667476,0.08035714285714286,0.99,0.4025974025974026,0.992,0.739448051948052,0.911,0.8262987012987013,0.2036
E3_multiseed_multisplit,random_forest__instance_weighted__split123__model456,random_forest,instance_weighted,F,algorithm,no_origin_balance,test,stratified,123,456,False,773.7010836478753,773.7010836478753,ner_optimal,val,0.001290797995614565,0.0012908741900602688,0.0012908714849422776,5749,4448085,1232,953160,1232,953162,4453834,125.4892643000021,b2e6f6243676544cb68b25aac83ba18d5eb139e5,True,3.14.4,1.8.0,3.4.0,2026-08-27T18:01:17+00:00,0.7892557931722788,0.9856304194362022,0.0036851928601926813,0.12882322072982788,1135,41743,97,911419,0.02647045104715705,0.9212662337662337,0.051462253457265926,0.15209767400075425,42878,0.044926937931294625,773.7010836478753,0.12252626686599438,116792.00511384389,0.08116883116883117,1.0,0.4017857142857143,0.99,0.7402597402597403,0.912,0.8271103896103896,0.2038
E3_multiseed_multisplit,random_forest__instance_weighted__split123__model789,random_forest,instance_weighted,F,algorithm,no_origin_balance,test,stratified,123,789,False,773.7010836478753,773.7010836478753,ner_optimal,val,0.001290797995614565,0.0012908741900602688,0.0012908714849422776,5749,4448085,1232,953160,1232,953162,4453834,124.27176859999963,b2e6f6243676544cb68b25aac83ba18d5eb139e5,True,3.14.4,1.8.0,3.4.0,2026-08-27T18:03:29+00:00,0.7895448533793314,0.9856955078185834,0.003621824558117665,0.12081331759691238,1139,53112,93,900050,0.020995004700374187,0.924512987012987,0.04105762125335689,0.1347238363725209,54251,0.056843400105197645,773.7010836478753,0.13120670954880542,125066.20077925238,0.08116883116883117,1.0,0.4025974025974026,0.992,0.734577922077922,0.905,0.8271103896103896,0.2038
E3_multiseed_multisplit,random_forest__instance_weighted__split42__model123,random_forest,instance_weighted,F,algorithm,no_origin_balance,test,stratified,42,123,False,773.7010836478753,773.7010836478753,ner_optimal,val,0.001290797995614565,0.0012908741900602688,0.0012908714849422776,5749,4448085,1232,953160,1232,953162,4453834,151.31060050000087,b2e6f6243676544cb68b25aac83ba18d5eb139e5,True,3.14.4,1.8.0,3.4.0,2026-08-27T16:47:22+00:00,0.7579668975920719,0.9828192928808628,0.0034424006243640093,0.12092489004135132,1106,39109,126,914053,0.02750217580504787,0.8977272727272727,0.053369363283229186,0.15311087395252967,40215,0.042136685687462413,773.7010836478753,0.14330190359512407,136595.33653963223,0.08116883116883117,1.0,0.4042207792207792,0.996,0.7021103896103896,0.865,0.7938311688311688,0.1956
E3_multiseed_multisplit,random_forest__instance_weighted__split42__model42,random_forest,instance_weighted,F,algorithm,no_origin_balance,test,stratified,42,42,False,773.7010836478753,773.7010836478753,ner_optimal,val,0.001290797995614565,0.0012908741900602688,0.0012908714849422776,5749,4448085,1232,953160,1232,953162,4453834,126.35214850000193,b2e6f6243676544cb68b25aac83ba18d5eb139e5,True,3.14.4,1.8.0,3.4.0,2026-08-27T16:44:41+00:00,0.7547537636331109,0.9829581850833222,0.0037186336218757374,0.14920426905155182,1094,29475,138,923687,0.03578788969217181,0.887987012987013,0.06880286783434483,0.17476976612706416,30569,0.03202974872013026,773.7010836478753,0.14293515255295597,136245.74954340677,0.08116883116883117,1.0,0.4017857142857143,0.99,0.702922077922078,0.866,0.7930194805194806,0.1954
E3_multiseed_multisplit,random_forest__instance_weighted__split42__model456,random_forest,instance_weighted,F,algorithm,no_origin_balance,test,stratified,42,456,False,773.7010836478753,773.7010836478753,ner_optimal,val,0.001290797995614565,0.0012908741900602688,0.0012908714849422776,5749,4448085,1232,953160,1232,953162,4453834,145.34200810000038,b2e6f6243676544cb68b25aac83ba18d5eb139e5,True,3.14.4,1.8.0,3.4.0,2026-08-27T16:49:55+00:00,0.7559699332137111,0.9826300892399505,0.0035190613121699214,0.12116739898920059,1114,41704,118,911458,0.026017095613994113,0.9042207792207793,0.0505788876276958,0.1492497236753582,42818,0.04486407081352146,773.7010836478753,0.13953080658681588,133000.72787044925,0.08116883116883117,1.0,0.400974025974026,0.988,0.7021103896103896,0.865,0.7938311688311688,0.1956
E3_multiseed_multisplit,random_forest__instance_weighted__split42__model789,random_forest,instance_weighted,F,algorithm,no_origin_balance,test,stratified,42,789,False,773.7010836478753,773.7010836478753,ner_optimal,val,0.001290797995614565,0.0012908741900602688,0.0012908714849422776,5749,4448085,1232,953160,1232,953162,4453834,142.53944180000326,b2e6f6243676544cb68b25aac83ba18d5eb139e5,True,3.14.4,1.8.0,3.4.0,2026-08-27T16:52:27+00:00,0.7558115411136781,0.9825015883735113,0.0035952598436095012,0.12285465747117996,1114,39343,118,913819,0.02753540796401117,0.9042207792207793,0.053443354362061934,0.15378592925856274,40457,0.042390249729147504,773.7010836478753,0.13705388604941582,130639.72787044925,0.08116883116883117,1.0,0.4017857142857143,0.99,0.7053571428571429,0.869,0.7930194805194806,0.1954
E3_multiseed_multisplit,random_forest__instance_weighted__split456__model123,random_forest,instance_weighted,F,algorithm,no_origin_balance,test,stratified,456,123,False,773.7010836478753,773.7010836478753,ner_optimal,val,0.001290797995614565,0.0012908741900602688,0.0012908714849422776,5749,4448085,1232,953160,1232,953162,4453834,145.83834280000156,b2e6f6243676544cb68b25aac83ba18d5eb139e5,True,3.14.4,1.8.0,3.4.0,2026-08-27T19:13:20+00:00,0.7844875261954999,0.9854089045096843,0.003246940863074609,0.11916135996580124,1124,43240,108,909922,0.025335857902804074,0.9123376623376623,0.04930257040091236,0.14786010701918856,44364,0.046483946881476626,773.7010836478753,0.13302533810163394,126799.7170339705,0.08116883116883117,1.0,0.4017857142857143,0.99,0.7272727272727273,0.896,0.8222402597402597,0.2026
E3_multiseed_multisplit,random_forest__instance_weighted__split456__model42,random_forest,instance_weighted,F,algorithm,no_origin_balance,test,stratified,456,42,False,773.7010836478753,773.7010836478753,ner_optimal,val,0.001290797995614565,0.0012908741900602688,0.0012908714849422776,5749,4448085,1232,953160,1232,953162,4453834,153.47876769999857,b2e6f6243676544cb68b25aac83ba18d5eb139e5,True,3.14.4,1.8.0,3.4.0,2026-08-27T19:10:46+00:00,0.7826413514747707,0.9842656208098284,0.00326198820528782,0.11307192593812943,1115,46301,117,906861,0.02351526910747427,0.9050324675324676,0.04583950008222332,0.14152496814514257,47416,0.04968178760553817,773.7010836478753,0.14354182209148847,136824.02678680138,0.08116883116883117,1.0,0.4034090909090909,0.994,0.7215909090909091,0.889,0.8206168831168831,0.2022
E3_multiseed_multisplit,random_forest__instance_weighted__split456__model456,random_forest,instance_weighted,F,algorithm,no_origin_balance,test,stratified,456,456,False,773.7010836478753,773.7010836478753,ner_optimal,val,0.001290797995614565,0.0012908741900602688,0.0012908714849422776,5749,4448085,1232,953160,1232,953162,4453834,155.80357879999792,b2e6f6243676544cb68b25aac83ba18d5eb139e5,True,3.14.4,1.8.0,3.4.0,2026-08-27T19:16:05+00:00,0.784613000258239,0.9848655519597016,0.0032716979308477813,0.10402253270149231,1138,57517,94,895645,0.01940158554257949,0.9237012987012987,0.038004909245746156,0.12907327750244837,58655,0.0614578465497478,773.7010836478753,0.13663967484789197,130244.90186290025,0.08116883116883117,1.0,0.4034090909090909,0.994,0.7297077922077922,0.899,0.8173701298701299,0.2014
E3_multiseed_multisplit,random_forest__instance_weighted__split456__model789,random_forest,instance_weighted,F,algorithm,no_origin_balance,test,stratified,456,789,False,773.7010836478753,773.7010836478753,ner_optimal,val,0.001290797995614565,0.0012908741900602688,0.0012908714849422776,5749,4448085,1232,953160,1232,953162,4453834,145.02390399999786,b2e6f6243676544cb68b25aac83ba18d5eb139e5,True,3.14.4,1.8.0,3.4.0,2026-08-27T19:18:39+00:00,0.783574917883625,0.9849629047910988,0.0035052245288753146,0.1349412053823471,1107,36649,125,916513,0.02931984320372921,0.898538961038961,0.05678670360110803,0.15843101769662712,37756,0.03956018164405895,773.7010836478753,0.13990943403735184,133361.6354559844,0.08116883116883117,1.0,0.4025974025974026,0.992,0.7232142857142857,0.891,0.825487012987013,0.2034
E3_multiseed_multisplit,random_forest__instance_weighted__split789__model123,random_forest,instance_weighted,F,algorithm,no_origin_balance,test,stratified,789,123,False,773.7010836478753,773.7010836478753,ner_optimal,val,0.001290797995614565,0.0012908741900602688,0.0012908714849422776,5749,4448085,1232,953160,1232,953162,4453834,160.04320279999956,b2e6f6243676544cb68b25aac83ba18d5eb139e5,True,3.14.4,1.8.0,3.4.0,2026-08-27T20:28:42+00:00,0.779445282535494,0.9852982266686274,0.0036025349738352435,0.13359928131103516,1128,38187,104,914975,0.028691339183517742,0.9155844155844156,0.055639134831183566,0.1581782651190371,39315,0.041193678920864965,773.7010836478753,0.12447749231973353,118651.91269937901,0.07873376623376624,0.97,0.4025974025974026,0.992,0.7232142857142857,0.891,0.8198051948051948,0.202
E3_multiseed_multisplit,random_forest__instance_weighted__split789__model42,random_forest,instance_weighted,F,algorithm,no_origin_balance,test,stratified,789,42,False,773.7010836478753,773.7010836478753,ner_optimal,val,0.001290797995614565,0.0012908741900602688,0.0012908714849422776,5749,4448085,1232,953160,1232,953162,4453834,160.8669383000015,b2e6f6243676544cb68b25aac83ba18d5eb139e5,True,3.14.4,1.8.0,3.4.0,2026-08-27T20:25:50+00:00,0.7804062872949112,0.9849882114518793,0.0037542442002277175,0.12925182282924652,1138,41612,94,911550,0.026619883040935672,0.9237012987012987,0.05174844254467737,0.15276105505719076,42750,0.04479282141337854,773.7010836478753,0.11995377008408513,114339.90186290025,0.08116883116883117,1.0,0.4050324675324675,0.998,0.7248376623376623,0.893,0.8076298701298701,0.199
E3_multiseed_multisplit,random_forest__instance_weighted__split789__model456,random_forest,instance_weighted,F,algorithm,no_origin_balance,test,stratified,789,456,False,773.7010836478753,773.7010836478753,ner_optimal,val,0.001290797995614565,0.0012908741900602688,0.0012908714849422776,5749,4448085,1232,953160,1232,953162,4453834,165.6405123000004,b2e6f6243676544cb68b25aac83ba18d5eb139e5,True,3.14.4,1.8.0,3.4.0,2026-08-27T20:31:40+00:00,0.7816685645448076,0.984979117063596,0.0035420557455665843,0.13497579097747803,1136,35019,96,918143,0.03142027382104826,0.922077922077922,0.06076978628935192,0.16650827403753127,36155,0.03788267738481172,773.7010836478753,0.11466044314834334,109294.30403019601,0.08116883116883117,1.0,0.4034090909090909,0.994,0.7207792207792207,0.888,0.8141233766233766,0.2006
E3_multiseed_multisplit,random_forest__instance_weighted__split789__model789,random_forest,instance_weighted,F,algorithm,no_origin_balance,test,stratified,789,789,False,773.7010836478753,773.7010836478753,ner_optimal,val,0.001290797995614565,0.0012908741900602688,0.0012908714849422776,5749,4448085,1232,953160,1232,953162,4453834,166.47158990000025,b2e6f6243676544cb68b25aac83ba18d5eb139e5,True,3.14.4,1.8.0,3.4.0,2026-08-27T20:34:38+00:00,0.780865479242509,0.9846920398535706,0.0035499825511797465,0.15454694628715515,1112,27325,120,925837,0.03910398424587685,0.9025974025974026,0.07496039637331896,0.18455588392399577,28437,0.02979587046859054,773.7010836478753,0.1260692020974117,120169.13003774501,0.08116883116883117,1.0,0.4025974025974026,0.992,0.724025974025974,0.892,0.8157467532467533,0.201
E3_multiseed_multisplit,random_forest__rus__split123__model123,random_forest,rus,G,data,no_origin_balance,test,stratified,123,123,False,773.7010836478753,773.7010836478753,ner_optimal,val,0.001290797995614565,0.0012908741900602688,0.0012908714849422776,5749,4448085,1232,953160,1232,953162,11498,0.47447530000135885,b2e6f6243676544cb68b25aac83ba18d5eb139e5,True,3.14.4,1.8.0,3.4.0,2026-08-27T18:03:44+00:00,0.7399300181578845,0.9848666862567372,0.04139194417982955,0.5538448691368103,1124,32376,108,920786,0.03355223880597015,0.9123376623376623,0.06472417367269377,0.17137179210409853,33500,0.03510080742334927,773.7010836478753,0.12162793669616412,115935.7170339705,0.08116883116883117,1.0,0.4025974025974026,0.992,0.6623376623376623,0.816,0.8092532467532467,0.1994
E3_multiseed_multisplit,random_forest__rus__split123__model42,random_forest,rus,G,data,no_origin_balance,test,stratified,123,42,False,773.7010836478753,773.7010836478753,ner_optimal,val,0.001290797995614565,0.0012908741900602688,0.0012908714849422776,5749,4448085,1232,953160,1232,953162,11498,0.47078180000244174,b2e6f6243676544cb68b25aac83ba18d5eb139e5,True,3.14.4,1.8.0,3.4.0,2026-08-27T18:03:37+00:00,0.7602016265327661,0.9847287290829154,0.040439385164803374,0.4363528788089752,1147,49109,85,904053,0.022823145495065266,0.9310064935064936,0.044554070851460535,0.1413856987699348,50256,0.05265749784680122,773.7010836478753,0.12051366349104121,114873.59211006938,0.08116883116883117,1.0,0.4034090909090909,0.994,0.6842532467532467,0.843,0.8173701298701299,0.2014
E3_multiseed_multisplit,random_forest__rus__split123__model456,random_forest,rus,G,data,no_origin_balance,test,stratified,123,456,False,773.7010836478753,773.7010836478753,ner_optimal,val,0.001290797995614565,0.0012908741900602688,0.0012908714849422776,5749,4448085,1232,953160,1232,953162,11498,0.5353746000000683,b2e6f6243676544cb68b25aac83ba18d5eb139e5,True,3.14.4,1.8.0,3.4.0,2026-08-27T18:03:54+00:00,0.7655662595813347,0.9853207848731891,0.04093537129605876,0.47409483790397644,1139,43701,93,909461,0.0254014272970562,0.924512987012987,0.049444347977079355,0.14909557923209402,44840,0.04698269268247705,773.7010836478753,0.12133364763543313,115655.20077925238,0.08116883116883117,1.0,0.4050324675324675,0.998,0.6931818181818182,0.854,0.8198051948051948,0.202
E3_multiseed_multisplit,random_forest__rus__split123__model789,random_forest,rus,G,data,no_origin_balance,test,stratified,123,789,False,773.7010836478753,773.7010836478753,ner_optimal,val,0.001290797995614565,0.0012908741900602688,0.0012908714849422776,5749,4448085,1232,953160,1232,953162,11498,0.3341586999995343,b2e6f6243676544cb68b25aac83ba18d5eb139e5,True,3.14.4,1.8.0,3.4.0,2026-08-27T18:04:01+00:00,0.7557967084585492,0.985739888893255,0.04056253737973514,0.5093711614608765,1135,38596,97,914566,0.028567113840577887,0.9212662337662337,0.05541586309596465,0.15832799770547354,39731,0.04162955760409223,773.7010836478753,0.11922475524752849,113645.00511384389,0.08116883116883117,1.0,0.4034090909090909,0.994,0.6939935064935064,0.855,0.8133116883116883,0.2004
E3_multiseed_multisplit,random_forest__rus__split42__model123,random_forest,rus,G,data,no_origin_balance,test,stratified,42,123,False,773.7010836478753,773.7010836478753,ner_optimal,val,0.001290797995614565,0.0012908741900602688,0.0012908714849422776,5749,4448085,1232,953160,1232,953162,11498,0.5029987999987497,b2e6f6243676544cb68b25aac83ba18d5eb139e5,True,3.14.4,1.8.0,3.4.0,2026-08-27T16:52:45+00:00,0.7375945078063418,0.9845008209619566,0.041022138209071746,0.5534565448760986,1098,30637,134,922525,0.03459902316054829,0.8912337662337663,0.06661206661206662,0.17204345689320488,31735,0.03325146637552206,773.7010836478753,0.14090745126065377,134312.94520881528,0.08116883116883117,1.0,0.4025974025974026,0.992,0.6777597402597403,0.835,0.7881493506493507,0.1942
E3_multiseed_multisplit,random_forest__rus__split42__model42,random_forest,rus,G,data,no_origin_balance,test,stratified,42,42,False,773.7010836478753,773.7010836478753,ner_optimal,val,0.001290797995614565,0.0012908741900602688,0.0012908714849422776,5749,4448085,1232,953160,1232,953162,11498,0.5219411999969452,b2e6f6243676544cb68b25aac83ba18d5eb139e5,True,3.14.4,1.8.0,3.4.0,2026-08-27T16:52:36+00:00,0.7290642696601829,0.9845282114251739,0.03970735306102148,0.4421108663082123,1124,49803,108,903359,0.022070807233883796,0.9123376623376623,0.04309898579343929,0.13740454129793653,50927,0.05336056178056442,773.7010836478753,0.13991056871872698,133362.71703397052,0.08116883116883117,1.0,0.40016233766233766,0.986,0.672077922077922,0.828,0.7857142857142857,0.1936
E3_multiseed_multisplit,random_forest__rus__split42__model456,random_forest,rus,G,data,no_origin_balance,test,stratified,42,456,False,773.7010836478753,773.7010836478753,ner_optimal,val,0.001290797995614565,0.0012908741900602688,0.0012908714849422776,5749,4448085,1232,953160,1232,953162,11498,0.5775920999985829,b2e6f6243676544cb68b25aac83ba18d5eb139e5,True,3.14.4,1.8.0,3.4.0,2026-08-27T16:52:54+00:00,0.745719966001256,0.9847347761123829,0.0397538146513183,0.4563485085964203,1122,46471,110,906691,0.0235748954678209,0.9107142857142857,0.045960061443932415,0.1421831557438634,47593,0.049867245602969006,773.7010836478753,0.13803835058114763,131578.11920126627,0.08116883116883117,1.0,0.4025974025974026,0.992,0.6842532467532467,0.843,0.801948051948052,0.1976
E3_multiseed_multisplit,random_forest__rus__split42__model789,random_forest,rus,G,data,no_origin_balance,test,stratified,42,789,False,773.7010836478753,773.7010836478753,ner_optimal,val,0.001290797995614565,0.0012908741900602688,0.0012908714849422776,5749,4448085,1232,953160,1232,953162,11498,0.3271280000008119,b2e6f6243676544cb68b25aac83ba18d5eb139e5,True,3.14.4,1.8.0,3.4.0,2026-08-27T16:53:03+00:00,0.7482550767116243,0.9848639211948191,0.037896377488263744,0.5082776546478271,1108,35374,124,917788,0.030371141933008057,0.8993506493506493,0.058758020894097686,0.16146419193974532,36482,0.03822530317667546,773.7010836478753,0.13776014568958342,131312.9343723365,0.08116883116883117,1.0,0.4025974025974026,0.992,0.6875,0.847,0.7962662337662337,0.1962
E3_multiseed_multisplit,random_forest__rus__split456__model123,random_forest,rus,G,data,no_origin_balance,test,stratified,456,123,False,773.7010836478753,773.7010836478753,ner_optimal,val,0.001290797995614565,0.0012908741900602688,0.0012908714849422776,5749,4448085,1232,953160,1232,953162,11498,0.5031295999979193,b2e6f6243676544cb68b25aac83ba18d5eb139e5,True,3.14.4,1.8.0,3.4.0,2026-08-27T19:18:54+00:00,0.76272062907168,0.9852407441225632,0.03963448007638553,0.4818778932094574,1124,39138,108,914024,0.02791714271521534,0.9123376623376623,0.054176507446859784,0.15562972656596047,40262,0.04218593159638472,773.7010836478753,0.12872193782869237,122697.7170339705,0.08116883116883117,1.0,0.4050324675324675,0.998,0.6866883116883117,0.846,0.8157467532467533,0.201
E3_multiseed_multisplit,random_forest__rus__split456__model42,random_forest,rus,G,data,no_origin_balance,test,stratified,456,42,False,773.7010836478753,773.7010836478753,ner_optimal,val,0.001290797995614565,0.0012908741900602688,0.0012908714849422776,5749,4448085,1232,953160,1232,953162,11498,0.5067401000014797,b2e6f6243676544cb68b25aac83ba18d5eb139e5,True,3.14.4,1.8.0,3.4.0,2026-08-27T19:18:47+00:00,0.7449676532873647,0.9849940285562719,0.04237738447727536,0.4575774371623993,1140,49794,92,903368,0.02238190599599482,0.9253246753246753,0.043706628838707205,0.13947176478173637,50934,0.05336789627763796,773.7010836478753,0.12691411384910634,120974.4996956045,0.08035714285714286,0.99,0.4025974025974026,0.992,0.6891233766233766,0.849,0.8060064935064936,0.1986
E3_multiseed_multisplit,random_forest__rus__split456__model456,random_forest,rus,G,data,no_origin_balance,test,stratified,456,456,False,773.7010836478753,773.7010836478753,ner_optimal,val,0.001290797995614565,0.0012908741900602688,0.0012908714849422776,5749,4448085,1232,953160,1232,953162,11498,0.2824146000020846,b2e6f6243676544cb68b25aac83ba18d5eb139e5,True,3.14.4,1.8.0,3.4.0,2026-08-27T19:19:02+00:00,0.7516456236802173,0.984876825526749,0.04052839290744976,0.46992725133895874,1134,43421,98,909741,0.025451688923802042,0.9204545454545454,0.049533710441828464,0.14890749574240303,44555,0.046684073873054524,773.7010836478753,0.12509834173497084,119243.70619749176,0.08116883116883117,1.0,0.4025974025974026,0.992,0.6818181818181818,0.84,0.8125,0.2002
E3_multiseed_multisplit,random_forest__rus__split456__model789,random_forest,rus,G,data,no_origin_balance,test,stratified,456,789,False,773.7010836478753,773.7010836478753,ner_optimal,val,0.001290797995614565,0.0012908741900602688,0.0012908714849422776,5749,4448085,1232,953160,1232,953162,11498,0.2726331999983813,b2e6f6243676544cb68b25aac83ba18d5eb139e5,True,3.14.4,1.8.0,3.4.0,2026-08-27T19:19:11+00:00,0.7548185011523851,0.9855125236509448,0.03978606843692512,0.42671385407447815,1149,51894,83,901268,0.0216616707199819,0.9326298701298701,0.04233993551358821,0.13763032078552448,53043,0.05557767546736463,773.7010836478753,0.1218120249856905,116111.18994277364,0.08116883116883117,1.0,0.4042207792207792,0.996,0.6939935064935064,0.855,0.8133116883116883,0.2004
E3_multiseed_multisplit,random_forest__rus__split789__model123,random_forest,rus,G,data,no_origin_balance,test,stratified,789,123,False,773.7010836478753,773.7010836478753,ner_optimal,val,0.001290797995614565,0.0012908741900602688,0.0012908714849422776,5749,4448085,1232,953160,1232,953162,11498,0.559402200000477,b2e6f6243676544cb68b25aac83ba18d5eb139e5,True,3.14.4,1.8.0,3.4.0,2026-08-27T20:34:59+00:00,0.7496784224629952,0.9858295545629848,0.03983024880629738,0.47765785455703735,1143,41524,89,911638,0.026788853212084282,0.9277597402597403,0.052074079136199,0.15362377678904499,42667,0.044705855233792335,773.7010836478753,0.11580300789570237,110383.39644466089,0.08116883116883117,1.0,0.4042207792207792,0.996,0.6631493506493507,0.817,0.827922077922078,0.204
E3_multiseed_multisplit,random_forest__rus__split789__model42,random_forest,rus,G,data,no_origin_balance,test,stratified,789,42,False,773.7010836478753,773.7010836478753,ner_optimal,val,0.001290797995614565,0.0012908741900602688,0.0012908714849422776,5749,4448085,1232,953160,1232,953162,11498,0.5564091999985976,b2e6f6243676544cb68b25aac83ba18d5eb139e5,True,3.14.4,1.8.0,3.4.0,2026-08-27T20:34:49+00:00,0.760057386483641,0.9864806385067697,0.04134147423656193,0.5225463509559631,1139,37280,93,915882,0.029646789349020018,0.924512987012987,0.05745126226324683,0.16173868740194713,38419,0.0402548632954524,773.7010836478753,0.11459738894392708,109234.20077925238,0.08116883116883117,1.0,0.4050324675324675,0.998,0.6883116883116883,0.848,0.8108766233766234,0.1998
E3_multiseed_multisplit,random_forest__rus__split789__model456,random_forest,rus,G,data,no_origin_balance,test,stratified,789,456,False,773.7010836478753,773.7010836478753,ner_optimal,val,0.001290797995614565,0.0012908741900602688,0.0012908714849422776,5749,4448085,1232,953160,1232,953162,11498,0.29878869999811286,b2e6f6243676544cb68b25aac83ba18d5eb139e5,True,3.14.4,1.8.0,3.4.0,2026-08-27T20:35:09+00:00,0.7574319556841107,0.9865312152106329,0.04175410735301665,0.48883119225502014,1141,39115,91,914047,0.02834360095389507,0.9261363636363636,0.055003856536829925,0.15811006036801445,40256,0.0421796448846074,773.7010836478753,0.11489910727443826,109521.79861195663,0.08116883116883117,1.0,0.4034090909090909,0.994,0.6883116883116883,0.848,0.8238636363636364,0.203
E3_multiseed_multisplit,random_forest__rus__split789__model789,random_forest,rus,G,data,no_origin_balance,test,stratified,789,789,False,773.7010836478753,773.7010836478753,ner_optimal,val,0.001290797995614565,0.0012908741900602688,0.0012908714849422776,5749,4448085,1232,953160,1232,953162,11498,0.560662299998512,b2e6f6243676544cb68b25aac83ba18d5eb139e5,True,3.14.4,1.8.0,3.4.0,2026-08-27T20:35:18+00:00,0.7758171764951006,0.9869202952738005,0.039528058760343786,0.4954400062561035,1142,40148,90,913014,0.02765802857834827,0.926948051948052,0.05371337190160388,0.15615813444635776,41290,0.043263054880898245,773.7010836478753,0.11517113726649171,109781.09752830876,0.08116883116883117,1.0,0.4025974025974026,0.992,0.7061688311688312,0.87,0.825487012987013,0.2034
E3_multiseed_multisplit,random_forest__unweighted__split123__model123,random_forest,unweighted,C,decision,no_origin_balance,test,stratified,123,123,False,1.0,773.7010836478753,ner_optimal,val,0.001290797995614565,0.0012908741900602688,0.0012908714849422776,5749,4448085,1232,953160,1232,953162,4453834,166.60268630000064,b2e6f6243676544cb68b25aac83ba18d5eb139e5,True,3.14.4,1.8.0,3.4.0,2026-08-27T17:38:58+00:00,0.8270090245568442,0.9872094477705198,0.000347267931226829,0.0016072592698037624,1144,36634,88,916528,0.030282174810736407,0.9285714285714286,0.058651627787746734,0.16392020578178768,37778,0.03958323292057578,773.7010836478753,0.10986123003387163,104719.69536101301,0.08116883116883117,1.0,0.40584415584415584,1.0,0.7597402597402597,0.936,0.862012987012987,0.2124
E3_multiseed_multisplit,random_forest__unweighted__split123__model42,random_forest,unweighted,C,decision,no_origin_balance,test,stratified,123,42,False,1.0,773.7010836478753,ner_optimal,val,0.001290797995614565,0.0012908741900602688,0.0012908714849422776,5749,4448085,1232,953160,1232,953162,4453834,168.39261369999804,b2e6f6243676544cb68b25aac83ba18d5eb139e5,True,3.14.4,1.8.0,3.4.0,2026-08-27T17:35:56+00:00,0.8283846305647891,0.9877283384214787,0.00034687928734254854,0.0009719082736410201,1153,44371,79,908791,0.025327299885774538,0.9358766233766234,0.049319873385233984,0.1498229159985891,45524,0.04769937782509111,773.7010836478753,0.11067290697703101,105493.38560818213,0.08116883116883117,1.0,0.4050324675324675,0.998,0.7613636363636364,0.938,0.8685064935064936,0.214
E3_multiseed_multisplit,random_forest__unweighted__split123__model456,random_forest,unweighted,C,decision,no_origin_balance,test,stratified,123,456,False,1.0,773.7010836478753,ner_optimal,val,0.001290797995614565,0.0012908741900602688,0.0012908714849422776,5749,4448085,1232,953160,1232,953162,4453834,155.50141340000118,b2e6f6243676544cb68b25aac83ba18d5eb139e5,True,3.14.4,1.8.0,3.4.0,2026-08-27T17:41:47+00:00,0.8264158770557622,0.9869983676103137,0.00034797890290001943,0.0017935760552063584,1139,33888,93,919274,0.03251777200445371,0.924512987012987,0.06282578118536088,0.16975590174487154,35027,0.03670077557067626,773.7010836478753,0.1110388482989203,105842.20077925238,0.08116883116883117,1.0,0.40584415584415584,1.0,0.760551948051948,0.937,0.859577922077922,0.2118
E3_multiseed_multisplit,random_forest__unweighted__split123__model789,random_forest,unweighted,C,decision,no_origin_balance,test,stratified,123,789,False,1.0,773.7010836478753,ner_optimal,val,0.001290797995614565,0.0012908741900602688,0.0012908714849422776,5749,4448085,1232,953160,1232,953162,4453834,139.50260750000234,b2e6f6243676544cb68b25aac83ba18d5eb139e5,True,3.14.4,1.8.0,3.4.0,2026-08-27T17:44:20+00:00,0.8280678255017108,0.9872917354000712,0.00034685874202383557,0.0016296972753480077,1143,35616,89,917546,0.03109442585489268,0.9277597402597403,0.06017214603458714,0.16613223464985805,36759,0.03851553970372823,773.7010836478753,0.1096049365128309,104475.39644466089,0.08116883116883117,1.0,0.4050324675324675,0.998,0.7597402597402597,0.936,0.8628246753246753,0.2126
E3_multiseed_multisplit,random_forest__unweighted__split42__model123,random_forest,unweighted,C,decision,no_origin_balance,test,stratified,42,123,False,1.0,773.7010836478753,ner_optimal,val,0.001290797995614565,0.0012908741900602688,0.0012908714849422776,5749,4448085,1232,953160,1232,953162,4453834,145.51976220000142,b2e6f6243676544cb68b25aac83ba18d5eb139e5,True,3.14.4,1.8.0,3.4.0,2026-08-27T16:28:36+00:00,0.7993036154324304,0.9865343358048428,0.00039967171997082036,0.002303920453414321,1111,25574,121,927588,0.04163387670976204,0.9017857142857143,0.07959307948561808,0.19056140740447902,26685,0.027960150629614183,773.7010836478753,0.12504391969288337,119191.83112139288,0.08116883116883117,1.0,0.4050324675324675,0.998,0.7297077922077922,0.899,0.8400974025974026,0.207
E3_multiseed_multisplit,random_forest__unweighted__split42__model42,random_forest,unweighted,C,decision,no_origin_balance,test,stratified,42,42,False,1.0,773.7010836478753,ner_optimal,val,0.001290797995614565,0.0012908741900602688,0.0012908714849422776,5749,4448085,1232,953160,1232,953162,4453834,153.2610136000003,b2e6f6243676544cb68b25aac83ba18d5eb139e5,True,3.14.4,1.8.0,3.4.0,2026-08-27T16:25:58+00:00,0.7967497221433496,0.9866973799332621,0.0003995703058644836,0.0025640910025686026,1096,20937,136,932225,0.0497435664684791,0.8896103896103896,0.0942187835804857,0.20744438887980668,22033,0.023085853431601622,773.7010836478753,0.13235457662914663,126160.34737611104,0.08116883116883117,1.0,0.4050324675324675,0.998,0.7305194805194806,0.9,0.836038961038961,0.206
E3_multiseed_multisplit,random_forest__unweighted__split42__model456,random_forest,unweighted,C,decision,no_origin_balance,test,stratified,42,456,False,1.0,773.7010836478753,ner_optimal,val,0.001290797995614565,0.0012908741900602688,0.0012908714849422776,5749,4448085,1232,953160,1232,953162,4453834,134.10049159999835,b2e6f6243676544cb68b25aac83ba18d5eb139e5,True,3.14.4,1.8.0,3.4.0,2026-08-27T16:31:01+00:00,0.7949283079988327,0.9869159164784871,0.00039964156851141823,0.002475208602845669,1106,23358,126,929804,0.045209287115761936,0.8977272727272727,0.08608343711083437,0.19839204575663152,24464,0.02563301948671094,773.7010836478753,0.12677755993371437,120844.33653963225,0.08116883116883117,1.0,0.4042207792207792,0.996,0.7313311688311688,0.901,0.8392857142857143,0.2068
E3_multiseed_multisplit,random_forest__unweighted__split42__model789,random_forest,unweighted,C,decision,no_origin_balance,test,stratified,42,789,False,1.0,773.7010836478753,ner_optimal,val,0.001290797995614565,0.0012908741900602688,0.0012908714849422776,5749,4448085,1232,953160,1232,953162,4453834,139.17927650000274,b2e6f6243676544cb68b25aac83ba18d5eb139e5,True,3.14.4,1.8.0,3.4.0,2026-08-27T16:33:33+00:00,0.7946899724099898,0.98639634414226,0.00039918305902472294,0.0021883791778236628,1115,28564,117,924598,0.03756865123487988,0.9050324675324676,0.07214260295687619,0.18100908248133848,29679,0.031097219806495012,773.7010836478753,0.12493396966799634,119087.02678680138,0.08116883116883117,1.0,0.4050324675324675,0.998,0.7313311688311688,0.901,0.8319805194805194,0.205
E3_multiseed_multisplit,random_forest__unweighted__split456__model123,random_forest,unweighted,C,decision,no_origin_balance,test,stratified,456,123,False,1.0,773.7010836478753,ner_optimal,val,0.001290797995614565,0.0012908741900602688,0.0012908714849422776,5749,4448085,1232,953160,1232,953162,4453834,140.0928641999999,b2e6f6243676544cb68b25aac83ba18d5eb139e5,True,3.14.4,1.8.0,3.4.0,2026-08-27T18:50:02+00:00,0.8166914233191555,0.9868735438419224,0.0003687925038478468,0.0010922804940491915,1139,42001,93,911161,0.026402410755679184,0.924512987012987,0.05133868205174434,0.15217127088023397,43140,0.0452014576789041,773.7010836478753,0.1195501809206597,113955.20077925238,0.08116883116883117,1.0,0.4050324675324675,0.998,0.75,0.924,0.8449675324675324,0.2082
E3_multiseed_multisplit,random_forest__unweighted__split456__model42,random_forest,unweighted,C,decision,no_origin_balance,test,stratified,456,42,False,1.0,773.7010836478753,ner_optimal,val,0.001290797995614565,0.0012908741900602688,0.0012908714849422776,5749,4448085,1232,953160,1232,953162,4453834,138.70348909999666,b2e6f6243676544cb68b25aac83ba18d5eb139e5,True,3.14.4,1.8.0,3.4.0,2026-08-27T18:47:30+00:00,0.8167331044455801,0.9874026874480691,0.000368149584169336,0.0015110090607777238,1140,37570,92,915592,0.029449754585378456,0.9253246753246753,0.05708277001652396,0.16124757210599455,38710,0.04055976881665224,773.7010836478753,0.11408993907181778,108750.4996956045,0.08035714285714286,0.99,0.4050324675324675,0.998,0.75,0.924,0.8482142857142857,0.209
E3_multiseed_multisplit,random_forest__unweighted__split456__model456,random_forest,unweighted,C,decision,no_origin_balance,test,stratified,456,456,False,1.0,773.7010836478753,ner_optimal,val,0.001290797995614565,0.0012908741900602688,0.0012908714849422776,5749,4448085,1232,953160,1232,953162,4453834,174.04860550000012,b2e6f6243676544cb68b25aac83ba18d5eb139e5,True,3.14.4,1.8.0,3.4.0,2026-08-27T18:53:14+00:00,0.818425560312881,0.9870199882315149,0.00036725666813743177,0.0010174724739044905,1142,43785,90,909377,0.025419013065639817,0.926948051948052,0.0494811412725579,0.14935614521759213,44927,0.04707385000324813,773.7010836478753,0.11898670693803937,113418.09752830876,0.08116883116883117,1.0,0.4050324675324675,0.998,0.7508116883116883,0.925,0.8538961038961039,0.2104
E3_multiseed_multisplit,random_forest__unweighted__split456__model789,random_forest,unweighted,C,decision,no_origin_balance,test,stratified,456,789,False,1.0,773.7010836478753,ner_optimal,val,0.001290797995614565,0.0012908741900602688,0.0012908714849422776,5749,4448085,1232,953160,1232,953162,4453834,204.60916050000014,b2e6f6243676544cb68b25aac83ba18d5eb139e5,True,3.14.4,1.8.0,3.4.0,2026-08-27T18:57:04+00:00,0.820746555323804,0.9872694658792142,0.0003661703061104571,0.0013346525374799967,1139,39084,93,914078,0.02831713198916043,0.924512987012987,0.05495115185140514,0.15788775680340578,40223,0.04214506796983217,773.7010836478753,0.11648996185772197,111038.20077925238,0.08116883116883117,1.0,0.4050324675324675,0.998,0.7556818181818182,0.931,0.8530844155844156,0.2102
E3_multiseed_multisplit,random_forest__unweighted__split789__model123,random_forest,unweighted,C,decision,no_origin_balance,test,stratified,789,123,False,1.0,773.7010836478753,ner_optimal,val,0.001290797995614565,0.0012908741900602688,0.0012908714849422776,5749,4448085,1232,953160,1232,953162,4453834,176.68200149999757,b2e6f6243676544cb68b25aac83ba18d5eb139e5,True,3.14.4,1.8.0,3.4.0,2026-08-27T20:05:46+00:00,0.8262754227918255,0.9873896268522457,0.00035983051228250494,0.0013111376902088523,1154,38357,78,914805,0.029207056262812888,0.9366883116883117,0.05664776771469946,0.16157392782121321,39511,0.04139904483892397,773.7010836478753,0.10355194288731476,98705.68452453426,0.08116883116883117,1.0,0.40584415584415584,1.0,0.747564935064935,0.921,0.8571428571428571,0.2112
E3_multiseed_multisplit,random_forest__unweighted__split789__model42,random_forest,unweighted,C,decision,no_origin_balance,test,stratified,789,42,False,1.0,773.7010836478753,ner_optimal,val,0.001290797995614565,0.0012908741900602688,0.0012908714849422776,5749,4448085,1232,953160,1232,953162,4453834,179.69871409999905,b2e6f6243676544cb68b25aac83ba18d5eb139e5,True,3.14.4,1.8.0,3.4.0,2026-08-27T20:02:32+00:00,0.824819523851171,0.9875855583563192,0.0003602882860935449,0.001252372283488512,1152,39176,80,913986,0.02856576076175362,0.935064935064935,0.05543792107795958,0.1595572518059965,40328,0.0422550854259352,773.7010836478753,0.1060345308279852,101072.08669183002,0.08116883116883117,1.0,0.4050324675324675,0.998,0.75,0.924,0.859577922077922,0.2118
E3_multiseed_multisplit,random_forest__unweighted__split789__model456,random_forest,unweighted,C,decision,no_origin_balance,test,stratified,789,456,False,1.0,773.7010836478753,ner_optimal,val,0.001290797995614565,0.0012908741900602688,0.0012908714849422776,5749,4448085,1232,953160,1232,953162,4453834,171.51835869999923,b2e6f6243676544cb68b25aac83ba18d5eb139e5,True,3.14.4,1.8.0,3.4.0,2026-08-27T20:08:54+00:00,0.8220793385528772,0.9869992191846649,0.0003627875356540669,0.0010401657782495022,1155,42632,77,910530,0.02637769200904378,0.9375,0.051311668406672735,0.15321162283156128,43787,0.04587937476555804,773.7010836478753,0.10722514881424791,102206.98344088638,0.08116883116883117,1.0,0.4050324675324675,0.998,0.747564935064935,0.921,0.8603896103896104,0.212
E3_multiseed_multisplit,random_forest__unweighted__split789__model789,random_forest,unweighted,C,decision,no_origin_balance,test,stratified,789,789,False,1.0,773.7010836478753,ner_optimal,val,0.001290797995614565,0.0012908741900602688,0.0012908714849422776,5749,4448085,1232,953160,1232,953162,4453834,169.7270897999988,b2e6f6243676544cb68b25aac83ba18d5eb139e5,True,3.14.4,1.8.0,3.4.0,2026-08-27T20:11:58+00:00,0.8240651548913299,0.9878408237290963,0.00035886027031351817,0.0024575323332101107,1130,23579,102,929583,0.045732324254320285,0.9172077922077922,0.08712077406422265,0.20178408353104982,24709,0.02588972688428469,773.7010836478753,0.10752889112611544,102496.51053208325,0.08116883116883117,1.0,0.4042207792207792,0.996,0.7491883116883117,0.923,0.8547077922077922,0.2106
E3_multiseed_multisplit,random_forest__weighted__split123__model123,random_forest,weighted,E,algorithm+decision,no_origin_balance,test,stratified,123,123,False,773.7010836478753,773.7010836478753,ner_optimal,val,0.001290797995614565,0.0012908741900602688,0.0012908714849422776,5749,4448085,1232,953160,1232,953162,4453834,130.42530420000185,b2e6f6243676544cb68b25aac83ba18d5eb139e5,True,3.14.4,1.8.0,3.4.0,2026-08-27T17:49:00+00:00,0.787039498853958,0.9858493379125235,0.006910223997525472,0.19730862975120544,1130,39348,102,913814,0.027916399031572708,0.9172077922077922,0.054183649005034765,0.15606071442059818,40478,0.04241225322036811,773.7010836478753,0.1240721185527404,118265.51053208325,0.08116883116883117,1.0,0.4034090909090909,0.994,0.7313311688311688,0.901,0.8189935064935064,0.2018
E3_multiseed_multisplit,random_forest__weighted__split123__model42,random_forest,weighted,E,algorithm+decision,no_origin_balance,test,stratified,123,42,False,773.7010836478753,773.7010836478753,ner_optimal,val,0.001290797995614565,0.0012908741900602688,0.0012908714849422776,5749,4448085,1232,953160,1232,953162,4453834,123.03857650000282,b2e6f6243676544cb68b25aac83ba18d5eb139e5,True,3.14.4,1.8.0,3.4.0,2026-08-27T17:46:34+00:00,0.7884614067650181,0.9853834607454335,0.006870657948093672,0.23447509109973907,1104,27029,128,926133,0.03924217111577152,0.8961038961038961,0.07519155457176911,0.18420735774960886,28133,0.029477343738539847,773.7010836478753,0.13225217556293412,126062.73870692801,0.08116883116883117,1.0,0.4034090909090909,0.994,0.7353896103896104,0.906,0.825487012987013,0.2034
E3_multiseed_multisplit,random_forest__weighted__split123__model456,random_forest,weighted,E,algorithm+decision,no_origin_balance,test,stratified,123,456,False,773.7010836478753,773.7010836478753,ner_optimal,val,0.001290797995614565,0.0012908741900602688,0.0012908714849422776,5749,4448085,1232,953160,1232,953162,4453834,159.0894913000011,b2e6f6243676544cb68b25aac83ba18d5eb139e5,True,3.14.4,1.8.0,3.4.0,2026-08-27T17:51:55+00:00,0.7836183341761481,0.9850027610254557,0.0068710514958532625,0.19095394015312195,1120,39978,112,913184,0.027251934400700763,0.9090909090909091,0.05291755256319395,0.15337904252560905,41098,0.043061880104024126,773.7010836478753,0.1328499334521572,126632.52136856201,0.08116883116883117,1.0,0.4017857142857143,0.99,0.7313311688311688,0.901,0.8141233766233766,0.2006
E3_multiseed_multisplit,random_forest__weighted__split123__model789,random_forest,weighted,E,algorithm+decision,no_origin_balance,test,stratified,123,789,False,773.7010836478753,773.7010836478753,ner_optimal,val,0.001290797995614565,0.0012908741900602688,0.0012908714849422776,5749,4448085,1232,953160,1232,953162,4453834,146.31680119999874,b2e6f6243676544cb68b25aac83ba18d5eb139e5,True,3.14.4,1.8.0,3.4.0,2026-08-27T17:54:32+00:00,0.7872525291113277,0.9858814273630103,0.007123242452067424,0.18788273632526398,1136,47574,96,905588,0.023321699856292344,0.922077922077922,0.045492771615073486,0.14229529185496134,48710,0.051037621778846055,773.7010836478753,0.12783186938597899,121849.30403019601,0.08116883116883117,1.0,0.4050324675324675,0.998,0.7305194805194806,0.9,0.8198051948051948,0.202
E3_multiseed_multisplit,random_forest__weighted__split42__model123,random_forest,weighted,E,algorithm+decision,no_origin_balance,test,stratified,42,123,False,773.7010836478753,773.7010836478753,ner_optimal,val,0.001290797995614565,0.0012908741900602688,0.0012908714849422776,5749,4448085,1232,953160,1232,953162,4453834,120.60110859999986,b2e6f6243676544cb68b25aac83ba18d5eb139e5,True,3.14.4,1.8.0,3.4.0,2026-08-27T16:37:56+00:00,0.7543450675820219,0.9806133231614027,0.005987992843768477,0.18437863886356354,1091,32043,141,921119,0.03292690287921772,0.885551948051948,0.06349298725484491,0.1670962912935481,33134,0.034717318004932975,773.7010836478753,0.14806430132539633,141134.85279435042,0.08116883116883117,1.0,0.4042207792207792,0.996,0.7012987012987013,0.864,0.7881493506493507,0.1942
E3_multiseed_multisplit,random_forest__weighted__split42__model42,random_forest,weighted,E,algorithm+decision,no_origin_balance,test,stratified,42,42,False,773.7010836478753,773.7010836478753,ner_optimal,val,0.001290797995614565,0.0012908741900602688,0.0012908714849422776,5749,4448085,1232,953160,1232,953162,4453834,120.28755439999804,b2e6f6243676544cb68b25aac83ba18d5eb139e5,True,3.14.4,1.8.0,3.4.0,2026-08-27T16:35:44+00:00,0.746743451938522,0.9817387970352787,0.006918718616512523,0.19290681183338165,1101,38585,131,914577,0.027742780829511666,0.8936688311688312,0.05381494696710494,0.15345231247106428,39686,0.04158240726576236,773.7010836478753,0.14681061776618845,139939.84195787166,0.08116883116883117,1.0,0.400974025974026,0.988,0.6996753246753247,0.862,0.7832792207792207,0.193
E3_multiseed_multisplit,random_forest__weighted__split42__model456,random_forest,weighted,E,algorithm+decision,no_origin_balance,test,stratified,42,456,False,773.7010836478753,773.7010836478753,ner_optimal,val,0.001290797995614565,0.0012908741900602688,0.0012908714849422776,5749,4448085,1232,953160,1232,953162,4453834,119.72394219999842,b2e6f6243676544cb68b25aac83ba18d5eb139e5,True,3.14.4,1.8.0,3.4.0,2026-08-27T16:40:11+00:00,0.7497554939061769,0.981748718728044,0.006665639046532068,0.16639335453510284,1112,52719,120,900443,0.02065724210956512,0.9025974025974026,0.040390098614314515,0.1318701193843762,53831,0.0564033302807855,773.7010836478753,0.15270999842385688,145563.130037745,0.08116883116883117,1.0,0.4017857142857143,0.99,0.7012987012987013,0.864,0.7824675324675324,0.1928
E3_multiseed_multisplit,random_forest__weighted__split42__model789,random_forest,weighted,E,algorithm+decision,no_origin_balance,test,stratified,42,789,False,773.7010836478753,773.7010836478753,ner_optimal,val,0.001290797995614565,0.0012908741900602688,0.0012908714849422776,5749,4448085,1232,953160,1232,953162,4453834,120.55147319999742,b2e6f6243676544cb68b25aac83ba18d5eb139e5,True,3.14.4,1.8.0,3.4.0,2026-08-27T16:42:25+00:00,0.743144141522048,0.9817199653200774,0.006760706218669817,0.1887541115283966,1098,33921,134,919241,0.03135440760729889,0.8912337662337663,0.060577639237538276,0.16341223627905502,35019,0.03669239328830651,773.7010836478753,0.14435268931436904,137596.94520881528,0.08035714285714286,0.99,0.400974025974026,0.988,0.6988636363636364,0.861,0.7800324675324676,0.1922
E3_multiseed_multisplit,random_forest__weighted__split456__model123,random_forest,weighted,E,algorithm+decision,no_origin_balance,test,stratified,456,123,False,773.7010836478753,773.7010836478753,ner_optimal,val,0.001290797995614565,0.0012908741900602688,0.0012908714849422776,5749,4448085,1232,953160,1232,953162,4453834,158.38957510000182,b2e6f6243676544cb68b25aac83ba18d5eb139e5,True,3.14.4,1.8.0,3.4.0,2026-08-27T19:02:45+00:00,0.7756890629916643,0.9833712339839643,0.006524634098949492,0.198261559009552,1096,27302,136,925860,0.038594267201915625,0.8896103896103896,0.07397907526155922,0.1819393655516526,28398,0.029755006842037985,773.7010836478753,0.1390320858288719,132525.34737611102,0.08116883116883117,1.0,0.4025974025974026,0.992,0.7215909090909091,0.889,0.8125,0.2002
E3_multiseed_multisplit,random_forest__weighted__split456__model42,random_forest,weighted,E,algorithm+decision,no_origin_balance,test,stratified,456,42,False,773.7010836478753,773.7010836478753,ner_optimal,val,0.001290797995614565,0.0012908741900602688,0.0012908714849422776,5749,4448085,1232,953160,1232,953162,4453834,156.03954639999938,b2e6f6243676544cb68b25aac83ba18d5eb139e5,True,3.14.4,1.8.0,3.4.0,2026-08-27T18:59:54+00:00,0.7720827964235308,0.9831475913989302,0.00663419813167262,0.17373357713222504,1115,46877,117,906285,0.023233038839806635,0.9050324675324676,0.045303104176824316,0.14061851477592638,47992,0.05028531193616054,773.7010836478753,0.1441461025783764,137400.02678680138,0.08116883116883117,1.0,0.4025974025974026,0.992,0.7159090909090909,0.882,0.8084415584415584,0.1992
E3_multiseed_multisplit,random_forest__weighted__split456__model456,random_forest,weighted,E,algorithm+decision,no_origin_balance,test,stratified,456,456,False,773.7010836478753,773.7010836478753,ner_optimal,val,0.001290797995614565,0.0012908741900602688,0.0012908714849422776,5749,4448085,1232,953160,1232,953162,4453834,146.2171770999994,b2e6f6243676544cb68b25aac83ba18d5eb139e5,True,3.14.4,1.8.0,3.4.0,2026-08-27T19:05:22+00:00,0.7763820317570478,0.9837378678245972,0.006252525708780314,0.17666885256767273,1109,37207,123,915955,0.028943522288339074,0.9001623376623377,0.056083746333569336,0.1575069099958071,38316,0.04014694140994181,773.7010836478753,0.13887145413564794,132372.23328868864,0.08116883116883117,1.0,0.4034090909090909,0.994,0.7248376623376623,0.893,0.8125,0.2002
E3_multiseed_multisplit,random_forest__weighted__split456__model789,random_forest,weighted,E,algorithm+decision,no_origin_balance,test,stratified,456,789,False,773.7010836478753,773.7010836478753,ner_optimal,val,0.001290797995614565,0.0012908741900602688,0.0012908714849422776,5749,4448085,1232,953160,1232,953162,4453834,149.97549440000148,b2e6f6243676544cb68b25aac83ba18d5eb139e5,True,3.14.4,1.8.0,3.4.0,2026-08-27T19:08:04+00:00,0.7745950497702909,0.9842572102357492,0.006643892867420332,0.19226059317588806,1095,33037,137,920125,0.03208133130200398,0.8887987012987013,0.06192738378011537,0.16515064911074814,34132,0.03576300773055992,773.7010836478753,0.14586035155775182,139034.04845975892,0.08116883116883117,1.0,0.4017857142857143,0.99,0.7207792207792207,0.888,0.8068181818181818,0.1988
E3_multiseed_multisplit,random_forest__weighted__split789__model123,random_forest,weighted,E,algorithm+decision,no_origin_balance,test,stratified,789,123,False,773.7010836478753,773.7010836478753,ner_optimal,val,0.001290797995614565,0.0012908741900602688,0.0012908714849422776,5749,4448085,1232,953160,1232,953162,4453834,152.61701670000184,b2e6f6243676544cb68b25aac83ba18d5eb139e5,True,3.14.4,1.8.0,3.4.0,2026-08-27T20:17:21+00:00,0.7734860069331649,0.9832232708115164,0.007128871194274719,0.17077526450157166,1137,52644,95,900518,0.021141295252970378,0.9228896103896104,0.04133568429280352,0.1350996114274775,53781,0.056350941015974536,773.7010836478753,0.13233910827658557,126145.60294654813,0.08116883116883117,1.0,0.4025974025974026,0.992,0.7183441558441559,0.885,0.8035714285714286,0.198
E3_multiseed_multisplit,random_forest__weighted__split789__model42,random_forest,weighted,E,algorithm+decision,no_origin_balance,test,stratified,789,42,False,773.7010836478753,773.7010836478753,ner_optimal,val,0.001290797995614565,0.0012908741900602688,0.0012908714849422776,5749,4448085,1232,953160,1232,953162,4453834,149.5565709999937,b2e6f6243676544cb68b25aac83ba18d5eb139e5,True,3.14.4,1.8.0,3.4.0,2026-08-27T20:14:38+00:00,0.7710857316780422,0.9841490777504277,0.0073981596352800175,0.17820727825164795,1141,46525,91,906637,0.02393739772584232,0.9261363636363636,0.04666857540185693,0.14461269583248088,47666,0.04994373392959302,773.7010836478753,0.12267292395471546,116931.79861195663,0.08035714285714286,0.99,0.4042207792207792,0.996,0.7183441558441559,0.885,0.799512987012987,0.197
E3_multiseed_multisplit,random_forest__weighted__split789__model456,random_forest,weighted,E,algorithm+decision,no_origin_balance,test,stratified,789,456,False,773.7010836478753,773.7010836478753,ner_optimal,val,0.001290797995614565,0.0012908741900602688,0.0012908714849422776,5749,4448085,1232,953160,1232,953162,4453834,146.12161280000146,b2e6f6243676544cb68b25aac83ba18d5eb139e5,True,3.14.4,1.8.0,3.4.0,2026-08-27T20:19:59+00:00,0.7684044221874352,0.9841947387413492,0.0071433067742345336,0.20230013132095337,1124,33194,108,919968,0.03275249140392797,0.9123376623376623,0.06323488045007032,0.16922682268869202,34318,0.03595789579565672,773.7010836478753,0.1224860989153904,116753.7170339705,0.08116883116883117,1.0,0.4017857142857143,0.99,0.7159090909090909,0.882,0.7962662337662337,0.1962
E3_multiseed_multisplit,random_forest__weighted__split789__model789,random_forest,weighted,E,algorithm+decision,no_origin_balance,test,stratified,789,789,False,773.7010836478753,773.7010836478753,ner_optimal,val,0.001290797995614565,0.0012908741900602688,0.0012908714849422776,5749,4448085,1232,953160,1232,953162,4453834,165.59343369999988,b2e6f6243676544cb68b25aac83ba18d5eb139e5,True,3.14.4,1.8.0,3.4.0,2026-08-27T20:23:00+00:00,0.7697078918671916,0.9841491045750199,0.007085006759186765,0.1941239982843399,1124,38438,108,914724,0.02841110156210505,0.9123376623376623,0.05510614306025396,0.15707273349697567,39562,0.041452481889031154,773.7010836478753,0.12798756918143273,121997.7170339705,0.07954545454545454,0.98,0.4017857142857143,0.99,0.7191558441558441,0.886,0.8027597402597403,0.1978
E3_multiseed_multisplit,xgboost__instance_weighted__split123__model123,xgboost,instance_weighted,F,algorithm,no_origin_balance,test,stratified,123,123,False,773.7010836478753,773.7010836478753,ner_optimal,val,0.001290797995614565,0.0012908741900602688,0.0012908714849422776,5749,4448085,1232,953160,1232,953162,4453834,134.20341769999868,b2e6f6243676544cb68b25aac83ba18d5eb139e5,True,3.14.4,1.8.0,3.4.0,2026-08-27T18:28:38+00:00,0.8258746273761903,0.9860388217213971,0.008668835071932288,0.2235172539949417,1130,32871,102,920291,0.033234316637745946,0.9172077922077922,0.06414441007010473,0.1709936299441334,34001,0.03562574785675518,773.7010836478753,0.11727711036945358,111788.51053208325,0.08116883116883117,1.0,0.4050324675324675,0.998,0.7564935064935064,0.932,0.8587662337662337,0.2116
E3_multiseed_multisplit,xgboost__instance_weighted__split123__model42,xgboost,instance_weighted,F,algorithm,no_origin_balance,test,stratified,123,42,False,773.7010836478753,773.7010836478753,ner_optimal,val,0.001290797995614565,0.0012908741900602688,0.0012908714849422776,5749,4448085,1232,953160,1232,953162,4453834,134.96722560000126,b2e6f6243676544cb68b25aac83ba18d5eb139e5,True,3.14.4,1.8.0,3.4.0,2026-08-27T18:26:13+00:00,0.8251221015545366,0.9859903326520557,0.00880498384614908,0.25677675008773804,1119,27691,113,925471,0.03884068031933356,0.9082792207792207,0.07449570601158378,0.18450597156078255,28810,0.030186694384080368,773.7010836478753,0.12077135380830357,115119.22245220988,0.08116883116883117,1.0,0.40584415584415584,1.0,0.7573051948051948,0.933,0.8628246753246753,0.2126
E3_multiseed_multisplit,xgboost__instance_weighted__split123__model456,xgboost,instance_weighted,F,algorithm,no_origin_balance,test,stratified,123,456,False,773.7010836478753,773.7010836478753,ner_optimal,val,0.001290797995614565,0.0012908741900602688,0.0012908714849422776,5749,4448085,1232,953160,1232,953162,4453834,129.14607109999997,b2e6f6243676544cb68b25aac83ba18d5eb139e5,True,3.14.4,1.8.0,3.4.0,2026-08-27T18:30:57+00:00,0.8248055614234127,0.9866398927035391,0.008995913406883122,0.18801696598529816,1137,42841,95,910321,0.02585383600891355,0.9228896103896104,0.050298606502986065,0.1503548924077928,43978,0.04607950175713594,773.7010836478753,0.12205479992074789,116342.60294654813,0.08116883116883117,1.0,0.40584415584415584,1.0,0.7573051948051948,0.933,0.8555194805194806,0.2108
E3_multiseed_multisplit,xgboost__instance_weighted__split123__model789,xgboost,instance_weighted,F,algorithm,no_origin_balance,test,stratified,123,789,False,773.7010836478753,773.7010836478753,ner_optimal,val,0.001290797995614565,0.0012908741900602688,0.0012908714849422776,5749,4448085,1232,953160,1232,953162,4453834,127.9563874000014,b2e6f6243676544cb68b25aac83ba18d5eb139e5,True,3.14.4,1.8.0,3.4.0,2026-08-27T18:33:16+00:00,0.8255313279344298,0.9862826955840788,0.00894605390501706,0.19858650863170624,1132,40082,100,913080,0.027466394914349494,0.9188311688311688,0.05333835932714508,0.15487401215076096,41214,0.04318342319838557,773.7010836478753,0.1232187799109189,117452.1083647875,0.08116883116883117,1.0,0.4050324675324675,0.998,0.7564935064935064,0.932,0.862012987012987,0.2124
E3_multiseed_multisplit,xgboost__instance_weighted__split42__model123,xgboost,instance_weighted,F,algorithm,no_origin_balance,test,stratified,42,123,False,773.7010836478753,773.7010836478753,ner_optimal,val,0.001290797995614565,0.0012908741900602688,0.0012908714849422776,5749,4448085,1232,953160,1232,953162,4453834,111.39450810000199,b2e6f6243676544cb68b25aac83ba18d5eb139e5,True,3.14.4,1.8.0,3.4.0,2026-08-27T17:15:48+00:00,0.7971500351313472,0.9833503159116027,0.008294922765038794,0.28880706429481506,1087,21328,145,931834,0.04849431184474682,0.8823051948051948,0.09193555207848776,0.20388202928958885,22415,0.02348610741475743,773.7010836478753,0.1400699687787393,133514.6571289419,0.08116883116883117,1.0,0.40584415584415584,1.0,0.7362012987012987,0.907,0.836038961038961,0.206
E3_multiseed_multisplit,xgboost__instance_weighted__split42__model42,xgboost,instance_weighted,F,algorithm,no_origin_balance,test,stratified,42,42,False,773.7010836478753,773.7010836478753,ner_optimal,val,0.001290797995614565,0.0012908741900602688,0.0012908714849422776,5749,4448085,1232,953160,1232,953162,4453834,134.33309709999958,b2e6f6243676544cb68b25aac83ba18d5eb139e5,True,3.14.4,1.8.0,3.4.0,2026-08-27T17:13:48+00:00,0.798192057109554,0.9831257493683976,0.008190204947738984,0.379707396030426,1069,13432,163,939730,0.0737190538583546,0.8676948051948052,0.1358927095913049,0.2505568853359584,14501,0.015193934580477245,773.7010836478753,0.14639668004804002,139545.27663460365,0.08116883116883117,1.0,0.4050324675324675,0.998,0.739448051948052,0.911,0.8368506493506493,0.2062
E3_multiseed_multisplit,xgboost__instance_weighted__split42__model456,xgboost,instance_weighted,F,algorithm,no_origin_balance,test,stratified,42,456,False,773.7010836478753,773.7010836478753,ner_optimal,val,0.001290797995614565,0.0012908741900602688,0.0012908714849422776,5749,4448085,1232,953160,1232,953162,4453834,105.62282570000025,b2e6f6243676544cb68b25aac83ba18d5eb139e5,True,3.14.4,1.8.0,3.4.0,2026-08-27T17:17:44+00:00,0.8006031054340386,0.983456747802945,0.008251522912553573,0.3399273157119751,1068,16260,164,936902,0.061634349030470915,0.8668831168831169,0.11508620689655172,0.22853801479715882,17328,0.018156023612889434,773.7010836478753,0.15017521769465733,143146.97771825152,0.08116883116883117,1.0,0.4050324675324675,0.998,0.734577922077922,0.905,0.836038961038961,0.206
E3_multiseed_multisplit,xgboost__instance_weighted__split42__model789,xgboost,instance_weighted,F,algorithm,no_origin_balance,test,stratified,42,789,False,773.7010836478753,773.7010836478753,ner_optimal,val,0.001290797995614565,0.0012908741900602688,0.0012908714849422776,5749,4448085,1232,953160,1232,953162,4453834,121.88990199999898,b2e6f6243676544cb68b25aac83ba18d5eb139e5,True,3.14.4,1.8.0,3.4.0,2026-08-27T17:19:56+00:00,0.7966123564389672,0.9833734178463878,0.008238247814807587,0.30642127990722656,1086,19309,146,933853,0.053248345182642806,0.8814935064935064,0.10043001803301428,0.21383345946884758,20395,0.021369581116394278,773.7010836478753,0.13876352809211728,132269.35821258978,0.08116883116883117,1.0,0.40584415584415584,1.0,0.7321428571428571,0.902,0.8295454545454546,0.2044
E3_multiseed_multisplit,xgboost__instance_weighted__split456__model123,xgboost,instance_weighted,F,algorithm,no_origin_balance,test,stratified,456,123,False,773.7010836478753,773.7010836478753,ner_optimal,val,0.001290797995614565,0.0012908741900602688,0.0012908714849422776,5749,4448085,1232,953160,1232,953162,4453834,131.95374060000177,b2e6f6243676544cb68b25aac83ba18d5eb139e5,True,3.14.4,1.8.0,3.4.0,2026-08-27T19:42:05+00:00,0.8157624301091065,0.9842727182562581,0.00817796907947317,0.2533736824989319,1104,25351,128,927811,0.04173124173124173,0.8961038961038961,0.07974861848520967,0.1901727464582139,26455,0.027719160011483727,773.7010836478753,0.13049178900564598,124384.73870692801,0.08116883116883117,1.0,0.4050324675324675,0.998,0.7483766233766234,0.922,0.8522727272727273,0.21
E3_multiseed_multisplit,xgboost__instance_weighted__split456__model42,xgboost,instance_weighted,F,algorithm,no_origin_balance,test,stratified,456,42,False,773.7010836478753,773.7010836478753,ner_optimal,val,0.001290797995614565,0.0012908741900602688,0.0012908714849422776,5749,4448085,1232,953160,1232,953162,4453834,128.0171139999984,b2e6f6243676544cb68b25aac83ba18d5eb139e5,True,3.14.4,1.8.0,3.4.0,2026-08-27T19:39:43+00:00,0.8125521480802687,0.9846002367322195,0.008232523888610926,0.2304188460111618,1108,29118,124,924044,0.03665718255806259,0.8993506493506493,0.07044313052323734,0.1781326893768865,30226,0.03167035836352701,773.7010836478753,0.13119698817921718,125056.9343723365,0.08116883116883117,1.0,0.4042207792207792,0.996,0.7443181818181818,0.917,0.8433441558441559,0.2078
E3_multiseed_multisplit,xgboost__instance_weighted__split456__model456,xgboost,instance_weighted,F,algorithm,no_origin_balance,test,stratified,456,456,False,773.7010836478753,773.7010836478753,ner_optimal,val,0.001290797995614565,0.0012908741900602688,0.0012908714849422776,5749,4448085,1232,953160,1232,953162,4453834,126.86392039999919,b2e6f6243676544cb68b25aac83ba18d5eb139e5,True,3.14.4,1.8.0,3.4.0,2026-08-27T19:44:22+00:00,0.811785437153867,0.9848071220371718,0.008204016404904577,0.20587392151355743,1114,34027,118,919135,0.031700862240687515,0.9042207792207793,0.06125422703653809,0.1655940792521557,35141,0.03682022309444527,773.7010836478753,0.1314768807225125,125323.72787044925,0.08116883116883117,1.0,0.4050324675324675,0.998,0.739448051948052,0.911,0.8465909090909091,0.2086
E3_multiseed_multisplit,xgboost__instance_weighted__split456__model789,xgboost,instance_weighted,F,algorithm,no_origin_balance,test,stratified,456,789,False,773.7010836478753,773.7010836478753,ner_optimal,val,0.001290797995614565,0.0012908741900602688,0.0012908714849422776,5749,4448085,1232,953160,1232,953162,4453834,132.04143079999994,b2e6f6243676544cb68b25aac83ba18d5eb139e5,True,3.14.4,1.8.0,3.4.0,2026-08-27T19:46:45+00:00,0.8151679794721233,0.9848331559424479,0.00830415525333083,0.20854857563972473,1108,34383,124,918779,0.031219182327914118,0.8993506493506493,0.06034365384091714,0.16381191067179643,35491,0.03718694794812205,773.7010836478753,0.13672048950467727,130321.9343723365,0.08116883116883117,1.0,0.4042207792207792,0.996,0.7491883116883117,0.923,0.8441558441558441,0.208
E3_multiseed_multisplit,xgboost__instance_weighted__split789__model123,xgboost,instance_weighted,F,algorithm,no_origin_balance,test,stratified,789,123,False,773.7010836478753,773.7010836478753,ner_optimal,val,0.001290797995614565,0.0012908741900602688,0.0012908714849422776,5749,4448085,1232,953160,1232,953162,4453834,89.09162320000178,b2e6f6243676544cb68b25aac83ba18d5eb139e5,True,3.14.4,1.8.0,3.4.0,2026-08-27T20:55:34+00:00,0.8211865125543415,0.9863548835418255,0.008411126476454185,0.23742833733558655,1126,29504,106,923658,0.03676134508651649,0.913961038961039,0.0706798066662482,0.17988665886466595,30630,0.032093663623199646,773.7010836478753,0.11699155042288789,111516.31486667476,0.08116883116883117,1.0,0.40584415584415584,1.0,0.7426948051948052,0.915,0.8603896103896104,0.212
E3_multiseed_multisplit,xgboost__instance_weighted__split789__model42,xgboost,instance_weighted,F,algorithm,no_origin_balance,test,stratified,789,42,False,773.7010836478753,773.7010836478753,ner_optimal,val,0.001290797995614565,0.0012908741900602688,0.0012908714849422776,5749,4448085,1232,953160,1232,953162,4453834,90.89263429999846,b2e6f6243676544cb68b25aac83ba18d5eb139e5,True,3.14.4,1.8.0,3.4.0,2026-08-27T20:53:56+00:00,0.8222828940361061,0.9865045311283398,0.008725745710583922,0.31019118428230286,1112,20577,120,932585,0.051270229148416245,0.9025974025974026,0.09702892543955324,0.21226445195371615,21689,0.022725415289702157,773.7010836478753,0.11898988833782864,113421.13003774501,0.08116883116883117,1.0,0.40584415584415584,1.0,0.7459415584415584,0.919,0.862012987012987,0.2124
E3_multiseed_multisplit,xgboost__instance_weighted__split789__model456,xgboost,instance_weighted,F,algorithm,no_origin_balance,test,stratified,789,456,False,773.7010836478753,773.7010836478753,ner_optimal,val,0.001290797995614565,0.0012908741900602688,0.0012908714849422776,5749,4448085,1232,953160,1232,953162,4453834,89.59043989999918,b2e6f6243676544cb68b25aac83ba18d5eb139e5,True,3.14.4,1.8.0,3.4.0,2026-08-27T20:57:11+00:00,0.8236572022112875,0.9866385932010794,0.0086476427437244,0.22206635773181915,1128,33991,104,919171,0.032119365585580456,0.9155844155844156,0.062061566394322025,0.1678184259418981,35119,0.036797171817928444,773.7010836478753,0.12007547682844566,114455.91269937901,0.08116883116883117,1.0,0.40584415584415584,1.0,0.75,0.924,0.859577922077922,0.2118
E3_multiseed_multisplit,xgboost__instance_weighted__split789__model789,xgboost,instance_weighted,F,algorithm,no_origin_balance,test,stratified,789,789,False,773.7010836478753,773.7010836478753,ner_optimal,val,0.001290797995614565,0.0012908741900602688,0.0012908714849422776,5749,4448085,1232,953160,1232,953162,4453834,89.72955509999883,b2e6f6243676544cb68b25aac83ba18d5eb139e5,True,3.14.4,1.8.0,3.4.0,2026-08-27T20:58:49+00:00,0.821016573243543,0.9860547142277255,0.008588400929576903,0.30773282051086426,1116,20697,116,932465,0.05116215101086508,0.9058441558441559,0.09685398134085485,0.21242416292079358,21813,0.022855340666433358,773.7010836478753,0.11586902685917705,110446.3257031535,0.08116883116883117,1.0,0.4050324675324675,0.998,0.7402597402597403,0.912,0.8555194805194806,0.2108
E3_multiseed_multisplit,xgboost__rus__split123__model123,xgboost,rus,G,data,no_origin_balance,test,stratified,123,123,False,773.7010836478753,773.7010836478753,ner_optimal,val,0.001290797995614565,0.0012908741900602688,0.0012908714849422776,5749,4448085,1232,953160,1232,953162,11498,1.0508851999984472,b2e6f6243676544cb68b25aac83ba18d5eb139e5,True,3.14.4,1.8.0,3.4.0,2026-08-27T18:33:38+00:00,0.7739986646458832,0.98694020210162,0.036261290623401915,0.5677953958511353,1137,35362,95,917800,0.031151538398312282,0.9228896103896104,0.06026874453367258,0.1658373962605678,36499,0.03824311552671119,773.7010836478753,0.11420859547381225,108863.60294654813,0.08116883116883117,1.0,0.4017857142857143,0.99,0.6891233766233766,0.849,0.8392857142857143,0.2068
E3_multiseed_multisplit,xgboost__rus__split123__model42,xgboost,rus,G,data,no_origin_balance,test,stratified,123,42,False,773.7010836478753,773.7010836478753,ner_optimal,val,0.001290797995614565,0.0012908741900602688,0.0012908714849422776,5749,4448085,1232,953160,1232,953162,11498,1.514447999998083,b2e6f6243676544cb68b25aac83ba18d5eb139e5,True,3.14.4,1.8.0,3.4.0,2026-08-27T18:33:27+00:00,0.7660144590122523,0.9864206944850437,0.03425651840120786,0.6680135130882263,1124,23530,108,929632,0.04559097915145615,0.9123376623376623,0.08684230858379047,0.20091238361297997,24654,0.025832098692992623,773.7010836478753,0.11234761519093713,107089.7170339705,0.08116883116883117,1.0,0.4034090909090909,0.994,0.676948051948052,0.834,0.8441558441558441,0.208
E3_multiseed_multisplit,xgboost__rus__split123__model456,xgboost,rus,G,data,no_origin_balance,test,stratified,123,456,False,773.7010836478753,773.7010836478753,ner_optimal,val,0.001290797995614565,0.0012908741900602688,0.0012908714849422776,5749,4448085,1232,953160,1232,953162,11498,0.8612843999981123,b2e6f6243676544cb68b25aac83ba18d5eb139e5,True,3.14.4,1.8.0,3.4.0,2026-08-27T16:10:47+00:00,0.7685805690635975,0.9866464149114947,0.036760551271087676,0.6055158972740173,1134,31639,98,921523,0.03460165380038446,0.9204545454545454,0.066696074106749,0.17494669276977484,32773,0.03433906751299778,773.7010836478753,0.11273786830352335,107461.70619749176,0.08116883116883117,1.0,0.4025974025974026,0.992,0.6931818181818182,0.854,0.8425324675324676,0.2076
E3_multiseed_multisplit,xgboost__rus__split123__model789,xgboost,rus,G,data,no_origin_balance,test,stratified,123,789,False,773.7010836478753,773.7010836478753,ner_optimal,val,0.001290797995614565,0.0012908741900602688,0.0012908714849422776,5749,4448085,1232,953160,1232,953162,11498,1.2994228999996267,b2e6f6243676544cb68b25aac83ba18d5eb139e5,True,3.14.4,1.8.0,3.4.0,2026-08-27T18:33:50+00:00,0.7660973766210406,0.9872024414425458,0.03696616328115327,0.7049881815910339,1120,23082,112,930080,0.046277167176266426,0.9090909090909091,0.0880710859479437,0.20209638646953154,24202,0.02535849973910146,773.7010836478753,0.1151243725034442,109736.52136856201,0.08116883116883117,1.0,0.40584415584415584,1.0,0.6801948051948052,0.838,0.8352272727272727,0.2058
E3_multiseed_multisplit,xgboost__rus__split42__model123,xgboost,rus,G,data,no_origin_balance,test,stratified,42,123,False,773.7010836478753,773.7010836478753,ner_optimal,val,0.001290797995614565,0.0012908741900602688,0.0012908714849422776,5749,4448085,1232,953160,1232,953162,11498,1.0427533000001858,b2e6f6243676544cb68b25aac83ba18d5eb139e5,True,3.14.4,1.8.0,3.4.0,2026-08-27T17:20:18+00:00,0.7582365636985648,0.9855016345697167,0.03658042773063562,0.6829594373703003,1105,25621,127,927541,0.04134550624859687,0.8969155844155844,0.0790471421417841,0.1893487561994863,26726,0.02800310982675918,773.7010836478753,0.12996335717218638,123881.03762328012,0.08116883116883117,1.0,0.4050324675324675,0.998,0.6818181818181818,0.84,0.8173701298701299,0.2014
E3_multiseed_multisplit,xgboost__rus__split42__model42,xgboost,rus,G,data,no_origin_balance,test,stratified,42,42,False,773.7010836478753,773.7010836478753,ner_optimal,val,0.001290797995614565,0.0012908741900602688,0.0012908714849422776,5749,4448085,1232,953160,1232,953162,11498,1.0026675000008254,b2e6f6243676544cb68b25aac83ba18d5eb139e5,True,3.14.4,1.8.0,3.4.0,2026-08-27T17:20:07+00:00,0.7416676282329409,0.985346427905838,0.036707335721964836,0.7540422081947327,1091,20061,141,933101,0.051579046898638424,0.885551948051948,0.09748034310221587,0.2108547777612082,21152,0.022162754585632348,773.7010836478753,0.13549400828044608,129152.8527943504,0.08116883116883117,1.0,0.4042207792207792,0.996,0.6712662337662337,0.827,0.8092532467532467,0.1994
E3_multiseed_multisplit,xgboost__rus__split42__model456,xgboost,rus,G,data,no_origin_balance,test,stratified,42,456,False,773.7010836478753,773.7010836478753,ner_optimal,val,0.001290797995614565,0.0012908741900602688,0.0012908714849422776,5749,4448085,1232,953160,1232,953162,11498,1.8460747999997693,b2e6f6243676544cb68b25aac83ba18d5eb139e5,True,3.14.4,1.8.0,3.4.0,2026-08-27T17:20:30+00:00,0.7487793614684178,0.9849479528486416,0.03707715013500608,0.7006787061691284,1089,24213,143,928949,0.04304007588332938,0.8839285714285714,0.0820833647395794,0.19188245027852646,25302,0.02651106356494278,773.7010836478753,0.14147324008013998,134852.25496164616,0.08116883116883117,1.0,0.4034090909090909,0.994,0.6696428571428571,0.825,0.8198051948051948,0.202
E3_multiseed_multisplit,xgboost__rus__split42__model789,xgboost,rus,G,data,no_origin_balance,test,stratified,42,789,False,773.7010836478753,773.7010836478753,ner_optimal,val,0.001290797995614565,0.0012908741900602688,0.0012908714849422776,5749,4448085,1232,953160,1232,953162,11498,2.3016930000012508,b2e6f6243676544cb68b25aac83ba18d5eb139e5,True,3.14.4,1.8.0,3.4.0,2026-08-27T17:20:42+00:00,0.7454754336373203,0.9850637273621903,0.034178813915706624,0.690742552280426,1098,21788,134,931374,0.047976929126977194,0.8912337662337663,0.09105232606352102,0.20380641077725176,22886,0.023979614289276755,773.7010836478753,0.13162398246122423,125463.94520881528,0.08116883116883117,1.0,0.4042207792207792,0.996,0.6688311688311688,0.824,0.8189935064935064,0.2018
E3_multiseed_multisplit,xgboost__rus__split456__model123,xgboost,rus,G,data,no_origin_balance,test,stratified,456,123,False,773.7010836478753,773.7010836478753,ner_optimal,val,0.001290797995614565,0.0012908741900602688,0.0012908714849422776,5749,4448085,1232,953160,1232,953162,11498,0.92263549999916,b2e6f6243676544cb68b25aac83ba18d5eb139e5,True,3.14.4,1.8.0,3.4.0,2026-08-27T19:47:07+00:00,0.7671738146052047,0.986338808798586,0.035342238181977514,0.6021309494972229,1131,31031,101,922131,0.035165723524656425,0.9180194805194806,0.06773671917110859,0.17618455081832346,32162,0.033698870697007735,773.7010836478753,0.1145350816135399,109174.80944843538,0.08116883116883117,1.0,0.4025974025974026,0.992,0.6964285714285714,0.858,0.825487012987013,0.2034
E3_multiseed_multisplit,xgboost__rus__split456__model42,xgboost,rus,G,data,no_origin_balance,test,stratified,456,42,False,773.7010836478753,773.7010836478753,ner_optimal,val,0.001290797995614565,0.0012908741900602688,0.0012908714849422776,5749,4448085,1232,953160,1232,953162,11498,1.9093511999999464,b2e6f6243676544cb68b25aac83ba18d5eb139e5,True,3.14.4,1.8.0,3.4.0,2026-08-27T19:46:57+00:00,0.7557692449308454,0.9855003384735543,0.037839133860951064,0.6012595295906067,1124,34373,108,918789,0.031664647716708454,0.9123376623376623,0.06120504233711781,0.16626475017071007,35497,0.03719323465989937,773.7010836478753,0.12372298553698916,117932.7170339705,0.08116883116883117,1.0,0.4034090909090909,0.994,0.6753246753246753,0.832,0.8238636363636364,0.203
E3_multiseed_multisplit,xgboost__rus__split456__model456,xgboost,rus,G,data,no_origin_balance,test,stratified,456,456,False,773.7010836478753,773.7010836478753,ner_optimal,val,0.001290797995614565,0.0012908741900602688,0.0012908714849422776,5749,4448085,1232,953160,1232,953162,11498,0.9454041999997571,b2e6f6243676544cb68b25aac83ba18d5eb139e5,True,3.14.4,1.8.0,3.4.0,2026-08-27T19:47:18+00:00,0.7767879582810124,0.9863740099017523,0.03555335070516935,0.6304555535316467,1125,28503,107,924659,0.03797083839611179,0.9131493506493507,0.0729099157485418,0.1828534516342436,29628,0.031043782756387823,773.7010836478753,0.1167530915689949,111289.01595032263,0.08116883116883117,1.0,0.4050324675324675,0.998,0.7012987012987013,0.864,0.8336038961038961,0.2054
E3_multiseed_multisplit,xgboost__rus__split456__model789,xgboost,rus,G,data,no_origin_balance,test,stratified,456,789,False,773.7010836478753,773.7010836478753,ner_optimal,val,0.001290797995614565,0.0012908741900602688,0.0012908714849422776,5749,4448085,1232,953160,1232,953162,11498,0.9078104000000167,b2e6f6243676544cb68b25aac83ba18d5eb139e5,True,3.14.4,1.8.0,3.4.0,2026-08-27T19:47:30+00:00,0.7599301074865515,0.9857460066033937,0.03545781817343087,0.5489397048950195,1127,36370,105,916792,0.03005573779235672,0.9147727272727273,0.05819928219163934,0.1620090710890072,37497,0.03928880525233813,773.7010836478753,0.12338296944274928,117608.61378302689,0.08116883116883117,1.0,0.4017857142857143,0.99,0.6801948051948052,0.838,0.8368506493506493,0.2062
E3_multiseed_multisplit,xgboost__rus__split789__model123,xgboost,rus,G,data,no_origin_balance,test,stratified,789,123,False,773.7010836478753,773.7010836478753,ner_optimal,val,0.001290797995614565,0.0012908741900602688,0.0012908714849422776,5749,4448085,1232,953160,1232,953162,11498,1.0232576999987941,b2e6f6243676544cb68b25aac83ba18d5eb139e5,True,3.14.4,1.8.0,3.4.0,2026-08-27T20:59:06+00:00,0.7600141252787941,0.9867906124221617,0.03414503533662012,0.4881383180618286,1151,41983,81,911179,0.026684286177957064,0.9342532467532467,0.0518865798133706,0.1538681758019287,43134,0.04519517096712678,773.7010836478753,0.10979103741518471,104652.78777547789,0.08116883116883117,1.0,0.400974025974026,0.988,0.6663961038961039,0.821,0.8449675324675324,0.2082
E3_multiseed_multisplit,xgboost__rus__split789__model42,xgboost,rus,G,data,no_origin_balance,test,stratified,789,42,False,773.7010836478753,773.7010836478753,ner_optimal,val,0.001290797995614565,0.0012908741900602688,0.0012908714849422776,5749,4448085,1232,953160,1232,953162,11498,1.2721882999976515,b2e6f6243676544cb68b25aac83ba18d5eb139e5,True,3.14.4,1.8.0,3.4.0,2026-08-27T20:58:57+00:00,0.7566572797514047,0.9874132716656797,0.035728976327535286,0.6277652978897095,1129,29015,103,924147,0.03745355626326964,0.9163961038961039,0.0719658337582866,0.18188855101031842,30144,0.03158443996923702,773.7010836478753,0.1140434765328087,108706.21161573112,0.08116883116883117,1.0,0.400974025974026,0.988,0.6712662337662337,0.827,0.8352272727272727,0.2058
E3_multiseed_multisplit,xgboost__rus__split789__model456,xgboost,rus,G,data,no_origin_balance,test,stratified,789,456,False,773.7010836478753,773.7010836478753,ner_optimal,val,0.001290797995614565,0.0012908741900602688,0.0012908714849422776,5749,4448085,1232,953160,1232,953162,11498,1.32712029999675,b2e6f6243676544cb68b25aac83ba18d5eb139e5,True,3.14.4,1.8.0,3.4.0,2026-08-27T20:59:14+00:00,0.7560800884406044,0.9871442576250036,0.037489054869993536,0.559230625629425,1143,37537,89,915625,0.029550155118924507,0.9277597402597403,0.057276007215874926,0.16175713292563232,38680,0.04052833525776566,773.7010836478753,0.1116202539005249,106396.39644466089,0.08116883116883117,1.0,0.39935064935064934,0.984,0.6655844155844156,0.82,0.8392857142857143,0.2068
E3_multiseed_multisplit,xgboost__rus__split789__model789,xgboost,rus,G,data,no_origin_balance,test,stratified,789,789,False,773.7010836478753,773.7010836478753,ner_optimal,val,0.001290797995614565,0.0012908741900602688,0.0012908714849422776,5749,4448085,1232,953160,1232,953162,11498,0.9077498999977252,b2e6f6243676544cb68b25aac83ba18d5eb139e5,True,3.14.4,1.8.0,3.4.0,2026-08-27T20:59:23+00:00,0.7591230909814263,0.9881688373955428,0.03510907088630861,0.5903264284133911,1136,31880,96,921282,0.034407559970923186,0.922077922077922,0.06633964027096473,0.17459395308448622,33016,0.03459367933997909,773.7010836478753,0.11136732431441755,106155.30403019601,0.08116883116883117,1.0,0.40016233766233766,0.986,0.6558441558441559,0.808,0.8425324675324676,0.2076
E3_multiseed_multisplit,xgboost__unweighted__split123__model123,xgboost,unweighted,C,decision,no_origin_balance,test,stratified,123,123,False,1.0,773.7010836478753,ner_optimal,val,0.001290797995614565,0.0012908741900602688,0.0012908714849422776,5749,4448085,1232,953160,1232,953162,4453834,126.50996840000153,b2e6f6243676544cb68b25aac83ba18d5eb139e5,True,3.14.4,1.8.0,3.4.0,2026-08-27T18:08:51+00:00,0.841324853088602,0.9877173164946519,0.000298507412863171,0.0012808406027033925,1131,26512,101,926650,0.04091451723763701,0.9180194805194806,0.07833766233766233,0.1905919151346497,27643,0.02896392894339235,773.7010836478753,0.10979420744644507,104655.80944843538,0.08116883116883117,1.0,0.4042207792207792,0.996,0.7824675324675324,0.964,0.8717532467532467,0.2148
E3_multiseed_multisplit,xgboost__unweighted__split123__model42,xgboost,unweighted,C,decision,no_origin_balance,test,stratified,123,42,False,1.0,773.7010836478753,ner_optimal,val,0.001290797995614565,0.0012908741900602688,0.0012908714849422776,5749,4448085,1232,953160,1232,953162,4453834,122.47124740000072,b2e6f6243676544cb68b25aac83ba18d5eb139e5,True,3.14.4,1.8.0,3.4.0,2026-08-27T18:06:24+00:00,0.8409199819693604,0.9880023524809576,0.00029674939206796426,0.0017570934724062681,1119,19665,113,933497,0.05383949191685912,0.9082792207792207,0.10165334302325581,0.2183645449164847,20784,0.021777169596623618,773.7010836478753,0.11235129271843788,107093.22245220988,0.08116883116883117,1.0,0.40584415584415584,1.0,0.7832792207792207,0.965,0.864448051948052,0.213
E3_multiseed_multisplit,xgboost__unweighted__split123__model456,xgboost,unweighted,C,decision,no_origin_balance,test,stratified,123,456,False,1.0,773.7010836478753,ner_optimal,val,0.001290797995614565,0.0012908741900602688,0.0012908714849422776,5749,4448085,1232,953160,1232,953162,4453834,126.70060759999978,b2e6f6243676544cb68b25aac83ba18d5eb139e5,True,3.14.4,1.8.0,3.4.0,2026-08-27T18:11:18+00:00,0.8426204388549638,0.9876291938776465,0.00029829728893115124,0.0015902656596153975,1127,22151,105,931011,0.04841481226909528,0.9147727272727273,0.0919624643002856,0.20751597026964966,23278,0.024390346125394754,773.7010836478753,0.10846584402077068,103389.61378302689,0.08035714285714286,0.99,0.4042207792207792,0.996,0.7824675324675324,0.964,0.8741883116883117,0.2154
E3_multiseed_multisplit,xgboost__unweighted__split123__model789,xgboost,unweighted,C,decision,no_origin_balance,test,stratified,123,789,False,1.0,773.7010836478753,ner_optimal,val,0.001290797995614565,0.0012908741900602688,0.0012908714849422776,5749,4448085,1232,953160,1232,953162,4453834,129.21677120000095,b2e6f6243676544cb68b25aac83ba18d5eb139e5,True,3.14.4,1.8.0,3.4.0,2026-08-27T18:13:56+00:00,0.843971650147884,0.9874286051134464,0.00029795614836052676,0.0015989815583452582,1127,21894,105,931268,0.0489553016810738,0.9147727272727273,0.0929369562528347,0.20870538876376143,23021,0.024121065304266373,773.7010836478753,0.10819622581741964,103132.61378302689,0.08116883116883117,1.0,0.4050324675324675,0.998,0.7816558441558441,0.963,0.872564935064935,0.215
E3_multiseed_multisplit,xgboost__unweighted__split42__model123,xgboost,unweighted,C,decision,no_origin_balance,test,stratified,42,123,False,1.0,773.7010836478753,ner_optimal,val,0.001290797995614565,0.0012908741900602688,0.0012908714849422776,5749,4448085,1232,953160,1232,953162,4453834,116.41548170000169,b2e6f6243676544cb68b25aac83ba18d5eb139e5,True,3.14.4,1.8.0,3.4.0,2026-08-27T16:57:41+00:00,0.815903493251223,0.983279323990032,0.00033965786577981616,0.001330084283836186,1105,26759,127,926403,0.03965690496698249,0.8969155844155844,0.0759554577948859,0.18530104811000248,27864,0.029195489493856835,773.7010836478753,0.13115723077301708,125019.03762328012,0.08116883116883117,1.0,0.4050324675324675,0.998,0.7556818181818182,0.931,0.8474025974025974,0.2088
E3_multiseed_multisplit,xgboost__unweighted__split42__model42,xgboost,unweighted,C,decision,no_origin_balance,test,stratified,42,42,False,1.0,773.7010836478753,ner_optimal,val,0.001290797995614565,0.0012908741900602688,0.0012908714849422776,5749,4448085,1232,953160,1232,953162,4453834,129.19114780000018,b2e6f6243676544cb68b25aac83ba18d5eb139e5,True,3.14.4,1.8.0,3.4.0,2026-08-27T16:55:28+00:00,0.817257678698113,0.9851784403883104,0.00033685471755567106,0.0019162173848599195,1093,17683,139,935479,0.05821261184490839,0.8871753246753247,0.1092562974810076,0.224579138029712,18776,0.0196732167218151,773.7010836478753,0.13137587645252166,125227.45062705466,0.08116883116883117,1.0,0.40584415584415584,1.0,0.7589285714285714,0.935,0.8474025974025974,0.2088
E3_multiseed_multisplit,xgboost__unweighted__split42__model456,xgboost,unweighted,C,decision,no_origin_balance,test,stratified,42,456,False,1.0,773.7010836478753,ner_optimal,val,0.001290797995614565,0.0012908741900602688,0.0012908714849422776,5749,4448085,1232,953160,1232,953162,4453834,116.69495609999649,b2e6f6243676544cb68b25aac83ba18d5eb139e5,True,3.14.4,1.8.0,3.4.0,2026-08-27T16:59:52+00:00,0.8166811773286371,0.9844508799583461,0.0003353482341250233,0.002198119880631566,1087,15585,145,937577,0.06519913627639155,0.8823051948051948,0.12142537980339589,0.2373300937064689,16672,0.01746867645856952,773.7010836478753,0.1340449985770076,127771.65712894191,0.08116883116883117,1.0,0.40584415584415584,1.0,0.7589285714285714,0.935,0.8433441558441559,0.2078
E3_multiseed_multisplit,xgboost__unweighted__split42__model789,xgboost,unweighted,C,decision,no_origin_balance,test,stratified,42,789,False,1.0,773.7010836478753,ner_optimal,val,0.001290797995614565,0.0012908741900602688,0.0012908714849422776,5749,4448085,1232,953160,1232,953162,4453834,117.24004099999729,b2e6f6243676544cb68b25aac83ba18d5eb139e5,True,3.14.4,1.8.0,3.4.0,2026-08-27T17:02:06+00:00,0.817807052643664,0.9851738887234034,0.0003385238324735385,0.0013564806431531906,1110,25301,122,927861,0.04202794290257847,0.900974025974026,0.08030966248236443,0.19140408545263699,26411,0.027673057458450074,773.7010836478753,0.1255692042321404,119692.53220504076,0.08116883116883117,1.0,0.40584415584415584,1.0,0.760551948051948,0.937,0.8449675324675324,0.2082
E3_multiseed_multisplit,xgboost__unweighted__split456__model123,xgboost,unweighted,C,decision,no_origin_balance,test,stratified,456,123,False,1.0,773.7010836478753,ner_optimal,val,0.001290797995614565,0.0012908741900602688,0.0012908714849422776,5749,4448085,1232,953160,1232,953162,4453834,120.22480429999996,b2e6f6243676544cb68b25aac83ba18d5eb139e5,True,3.14.4,1.8.0,3.4.0,2026-08-27T19:23:48+00:00,0.8374490119526069,0.9869648658237652,0.00030546176139141507,0.0010284666204825044,1129,33605,103,919557,0.03250417458398111,0.9163961038961039,0.06278151587610521,0.16894388128942223,34734,0.036393774478883985,773.7010836478753,0.118858836662697,113296.21161573112,0.08116883116883117,1.0,0.4050324675324675,0.998,0.7775974025974026,0.958,0.8660714285714286,0.2134
E3_multiseed_multisplit,xgboost__unweighted__split456__model42,xgboost,unweighted,C,decision,no_origin_balance,test,stratified,456,42,False,1.0,773.7010836478753,ner_optimal,val,0.001290797995614565,0.0012908741900602688,0.0012908714849422776,5749,4448085,1232,953160,1232,953162,4453834,123.59485679999852,b2e6f6243676544cb68b25aac83ba18d5eb139e5,True,3.14.4,1.8.0,3.4.0,2026-08-27T19:21:31+00:00,0.8345775848474781,0.9877191099102354,0.00031553811449550653,0.0010040823835879564,1129,34775,103,918387,0.03144496434937612,0.9163961038961039,0.060803532959931066,0.16604257352843024,35904,0.03761968327546066,773.7010836478753,0.12008628140168814,114466.21161573112,0.08116883116883117,1.0,0.4050324675324675,0.998,0.7727272727272727,0.952,0.8612012987012987,0.2122
E3_multiseed_multisplit,xgboost__unweighted__split456__model456,xgboost,unweighted,C,decision,no_origin_balance,test,stratified,456,456,False,1.0,773.7010836478753,ner_optimal,val,0.001290797995614565,0.0012908741900602688,0.0012908714849422776,5749,4448085,1232,953160,1232,953162,4453834,119.56349369999953,b2e6f6243676544cb68b25aac83ba18d5eb139e5,True,3.14.4,1.8.0,3.4.0,2026-08-27T19:26:05+00:00,0.8357479352888872,0.9866169385169039,0.00031188833292359567,0.0010286488104611635,1135,34538,97,918624,0.03181678019790878,0.9212662337662337,0.06150928058528655,0.1675272975708816,35673,0.03737764487203398,773.7010836478753,0.11496751528955752,109587.00511384389,0.08116883116883117,1.0,0.4042207792207792,0.996,0.773538961038961,0.953,0.8628246753246753,0.2126
E3_multiseed_multisplit,xgboost__unweighted__split456__model789,xgboost,unweighted,C,decision,no_origin_balance,test,stratified,456,789,False,1.0,773.7010836478753,ner_optimal,val,0.001290797995614565,0.0012908741900602688,0.0012908714849422776,5749,4448085,1232,953160,1232,953162,4453834,120.73930049999763,b2e6f6243676544cb68b25aac83ba18d5eb139e5,True,3.14.4,1.8.0,3.4.0,2026-08-27T19:28:22+00:00,0.8334657815065373,0.985109008976738,0.0003126146666965481,0.0016510800924152136,1110,20805,122,932357,0.05065023956194387,0.900974025974026,0.09590875707435088,0.21074621577305355,21915,0.022962214766647737,773.7010836478753,0.1208524593205984,115196.53220504076,0.08116883116883117,1.0,0.4050324675324675,0.998,0.7743506493506493,0.954,0.8636363636363636,0.2128
E3_multiseed_multisplit,xgboost__unweighted__split789__model123,xgboost,unweighted,C,decision,no_origin_balance,test,stratified,789,123,False,1.0,773.7010836478753,ner_optimal,val,0.001290797995614565,0.0012908741900602688,0.0012908714849422776,5749,4448085,1232,953160,1232,953162,4453834,148.92647769999894,b2e6f6243676544cb68b25aac83ba18d5eb139e5,True,3.14.4,1.8.0,3.4.0,2026-08-27T20:41:07+00:00,0.842337079612535,0.9883282448756957,0.00029999393801773735,0.0010364372283220291,1141,33718,91,919444,0.032731862646662266,0.9261363636363636,0.06322905987642348,0.17049378215404043,34859,0.036524747640911404,773.7010836478753,0.10923712500406633,104124.79861195663,0.08116883116883117,1.0,0.40584415584415584,1.0,0.7816558441558441,0.963,0.8693181818181818,0.2142
E3_multiseed_multisplit,xgboost__unweighted__split789__model42,xgboost,unweighted,C,decision,no_origin_balance,test,stratified,789,42,False,1.0,773.7010836478753,ner_optimal,val,0.001290797995614565,0.0012908741900602688,0.0012908714849422776,5749,4448085,1232,953160,1232,953162,4453834,149.2375247000018,b2e6f6243676544cb68b25aac83ba18d5eb139e5,True,3.14.4,1.8.0,3.4.0,2026-08-27T20:38:15+00:00,0.8392160059802548,0.9884062665435349,0.000301934520122492,0.0011638585710898042,1133,29206,99,923956,0.03734467187448499,0.9196428571428571,0.07177472997371005,0.181945683507444,30339,0.031788758101999805,773.7010836478753,0.11099710101695061,105802.40728113963,0.08116883116883117,1.0,0.4034090909090909,0.994,0.7824675324675324,0.964,0.8685064935064936,0.214
E3_multiseed_multisplit,xgboost__unweighted__split789__model456,xgboost,unweighted,C,decision,no_origin_balance,test,stratified,789,456,False,1.0,773.7010836478753,ner_optimal,val,0.001290797995614565,0.0012908741900602688,0.0012908714849422776,5749,4448085,1232,953160,1232,953162,4453834,108.03850899999816,b2e6f6243676544cb68b25aac83ba18d5eb139e5,True,3.14.4,1.8.0,3.4.0,2026-08-27T20:43:12+00:00,0.8405271506468719,0.9869180036872216,0.0003024989720323509,0.0009388300240971148,1148,37560,84,915602,0.029657951844579932,0.9318181818181818,0.057486229344016024,0.16243540835271641,38708,0.0405576732460598,773.7010836478753,0.10758594159763614,102550.89102642151,0.08116883116883117,1.0,0.4050324675324675,0.998,0.7767857142857143,0.957,0.8685064935064936,0.214
E3_multiseed_multisplit,xgboost__unweighted__split789__model789,xgboost,unweighted,C,decision,no_origin_balance,test,stratified,789,789,False,1.0,773.7010836478753,ner_optimal,val,0.001290797995614565,0.0012908741900602688,0.0012908714849422776,5749,4448085,1232,953160,1232,953162,4453834,104.62674569999945,b2e6f6243676544cb68b25aac83ba18d5eb139e5,True,3.14.4,1.8.0,3.4.0,2026-08-27T20:45:11+00:00,0.8398015516993577,0.9864414605513836,0.00030457974854605606,0.0011961391428485513,1133,28618,99,924544,0.03808275352089006,0.9196428571428571,0.07313688151566988,0.18380390398080174,29751,0.031172660347822807,773.7010836478753,0.11038023135325249,105214.40728113963,0.08116883116883117,1.0,0.4042207792207792,0.996,0.7775974025974026,0.958,0.8628246753246753,0.2126
E3_multiseed_multisplit,xgboost__weighted__split123__model123,xgboost,weighted,E,algorithm+decision,no_origin_balance,test,stratified,123,123,False,773.7010836478753,773.7010836478753,ner_optimal,val,0.001290797995614565,0.0012908741900602688,0.0012908714849422776,5749,4448085,1232,953160,1232,953162,4453834,131.35881789999985,b2e6f6243676544cb68b25aac83ba18d5eb139e5,True,3.14.4,1.8.0,3.4.0,2026-08-27T18:18:48+00:00,0.8283351647239205,0.9863297761494434,0.012865969506893378,0.3716185986995697,1118,23086,114,930076,0.046190712278962154,0.9074675324675324,0.08790690360119516,0.20171654761676958,24204,0.0253605953096939,773.7010836478753,0.11675194551909088,111287.92353585776,0.08116883116883117,1.0,0.40584415584415584,1.0,0.7508116883116883,0.925,0.8636363636363636,0.2128
E3_multiseed_multisplit,xgboost__weighted__split123__model42,xgboost,weighted,E,algorithm+decision,no_origin_balance,test,stratified,123,42,False,773.7010836478753,773.7010836478753,ner_optimal,val,0.001290797995614565,0.0012908741900602688,0.0012908714849422776,5749,4448085,1232,953160,1232,953162,4453834,128.5329477999985,b2e6f6243676544cb68b25aac83ba18d5eb139e5,True,3.14.4,1.8.0,3.4.0,2026-08-27T18:16:21+00:00,0.8248751773828585,0.9862922651508499,0.013224345035951062,0.28961873054504395,1131,35758,101,917404,0.030659546206186127,0.9180194805194806,0.059337373101440154,0.16400895334112411,36889,0.038651751792236747,773.7010836478753,0.11949416817867758,113901.80944843538,0.08116883116883117,1.0,0.4050324675324675,0.998,0.7516233766233766,0.926,0.8555194805194806,0.2108
E3_multiseed_multisplit,xgboost__weighted__split123__model456,xgboost,weighted,E,algorithm+decision,no_origin_balance,test,stratified,123,456,False,773.7010836478753,773.7010836478753,ner_optimal,val,0.001290797995614565,0.0012908741900602688,0.0012908714849422776,5749,4448085,1232,953160,1232,953162,4453834,137.0250866000024,b2e6f6243676544cb68b25aac83ba18d5eb139e5,True,3.14.4,1.8.0,3.4.0,2026-08-27T18:21:20+00:00,0.8246323655951001,0.9865340215739073,0.01334716416139098,0.3958902955055237,1113,21463,119,931699,0.04930014174344437,0.9034090909090909,0.09349798387096774,0.20812394133789575,22576,0.023654800847448747,773.7010836478753,0.11910770091395755,113533.42895409712,0.08116883116883117,1.0,0.40584415584415584,1.0,0.75,0.924,0.8612012987012987,0.2122
E3_multiseed_multisplit,xgboost__weighted__split123__model789,xgboost,weighted,E,algorithm+decision,no_origin_balance,test,stratified,123,789,False,773.7010836478753,773.7010836478753,ner_optimal,val,0.001290797995614565,0.0012908741900602688,0.0012908714849422776,5749,4448085,1232,953160,1232,953162,4453834,132.4010387999988,b2e6f6243676544cb68b25aac83ba18d5eb139e5,True,3.14.4,1.8.0,3.4.0,2026-08-27T18:23:47+00:00,0.8251705528729397,0.9868003195181905,0.013094518326259887,0.35652032494544983,1121,25233,111,927929,0.04253623738331942,0.9099025974025974,0.0812731095483216,0.19357714055007721,26354,0.02761333369656557,773.7010836478753,0.11656929413497805,111113.82028491412,0.08116883116883117,1.0,0.40584415584415584,1.0,0.7548701298701299,0.93,0.8636363636363636,0.2128
E3_multiseed_multisplit,xgboost__weighted__split42__model123,xgboost,weighted,E,algorithm+decision,no_origin_balance,test,stratified,42,123,False,773.7010836478753,773.7010836478753,ner_optimal,val,0.001290797995614565,0.0012908741900602688,0.0012908714849422776,5749,4448085,1232,953160,1232,953162,4453834,118.35718139999881,b2e6f6243676544cb68b25aac83ba18d5eb139e5,True,3.14.4,1.8.0,3.4.0,2026-08-27T17:06:30+00:00,0.793669041176051,0.9834178819495587,0.012651515803544107,0.4094126522541046,1076,19190,156,933972,0.05309385177143985,0.8733766233766234,0.10010233510093962,0.21250764408605735,20266,0.021234416813181976,773.7010836478753,0.14675556853896626,139887.36904906854,0.08116883116883117,1.0,0.40584415584415584,1.0,0.734577922077922,0.905,0.8336038961038961,0.2054
E3_multiseed_multisplit,xgboost__weighted__split42__model42,xgboost,weighted,E,algorithm+decision,no_origin_balance,test,stratified,42,42,False,773.7010836478753,773.7010836478753,ner_optimal,val,0.001290797995614565,0.0012908741900602688,0.0012908714849422776,5749,4448085,1232,953160,1232,953162,4453834,120.65797569999995,b2e6f6243676544cb68b25aac83ba18d5eb139e5,True,3.14.4,1.8.0,3.4.0,2026-08-27T17:04:19+00:00,0.7977492432799025,0.9838178992079051,0.01236912362804475,0.4471830129623413,1077,15670,155,937492,0.06431002567624051,0.8741883116883117,0.1198064408476556,0.23456347257981738,16747,0.017547260355785976,773.7010836478753,0.14225105502962937,135593.66796542064,0.08116883116883117,1.0,0.40584415584415584,1.0,0.7329545454545454,0.903,0.836038961038961,0.206
E3_multiseed_multisplit,xgboost__weighted__split42__model456,xgboost,weighted,E,algorithm+decision,no_origin_balance,test,stratified,42,456,False,773.7010836478753,773.7010836478753,ner_optimal,val,0.001290797995614565,0.0012908741900602688,0.0012908714849422776,5749,4448085,1232,953160,1232,953162,4453834,134.12493929999982,b2e6f6243676544cb68b25aac83ba18d5eb139e5,True,3.14.4,1.8.0,3.4.0,2026-08-27T17:09:00+00:00,0.7979451040239316,0.9842289017753814,0.012745085016728218,0.468712717294693,1067,14720,165,938442,0.06758725533666941,0.8660714285714286,0.1253892708149715,0.23946207254454446,15787,0.01654138647141537,773.7010836478753,0.1493712949823744,142380.6788018994,0.08116883116883117,1.0,0.40584415584415584,1.0,0.7337662337662337,0.904,0.838474025974026,0.2066
E3_multiseed_multisplit,xgboost__weighted__split42__model789,xgboost,weighted,E,algorithm+decision,no_origin_balance,test,stratified,42,789,False,773.7010836478753,773.7010836478753,ner_optimal,val,0.001290797995614565,0.0012908741900602688,0.0012908714849422776,5749,4448085,1232,953160,1232,953162,4453834,128.71469720000096,b2e6f6243676544cb68b25aac83ba18d5eb139e5,True,3.14.4,1.8.0,3.4.0,2026-08-27T17:11:23+00:00,0.7969956877581315,0.9839253802388479,0.01248779613381599,0.43006810545921326,1077,16862,155,936300,0.060036791348458664,0.8741883116883117,0.11235720619685984,0.2264500148955422,17939,0.018796220428879476,773.7010836478753,0.14350157992610582,136785.66796542064,0.08116883116883117,1.0,0.40584415584415584,1.0,0.7329545454545454,0.903,0.8336038961038961,0.2054
E3_multiseed_multisplit,xgboost__weighted__split456__model123,xgboost,weighted,E,algorithm+decision,no_origin_balance,test,stratified,456,123,False,773.7010836478753,773.7010836478753,ner_optimal,val,0.001290797995614565,0.0012908741900602688,0.0012908714849422776,5749,4448085,1232,953160,1232,953162,4453834,119.25846770000135,b2e6f6243676544cb68b25aac83ba18d5eb139e5,True,3.14.4,1.8.0,3.4.0,2026-08-27T19:32:55+00:00,0.8168826112947853,0.9856835334058447,0.012237757523931202,0.3193224370479584,1112,27900,120,925262,0.03832896732386599,0.9025974025974026,0.07353524666049464,0.1826484320095329,29012,0.030398347013916683,773.7010836478753,0.12667243348623214,120744.13003774501,0.08116883116883117,1.0,0.4050324675324675,0.998,0.7459415584415584,0.919,0.8498376623376623,0.2094
E3_multiseed_multisplit,xgboost__weighted__split456__model42,xgboost,weighted,E,algorithm+decision,no_origin_balance,test,stratified,456,42,False,773.7010836478753,773.7010836478753,ner_optimal,val,0.001290797995614565,0.0012908741900602688,0.0012908714849422776,5749,4448085,1232,953160,1232,953162,4453834,127.86503810000067,b2e6f6243676544cb68b25aac83ba18d5eb139e5,True,3.14.4,1.8.0,3.4.0,2026-08-27T19:30:42+00:00,0.817585978020491,0.9859947880890609,0.012403794347631732,0.21911723911762238,1135,49134,97,904028,0.022578527521932006,0.9212662337662337,0.044076814042445775,0.13979856540792968,50269,0.05267111905565207,773.7010836478753,0.13028015068298882,124183.00511384389,0.08116883116883117,1.0,0.4050324675324675,0.998,0.7483766233766234,0.922,0.8506493506493507,0.2096
E3_multiseed_multisplit,xgboost__weighted__split456__model456,xgboost,weighted,E,algorithm+decision,no_origin_balance,test,stratified,456,456,False,773.7010836478753,773.7010836478753,ner_optimal,val,0.001290797995614565,0.0012908741900602688,0.0012908714849422776,5749,4448085,1232,953160,1232,953162,4453834,126.2732775000004,b2e6f6243676544cb68b25aac83ba18d5eb139e5,True,3.14.4,1.8.0,3.4.0,2026-08-27T19:35:14+00:00,0.8153872171997595,0.9858914461352517,0.012626086201148641,0.28557848930358887,1113,34335,119,918827,0.03139810426540284,0.9034090909090909,0.06068702290076336,0.16468752378692764,35448,0.03714189318038462,773.7010836478753,0.13261169123899505,126405.42895409712,0.08116883116883117,1.0,0.4050324675324675,0.998,0.7483766233766234,0.922,0.8530844155844156,0.2102
E3_multiseed_multisplit,xgboost__weighted__split456__model789,xgboost,weighted,E,algorithm+decision,no_origin_balance,test,stratified,456,789,False,773.7010836478753,773.7010836478753,ner_optimal,val,0.001290797995614565,0.0012908741900602688,0.0012908714849422776,5749,4448085,1232,953160,1232,953162,4453834,117.68581690000065,b2e6f6243676544cb68b25aac83ba18d5eb139e5,True,3.14.4,1.8.0,3.4.0,2026-08-27T19:37:24+00:00,0.8155826642678626,0.9855284732127546,0.012753766014056625,0.26016855239868164,1122,39861,110,913301,0.027377205182636703,0.9107142857142857,0.05315646097358759,0.15389368051919736,40983,0.042941384794958896,773.7010836478753,0.13110381235488147,124968.11920126625,0.08116883116883117,1.0,0.4042207792207792,0.996,0.7491883116883117,0.923,0.851461038961039,0.2098
E3_multiseed_multisplit,xgboost__weighted__split789__model123,xgboost,weighted,E,algorithm+decision,no_origin_balance,test,stratified,789,123,False,773.7010836478753,773.7010836478753,ner_optimal,val,0.001290797995614565,0.0012908741900602688,0.0012908714849422776,5749,4448085,1232,953160,1232,953162,4453834,91.3749633999978,b2e6f6243676544cb68b25aac83ba18d5eb139e5,True,3.14.4,1.8.0,3.4.0,2026-08-27T20:48:58+00:00,0.8253448223980756,0.9873302972414141,0.01314204741653509,0.419091135263443,1115,19258,117,933904,0.05472929858145585,0.9050324675324676,0.10321684795186299,0.21980715512784726,20373,0.021346529839877452,773.7010836478753,0.11517106305171301,109781.02678680138,0.08116883116883117,1.0,0.40584415584415584,1.0,0.7459415584415584,0.919,0.8603896103896104,0.212
E3_multiseed_multisplit,xgboost__weighted__split789__model42,xgboost,weighted,E,algorithm+decision,no_origin_balance,test,stratified,789,42,False,773.7010836478753,773.7010836478753,ner_optimal,val,0.001290797995614565,0.0012908741900602688,0.0012908714849422776,5749,4448085,1232,953160,1232,953162,4453834,112.08169389999966,b2e6f6243676544cb68b25aac83ba18d5eb139e5,True,3.14.4,1.8.0,3.4.0,2026-08-27T20:47:16+00:00,0.824915587634431,0.9869374387428507,0.013408752690867599,0.32886412739753723,1123,30364,109,922798,0.03566551275129418,0.911525974025974,0.068645129741129,0.17683321104251884,31487,0.032991615622059656,773.7010836478753,0.12032883969601468,114697.41811761838,0.08116883116883117,1.0,0.40584415584415584,1.0,0.7508116883116883,0.925,0.859577922077922,0.2118
E3_multiseed_multisplit,xgboost__weighted__split789__model456,xgboost,weighted,E,algorithm+decision,no_origin_balance,test,stratified,789,456,False,773.7010836478753,773.7010836478753,ner_optimal,val,0.001290797995614565,0.0012908741900602688,0.0012908714849422776,5749,4448085,1232,953160,1232,953162,4453834,88.4442046999975,b2e6f6243676544cb68b25aac83ba18d5eb139e5,True,3.14.4,1.8.0,3.4.0,2026-08-27T20:50:37+00:00,0.824542498861577,0.9870892987195292,0.012939998767166755,0.30662283301353455,1128,32560,104,920602,0.0334837330800285,0.9155844155844156,0.06460481099656358,0.17150456982518403,33688,0.03529779105903851,773.7010836478753,0.11857421749383343,113024.91269937901,0.08116883116883117,1.0,0.40584415584415584,1.0,0.7459415584415584,0.919,0.859577922077922,0.2118
E3_multiseed_multisplit,xgboost__weighted__split789__model789,xgboost,weighted,E,algorithm+decision,no_origin_balance,test,stratified,789,789,False,773.7010836478753,773.7010836478753,ner_optimal,val,0.001290797995614565,0.0012908741900602688,0.0012908714849422776,5749,4448085,1232,953160,1232,953162,4453834,89.70778150000115,b2e6f6243676544cb68b25aac83ba18d5eb139e5,True,3.14.4,1.8.0,3.4.0,2026-08-27T20:52:17+00:00,0.8234770459056854,0.9871747869912795,0.012711426846669545,0.40696465969085693,1107,19573,125,933589,0.05352998065764023,0.898538961038961,0.10104052573932092,0.21652252389296164,20680,0.0216681999258168,773.7010836478753,0.12199503543648635,116285.63545598437,0.08116883116883117,1.0,0.4050324675324675,0.998,0.7467532467532467,0.92,0.8563311688311688,0.211
