experiment_id,cell_id,learner,csl_variant,config,level,feature_set,split,split_strategy,split_seed,model_seed,deterministic_in_model_seed,R_train,R_eval,threshold_rule,threshold_selected_on,train_prevalence,val_prevalence,test_prevalence,train_n_positive,train_n_negative,val_n_positive,val_n_negative,test_n_positive,test_n_negative,n_train,fit_seconds,git_sha,git_dirty,python_version,sklearn_version,xgboost_version,timestamp_utc,pr_auc,roc_auc,brier,threshold,tp,fp,fn,tn,precision,recall,f1,mcc,n_flagged,alert_rate,R,ner,total_risk,recall_at_100,precision_at_100,recall_at_500,precision_at_500,recall_at_1000,precision_at_1000,recall_at_5000,precision_at_5000
E3_multiseed_multisplit,decision_tree__instance_weighted__split123__model123,decision_tree,instance_weighted,F,algorithm,no_origin_balance,val,stratified,123,123,False,773.7010836478753,773.7010836478753,ner_optimal,val,0.001290797995614565,0.0012908741900602688,0.0012908714849422776,5749,4448085,1232,953160,1232,953162,4453834,41.34262079999826,b2e6f6243676544cb68b25aac83ba18d5eb139e5,True,3.14.4,1.8.0,3.4.0,2026-08-27T17:31:15+00:00,0.7380688918101479,0.9801669015994916,0.022166104673588306,0.5242404341697693,1114,28817,118,924343,0.03721893688817614,0.9042207792207793,0.07149504219747778,0.18004814375776396,29931,0.03136132742101778,773.7010836478753,0.12601107979076565,120113.72787044925,0.08116883116883117,1.0,0.4034090909090909,0.994,0.6663961038961039,0.821,0.8262987012987013,0.2036
E3_multiseed_multisplit,decision_tree__instance_weighted__split123__model123,decision_tree,instance_weighted,F,algorithm,no_origin_balance,test,stratified,123,123,False,773.7010836478753,773.7010836478753,ner_optimal,val,0.001290797995614565,0.0012908741900602688,0.0012908714849422776,5749,4448085,1232,953160,1232,953162,4453834,41.34262079999826,b2e6f6243676544cb68b25aac83ba18d5eb139e5,True,3.14.4,1.8.0,3.4.0,2026-08-27T17:31:15+00:00,0.7453063365774166,0.9810765276623913,0.02218008840445158,0.5242404341697693,1113,28899,119,924263,0.03708516593362655,0.9034090909090909,0.07124567917040071,0.17962820154322942,30012,0.031446132310136064,773.7010836478753,0.1269087941439901,120969.42895409712,0.08116883116883117,1.0,0.4034090909090909,0.994,0.672077922077922,0.828,0.8295454545454546,0.2044
E3_multiseed_multisplit,decision_tree__instance_weighted__split123__model42,decision_tree,instance_weighted,F,algorithm,no_origin_balance,val,stratified,123,42,False,773.7010836478753,773.7010836478753,ner_optimal,val,0.001290797995614565,0.0012908741900602688,0.0012908714849422776,5749,4448085,1232,953160,1232,953162,4453834,40.76660470000206,b2e6f6243676544cb68b25aac83ba18d5eb139e5,True,3.14.4,1.8.0,3.4.0,2026-08-27T17:30:30+00:00,0.7380693531866641,0.9801672515972844,0.02216461363170776,0.5242404341697693,1114,28815,118,924345,0.0372214240368873,0.9042207792207793,0.07149963094894259,0.1800543970096793,29929,0.03135923184603392,773.7010836478753,0.12600898159463061,120111.72787044925,0.08116883116883117,1.0,0.4034090909090909,0.994,0.6663961038961039,0.821,0.8238636363636364,0.203
E3_multiseed_multisplit,decision_tree__instance_weighted__split123__model42,decision_tree,instance_weighted,F,algorithm,no_origin_balance,test,stratified,123,42,False,773.7010836478753,773.7010836478753,ner_optimal,val,0.001290797995614565,0.0012908741900602688,0.0012908714849422776,5749,4448085,1232,953160,1232,953162,4453834,40.76660470000206,b2e6f6243676544cb68b25aac83ba18d5eb139e5,True,3.14.4,1.8.0,3.4.0,2026-08-27T17:30:32+00:00,0.7452896104696469,0.9810738954460719,0.022192026875678224,0.5242404341697693,1113,28913,119,924249,0.03706787450875908,0.9034090909090909,0.07121376927506558,0.1795846584670902,30026,0.03146080130428314,773.7010836478753,0.12692348151693528,120983.42895409712,0.08116883116883117,1.0,0.4034090909090909,0.994,0.6737012987012987,0.83,0.8311688311688312,0.2048
E3_multiseed_multisplit,decision_tree__instance_weighted__split123__model456,decision_tree,instance_weighted,F,algorithm,no_origin_balance,val,stratified,123,456,False,773.7010836478753,773.7010836478753,ner_optimal,val,0.001290797995614565,0.0012908741900602688,0.0012908714849422776,5749,4448085,1232,953160,1232,953162,4453834,37.044993200001045,b2e6f6243676544cb68b25aac83ba18d5eb139e5,True,3.14.4,1.8.0,3.4.0,2026-08-27T17:31:54+00:00,0.7380618410313586,0.9801666239856707,0.022167522808924037,0.5242404341697693,1114,28818,118,924342,0.03721769343846051,0.9042207792207793,0.07149274804261327,0.1800450173637494,29932,0.031362375208509714,773.7010836478753,0.12601212888883317,120114.72787044925,0.08116883116883117,1.0,0.4025974025974026,0.992,0.6655844155844156,0.82,0.8238636363636364,0.203
E3_multiseed_multisplit,decision_tree__instance_weighted__split123__model456,decision_tree,instance_weighted,F,algorithm,no_origin_balance,test,stratified,123,456,False,773.7010836478753,773.7010836478753,ner_optimal,val,0.001290797995614565,0.0012908741900602688,0.0012908714849422776,5749,4448085,1232,953160,1232,953162,4453834,37.044993200001045,b2e6f6243676544cb68b25aac83ba18d5eb139e5,True,3.14.4,1.8.0,3.4.0,2026-08-27T17:31:56+00:00,0.7452949336791446,0.9810751757881089,0.02218626300904197,0.5242404341697693,1113,28906,119,924256,0.037076518205136744,0.9034090909090909,0.07122972064893923,0.17960642624783785,30019,0.031453466807209604,773.7010836478753,0.12691613783046268,120976.42895409712,0.08116883116883117,1.0,0.4034090909090909,0.994,0.6688311688311688,0.824,0.8295454545454546,0.2044
E3_multiseed_multisplit,decision_tree__instance_weighted__split123__model789,decision_tree,instance_weighted,F,algorithm,no_origin_balance,val,stratified,123,789,False,773.7010836478753,773.7010836478753,ner_optimal,val,0.001290797995614565,0.0012908741900602688,0.0012908714849422776,5749,4448085,1232,953160,1232,953162,4453834,39.10720190000211,b2e6f6243676544cb68b25aac83ba18d5eb139e5,True,3.14.4,1.8.0,3.4.0,2026-08-27T17:32:37+00:00,0.7380704350511278,0.9801676177750236,0.022162961963645023,0.5242404341697693,1114,28813,118,924347,0.0372239115180272,0.9042207792207793,0.07150422028948297,0.18006065088019527,29927,0.03135713627105005,773.7010836478753,0.12600688339849558,120109.72787044925,0.08116883116883117,1.0,0.4034090909090909,0.994,0.6655844155844156,0.82,0.827922077922078,0.204
E3_multiseed_multisplit,decision_tree__instance_weighted__split123__model789,decision_tree,instance_weighted,F,algorithm,no_origin_balance,test,stratified,123,789,False,773.7010836478753,773.7010836478753,ner_optimal,val,0.001290797995614565,0.0012908741900602688,0.0012908714849422776,5749,4448085,1232,953160,1232,953162,4453834,39.10720190000211,b2e6f6243676544cb68b25aac83ba18d5eb139e5,True,3.14.4,1.8.0,3.4.0,2026-08-27T17:32:37+00:00,0.7453022369433211,0.9810757901990032,0.022183448826641326,0.5242404341697693,1113,28903,119,924259,0.037080223880597014,0.9034090909090909,0.07123655913978495,0.17961575759687604,30016,0.03145032345132094,773.7010836478753,0.12691299053626015,120973.42895409712,0.08116883116883117,1.0,0.4025974025974026,0.992,0.6704545454545454,0.826,0.8303571428571429,0.2046
E3_multiseed_multisplit,decision_tree__instance_weighted__split42__model123,decision_tree,instance_weighted,F,algorithm,no_origin_balance,val,stratified,42,123,False,773.7010836478753,773.7010836478753,ner_optimal,val,0.001290797995614565,0.0012908741900602688,0.0012908714849422776,5749,4448085,1232,953160,1232,953162,4453834,45.61893979999877,b2e6f6243676544cb68b25aac83ba18d5eb139e5,True,3.14.4,1.8.0,3.4.0,2026-08-27T16:21:29+00:00,0.7525870411154459,0.980369140713351,0.02118709647144366,0.3630135953426361,1116,34825,116,918335,0.031050888956901588,0.9058441558441559,0.060043580017754825,0.16396031990949386,35941,0.03765853024752932,773.7010836478753,0.1306906843570119,124574.3257031535,0.08116883116883117,1.0,0.40584415584415584,1.0,0.6834415584415584,0.842,0.8311688311688312,0.2048
E3_multiseed_multisplit,decision_tree__instance_weighted__split42__model123,decision_tree,instance_weighted,F,algorithm,no_origin_balance,test,stratified,42,123,False,773.7010836478753,773.7010836478753,ner_optimal,val,0.001290797995614565,0.0012908741900602688,0.0012908714849422776,5749,4448085,1232,953160,1232,953162,4453834,45.61893979999877,b2e6f6243676544cb68b25aac83ba18d5eb139e5,True,3.14.4,1.8.0,3.4.0,2026-08-27T16:21:30+00:00,0.7153773031503265,0.9779755060374986,0.02115810043643879,0.3630135953426361,1101,34646,131,918516,0.03079978739474641,0.8936688311688312,0.059547310635766244,0.1621204165515996,35747,0.037455180983954214,773.7010836478753,0.14267822047825163,136000.84195787166,0.08116883116883117,1.0,0.4042207792207792,0.996,0.6663961038961039,0.821,0.801948051948052,0.1976
E3_multiseed_multisplit,decision_tree__instance_weighted__split42__model42,decision_tree,instance_weighted,F,algorithm,no_origin_balance,val,stratified,42,42,False,773.7010836478753,773.7010836478753,ner_optimal,val,0.001290797995614565,0.0012908741900602688,0.0012908714849422776,5749,4448085,1232,953160,1232,953162,4453834,43.62598490000164,b2e6f6243676544cb68b25aac83ba18d5eb139e5,True,3.14.4,1.8.0,3.4.0,2026-08-27T16:20:40+00:00,0.7525838460151063,0.9803687566525127,0.021188948300429677,0.3630135953426361,1116,34827,116,918333,0.03104916117185544,0.9058441558441559,0.06004034969737727,0.1639555409365667,35943,0.03766062582251318,773.7010836478753,0.13069278255314692,124576.3257031535,0.08116883116883117,1.0,0.40584415584415584,1.0,0.685064935064935,0.844,0.8303571428571429,0.2046
E3_multiseed_multisplit,decision_tree__instance_weighted__split42__model42,decision_tree,instance_weighted,F,algorithm,no_origin_balance,test,stratified,42,42,False,773.7010836478753,773.7010836478753,ner_optimal,val,0.001290797995614565,0.0012908741900602688,0.0012908714849422776,5749,4448085,1232,953160,1232,953162,4453834,43.62598490000164,b2e6f6243676544cb68b25aac83ba18d5eb139e5,True,3.14.4,1.8.0,3.4.0,2026-08-27T16:20:41+00:00,0.7153634575239174,0.9779733174914161,0.021167359561965676,0.3630135953426361,1101,34656,131,918506,0.0307911737561876,0.8936688311688312,0.05953121198194058,0.16209664382150674,35757,0.03746565883691641,773.7010836478753,0.14268871145892675,136010.84195787166,0.08116883116883117,1.0,0.4050324675324675,0.998,0.6647727272727273,0.819,0.801948051948052,0.1976
E3_multiseed_multisplit,decision_tree__instance_weighted__split42__model456,decision_tree,instance_weighted,F,algorithm,no_origin_balance,val,stratified,42,456,False,773.7010836478753,773.7010836478753,ner_optimal,val,0.001290797995614565,0.0012908741900602688,0.0012908714849422776,5749,4448085,1232,953160,1232,953162,4453834,40.14707009999984,b2e6f6243676544cb68b25aac83ba18d5eb139e5,True,3.14.4,1.8.0,3.4.0,2026-08-27T16:22:12+00:00,0.7525870411154459,0.980369140713351,0.02118709647144366,0.3630135953426361,1116,34825,116,918335,0.031050888956901588,0.9058441558441559,0.060043580017754825,0.16396031990949386,35941,0.03765853024752932,773.7010836478753,0.1306906843570119,124574.3257031535,0.08116883116883117,1.0,0.40584415584415584,1.0,0.6834415584415584,0.842,0.8311688311688312,0.2048
E3_multiseed_multisplit,decision_tree__instance_weighted__split42__model456,decision_tree,instance_weighted,F,algorithm,no_origin_balance,test,stratified,42,456,False,773.7010836478753,773.7010836478753,ner_optimal,val,0.001290797995614565,0.0012908741900602688,0.0012908714849422776,5749,4448085,1232,953160,1232,953162,4453834,40.14707009999984,b2e6f6243676544cb68b25aac83ba18d5eb139e5,True,3.14.4,1.8.0,3.4.0,2026-08-27T16:22:13+00:00,0.7153783667075635,0.9779757214858096,0.021157210968628687,0.3630135953426361,1101,34645,131,918517,0.030800649023666984,0.8936688311688312,0.059548920980042185,0.16212279436438715,35746,0.03745413319865799,773.7010836478753,0.1426771713801841,135999.84195787166,0.08116883116883117,1.0,0.4042207792207792,0.996,0.6672077922077922,0.822,0.801948051948052,0.1976
E3_multiseed_multisplit,decision_tree__instance_weighted__split42__model789,decision_tree,instance_weighted,F,algorithm,no_origin_balance,val,stratified,42,789,False,773.7010836478753,773.7010836478753,ner_optimal,val,0.001290797995614565,0.0012908741900602688,0.0012908714849422776,5749,4448085,1232,953160,1232,953162,4453834,42.381910700001754,b2e6f6243676544cb68b25aac83ba18d5eb139e5,True,3.14.4,1.8.0,3.4.0,2026-08-27T16:22:57+00:00,0.7525838460151063,0.9803687566525127,0.021188948300429677,0.3630135953426361,1116,34827,116,918333,0.03104916117185544,0.9058441558441559,0.06004034969737727,0.1639555409365667,35943,0.03766062582251318,773.7010836478753,0.13069278255314692,124576.3257031535,0.08116883116883117,1.0,0.40584415584415584,1.0,0.685064935064935,0.844,0.8303571428571429,0.2046
E3_multiseed_multisplit,decision_tree__instance_weighted__split42__model789,decision_tree,instance_weighted,F,algorithm,no_origin_balance,test,stratified,42,789,False,773.7010836478753,773.7010836478753,ner_optimal,val,0.001290797995614565,0.0012908741900602688,0.0012908714849422776,5749,4448085,1232,953160,1232,953162,4453834,42.381910700001754,b2e6f6243676544cb68b25aac83ba18d5eb139e5,True,3.14.4,1.8.0,3.4.0,2026-08-27T16:22:59+00:00,0.7153645174833139,0.9779735329397272,0.02116647009415557,0.3630135953426361,1101,34655,131,918507,0.030792034903233022,0.8936688311688312,0.059532821455607225,0.16209902065298187,35756,0.03746461105162019,773.7010836478753,0.14268766236085925,136009.84195787166,0.08116883116883117,1.0,0.4042207792207792,0.996,0.6655844155844156,0.82,0.801948051948052,0.1976
E3_multiseed_multisplit,decision_tree__instance_weighted__split456__model123,decision_tree,instance_weighted,F,algorithm,no_origin_balance,val,stratified,456,123,False,773.7010836478753,773.7010836478753,ner_optimal,val,0.001290797995614565,0.0012908741900602688,0.0012908714849422776,5749,4448085,1232,953160,1232,953162,4453834,35.313885200001096,b2e6f6243676544cb68b25aac83ba18d5eb139e5,True,3.14.4,1.8.0,3.4.0,2026-08-27T18:43:27+00:00,0.728988791772466,0.9813930639396065,0.0217644856455543,0.46225664019584656,1125,30261,107,922899,0.03584400688204932,0.9131493506493507,0.06898031761604022,0.17745640664850199,31386,0.03288585822177889,773.7010836478753,0.11859740597168414,113047.01595032263,0.08116883116883117,1.0,0.4025974025974026,0.992,0.6574675324675324,0.81,0.8295454545454546,0.2044
E3_multiseed_multisplit,decision_tree__instance_weighted__split456__model123,decision_tree,instance_weighted,F,algorithm,no_origin_balance,test,stratified,456,123,False,773.7010836478753,773.7010836478753,ner_optimal,val,0.001290797995614565,0.0012908741900602688,0.0012908714849422776,5749,4448085,1232,953160,1232,953162,4453834,35.313885200001096,b2e6f6243676544cb68b25aac83ba18d5eb139e5,True,3.14.4,1.8.0,3.4.0,2026-08-27T18:43:28+00:00,0.7407649749988063,0.9806381393153566,0.021890302869197617,0.46225664019584656,1100,30627,132,922535,0.034670785135688845,0.8928571428571429,0.06674959798537577,0.17239164179242916,31727,0.033243084093152304,773.7010836478753,0.139273583656602,132755.54304151953,0.08035714285714286,0.99,0.4025974025974026,0.992,0.6761363636363636,0.833,0.8214285714285714,0.2024
E3_multiseed_multisplit,decision_tree__instance_weighted__split456__model42,decision_tree,instance_weighted,F,algorithm,no_origin_balance,val,stratified,456,42,False,773.7010836478753,773.7010836478753,ner_optimal,val,0.001290797995614565,0.0012908741900602688,0.0012908714849422776,5749,4448085,1232,953160,1232,953162,4453834,37.88509569999951,b2e6f6243676544cb68b25aac83ba18d5eb139e5,True,3.14.4,1.8.0,3.4.0,2026-08-27T18:42:50+00:00,0.7290045149499684,0.9813942927639736,0.021758670214785034,0.46225664019584656,1125,30255,107,922905,0.035850860420650096,0.9131493506493507,0.06899300870845088,0.17747406173442484,31380,0.0328795714968273,773.7010836478753,0.11859111138327906,113041.01595032263,0.08116883116883117,1.0,0.4034090909090909,0.994,0.6558441558441559,0.808,0.8262987012987013,0.2036
E3_multiseed_multisplit,decision_tree__instance_weighted__split456__model42,decision_tree,instance_weighted,F,algorithm,no_origin_balance,test,stratified,456,42,False,773.7010836478753,773.7010836478753,ner_optimal,val,0.001290797995614565,0.0012908741900602688,0.0012908714849422776,5749,4448085,1232,953160,1232,953162,4453834,37.88509569999951,b2e6f6243676544cb68b25aac83ba18d5eb139e5,True,3.14.4,1.8.0,3.4.0,2026-08-27T18:42:51+00:00,0.7407782126831213,0.9806399284730682,0.021882222911242505,0.46225664019584656,1100,30618,132,922544,0.03468062299010026,0.8928571428571429,0.06676783004552352,0.17241714868937272,31718,0.03323365402548633,773.7010836478753,0.13926414177399438,132746.54304151953,0.08035714285714286,0.99,0.40016233766233766,0.986,0.6777597402597403,0.835,0.8222402597402597,0.2026
E3_multiseed_multisplit,decision_tree__instance_weighted__split456__model456,decision_tree,instance_weighted,F,algorithm,no_origin_balance,val,stratified,456,456,False,773.7010836478753,773.7010836478753,ner_optimal,val,0.001290797995614565,0.0012908741900602688,0.0012908714849422776,5749,4448085,1232,953160,1232,953162,4453834,36.34920979999879,b2e6f6243676544cb68b25aac83ba18d5eb139e5,True,3.14.4,1.8.0,3.4.0,2026-08-27T18:44:06+00:00,0.7289727437144491,0.9813914731953808,0.021771570752681324,0.46225664019584656,1125,30269,107,922891,0.03583487290565076,0.9131493506493507,0.06896340342058481,0.17743287430087012,31394,0.03289424052171435,773.7010836478753,0.11860579875622426,113055.01595032263,0.08116883116883117,1.0,0.4034090909090909,0.994,0.6558441558441559,0.808,0.827922077922078,0.204
E3_multiseed_multisplit,decision_tree__instance_weighted__split456__model456,decision_tree,instance_weighted,F,algorithm,no_origin_balance,test,stratified,456,456,False,773.7010836478753,773.7010836478753,ner_optimal,val,0.001290797995614565,0.0012908741900602688,0.0012908714849422776,5749,4448085,1232,953160,1232,953162,4453834,36.34920979999879,b2e6f6243676544cb68b25aac83ba18d5eb139e5,True,3.14.4,1.8.0,3.4.0,2026-08-27T18:44:07+00:00,0.7412179526584879,0.9806391437473038,0.02188759528474015,0.46225664019584656,1100,30624,132,922538,0.03467406380027739,0.8928571428571429,0.06675567423230974,0.1724001429026018,31724,0.03323994073726365,773.7010836478753,0.13927043636239947,132752.54304151953,0.08035714285714286,0.99,0.4025974025974026,0.992,0.6785714285714286,0.836,0.8214285714285714,0.2024
E3_multiseed_multisplit,decision_tree__instance_weighted__split456__model789,decision_tree,instance_weighted,F,algorithm,no_origin_balance,val,stratified,456,789,False,773.7010836478753,773.7010836478753,ner_optimal,val,0.001290797995614565,0.0012908741900602688,0.0012908714849422776,5749,4448085,1232,953160,1232,953162,4453834,38.593704900002194,b2e6f6243676544cb68b25aac83ba18d5eb139e5,True,3.14.4,1.8.0,3.4.0,2026-08-27T18:44:47+00:00,0.728988791772466,0.9813930639396065,0.0217644856455543,0.46225664019584656,1125,30261,107,922899,0.03584400688204932,0.9131493506493507,0.06898031761604022,0.17745640664850199,31386,0.03288585822177889,773.7010836478753,0.11859740597168414,113047.01595032263,0.08116883116883117,1.0,0.4025974025974026,0.992,0.6574675324675324,0.81,0.8295454545454546,0.2044
E3_multiseed_multisplit,decision_tree__instance_weighted__split456__model789,decision_tree,instance_weighted,F,algorithm,no_origin_balance,test,stratified,456,789,False,773.7010836478753,773.7010836478753,ner_optimal,val,0.001290797995614565,0.0012908741900602688,0.0012908714849422776,5749,4448085,1232,953160,1232,953162,4453834,38.593704900002194,b2e6f6243676544cb68b25aac83ba18d5eb139e5,True,3.14.4,1.8.0,3.4.0,2026-08-27T18:44:49+00:00,0.7407662360148295,0.9806383360290315,0.021889413401387513,0.46225664019584656,1100,30626,132,922536,0.0346718779549896,0.8928571428571429,0.06675162327811153,0.1723944753637579,31726,0.033242036307856083,773.7010836478753,0.1392725345585345,132754.54304151953,0.08035714285714286,0.99,0.4025974025974026,0.992,0.6785714285714286,0.836,0.8214285714285714,0.2024
E3_multiseed_multisplit,decision_tree__instance_weighted__split789__model123,decision_tree,instance_weighted,F,algorithm,no_origin_balance,val,stratified,789,123,False,773.7010836478753,773.7010836478753,ner_optimal,val,0.001290797995614565,0.0012908741900602688,0.0012908714849422776,5749,4448085,1232,953160,1232,953162,4453834,41.018277399998624,b2e6f6243676544cb68b25aac83ba18d5eb139e5,True,3.14.4,1.8.0,3.4.0,2026-08-27T19:57:21+00:00,0.738558903728147,0.9795731512077666,0.022101772443249047,0.4547639489173889,1116,33133,116,920027,0.032584892989576335,0.9058441558441559,0.0629069079225501,0.1681497227891756,34249,0.03588567381118031,773.7010836478753,0.12891561042677854,122882.3257031535,0.08116883116883117,1.0,0.400974025974026,0.988,0.6696428571428571,0.825,0.8344155844155844,0.2056
E3_multiseed_multisplit,decision_tree__instance_weighted__split789__model123,decision_tree,instance_weighted,F,algorithm,no_origin_balance,test,stratified,789,123,False,773.7010836478753,773.7010836478753,ner_optimal,val,0.001290797995614565,0.0012908741900602688,0.0012908714849422776,5749,4448085,1232,953160,1232,953162,4453834,41.018277399998624,b2e6f6243676544cb68b25aac83ba18d5eb139e5,True,3.14.4,1.8.0,3.4.0,2026-08-27T19:57:22+00:00,0.7438996558400253,0.9822683962337033,0.0220730834302707,0.4547639489173889,1128,33188,104,919974,0.03287096398181606,0.9155844155844156,0.06346348599077303,0.16985893259403906,34316,0.03595580022506428,773.7010836478753,0.11923305108023208,113652.91269937901,0.08116883116883117,1.0,0.4025974025974026,0.992,0.6712662337662337,0.827,0.8352272727272727,0.2058
E3_multiseed_multisplit,decision_tree__instance_weighted__split789__model42,decision_tree,instance_weighted,F,algorithm,no_origin_balance,val,stratified,789,42,False,773.7010836478753,773.7010836478753,ner_optimal,val,0.001290797995614565,0.0012908741900602688,0.0012908714849422776,5749,4448085,1232,953160,1232,953162,4453834,41.95369120000032,b2e6f6243676544cb68b25aac83ba18d5eb139e5,True,3.14.4,1.8.0,3.4.0,2026-08-27T19:56:37+00:00,0.7385573754523456,0.9795729621578639,0.022103010231209395,0.4547639489173889,1116,33134,116,920026,0.03258394160583942,0.9058441558441559,0.06290513499802716,0.1681471568825209,34250,0.03588672159867225,773.7010836478753,0.12891665952484607,122883.3257031535,0.08116883116883117,1.0,0.400974025974026,0.988,0.6704545454545454,0.826,0.8336038961038961,0.2054
E3_multiseed_multisplit,decision_tree__instance_weighted__split789__model42,decision_tree,instance_weighted,F,algorithm,no_origin_balance,test,stratified,789,42,False,773.7010836478753,773.7010836478753,ner_optimal,val,0.001290797995614565,0.0012908741900602688,0.0012908714849422776,5749,4448085,1232,953160,1232,953162,4453834,41.95369120000032,b2e6f6243676544cb68b25aac83ba18d5eb139e5,True,3.14.4,1.8.0,3.4.0,2026-08-27T19:56:38+00:00,0.7438939831627351,0.9822678175889317,0.022075913119851333,0.4547639489173889,1128,33191,104,919971,0.032868090562079316,0.9155844155844156,0.06345813057297967,0.16985117825413704,34319,0.03595894358095294,773.7010836478753,0.11923619837443462,113655.91269937901,0.08035714285714286,0.99,0.4025974025974026,0.992,0.6704545454545454,0.826,0.8368506493506493,0.2062
E3_multiseed_multisplit,decision_tree__instance_weighted__split789__model456,decision_tree,instance_weighted,F,algorithm,no_origin_balance,val,stratified,789,456,False,773.7010836478753,773.7010836478753,ner_optimal,val,0.001290797995614565,0.0012908741900602688,0.0012908714849422776,5749,4448085,1232,953160,1232,953162,4453834,40.71339900000021,b2e6f6243676544cb68b25aac83ba18d5eb139e5,True,3.14.4,1.8.0,3.4.0,2026-08-27T19:58:05+00:00,0.7385641113938284,0.9795740658005387,0.02209752941072656,0.4547639489173889,1116,33128,116,920032,0.03258965074173578,0.9058441558441559,0.0629157740444244,0.1681625539829206,34244,0.035880434873720654,773.7010836478753,0.12891036493644098,122877.3257031535,0.08116883116883117,1.0,0.4025974025974026,0.992,0.6696428571428571,0.825,0.8327922077922078,0.2052
E3_multiseed_multisplit,decision_tree__instance_weighted__split789__model456,decision_tree,instance_weighted,F,algorithm,no_origin_balance,test,stratified,789,456,False,773.7010836478753,773.7010836478753,ner_optimal,val,0.001290797995614565,0.0012908741900602688,0.0012908714849422776,5749,4448085,1232,953160,1232,953162,4453834,40.71339900000021,b2e6f6243676544cb68b25aac83ba18d5eb139e5,True,3.14.4,1.8.0,3.4.0,2026-08-27T19:58:06+00:00,0.7438992766236028,0.9822683911242572,0.02207317271535264,0.4547639489173889,1128,33188,104,919974,0.03287096398181606,0.9155844155844156,0.06346348599077303,0.16985893259403906,34316,0.03595580022506428,773.7010836478753,0.11923305108023208,113652.91269937901,0.08116883116883117,1.0,0.4025974025974026,0.992,0.6704545454545454,0.826,0.836038961038961,0.206
E3_multiseed_multisplit,decision_tree__instance_weighted__split789__model789,decision_tree,instance_weighted,F,algorithm,no_origin_balance,val,stratified,789,789,False,773.7010836478753,773.7010836478753,ner_optimal,val,0.001290797995614565,0.0012908741900602688,0.0012908714849422776,5749,4448085,1232,953160,1232,953162,4453834,46.687447899999825,b2e6f6243676544cb68b25aac83ba18d5eb139e5,True,3.14.4,1.8.0,3.4.0,2026-08-27T19:58:55+00:00,0.7385573754523456,0.9795729621578639,0.022103010231209395,0.4547639489173889,1116,33134,116,920026,0.03258394160583942,0.9058441558441559,0.06290513499802716,0.1681471568825209,34250,0.03588672159867225,773.7010836478753,0.12891665952484607,122883.3257031535,0.08116883116883117,1.0,0.400974025974026,0.988,0.6704545454545454,0.826,0.8336038961038961,0.2054
E3_multiseed_multisplit,decision_tree__instance_weighted__split789__model789,decision_tree,instance_weighted,F,algorithm,no_origin_balance,test,stratified,789,789,False,773.7010836478753,773.7010836478753,ner_optimal,val,0.001290797995614565,0.0012908741900602688,0.0012908714849422776,5749,4448085,1232,953160,1232,953162,4453834,46.687447899999825,b2e6f6243676544cb68b25aac83ba18d5eb139e5,True,3.14.4,1.8.0,3.4.0,2026-08-27T19:58:56+00:00,0.7438939831627351,0.9822678175889317,0.022075913119851333,0.4547639489173889,1128,33191,104,919971,0.032868090562079316,0.9155844155844156,0.06345813057297967,0.16985117825413704,34319,0.03595894358095294,773.7010836478753,0.11923619837443462,113655.91269937901,0.08035714285714286,0.99,0.4025974025974026,0.992,0.6704545454545454,0.826,0.8368506493506493,0.2062
E3_multiseed_multisplit,decision_tree__rus__split123__model123,decision_tree,rus,G,data,no_origin_balance,val,stratified,123,123,False,773.7010836478753,773.7010836478753,ner_optimal,val,0.001290797995614565,0.0012908741900602688,0.0012908714849422776,5749,4448085,1232,953160,1232,953162,11498,0.030387999999220483,b2e6f6243676544cb68b25aac83ba18d5eb139e5,True,3.14.4,1.8.0,3.4.0,2026-08-27T17:32:43+00:00,0.2928455153964633,0.98358523423862,0.0399158453888408,0.4776119291782379,1141,53331,91,899829,0.02094654134234102,0.9261363636363636,0.04096653741203504,0.13468245681897412,54472,0.05707508026052188,773.7010836478753,0.1298130854022143,123737.79861195663,0.040584415584415584,0.5,0.15503246753246752,0.382,0.31737012987012986,0.391,0.7727272727272727,0.1904
E3_multiseed_multisplit,decision_tree__rus__split123__model123,decision_tree,rus,G,data,no_origin_balance,test,stratified,123,123,False,773.7010836478753,773.7010836478753,ner_optimal,val,0.001290797995614565,0.0012908741900602688,0.0012908714849422776,5749,4448085,1232,953160,1232,953162,11498,0.030387999999220483,b2e6f6243676544cb68b25aac83ba18d5eb139e5,True,3.14.4,1.8.0,3.4.0,2026-08-27T17:32:44+00:00,0.29456830928311145,0.9831191309325403,0.03999349026567283,0.4776119291782379,1132,53416,100,899746,0.020752364889638483,0.9188311688311688,0.04058802438149874,0.13345058152694306,54548,0.0571545923381748,773.7010836478753,0.13720745354314778,130786.1083647875,0.03409090909090909,0.42,0.16152597402597402,0.398,0.32386363636363635,0.399,0.7824675324675324,0.1928
E3_multiseed_multisplit,decision_tree__rus__split123__model42,decision_tree,rus,G,data,no_origin_balance,val,stratified,123,42,False,773.7010836478753,773.7010836478753,ner_optimal,val,0.001290797995614565,0.0012908741900602688,0.0012908714849422776,5749,4448085,1232,953160,1232,953162,11498,0.0370175999996718,b2e6f6243676544cb68b25aac83ba18d5eb139e5,True,3.14.4,1.8.0,3.4.0,2026-08-27T17:32:40+00:00,0.17912449580858109,0.9813816877339792,0.04669750505600512,0.4693877696990967,1155,68102,77,885058,0.016677014597802388,0.9375,0.03277107066350778,0.11986580436291917,69257,0.07256661832873704,773.7010836478753,0.13394567659382417,127676.98344088638,0.03977272727272727,0.49,0.1176948051948052,0.29,0.22077922077922077,0.272,0.7224025974025974,0.178
E3_multiseed_multisplit,decision_tree__rus__split123__model42,decision_tree,rus,G,data,no_origin_balance,test,stratified,123,42,False,773.7010836478753,773.7010836478753,ner_optimal,val,0.001290797995614565,0.0012908741900602688,0.0012908714849422776,5749,4448085,1232,953160,1232,953162,11498,0.0370175999996718,b2e6f6243676544cb68b25aac83ba18d5eb139e5,True,3.14.4,1.8.0,3.4.0,2026-08-27T17:32:41+00:00,0.18160591653878735,0.9803269940594446,0.04680433884837122,0.4693877696990967,1148,68323,84,884839,0.016524880885549365,0.9318181818181818,0.03247386956706222,0.11887820517589961,69471,0.07279069231365662,773.7010836478753,0.13985934544856288,133313.8910264215,0.04220779220779221,0.52,0.1038961038961039,0.256,0.19805194805194806,0.244,0.739448051948052,0.1822
E3_multiseed_multisplit,decision_tree__rus__split123__model456,decision_tree,rus,G,data,no_origin_balance,val,stratified,123,456,False,773.7010836478753,773.7010836478753,ner_optimal,val,0.001290797995614565,0.0012908741900602688,0.0012908714849422776,5749,4448085,1232,953160,1232,953162,11498,0.02932929999951739,b2e6f6243676544cb68b25aac83ba18d5eb139e5,True,3.14.4,1.8.0,3.4.0,2026-08-27T17:32:46+00:00,0.23080397432773644,0.9831616721896489,0.042846160445082264,0.5078125,1132,49320,100,903840,0.02243716800126853,0.9188311688311688,0.04380465908211439,0.13913685592152328,50452,0.0528629745429551,773.7010836478753,0.1329103478586113,126690.1083647875,0.056006493506493504,0.69,0.1266233766233766,0.312,0.2353896103896104,0.29,0.7670454545454546,0.189
E3_multiseed_multisplit,decision_tree__rus__split123__model456,decision_tree,rus,G,data,no_origin_balance,test,stratified,123,456,False,773.7010836478753,773.7010836478753,ner_optimal,val,0.001290797995614565,0.0012908741900602688,0.0012908714849422776,5749,4448085,1232,953160,1232,953162,11498,0.02932929999951739,b2e6f6243676544cb68b25aac83ba18d5eb139e5,True,3.14.4,1.8.0,3.4.0,2026-08-27T17:32:47+00:00,0.22242513110121753,0.9830615904794207,0.042991840786707286,0.5078125,1131,49609,101,903553,0.02229010642491131,0.9180194805194806,0.04352343569614408,0.13858512018388636,50740,0.0531646259301714,773.7010836478753,0.1340252255118111,127752.80944843538,0.030032467532467532,0.37,0.125,0.308,0.2297077922077922,0.283,0.7597402597402597,0.1872
E3_multiseed_multisplit,decision_tree__rus__split123__model789,decision_tree,rus,G,data,no_origin_balance,val,stratified,123,789,False,773.7010836478753,773.7010836478753,ner_optimal,val,0.001290797995614565,0.0012908741900602688,0.0012908714849422776,5749,4448085,1232,953160,1232,953162,11498,0.032025200001953635,b2e6f6243676544cb68b25aac83ba18d5eb139e5,True,3.14.4,1.8.0,3.4.0,2026-08-27T17:32:49+00:00,0.21163512788044897,0.9828957040981386,0.04215507942775764,0.5205479264259338,1125,41351,107,911809,0.026485544778227704,0.9131493506493507,0.051477990299258716,0.15144035003680106,42476,0.04450582150730517,773.7010836478753,0.1302319035404121,124137.01595032263,0.03814935064935065,0.47,0.12094155844155845,0.298,0.23944805194805194,0.295,0.7564935064935064,0.1864
E3_multiseed_multisplit,decision_tree__rus__split123__model789,decision_tree,rus,G,data,no_origin_balance,test,stratified,123,789,False,773.7010836478753,773.7010836478753,ner_optimal,val,0.001290797995614565,0.0012908741900602688,0.0012908714849422776,5749,4448085,1232,953160,1232,953162,11498,0.032025200001953635,b2e6f6243676544cb68b25aac83ba18d5eb139e5,True,3.14.4,1.8.0,3.4.0,2026-08-27T17:32:50+00:00,0.21045151840705006,0.9832346393291043,0.042299875337288274,0.5205479264259338,1126,41518,106,911644,0.026404652471625552,0.913961038961039,0.05132646549366396,0.151266295226326,42644,0.04468175617197929,773.7010836478753,0.12959541460599858,123530.31486667476,0.032467532467532464,0.4,0.1461038961038961,0.36,0.2621753246753247,0.323,0.7613636363636364,0.1876
E3_multiseed_multisplit,decision_tree__rus__split42__model123,decision_tree,rus,G,data,no_origin_balance,val,stratified,42,123,False,773.7010836478753,773.7010836478753,ner_optimal,val,0.001290797995614565,0.0012908741900602688,0.0012908714849422776,5749,4448085,1232,953160,1232,953162,11498,0.030660100001114188,b2e6f6243676544cb68b25aac83ba18d5eb139e5,True,3.14.4,1.8.0,3.4.0,2026-08-27T16:23:04+00:00,0.29968600867413536,0.9824230610326663,0.039360947872834735,0.6710526347160339,1122,33679,110,919481,0.03224045286054998,0.9107142857142857,0.06227624677379069,0.16768405931899066,34801,0.036464052506726796,773.7010836478753,0.12461828810151121,118786.11920126625,0.025974025974025976,0.32,0.1891233766233766,0.466,0.31087662337662336,0.383,0.775974025974026,0.1912
E3_multiseed_multisplit,decision_tree__rus__split42__model123,decision_tree,rus,G,data,no_origin_balance,test,stratified,42,123,False,773.7010836478753,773.7010836478753,ner_optimal,val,0.001290797995614565,0.0012908741900602688,0.0012908714849422776,5749,4448085,1232,953160,1232,953162,11498,0.030660100001114188,b2e6f6243676544cb68b25aac83ba18d5eb139e5,True,3.14.4,1.8.0,3.4.0,2026-08-27T16:23:05+00:00,0.2740269250396951,0.9817603946639724,0.03943096464545665,0.6710526347160339,1110,33582,122,919580,0.03199584918713248,0.900974025974026,0.06179712726867832,0.16608823742924161,34692,0.03634976749644277,773.7010836478753,0.1342567853292221,127973.53220504076,0.040584415584415584,0.5,0.1672077922077922,0.412,0.2962662337662338,0.365,0.734577922077922,0.181
E3_multiseed_multisplit,decision_tree__rus__split42__model42,decision_tree,rus,G,data,no_origin_balance,val,stratified,42,42,False,773.7010836478753,773.7010836478753,ner_optimal,val,0.001290797995614565,0.0012908741900602688,0.0012908714849422776,5749,4448085,1232,953160,1232,953162,11498,0.033271699998294935,b2e6f6243676544cb68b25aac83ba18d5eb139e5,True,3.14.4,1.8.0,3.4.0,2026-08-27T16:23:01+00:00,0.206027308809813,0.9812805477392221,0.04151013145392585,0.5492957830429077,1113,39693,119,913467,0.02727540067637112,0.9034090909090909,0.0529520909653171,0.15294688416206664,40806,0.042756016395778675,773.7010836478753,0.13823275868473395,131763.42895409712,0.022727272727272728,0.28,0.08035714285714286,0.198,0.1793831168831169,0.221,0.7800324675324676,0.1922
E3_multiseed_multisplit,decision_tree__rus__split42__model42,decision_tree,rus,G,data,no_origin_balance,test,stratified,42,42,False,773.7010836478753,773.7010836478753,ner_optimal,val,0.001290797995614565,0.0012908741900602688,0.0012908714849422776,5749,4448085,1232,953160,1232,953162,11498,0.033271699998294935,b2e6f6243676544cb68b25aac83ba18d5eb139e5,True,3.14.4,1.8.0,3.4.0,2026-08-27T16:23:02+00:00,0.19354490422864157,0.9804804124171858,0.041389187260618174,0.5492957830429077,1103,39431,129,913731,0.027211723491389943,0.8952922077922078,0.052818081693243306,0.15204010342396096,40534,0.04247092919695639,773.7010836478753,0.1460747781079285,139238.4397905759,0.021915584415584416,0.27,0.049512987012987016,0.122,0.12824675324675325,0.158,0.7516233766233766,0.1852
E3_multiseed_multisplit,decision_tree__rus__split42__model456,decision_tree,rus,G,data,no_origin_balance,val,stratified,42,456,False,773.7010836478753,773.7010836478753,ner_optimal,val,0.001290797995614565,0.0012908741900602688,0.0012908714849422776,5749,4448085,1232,953160,1232,953162,11498,0.07113080000272021,b2e6f6243676544cb68b25aac83ba18d5eb139e5,True,3.14.4,1.8.0,3.4.0,2026-08-27T16:23:07+00:00,0.2886937377361467,0.9822951606835608,0.04148903436123727,0.6323529481887817,1109,32395,123,920765,0.033100525310410696,0.9001623376623377,0.06385306310456011,0.16898274518721867,33504,0.03510507212969095,773.7010836478753,0.13382319423477154,127560.23328868863,0.049512987012987016,0.61,0.14366883116883117,0.354,0.2897727272727273,0.357,0.7922077922077922,0.1952
E3_multiseed_multisplit,decision_tree__rus__split42__model456,decision_tree,rus,G,data,no_origin_balance,test,stratified,42,456,False,773.7010836478753,773.7010836478753,ner_optimal,val,0.001290797995614565,0.0012908741900602688,0.0012908714849422776,5749,4448085,1232,953160,1232,953162,11498,0.07113080000272021,b2e6f6243676544cb68b25aac83ba18d5eb139e5,True,3.14.4,1.8.0,3.4.0,2026-08-27T16:23:08+00:00,0.2705240319715807,0.9808284597960304,0.041391111110261454,0.6323529481887817,1095,32124,137,921038,0.0329630633071435,0.8887987012987013,0.06356854663144756,0.16750944950814187,33219,0.03480637975511162,773.7010836478753,0.14490252502211173,138121.04845975892,0.040584415584415584,0.5,0.18181818181818182,0.448,0.32142857142857145,0.396,0.7435064935064936,0.1832
E3_multiseed_multisplit,decision_tree__rus__split42__model789,decision_tree,rus,G,data,no_origin_balance,val,stratified,42,789,False,773.7010836478753,773.7010836478753,ner_optimal,val,0.001290797995614565,0.0012908741900602688,0.0012908714849422776,5749,4448085,1232,953160,1232,953162,11498,0.07068580000122893,b2e6f6243676544cb68b25aac83ba18d5eb139e5,True,3.14.4,1.8.0,3.4.0,2026-08-27T16:23:10+00:00,0.2928883961752211,0.9813356447153503,0.038287976534176746,0.5956284403800964,1106,32303,126,920857,0.0331048519859918,0.8977272727272727,0.0638549695447591,0.1687572489762448,33409,0.0350055323179574,773.7010836478753,0.13616174214762522,129789.33653963225,0.0349025974025974,0.43,0.15097402597402598,0.372,0.30194805194805197,0.372,0.786525974025974,0.1938
E3_multiseed_multisplit,decision_tree__rus__split42__model789,decision_tree,rus,G,data,no_origin_balance,test,stratified,42,789,False,773.7010836478753,773.7010836478753,ner_optimal,val,0.001290797995614565,0.0012908741900602688,0.0012908714849422776,5749,4448085,1232,953160,1232,953162,11498,0.07068580000122893,b2e6f6243676544cb68b25aac83ba18d5eb139e5,True,3.14.4,1.8.0,3.4.0,2026-08-27T16:23:11+00:00,0.26624486781863643,0.9807019950438645,0.038134697766088126,0.5956284403800964,1091,32008,141,921154,0.03296172089791232,0.885551948051948,0.06355771751478256,0.16718864469553393,33099,0.0346806455195653,773.7010836478753,0.14802758289303336,141099.85279435042,0.03165584415584415,0.39,0.16558441558441558,0.408,0.32954545454545453,0.406,0.7410714285714286,0.1826
E3_multiseed_multisplit,decision_tree__rus__split456__model123,decision_tree,rus,G,data,no_origin_balance,val,stratified,456,123,False,773.7010836478753,773.7010836478753,ner_optimal,val,0.001290797995614565,0.0012908741900602688,0.0012908714849422776,5749,4448085,1232,953160,1232,953162,11498,0.028917100000398932,b2e6f6243676544cb68b25aac83ba18d5eb139e5,True,3.14.4,1.8.0,3.4.0,2026-08-27T18:44:53+00:00,0.2640423812242082,0.9846165470168129,0.040212464883478016,0.5833333134651184,1141,41182,91,911978,0.026959336530964252,0.9261363636363636,0.05239352542762025,0.15399717714504507,42323,0.04434551002103957,773.7010836478753,0.11706759297998927,111588.79861195663,0.036525974025974024,0.45,0.1525974025974026,0.376,0.30762987012987014,0.379,0.7637987012987013,0.1882
E3_multiseed_multisplit,decision_tree__rus__split456__model123,decision_tree,rus,G,data,no_origin_balance,test,stratified,456,123,False,773.7010836478753,773.7010836478753,ner_optimal,val,0.001290797995614565,0.0012908741900602688,0.0012908714849422776,5749,4448085,1232,953160,1232,953162,11498,0.028917100000398932,b2e6f6243676544cb68b25aac83ba18d5eb139e5,True,3.14.4,1.8.0,3.4.0,2026-08-27T18:44:54+00:00,0.26614505020371365,0.9828479611313943,0.04045284392422509,0.5833333134651184,1121,41430,111,911732,0.026344856760123145,0.9099025974025974,0.051207089509627025,0.15073380270084744,42551,0.044584312139430884,773.7010836478753,0.1335615355344989,127310.82028491412,0.02922077922077922,0.36,0.1241883116883117,0.306,0.27435064935064934,0.338,0.7621753246753247,0.1878
E3_multiseed_multisplit,decision_tree__rus__split456__model42,decision_tree,rus,G,data,no_origin_balance,val,stratified,456,42,False,773.7010836478753,773.7010836478753,ner_optimal,val,0.001290797995614565,0.0012908741900602688,0.0012908714849422776,5749,4448085,1232,953160,1232,953162,11498,0.02560079999966547,b2e6f6243676544cb68b25aac83ba18d5eb139e5,True,3.14.4,1.8.0,3.4.0,2026-08-27T18:44:50+00:00,0.2308783509121718,0.9843760998105822,0.04085135477029602,0.6736842393875122,1136,34968,96,918192,0.03146465765566142,0.922077922077922,0.060852796228840794,0.16663127109260004,36104,0.03782931960871424,773.7010836478753,0.11460693914690014,109243.30403019601,0.02922077922077922,0.36,0.12012987012987013,0.296,0.26542207792207795,0.327,0.7540584415584416,0.1858
E3_multiseed_multisplit,decision_tree__rus__split456__model42,decision_tree,rus,G,data,no_origin_balance,test,stratified,456,42,False,773.7010836478753,773.7010836478753,ner_optimal,val,0.001290797995614565,0.0012908741900602688,0.0012908714849422776,5749,4448085,1232,953160,1232,953162,11498,0.02560079999966547,b2e6f6243676544cb68b25aac83ba18d5eb139e5,True,3.14.4,1.8.0,3.4.0,2026-08-27T18:44:51+00:00,0.2395107397222715,0.9832029198876728,0.04109126274806837,0.6736842393875122,1115,35255,117,917907,0.03065713500137476,0.9050324675324676,0.05930535609807989,0.1627917197299731,36370,0.03810795122349889,773.7010836478753,0.13195348483773112,125778.02678680138,0.032467532467532464,0.4,0.12905844155844157,0.318,0.25405844155844154,0.313,0.7613636363636364,0.1876
E3_multiseed_multisplit,decision_tree__rus__split456__model456,decision_tree,rus,G,data,no_origin_balance,val,stratified,456,456,False,773.7010836478753,773.7010836478753,ner_optimal,val,0.001290797995614565,0.0012908741900602688,0.0012908714849422776,5749,4448085,1232,953160,1232,953162,11498,0.025827099998423364,b2e6f6243676544cb68b25aac83ba18d5eb139e5,True,3.14.4,1.8.0,3.4.0,2026-08-27T18:44:56+00:00,0.2582321194123539,0.9844490662603899,0.04055661264798069,0.46236559748649597,1159,59949,73,893211,0.01896642010866008,0.9407467532467533,0.03718318896374719,0.12875545132967658,61108,0.06402819805698287,773.7010836478753,0.12214562680263098,116429.17910629489,0.03814935064935065,0.47,0.125,0.308,0.2792207792207792,0.344,0.7792207792207793,0.192
E3_multiseed_multisplit,decision_tree__rus__split456__model456,decision_tree,rus,G,data,no_origin_balance,test,stratified,456,456,False,773.7010836478753,773.7010836478753,ner_optimal,val,0.001290797995614565,0.0012908741900602688,0.0012908714849422776,5749,4448085,1232,953160,1232,953162,11498,0.025827099998423364,b2e6f6243676544cb68b25aac83ba18d5eb139e5,True,3.14.4,1.8.0,3.4.0,2026-08-27T18:44:57+00:00,0.2657576806920043,0.9829667131746619,0.040604163118347296,0.46236559748649597,1142,60327,90,892835,0.018578470448518767,0.926948051948052,0.036426851246391605,0.12632643739719648,61469,0.06440631437330914,773.7010836478753,0.1363408871708525,129960.09752830876,0.03409090909090909,0.42,0.14042207792207792,0.346,0.31737012987012986,0.391,0.7832792207792207,0.193
E3_multiseed_multisplit,decision_tree__rus__split456__model789,decision_tree,rus,G,data,no_origin_balance,val,stratified,456,789,False,773.7010836478753,773.7010836478753,ner_optimal,val,0.001290797995614565,0.0012908741900602688,0.0012908714849422776,5749,4448085,1232,953160,1232,953162,11498,0.0667327999981353,b2e6f6243676544cb68b25aac83ba18d5eb139e5,True,3.14.4,1.8.0,3.4.0,2026-08-27T18:44:59+00:00,0.16754912591058282,0.9811919795629902,0.045503201197463934,0.5333333611488342,1135,50764,97,902396,0.021869400181121025,0.9212662337662337,0.04272458639965369,0.13743912122408722,51899,0.05437912304378075,773.7010836478753,0.1319901805330363,125813.00511384389,0.03896103896103896,0.48,0.1599025974025974,0.394,0.2483766233766234,0.306,0.7183441558441559,0.177
E3_multiseed_multisplit,decision_tree__rus__split456__model789,decision_tree,rus,G,data,no_origin_balance,test,stratified,456,789,False,773.7010836478753,773.7010836478753,ner_optimal,val,0.001290797995614565,0.0012908741900602688,0.0012908714849422776,5749,4448085,1232,953160,1232,953162,11498,0.0667327999981353,b2e6f6243676544cb68b25aac83ba18d5eb139e5,True,3.14.4,1.8.0,3.4.0,2026-08-27T18:45:00+00:00,0.17759737162290906,0.9811399725062748,0.045540788595064184,0.5333333611488342,1120,50885,112,902277,0.02153639073166042,0.9090909090909091,0.04207599977459286,0.1353610019449498,52005,0.054490074329888914,773.7010836478753,0.14429244607453012,137539.521368562,0.028409090909090908,0.35,0.07873376623376624,0.194,0.17532467532467533,0.216,0.7248376623376623,0.1786
E3_multiseed_multisplit,decision_tree__rus__split789__model123,decision_tree,rus,G,data,no_origin_balance,val,stratified,789,123,False,773.7010836478753,773.7010836478753,ner_optimal,val,0.001290797995614565,0.0012908741900602688,0.0012908714849422776,5749,4448085,1232,953160,1232,953162,11498,0.0332830000006652,b2e6f6243676544cb68b25aac83ba18d5eb139e5,True,3.14.4,1.8.0,3.4.0,2026-08-27T19:59:01+00:00,0.28693614692763575,0.983119863207578,0.04007328295603717,0.5409836173057556,1120,39393,112,913767,0.02764544714042406,0.9090909090909091,0.05365912085279674,0.1545422989572551,40513,0.04244901466064259,773.7010836478753,0.13223621108266165,126047.52136856201,0.030032467532467532,0.37,0.14366883116883117,0.354,0.3125,0.385,0.7897727272727273,0.1946
E3_multiseed_multisplit,decision_tree__rus__split789__model123,decision_tree,rus,G,data,no_origin_balance,test,stratified,789,123,False,773.7010836478753,773.7010836478753,ner_optimal,val,0.001290797995614565,0.0012908741900602688,0.0012908714849422776,5749,4448085,1232,953160,1232,953162,11498,0.0332830000006652,b2e6f6243676544cb68b25aac83ba18d5eb139e5,True,3.14.4,1.8.0,3.4.0,2026-08-27T19:59:03+00:00,0.2809157731146192,0.9835555994052005,0.04015193486393859,0.5409836173057556,1126,39479,106,913683,0.027730575052333457,0.913961038961039,0.05382795133494275,0.15522524812566177,40605,0.04254532195298797,773.7010836478753,0.12745630364633795,121491.31486667476,0.030032467532467532,0.37,0.1599025974025974,0.394,0.31006493506493504,0.382,0.7784090909090909,0.1918
E3_multiseed_multisplit,decision_tree__rus__split789__model42,decision_tree,rus,G,data,no_origin_balance,val,stratified,789,42,False,773.7010836478753,773.7010836478753,ner_optimal,val,0.001290797995614565,0.0012908741900602688,0.0012908714849422776,5749,4448085,1232,953160,1232,953162,11498,0.03232980000029784,b2e6f6243676544cb68b25aac83ba18d5eb139e5,True,3.14.4,1.8.0,3.4.0,2026-08-27T19:58:58+00:00,0.22862014679379966,0.9837957396020509,0.040951836822592604,0.6629213690757751,1125,37408,107,915752,0.029195754288531908,0.9131493506493507,0.05658242172764994,0.15941192101622298,38533,0.04037439542661715,773.7010836478753,0.1260953098602052,120194.01595032263,0.013798701298701298,0.17,0.04220779220779221,0.104,0.12905844155844157,0.159,0.7792207792207793,0.192
E3_multiseed_multisplit,decision_tree__rus__split789__model42,decision_tree,rus,G,data,no_origin_balance,test,stratified,789,42,False,773.7010836478753,773.7010836478753,ner_optimal,val,0.001290797995614565,0.0012908741900602688,0.0012908714849422776,5749,4448085,1232,953160,1232,953162,11498,0.03232980000029784,b2e6f6243676544cb68b25aac83ba18d5eb139e5,True,3.14.4,1.8.0,3.4.0,2026-08-27T19:59:00+00:00,0.22913149885106254,0.9840242918770953,0.04103196670644023,0.6629213690757751,1134,37556,98,915606,0.02930989919875937,0.9204545454545454,0.05681078102299484,0.16040350598370354,38690,0.04053881311072786,773.7010836478753,0.11894538156900245,113378.70619749176,0.016233766233766232,0.2,0.05113636363636364,0.126,0.1534090909090909,0.189,0.7767857142857143,0.1914
E3_multiseed_multisplit,decision_tree__rus__split789__model456,decision_tree,rus,G,data,no_origin_balance,val,stratified,789,456,False,773.7010836478753,773.7010836478753,ner_optimal,val,0.001290797995614565,0.0012908741900602688,0.0012908714849422776,5749,4448085,1232,953160,1232,953162,11498,0.03580850000071223,b2e6f6243676544cb68b25aac83ba18d5eb139e5,True,3.14.4,1.8.0,3.4.0,2026-08-27T19:59:05+00:00,0.19432030974387338,0.9821078420352152,0.04467886121996997,0.5789473652839661,1116,38453,116,914707,0.02820389699006798,0.9058441558441559,0.054704541555354036,0.1558870402343426,39569,0.04145990326825875,773.7010836478753,0.1344968121459519,128202.3257031535,0.02353896103896104,0.29,0.05113636363636364,0.126,0.15746753246753248,0.194,0.7678571428571429,0.1892
E3_multiseed_multisplit,decision_tree__rus__split789__model456,decision_tree,rus,G,data,no_origin_balance,test,stratified,789,456,False,773.7010836478753,773.7010836478753,ner_optimal,val,0.001290797995614565,0.0012908741900602688,0.0012908714849422776,5749,4448085,1232,953160,1232,953162,11498,0.03580850000071223,b2e6f6243676544cb68b25aac83ba18d5eb139e5,True,3.14.4,1.8.0,3.4.0,2026-08-27T19:59:07+00:00,0.18991066852251645,0.9826061157188173,0.044836687335257794,0.5789473652839661,1121,38699,111,914463,0.028151682571572075,0.9099025974025974,0.05461366072298548,0.1560987090412179,39820,0.04172281049545575,773.7010836478753,0.13069644871211875,124579.82028491412,0.01461038961038961,0.18,0.03814935064935065,0.094,0.09983766233766234,0.123,0.7597402597402597,0.1872
E3_multiseed_multisplit,decision_tree__rus__split789__model789,decision_tree,rus,G,data,no_origin_balance,val,stratified,789,789,False,773.7010836478753,773.7010836478753,ner_optimal,val,0.001290797995614565,0.0012908741900602688,0.0012908714849422776,5749,4448085,1232,953160,1232,953162,11498,0.11505590000160737,b2e6f6243676544cb68b25aac83ba18d5eb139e5,True,3.14.4,1.8.0,3.4.0,2026-08-27T19:59:11+00:00,0.21706325232856913,0.9828673146786384,0.03944025784396255,0.6413043737411499,1110,28970,122,924190,0.036901595744680854,0.900974025974026,0.07089933571793562,0.17891589526652388,30080,0.03151744775731565,773.7010836478753,0.12941834504184851,123361.53220504076,0.033279220779220776,0.41,0.08603896103896104,0.212,0.200487012987013,0.247,0.7873376623376623,0.194
E3_multiseed_multisplit,decision_tree__rus__split789__model789,decision_tree,rus,G,data,no_origin_balance,test,stratified,789,789,False,773.7010836478753,773.7010836478753,ner_optimal,val,0.001290797995614565,0.0012908741900602688,0.0012908714849422776,5749,4448085,1232,953160,1232,953162,11498,0.11505590000160737,b2e6f6243676544cb68b25aac83ba18d5eb139e5,True,3.14.4,1.8.0,3.4.0,2026-08-27T19:59:14+00:00,0.21392415243672175,0.9835850770771526,0.03952082408496023,0.6413043737411499,1111,29070,121,924092,0.03681123885888473,0.9017857142857143,0.07073504600006367,0.17877105848909355,30181,0.03162320802519714,773.7010836478753,0.12871156653691157,122687.83112139288,0.030032467532467532,0.37,0.10551948051948051,0.26,0.2353896103896104,0.29,0.7824675324675324,0.1928
E3_multiseed_multisplit,decision_tree__unweighted__split123__model123,decision_tree,unweighted,A,none,no_origin_balance,val,stratified,123,123,False,1.0,773.7010836478753,fixed,val,0.001290797995614565,0.0012908741900602688,0.0012908714849422776,5749,4448085,1232,953160,1232,953162,4453834,60.5854345000007,b2e6f6243676544cb68b25aac83ba18d5eb139e5,True,3.14.4,1.8.0,3.4.0,2026-08-27T17:24:15+00:00,0.7487025055307657,0.9107569479756469,0.0004178686962091409,0.5,830,23,402,953137,0.9730363423212193,0.6737012987012987,0.7961630695443646,0.8094617681507849,853,0.000893762730618027,773.7010836478753,0.32632283055425404,311050.83562644577,0.08116883116883117,1.0,0.4050324675324675,0.998,0.7094155844155844,0.874,0.8011363636363636,0.1974
E3_multiseed_multisplit,decision_tree__unweighted__split123__model123,decision_tree,unweighted,A,none,no_origin_balance,test,stratified,123,123,False,1.0,773.7010836478753,fixed,val,0.001290797995614565,0.0012908741900602688,0.0012908714849422776,5749,4448085,1232,953160,1232,953162,4453834,60.5854345000007,b2e6f6243676544cb68b25aac83ba18d5eb139e5,True,3.14.4,1.8.0,3.4.0,2026-08-27T17:24:17+00:00,0.7674547839989712,0.9190146690528644,0.0003869289221755781,0.5,867,24,365,953138,0.9730639730639731,0.7037337662337663,0.8167687235044748,0.8273355392371535,891,0.0009335766989314686,773.7010836478753,0.296291412119854,282424.8955314744,0.08116883116883117,1.0,0.4042207792207792,0.996,0.7280844155844156,0.897,0.8181818181818182,0.2016
E3_multiseed_multisplit,decision_tree__unweighted__split123__model123,decision_tree,unweighted,B,decision,no_origin_balance,val,stratified,123,123,False,1.0,773.7010836478753,youden,val,0.001290797995614565,0.0012908741900602688,0.0012908714849422776,5749,4448085,1232,953160,1232,953162,4453834,60.5854345000007,b2e6f6243676544cb68b25aac83ba18d5eb139e5,True,3.14.4,1.8.0,3.4.0,2026-08-27T17:24:18+00:00,0.7487025055307657,0.9107569479756469,0.0004178686962091409,0.015106117352843285,990,4334,242,948826,0.1859504132231405,0.8035714285714286,0.30201342281879195,0.38519499663954104,5324,0.005578420607046161,773.7010836478753,0.20097536245317615,191569.66224278577,0.08116883116883117,1.0,0.4050324675324675,0.998,0.7094155844155844,0.874,0.8011363636363636,0.1974
E3_multiseed_multisplit,decision_tree__unweighted__split123__model123,decision_tree,unweighted,B,decision,no_origin_balance,test,stratified,123,123,False,1.0,773.7010836478753,youden,val,0.001290797995614565,0.0012908741900602688,0.0012908714849422776,5749,4448085,1232,953160,1232,953162,4453834,60.5854345000007,b2e6f6243676544cb68b25aac83ba18d5eb139e5,True,3.14.4,1.8.0,3.4.0,2026-08-27T17:24:20+00:00,0.7674547839989712,0.9190146690528644,0.0003869289221755781,0.015106117352843285,1012,4339,220,948823,0.18912352831246496,0.8214285714285714,0.3074586054990126,0.3928118840773513,5351,0.005606699120069909,773.7010836478753,0.18312346508637087,174553.23840253253,0.08116883116883117,1.0,0.4042207792207792,0.996,0.7280844155844156,0.897,0.8181818181818182,0.2016
E3_multiseed_multisplit,decision_tree__unweighted__split123__model123,decision_tree,unweighted,C,decision,no_origin_balance,val,stratified,123,123,False,1.0,773.7010836478753,ner_optimal,val,0.001290797995614565,0.0012908741900602688,0.0012908714849422776,5749,4448085,1232,953160,1232,953162,4453834,60.5854345000007,b2e6f6243676544cb68b25aac83ba18d5eb139e5,True,3.14.4,1.8.0,3.4.0,2026-08-27T17:24:21+00:00,0.7487025055307657,0.9107569479756469,0.0004178686962091409,0.015106117352843285,990,4334,242,948826,0.1859504132231405,0.8035714285714286,0.30201342281879195,0.38519499663954104,5324,0.005578420607046161,773.7010836478753,0.20097536245317615,191569.66224278577,0.08116883116883117,1.0,0.4050324675324675,0.998,0.7094155844155844,0.874,0.8011363636363636,0.1974
E3_multiseed_multisplit,decision_tree__unweighted__split123__model123,decision_tree,unweighted,C,decision,no_origin_balance,test,stratified,123,123,False,1.0,773.7010836478753,ner_optimal,val,0.001290797995614565,0.0012908741900602688,0.0012908714849422776,5749,4448085,1232,953160,1232,953162,4453834,60.5854345000007,b2e6f6243676544cb68b25aac83ba18d5eb139e5,True,3.14.4,1.8.0,3.4.0,2026-08-27T17:24:22+00:00,0.7674547839989712,0.9190146690528644,0.0003869289221755781,0.015106117352843285,1012,4339,220,948823,0.18912352831246496,0.8214285714285714,0.3074586054990126,0.3928118840773513,5351,0.005606699120069909,773.7010836478753,0.18312346508637087,174553.23840253253,0.08116883116883117,1.0,0.4042207792207792,0.996,0.7280844155844156,0.897,0.8181818181818182,0.2016
E3_multiseed_multisplit,decision_tree__unweighted__split123__model42,decision_tree,unweighted,A,none,no_origin_balance,val,stratified,123,42,False,1.0,773.7010836478753,fixed,val,0.001290797995614565,0.0012908741900602688,0.0012908714849422776,5749,4448085,1232,953160,1232,953162,4453834,54.24331380000149,b2e6f6243676544cb68b25aac83ba18d5eb139e5,True,3.14.4,1.8.0,3.4.0,2026-08-27T17:23:08+00:00,0.7468544168391823,0.9107555232887681,0.00041993071864434786,0.5,830,25,402,953135,0.9707602339181286,0.6737012987012987,0.7954000958313369,0.8085128045939424,855,0.000895858305601891,773.7010836478753,0.32632492875038904,311052.83562644577,0.08116883116883117,1.0,0.4034090909090909,0.994,0.7086038961038961,0.873,0.8003246753246753,0.1972
E3_multiseed_multisplit,decision_tree__unweighted__split123__model42,decision_tree,unweighted,A,none,no_origin_balance,test,stratified,123,42,False,1.0,773.7010836478753,fixed,val,0.001290797995614565,0.0012908741900602688,0.0012908714849422776,5749,4448085,1232,953160,1232,953162,4453834,54.24331380000149,b2e6f6243676544cb68b25aac83ba18d5eb139e5,True,3.14.4,1.8.0,3.4.0,2026-08-27T17:23:09+00:00,0.7660834404692739,0.9190137944860058,0.0003879767074717975,0.5,867,25,365,953137,0.9719730941704036,0.7037337662337663,0.8163841807909604,0.8268708569201165,892,0.0009346244842276879,773.7010836478753,0.2962924612179215,282425.8955314744,0.08116883116883117,1.0,0.4042207792207792,0.996,0.7272727272727273,0.896,0.8181818181818182,0.2016
E3_multiseed_multisplit,decision_tree__unweighted__split123__model42,decision_tree,unweighted,B,decision,no_origin_balance,val,stratified,123,42,False,1.0,773.7010836478753,youden,val,0.001290797995614565,0.0012908741900602688,0.0012908714849422776,5749,4448085,1232,953160,1232,953162,4453834,54.24331380000149,b2e6f6243676544cb68b25aac83ba18d5eb139e5,True,3.14.4,1.8.0,3.4.0,2026-08-27T17:23:10+00:00,0.7468544168391823,0.9107555232887681,0.00041993071864434786,0.015106117352843285,990,4336,242,948824,0.18588058580548253,0.8035714285714286,0.3019213174748399,0.3851220607778616,5326,0.005580516182030025,773.7010836478753,0.20097746064931116,191571.66224278577,0.08116883116883117,1.0,0.4034090909090909,0.994,0.7086038961038961,0.873,0.8003246753246753,0.1972
E3_multiseed_multisplit,decision_tree__unweighted__split123__model42,decision_tree,unweighted,B,decision,no_origin_balance,test,stratified,123,42,False,1.0,773.7010836478753,youden,val,0.001290797995614565,0.0012908741900602688,0.0012908714849422776,5749,4448085,1232,953160,1232,953162,4453834,54.24331380000149,b2e6f6243676544cb68b25aac83ba18d5eb139e5,True,3.14.4,1.8.0,3.4.0,2026-08-27T17:23:11+00:00,0.7660834404692739,0.9190137944860058,0.0003879767074717975,0.015106117352843285,1012,4340,220,948822,0.1890881913303438,0.8214285714285714,0.30741190765492105,0.39277488716951064,5352,0.005607746905366128,773.7010836478753,0.1831245141844384,174554.23840253253,0.08116883116883117,1.0,0.4042207792207792,0.996,0.7272727272727273,0.896,0.8181818181818182,0.2016
E3_multiseed_multisplit,decision_tree__unweighted__split123__model42,decision_tree,unweighted,C,decision,no_origin_balance,val,stratified,123,42,False,1.0,773.7010836478753,ner_optimal,val,0.001290797995614565,0.0012908741900602688,0.0012908714849422776,5749,4448085,1232,953160,1232,953162,4453834,54.24331380000149,b2e6f6243676544cb68b25aac83ba18d5eb139e5,True,3.14.4,1.8.0,3.4.0,2026-08-27T17:23:12+00:00,0.7468544168391823,0.9107555232887681,0.00041993071864434786,0.015106117352843285,990,4336,242,948824,0.18588058580548253,0.8035714285714286,0.3019213174748399,0.3851220607778616,5326,0.005580516182030025,773.7010836478753,0.20097746064931116,191571.66224278577,0.08116883116883117,1.0,0.4034090909090909,0.994,0.7086038961038961,0.873,0.8003246753246753,0.1972
E3_multiseed_multisplit,decision_tree__unweighted__split123__model42,decision_tree,unweighted,C,decision,no_origin_balance,test,stratified,123,42,False,1.0,773.7010836478753,ner_optimal,val,0.001290797995614565,0.0012908741900602688,0.0012908714849422776,5749,4448085,1232,953160,1232,953162,4453834,54.24331380000149,b2e6f6243676544cb68b25aac83ba18d5eb139e5,True,3.14.4,1.8.0,3.4.0,2026-08-27T17:23:14+00:00,0.7660834404692739,0.9190137944860058,0.0003879767074717975,0.015106117352843285,1012,4340,220,948822,0.1890881913303438,0.8214285714285714,0.30741190765492105,0.39277488716951064,5352,0.005607746905366128,773.7010836478753,0.1831245141844384,174554.23840253253,0.08116883116883117,1.0,0.4042207792207792,0.996,0.7272727272727273,0.896,0.8181818181818182,0.2016
E3_multiseed_multisplit,decision_tree__unweighted__split123__model456,decision_tree,unweighted,A,none,no_origin_balance,val,stratified,123,456,False,1.0,773.7010836478753,fixed,val,0.001290797995614565,0.0012908741900602688,0.0012908714849422776,5749,4448085,1232,953160,1232,953162,4453834,61.6434556000022,b2e6f6243676544cb68b25aac83ba18d5eb139e5,True,3.14.4,1.8.0,3.4.0,2026-08-27T17:25:26+00:00,0.7487025055307657,0.9107569479756469,0.0004178686962091409,0.5,830,23,402,953137,0.9730363423212193,0.6737012987012987,0.7961630695443646,0.8094617681507849,853,0.000893762730618027,773.7010836478753,0.32632283055425404,311050.83562644577,0.08116883116883117,1.0,0.4050324675324675,0.998,0.7094155844155844,0.874,0.8011363636363636,0.1974
E3_multiseed_multisplit,decision_tree__unweighted__split123__model456,decision_tree,unweighted,A,none,no_origin_balance,test,stratified,123,456,False,1.0,773.7010836478753,fixed,val,0.001290797995614565,0.0012908741900602688,0.0012908714849422776,5749,4448085,1232,953160,1232,953162,4453834,61.6434556000022,b2e6f6243676544cb68b25aac83ba18d5eb139e5,True,3.14.4,1.8.0,3.4.0,2026-08-27T17:25:27+00:00,0.7674547839989712,0.9190146690528644,0.0003869289221755781,0.5,867,24,365,953138,0.9730639730639731,0.7037337662337663,0.8167687235044748,0.8273355392371535,891,0.0009335766989314686,773.7010836478753,0.296291412119854,282424.8955314744,0.08116883116883117,1.0,0.4042207792207792,0.996,0.7280844155844156,0.897,0.8181818181818182,0.2016
E3_multiseed_multisplit,decision_tree__unweighted__split123__model456,decision_tree,unweighted,B,decision,no_origin_balance,val,stratified,123,456,False,1.0,773.7010836478753,youden,val,0.001290797995614565,0.0012908741900602688,0.0012908714849422776,5749,4448085,1232,953160,1232,953162,4453834,61.6434556000022,b2e6f6243676544cb68b25aac83ba18d5eb139e5,True,3.14.4,1.8.0,3.4.0,2026-08-27T17:25:28+00:00,0.7487025055307657,0.9107569479756469,0.0004178686962091409,0.015106117352843285,990,4334,242,948826,0.1859504132231405,0.8035714285714286,0.30201342281879195,0.38519499663954104,5324,0.005578420607046161,773.7010836478753,0.20097536245317615,191569.66224278577,0.08116883116883117,1.0,0.4050324675324675,0.998,0.7094155844155844,0.874,0.8011363636363636,0.1974
E3_multiseed_multisplit,decision_tree__unweighted__split123__model456,decision_tree,unweighted,B,decision,no_origin_balance,test,stratified,123,456,False,1.0,773.7010836478753,youden,val,0.001290797995614565,0.0012908741900602688,0.0012908714849422776,5749,4448085,1232,953160,1232,953162,4453834,61.6434556000022,b2e6f6243676544cb68b25aac83ba18d5eb139e5,True,3.14.4,1.8.0,3.4.0,2026-08-27T17:25:30+00:00,0.7674547839989712,0.9190146690528644,0.0003869289221755781,0.015106117352843285,1012,4339,220,948823,0.18912352831246496,0.8214285714285714,0.3074586054990126,0.3928118840773513,5351,0.005606699120069909,773.7010836478753,0.18312346508637087,174553.23840253253,0.08116883116883117,1.0,0.4042207792207792,0.996,0.7280844155844156,0.897,0.8181818181818182,0.2016
E3_multiseed_multisplit,decision_tree__unweighted__split123__model456,decision_tree,unweighted,C,decision,no_origin_balance,val,stratified,123,456,False,1.0,773.7010836478753,ner_optimal,val,0.001290797995614565,0.0012908741900602688,0.0012908714849422776,5749,4448085,1232,953160,1232,953162,4453834,61.6434556000022,b2e6f6243676544cb68b25aac83ba18d5eb139e5,True,3.14.4,1.8.0,3.4.0,2026-08-27T17:25:32+00:00,0.7487025055307657,0.9107569479756469,0.0004178686962091409,0.015106117352843285,990,4334,242,948826,0.1859504132231405,0.8035714285714286,0.30201342281879195,0.38519499663954104,5324,0.005578420607046161,773.7010836478753,0.20097536245317615,191569.66224278577,0.08116883116883117,1.0,0.4050324675324675,0.998,0.7094155844155844,0.874,0.8011363636363636,0.1974
E3_multiseed_multisplit,decision_tree__unweighted__split123__model456,decision_tree,unweighted,C,decision,no_origin_balance,test,stratified,123,456,False,1.0,773.7010836478753,ner_optimal,val,0.001290797995614565,0.0012908741900602688,0.0012908714849422776,5749,4448085,1232,953160,1232,953162,4453834,61.6434556000022,b2e6f6243676544cb68b25aac83ba18d5eb139e5,True,3.14.4,1.8.0,3.4.0,2026-08-27T17:25:32+00:00,0.7674547839989712,0.9190146690528644,0.0003869289221755781,0.015106117352843285,1012,4339,220,948823,0.18912352831246496,0.8214285714285714,0.3074586054990126,0.3928118840773513,5351,0.005606699120069909,773.7010836478753,0.18312346508637087,174553.23840253253,0.08116883116883117,1.0,0.4042207792207792,0.996,0.7280844155844156,0.897,0.8181818181818182,0.2016
E3_multiseed_multisplit,decision_tree__unweighted__split123__model789,decision_tree,unweighted,A,none,no_origin_balance,val,stratified,123,789,False,1.0,773.7010836478753,fixed,val,0.001290797995614565,0.0012908741900602688,0.0012908714849422776,5749,4448085,1232,953160,1232,953162,4453834,62.124704500001826,b2e6f6243676544cb68b25aac83ba18d5eb139e5,True,3.14.4,1.8.0,3.4.0,2026-08-27T17:26:37+00:00,0.7486970375638677,0.9107559635536313,0.00041787037266905304,0.5,830,23,402,953137,0.9730363423212193,0.6737012987012987,0.7961630695443646,0.8094617681507849,853,0.000893762730618027,773.7010836478753,0.32632283055425404,311050.83562644577,0.08116883116883117,1.0,0.40584415584415584,1.0,0.7077922077922078,0.872,0.799512987012987,0.197
E3_multiseed_multisplit,decision_tree__unweighted__split123__model789,decision_tree,unweighted,A,none,no_origin_balance,test,stratified,123,789,False,1.0,773.7010836478753,fixed,val,0.001290797995614565,0.0012908741900602688,0.0012908714849422776,5749,4448085,1232,953160,1232,953162,4453834,62.124704500001826,b2e6f6243676544cb68b25aac83ba18d5eb139e5,True,3.14.4,1.8.0,3.4.0,2026-08-27T17:26:39+00:00,0.7674627863245576,0.9190160281655289,0.00038692640749097955,0.5,867,24,365,953138,0.9730639730639731,0.7037337662337663,0.8167687235044748,0.8273355392371535,891,0.0009335766989314686,773.7010836478753,0.296291412119854,282424.8955314744,0.08116883116883117,1.0,0.4034090909090909,0.994,0.726461038961039,0.895,0.8189935064935064,0.2018
E3_multiseed_multisplit,decision_tree__unweighted__split123__model789,decision_tree,unweighted,B,decision,no_origin_balance,val,stratified,123,789,False,1.0,773.7010836478753,youden,val,0.001290797995614565,0.0012908741900602688,0.0012908714849422776,5749,4448085,1232,953160,1232,953162,4453834,62.124704500001826,b2e6f6243676544cb68b25aac83ba18d5eb139e5,True,3.14.4,1.8.0,3.4.0,2026-08-27T17:26:41+00:00,0.7486970375638677,0.9107559635536313,0.00041787037266905304,0.015106117352843285,990,4338,242,948822,0.1858108108108108,0.8035714285714286,0.3018292682926829,0.3850491658730108,5328,0.005582611757013889,773.7010836478753,0.2009795588454462,191573.66224278577,0.08116883116883117,1.0,0.40584415584415584,1.0,0.7077922077922078,0.872,0.799512987012987,0.197
E3_multiseed_multisplit,decision_tree__unweighted__split123__model789,decision_tree,unweighted,B,decision,no_origin_balance,test,stratified,123,789,False,1.0,773.7010836478753,youden,val,0.001290797995614565,0.0012908741900602688,0.0012908714849422776,5749,4448085,1232,953160,1232,953162,4453834,62.124704500001826,b2e6f6243676544cb68b25aac83ba18d5eb139e5,True,3.14.4,1.8.0,3.4.0,2026-08-27T17:26:42+00:00,0.7674627863245576,0.9190160281655289,0.00038692640749097955,0.015106117352843285,1012,4333,220,948829,0.18933582787652012,0.8214285714285714,0.3077390907708682,0.39303408292746667,5345,0.005600412408292592,773.7010836478753,0.1831171704979658,174547.23840253253,0.08116883116883117,1.0,0.4034090909090909,0.994,0.726461038961039,0.895,0.8189935064935064,0.2018
E3_multiseed_multisplit,decision_tree__unweighted__split123__model789,decision_tree,unweighted,C,decision,no_origin_balance,val,stratified,123,789,False,1.0,773.7010836478753,ner_optimal,val,0.001290797995614565,0.0012908741900602688,0.0012908714849422776,5749,4448085,1232,953160,1232,953162,4453834,62.124704500001826,b2e6f6243676544cb68b25aac83ba18d5eb139e5,True,3.14.4,1.8.0,3.4.0,2026-08-27T17:26:43+00:00,0.7486970375638677,0.9107559635536313,0.00041787037266905304,0.015106117352843285,990,4338,242,948822,0.1858108108108108,0.8035714285714286,0.3018292682926829,0.3850491658730108,5328,0.005582611757013889,773.7010836478753,0.2009795588454462,191573.66224278577,0.08116883116883117,1.0,0.40584415584415584,1.0,0.7077922077922078,0.872,0.799512987012987,0.197
E3_multiseed_multisplit,decision_tree__unweighted__split123__model789,decision_tree,unweighted,C,decision,no_origin_balance,test,stratified,123,789,False,1.0,773.7010836478753,ner_optimal,val,0.001290797995614565,0.0012908741900602688,0.0012908714849422776,5749,4448085,1232,953160,1232,953162,4453834,62.124704500001826,b2e6f6243676544cb68b25aac83ba18d5eb139e5,True,3.14.4,1.8.0,3.4.0,2026-08-27T17:26:44+00:00,0.7674627863245576,0.9190160281655289,0.00038692640749097955,0.015106117352843285,1012,4333,220,948829,0.18933582787652012,0.8214285714285714,0.3077390907708682,0.39303408292746667,5345,0.005600412408292592,773.7010836478753,0.1831171704979658,174547.23840253253,0.08116883116883117,1.0,0.4034090909090909,0.994,0.726461038961039,0.895,0.8189935064935064,0.2018
E3_multiseed_multisplit,decision_tree__unweighted__split42__model123,decision_tree,unweighted,A,none,no_origin_balance,val,stratified,42,123,False,1.0,773.7010836478753,fixed,val,0.001290797995614565,0.0012908741900602688,0.0012908714849422776,5749,4448085,1232,953160,1232,953162,4453834,50.432633599997644,b2e6f6243676544cb68b25aac83ba18d5eb139e5,True,3.14.4,1.8.0,3.4.0,2026-08-27T16:14:38+00:00,0.7608247469900982,0.9764747791420254,0.0004008668423864359,0.5,835,9,397,953151,0.9893364928909952,0.6777597402597403,0.8044315992292871,0.8186824344198935,844,0.0008843326431906386,773.7010836478753,0.3222497016228673,307168.33020820643,0.08116883116883117,1.0,0.40584415584415584,1.0,0.7191558441558441,0.886,0.8068181818181818,0.1988
E3_multiseed_multisplit,decision_tree__unweighted__split42__model123,decision_tree,unweighted,A,none,no_origin_balance,test,stratified,42,123,False,1.0,773.7010836478753,fixed,val,0.001290797995614565,0.0012908741900602688,0.0012908714849422776,5749,4448085,1232,953160,1232,953162,4453834,50.432633599997644,b2e6f6243676544cb68b25aac83ba18d5eb139e5,True,3.14.4,1.8.0,3.4.0,2026-08-27T16:14:39+00:00,0.7297426212657876,0.9731520858721036,0.000444711466590677,0.5,803,21,429,953141,0.9745145631067961,0.6517857142857143,0.7811284046692607,0.7967810108767129,824,0.0008633750840847701,773.7010836478753,0.34823631677370337,331938.76488493837,0.08116883116883117,1.0,0.40584415584415584,1.0,0.698051948051948,0.86,0.7840909090909091,0.1932
E3_multiseed_multisplit,decision_tree__unweighted__split42__model123,decision_tree,unweighted,B,decision,no_origin_balance,val,stratified,42,123,False,1.0,773.7010836478753,youden,val,0.001290797995614565,0.0012908741900602688,0.0012908714849422776,5749,4448085,1232,953160,1232,953162,4453834,50.432633599997644,b2e6f6243676544cb68b25aac83ba18d5eb139e5,True,3.14.4,1.8.0,3.4.0,2026-08-27T16:14:40+00:00,0.7608247469900982,0.9764747791420254,0.0004008668423864359,0.003926701378077269,1094,21910,138,931250,0.04755694661797948,0.887987012987013,0.09027892391483743,0.20250582770049672,23004,0.024103303464404563,773.7010836478753,0.13499872567221416,128680.74954340678,0.08116883116883117,1.0,0.40584415584415584,1.0,0.7191558441558441,0.886,0.8068181818181818,0.1988
E3_multiseed_multisplit,decision_tree__unweighted__split42__model123,decision_tree,unweighted,B,decision,no_origin_balance,test,stratified,42,123,False,1.0,773.7010836478753,youden,val,0.001290797995614565,0.0012908741900602688,0.0012908714849422776,5749,4448085,1232,953160,1232,953162,4453834,50.432633599997644,b2e6f6243676544cb68b25aac83ba18d5eb139e5,True,3.14.4,1.8.0,3.4.0,2026-08-27T16:14:42+00:00,0.7297426212657876,0.9731520858721036,0.000444711466590677,0.003926701378077269,1072,21740,160,931422,0.046992810801332635,0.8701298701298701,0.08916985526534686,0.1991795528446559,22812,0.023902078177356522,773.7010836478753,0.15267752185787967,145532.17338366003,0.08116883116883117,1.0,0.40584415584415584,1.0,0.698051948051948,0.86,0.7840909090909091,0.1932
E3_multiseed_multisplit,decision_tree__unweighted__split42__model123,decision_tree,unweighted,C,decision,no_origin_balance,val,stratified,42,123,False,1.0,773.7010836478753,ner_optimal,val,0.001290797995614565,0.0012908741900602688,0.0012908714849422776,5749,4448085,1232,953160,1232,953162,4453834,50.432633599997644,b2e6f6243676544cb68b25aac83ba18d5eb139e5,True,3.14.4,1.8.0,3.4.0,2026-08-27T16:14:43+00:00,0.7608247469900982,0.9764747791420254,0.0004008668423864359,0.003926701378077269,1094,21910,138,931250,0.04755694661797948,0.887987012987013,0.09027892391483743,0.20250582770049672,23004,0.024103303464404563,773.7010836478753,0.13499872567221416,128680.74954340678,0.08116883116883117,1.0,0.40584415584415584,1.0,0.7191558441558441,0.886,0.8068181818181818,0.1988
E3_multiseed_multisplit,decision_tree__unweighted__split42__model123,decision_tree,unweighted,C,decision,no_origin_balance,test,stratified,42,123,False,1.0,773.7010836478753,ner_optimal,val,0.001290797995614565,0.0012908741900602688,0.0012908714849422776,5749,4448085,1232,953160,1232,953162,4453834,50.432633599997644,b2e6f6243676544cb68b25aac83ba18d5eb139e5,True,3.14.4,1.8.0,3.4.0,2026-08-27T16:14:44+00:00,0.7297426212657876,0.9731520858721036,0.000444711466590677,0.003926701378077269,1072,21740,160,931422,0.046992810801332635,0.8701298701298701,0.08916985526534686,0.1991795528446559,22812,0.023902078177356522,773.7010836478753,0.15267752185787967,145532.17338366003,0.08116883116883117,1.0,0.40584415584415584,1.0,0.698051948051948,0.86,0.7840909090909091,0.1932
E3_multiseed_multisplit,decision_tree__unweighted__split42__model42,decision_tree,unweighted,A,none,no_origin_balance,val,stratified,42,42,False,1.0,773.7010836478753,fixed,val,0.001290797995614565,0.0012908741900602688,0.0012908714849422776,5749,4448085,1232,953160,1232,953162,4453834,50.110932600000524,b2e6f6243676544cb68b25aac83ba18d5eb139e5,True,3.14.4,1.8.0,3.4.0,2026-08-27T16:13:41+00:00,0.7608247469900982,0.9764747791420254,0.0004008668423864359,0.5,835,9,397,953151,0.9893364928909952,0.6777597402597403,0.8044315992292871,0.8186824344198935,844,0.0008843326431906386,773.7010836478753,0.3222497016228673,307168.33020820643,0.08116883116883117,1.0,0.40584415584415584,1.0,0.7191558441558441,0.886,0.8068181818181818,0.1988
E3_multiseed_multisplit,decision_tree__unweighted__split42__model42,decision_tree,unweighted,A,none,no_origin_balance,test,stratified,42,42,False,1.0,773.7010836478753,fixed,val,0.001290797995614565,0.0012908741900602688,0.0012908714849422776,5749,4448085,1232,953160,1232,953162,4453834,50.110932600000524,b2e6f6243676544cb68b25aac83ba18d5eb139e5,True,3.14.4,1.8.0,3.4.0,2026-08-27T16:13:42+00:00,0.7297426212657876,0.9731520858721036,0.000444711466590677,0.5,803,21,429,953141,0.9745145631067961,0.6517857142857143,0.7811284046692607,0.7967810108767129,824,0.0008633750840847701,773.7010836478753,0.34823631677370337,331938.76488493837,0.08116883116883117,1.0,0.40584415584415584,1.0,0.698051948051948,0.86,0.7840909090909091,0.1932
E3_multiseed_multisplit,decision_tree__unweighted__split42__model42,decision_tree,unweighted,B,decision,no_origin_balance,val,stratified,42,42,False,1.0,773.7010836478753,youden,val,0.001290797995614565,0.0012908741900602688,0.0012908714849422776,5749,4448085,1232,953160,1232,953162,4453834,50.110932600000524,b2e6f6243676544cb68b25aac83ba18d5eb139e5,True,3.14.4,1.8.0,3.4.0,2026-08-27T16:13:43+00:00,0.7608247469900982,0.9764747791420254,0.0004008668423864359,0.003926701378077269,1094,21910,138,931250,0.04755694661797948,0.887987012987013,0.09027892391483743,0.20250582770049672,23004,0.024103303464404563,773.7010836478753,0.13499872567221416,128680.74954340678,0.08116883116883117,1.0,0.40584415584415584,1.0,0.7191558441558441,0.886,0.8068181818181818,0.1988
E3_multiseed_multisplit,decision_tree__unweighted__split42__model42,decision_tree,unweighted,B,decision,no_origin_balance,test,stratified,42,42,False,1.0,773.7010836478753,youden,val,0.001290797995614565,0.0012908741900602688,0.0012908714849422776,5749,4448085,1232,953160,1232,953162,4453834,50.110932600000524,b2e6f6243676544cb68b25aac83ba18d5eb139e5,True,3.14.4,1.8.0,3.4.0,2026-08-27T16:13:44+00:00,0.7297426212657876,0.9731520858721036,0.000444711466590677,0.003926701378077269,1072,21740,160,931422,0.046992810801332635,0.8701298701298701,0.08916985526534686,0.1991795528446559,22812,0.023902078177356522,773.7010836478753,0.15267752185787967,145532.17338366003,0.08116883116883117,1.0,0.40584415584415584,1.0,0.698051948051948,0.86,0.7840909090909091,0.1932
E3_multiseed_multisplit,decision_tree__unweighted__split42__model42,decision_tree,unweighted,C,decision,no_origin_balance,val,stratified,42,42,False,1.0,773.7010836478753,ner_optimal,val,0.001290797995614565,0.0012908741900602688,0.0012908714849422776,5749,4448085,1232,953160,1232,953162,4453834,50.110932600000524,b2e6f6243676544cb68b25aac83ba18d5eb139e5,True,3.14.4,1.8.0,3.4.0,2026-08-27T16:13:46+00:00,0.7608247469900982,0.9764747791420254,0.0004008668423864359,0.003926701378077269,1094,21910,138,931250,0.04755694661797948,0.887987012987013,0.09027892391483743,0.20250582770049672,23004,0.024103303464404563,773.7010836478753,0.13499872567221416,128680.74954340678,0.08116883116883117,1.0,0.40584415584415584,1.0,0.7191558441558441,0.886,0.8068181818181818,0.1988
E3_multiseed_multisplit,decision_tree__unweighted__split42__model42,decision_tree,unweighted,C,decision,no_origin_balance,test,stratified,42,42,False,1.0,773.7010836478753,ner_optimal,val,0.001290797995614565,0.0012908741900602688,0.0012908714849422776,5749,4448085,1232,953160,1232,953162,4453834,50.110932600000524,b2e6f6243676544cb68b25aac83ba18d5eb139e5,True,3.14.4,1.8.0,3.4.0,2026-08-27T16:13:46+00:00,0.7297426212657876,0.9731520858721036,0.000444711466590677,0.003926701378077269,1072,21740,160,931422,0.046992810801332635,0.8701298701298701,0.08916985526534686,0.1991795528446559,22812,0.023902078177356522,773.7010836478753,0.15267752185787967,145532.17338366003,0.08116883116883117,1.0,0.40584415584415584,1.0,0.698051948051948,0.86,0.7840909090909091,0.1932
E3_multiseed_multisplit,decision_tree__unweighted__split42__model456,decision_tree,unweighted,A,none,no_origin_balance,val,stratified,42,456,False,1.0,773.7010836478753,fixed,val,0.001290797995614565,0.0012908741900602688,0.0012908714849422776,5749,4448085,1232,953160,1232,953162,4453834,50.20388289999755,b2e6f6243676544cb68b25aac83ba18d5eb139e5,True,3.14.4,1.8.0,3.4.0,2026-08-27T16:15:36+00:00,0.7608201884884562,0.9764747761615089,0.0004008706144217066,0.5,835,9,397,953151,0.9893364928909952,0.6777597402597403,0.8044315992292871,0.8186824344198935,844,0.0008843326431906386,773.7010836478753,0.3222497016228673,307168.33020820643,0.08116883116883117,1.0,0.40584415584415584,1.0,0.7191558441558441,0.886,0.8068181818181818,0.1988
E3_multiseed_multisplit,decision_tree__unweighted__split42__model456,decision_tree,unweighted,A,none,no_origin_balance,test,stratified,42,456,False,1.0,773.7010836478753,fixed,val,0.001290797995614565,0.0012908741900602688,0.0012908714849422776,5749,4448085,1232,953160,1232,953162,4453834,50.20388289999755,b2e6f6243676544cb68b25aac83ba18d5eb139e5,True,3.14.4,1.8.0,3.4.0,2026-08-27T16:15:37+00:00,0.7297814974740391,0.9731521097161854,0.0004447039225359447,0.5,803,21,429,953141,0.9745145631067961,0.6517857142857143,0.7811284046692607,0.7967810108767129,824,0.0008633750840847701,773.7010836478753,0.34823631677370337,331938.76488493837,0.08116883116883117,1.0,0.40584415584415584,1.0,0.6972402597402597,0.859,0.7840909090909091,0.1932
E3_multiseed_multisplit,decision_tree__unweighted__split42__model456,decision_tree,unweighted,B,decision,no_origin_balance,val,stratified,42,456,False,1.0,773.7010836478753,youden,val,0.001290797995614565,0.0012908741900602688,0.0012908714849422776,5749,4448085,1232,953160,1232,953162,4453834,50.20388289999755,b2e6f6243676544cb68b25aac83ba18d5eb139e5,True,3.14.4,1.8.0,3.4.0,2026-08-27T16:15:38+00:00,0.7608201884884562,0.9764747761615089,0.0004008706144217066,0.003926701378077269,1094,21910,138,931250,0.04755694661797948,0.887987012987013,0.09027892391483743,0.20250582770049672,23004,0.024103303464404563,773.7010836478753,0.13499872567221416,128680.74954340678,0.08116883116883117,1.0,0.40584415584415584,1.0,0.7191558441558441,0.886,0.8068181818181818,0.1988
E3_multiseed_multisplit,decision_tree__unweighted__split42__model456,decision_tree,unweighted,B,decision,no_origin_balance,test,stratified,42,456,False,1.0,773.7010836478753,youden,val,0.001290797995614565,0.0012908741900602688,0.0012908714849422776,5749,4448085,1232,953160,1232,953162,4453834,50.20388289999755,b2e6f6243676544cb68b25aac83ba18d5eb139e5,True,3.14.4,1.8.0,3.4.0,2026-08-27T16:15:39+00:00,0.7297814974740391,0.9731521097161854,0.0004447039225359447,0.003926701378077269,1072,21740,160,931422,0.046992810801332635,0.8701298701298701,0.08916985526534686,0.1991795528446559,22812,0.023902078177356522,773.7010836478753,0.15267752185787967,145532.17338366003,0.08116883116883117,1.0,0.40584415584415584,1.0,0.6972402597402597,0.859,0.7840909090909091,0.1932
E3_multiseed_multisplit,decision_tree__unweighted__split42__model456,decision_tree,unweighted,C,decision,no_origin_balance,val,stratified,42,456,False,1.0,773.7010836478753,ner_optimal,val,0.001290797995614565,0.0012908741900602688,0.0012908714849422776,5749,4448085,1232,953160,1232,953162,4453834,50.20388289999755,b2e6f6243676544cb68b25aac83ba18d5eb139e5,True,3.14.4,1.8.0,3.4.0,2026-08-27T16:15:40+00:00,0.7608201884884562,0.9764747761615089,0.0004008706144217066,0.003926701378077269,1094,21910,138,931250,0.04755694661797948,0.887987012987013,0.09027892391483743,0.20250582770049672,23004,0.024103303464404563,773.7010836478753,0.13499872567221416,128680.74954340678,0.08116883116883117,1.0,0.40584415584415584,1.0,0.7191558441558441,0.886,0.8068181818181818,0.1988
E3_multiseed_multisplit,decision_tree__unweighted__split42__model456,decision_tree,unweighted,C,decision,no_origin_balance,test,stratified,42,456,False,1.0,773.7010836478753,ner_optimal,val,0.001290797995614565,0.0012908741900602688,0.0012908714849422776,5749,4448085,1232,953160,1232,953162,4453834,50.20388289999755,b2e6f6243676544cb68b25aac83ba18d5eb139e5,True,3.14.4,1.8.0,3.4.0,2026-08-27T16:15:42+00:00,0.7297814974740391,0.9731521097161854,0.0004447039225359447,0.003926701378077269,1072,21740,160,931422,0.046992810801332635,0.8701298701298701,0.08916985526534686,0.1991795528446559,22812,0.023902078177356522,773.7010836478753,0.15267752185787967,145532.17338366003,0.08116883116883117,1.0,0.40584415584415584,1.0,0.6972402597402597,0.859,0.7840909090909091,0.1932
E3_multiseed_multisplit,decision_tree__unweighted__split42__model789,decision_tree,unweighted,A,none,no_origin_balance,val,stratified,42,789,False,1.0,773.7010836478753,fixed,val,0.001290797995614565,0.0012908741900602688,0.0012908714849422776,5749,4448085,1232,953160,1232,953162,4453834,75.80473350000102,b2e6f6243676544cb68b25aac83ba18d5eb139e5,True,3.14.4,1.8.0,3.4.0,2026-08-27T16:17:00+00:00,0.7608247469900982,0.9764747791420254,0.0004008668423864359,0.5,835,9,397,953151,0.9893364928909952,0.6777597402597403,0.8044315992292871,0.8186824344198935,844,0.0008843326431906386,773.7010836478753,0.3222497016228673,307168.33020820643,0.08116883116883117,1.0,0.40584415584415584,1.0,0.7191558441558441,0.886,0.8068181818181818,0.1988
E3_multiseed_multisplit,decision_tree__unweighted__split42__model789,decision_tree,unweighted,A,none,no_origin_balance,test,stratified,42,789,False,1.0,773.7010836478753,fixed,val,0.001290797995614565,0.0012908741900602688,0.0012908714849422776,5749,4448085,1232,953160,1232,953162,4453834,75.80473350000102,b2e6f6243676544cb68b25aac83ba18d5eb139e5,True,3.14.4,1.8.0,3.4.0,2026-08-27T16:17:02+00:00,0.7297426212657876,0.9731520858721036,0.000444711466590677,0.5,803,21,429,953141,0.9745145631067961,0.6517857142857143,0.7811284046692607,0.7967810108767129,824,0.0008633750840847701,773.7010836478753,0.34823631677370337,331938.76488493837,0.08116883116883117,1.0,0.40584415584415584,1.0,0.698051948051948,0.86,0.7840909090909091,0.1932
E3_multiseed_multisplit,decision_tree__unweighted__split42__model789,decision_tree,unweighted,B,decision,no_origin_balance,val,stratified,42,789,False,1.0,773.7010836478753,youden,val,0.001290797995614565,0.0012908741900602688,0.0012908714849422776,5749,4448085,1232,953160,1232,953162,4453834,75.80473350000102,b2e6f6243676544cb68b25aac83ba18d5eb139e5,True,3.14.4,1.8.0,3.4.0,2026-08-27T16:17:04+00:00,0.7608247469900982,0.9764747791420254,0.0004008668423864359,0.003926701378077269,1094,21910,138,931250,0.04755694661797948,0.887987012987013,0.09027892391483743,0.20250582770049672,23004,0.024103303464404563,773.7010836478753,0.13499872567221416,128680.74954340678,0.08116883116883117,1.0,0.40584415584415584,1.0,0.7191558441558441,0.886,0.8068181818181818,0.1988
E3_multiseed_multisplit,decision_tree__unweighted__split42__model789,decision_tree,unweighted,B,decision,no_origin_balance,test,stratified,42,789,False,1.0,773.7010836478753,youden,val,0.001290797995614565,0.0012908741900602688,0.0012908714849422776,5749,4448085,1232,953160,1232,953162,4453834,75.80473350000102,b2e6f6243676544cb68b25aac83ba18d5eb139e5,True,3.14.4,1.8.0,3.4.0,2026-08-27T16:17:07+00:00,0.7297426212657876,0.9731520858721036,0.000444711466590677,0.003926701378077269,1072,21740,160,931422,0.046992810801332635,0.8701298701298701,0.08916985526534686,0.1991795528446559,22812,0.023902078177356522,773.7010836478753,0.15267752185787967,145532.17338366003,0.08116883116883117,1.0,0.40584415584415584,1.0,0.698051948051948,0.86,0.7840909090909091,0.1932
E3_multiseed_multisplit,decision_tree__unweighted__split42__model789,decision_tree,unweighted,C,decision,no_origin_balance,val,stratified,42,789,False,1.0,773.7010836478753,ner_optimal,val,0.001290797995614565,0.0012908741900602688,0.0012908714849422776,5749,4448085,1232,953160,1232,953162,4453834,75.80473350000102,b2e6f6243676544cb68b25aac83ba18d5eb139e5,True,3.14.4,1.8.0,3.4.0,2026-08-27T16:17:09+00:00,0.7608247469900982,0.9764747791420254,0.0004008668423864359,0.003926701378077269,1094,21910,138,931250,0.04755694661797948,0.887987012987013,0.09027892391483743,0.20250582770049672,23004,0.024103303464404563,773.7010836478753,0.13499872567221416,128680.74954340678,0.08116883116883117,1.0,0.40584415584415584,1.0,0.7191558441558441,0.886,0.8068181818181818,0.1988
E3_multiseed_multisplit,decision_tree__unweighted__split42__model789,decision_tree,unweighted,C,decision,no_origin_balance,test,stratified,42,789,False,1.0,773.7010836478753,ner_optimal,val,0.001290797995614565,0.0012908741900602688,0.0012908714849422776,5749,4448085,1232,953160,1232,953162,4453834,75.80473350000102,b2e6f6243676544cb68b25aac83ba18d5eb139e5,True,3.14.4,1.8.0,3.4.0,2026-08-27T16:17:11+00:00,0.7297426212657876,0.9731520858721036,0.000444711466590677,0.003926701378077269,1072,21740,160,931422,0.046992810801332635,0.8701298701298701,0.08916985526534686,0.1991795528446559,22812,0.023902078177356522,773.7010836478753,0.15267752185787967,145532.17338366003,0.08116883116883117,1.0,0.40584415584415584,1.0,0.698051948051948,0.86,0.7840909090909091,0.1932
E3_multiseed_multisplit,decision_tree__unweighted__split456__model123,decision_tree,unweighted,A,none,no_origin_balance,val,stratified,456,123,False,1.0,773.7010836478753,fixed,val,0.001290797995614565,0.0012908741900602688,0.0012908714849422776,5749,4448085,1232,953160,1232,953162,4453834,52.921106199999485,b2e6f6243676544cb68b25aac83ba18d5eb139e5,True,3.14.4,1.8.0,3.4.0,2026-08-27T18:37:36+00:00,0.7421119679201029,0.9126068957978738,0.0004300717727294215,0.5,814,20,418,953140,0.9760191846522782,0.6607142857142857,0.7879961277831559,0.8028447660859488,834,0.0008738547682713183,773.7010836478753,0.3393066962470645,323427.0529648118,0.08116883116883117,1.0,0.4034090909090909,0.994,0.6972402597402597,0.859,0.8051948051948052,0.1984
E3_multiseed_multisplit,decision_tree__unweighted__split456__model123,decision_tree,unweighted,A,none,no_origin_balance,test,stratified,456,123,False,1.0,773.7010836478753,fixed,val,0.001290797995614565,0.0012908741900602688,0.0012908714849422776,5749,4448085,1232,953160,1232,953162,4453834,52.921106199999485,b2e6f6243676544cb68b25aac83ba18d5eb139e5,True,3.14.4,1.8.0,3.4.0,2026-08-27T18:37:37+00:00,0.7511873139577037,0.9130498467411421,0.00041257686403433936,0.5,834,27,398,953135,0.9686411149825784,0.676948051948052,0.7969421882465361,0.8095737979800762,861,0.0009021431400448871,773.7010836478753,0.3230802736997708,307960.0312918543,0.08116883116883117,1.0,0.40584415584415584,1.0,0.7118506493506493,0.877,0.8060064935064936,0.1986
E3_multiseed_multisplit,decision_tree__unweighted__split456__model123,decision_tree,unweighted,B,decision,no_origin_balance,val,stratified,456,123,False,1.0,773.7010836478753,youden,val,0.001290797995614565,0.0012908741900602688,0.0012908714849422776,5749,4448085,1232,953160,1232,953162,4453834,52.921106199999485,b2e6f6243676544cb68b25aac83ba18d5eb139e5,True,3.14.4,1.8.0,3.4.0,2026-08-27T18:37:38+00:00,0.7421119679201029,0.9126068957978738,0.0004300717727294215,0.014052697457373142,998,4486,234,948674,0.18198395331874545,0.810064935064935,0.29720071471113757,0.38257511697830715,5484,0.005746066605755287,773.7010836478753,0.19464131886593172,185532.05357360275,0.08116883116883117,1.0,0.4034090909090909,0.994,0.6972402597402597,0.859,0.8051948051948052,0.1984
E3_multiseed_multisplit,decision_tree__unweighted__split456__model123,decision_tree,unweighted,B,decision,no_origin_balance,test,stratified,456,123,False,1.0,773.7010836478753,youden,val,0.001290797995614565,0.0012908741900602688,0.0012908714849422776,5749,4448085,1232,953160,1232,953162,4453834,52.921106199999485,b2e6f6243676544cb68b25aac83ba18d5eb139e5,True,3.14.4,1.8.0,3.4.0,2026-08-27T18:37:40+00:00,0.7511873139577037,0.9130498467411421,0.00041257686403433936,0.014052697457373142,1000,4517,232,948645,0.18125793003443902,0.8116883116883117,0.29634019854793303,0.38218931137405693,5517,0.005780631479242325,773.7010836478753,0.19305046428264805,184015.651406307,0.08116883116883117,1.0,0.40584415584415584,1.0,0.7118506493506493,0.877,0.8060064935064936,0.1986
E3_multiseed_multisplit,decision_tree__unweighted__split456__model123,decision_tree,unweighted,C,decision,no_origin_balance,val,stratified,456,123,False,1.0,773.7010836478753,ner_optimal,val,0.001290797995614565,0.0012908741900602688,0.0012908714849422776,5749,4448085,1232,953160,1232,953162,4453834,52.921106199999485,b2e6f6243676544cb68b25aac83ba18d5eb139e5,True,3.14.4,1.8.0,3.4.0,2026-08-27T18:37:40+00:00,0.7421119679201029,0.9126068957978738,0.0004300717727294215,0.014052697457373142,998,4486,234,948674,0.18198395331874545,0.810064935064935,0.29720071471113757,0.38257511697830715,5484,0.005746066605755287,773.7010836478753,0.19464131886593172,185532.05357360275,0.08116883116883117,1.0,0.4034090909090909,0.994,0.6972402597402597,0.859,0.8051948051948052,0.1984
E3_multiseed_multisplit,decision_tree__unweighted__split456__model123,decision_tree,unweighted,C,decision,no_origin_balance,test,stratified,456,123,False,1.0,773.7010836478753,ner_optimal,val,0.001290797995614565,0.0012908741900602688,0.0012908714849422776,5749,4448085,1232,953160,1232,953162,4453834,52.921106199999485,b2e6f6243676544cb68b25aac83ba18d5eb139e5,True,3.14.4,1.8.0,3.4.0,2026-08-27T18:37:42+00:00,0.7511873139577037,0.9130498467411421,0.00041257686403433936,0.014052697457373142,1000,4517,232,948645,0.18125793003443902,0.8116883116883117,0.29634019854793303,0.38218931137405693,5517,0.005780631479242325,773.7010836478753,0.19305046428264805,184015.651406307,0.08116883116883117,1.0,0.40584415584415584,1.0,0.7118506493506493,0.877,0.8060064935064936,0.1986
E3_multiseed_multisplit,decision_tree__unweighted__split456__model42,decision_tree,unweighted,A,none,no_origin_balance,val,stratified,456,42,False,1.0,773.7010836478753,fixed,val,0.001290797995614565,0.0012908741900602688,0.0012908714849422776,5749,4448085,1232,953160,1232,953162,4453834,53.30204960000265,b2e6f6243676544cb68b25aac83ba18d5eb139e5,True,3.14.4,1.8.0,3.4.0,2026-08-27T18:36:36+00:00,0.7426647538706124,0.9126091771703474,0.0004296539252512894,0.5,814,20,418,953140,0.9760191846522782,0.6607142857142857,0.7879961277831559,0.8028447660859488,834,0.0008738547682713183,773.7010836478753,0.3393066962470645,323427.0529648118,0.08035714285714286,0.99,0.4042207792207792,0.996,0.7021103896103896,0.865,0.8060064935064936,0.1986
E3_multiseed_multisplit,decision_tree__unweighted__split456__model42,decision_tree,unweighted,A,none,no_origin_balance,test,stratified,456,42,False,1.0,773.7010836478753,fixed,val,0.001290797995614565,0.0012908741900602688,0.0012908714849422776,5749,4448085,1232,953160,1232,953162,4453834,53.30204960000265,b2e6f6243676544cb68b25aac83ba18d5eb139e5,True,3.14.4,1.8.0,3.4.0,2026-08-27T18:36:37+00:00,0.7511850498051984,0.9130495972298572,0.0004125772831484391,0.5,834,27,398,953135,0.9686411149825784,0.676948051948052,0.7969421882465361,0.8095737979800762,861,0.0009021431400448871,773.7010836478753,0.3230802736997708,307960.0312918543,0.08116883116883117,1.0,0.4042207792207792,0.996,0.7175324675324676,0.884,0.8051948051948052,0.1984
E3_multiseed_multisplit,decision_tree__unweighted__split456__model42,decision_tree,unweighted,B,decision,no_origin_balance,val,stratified,456,42,False,1.0,773.7010836478753,youden,val,0.001290797995614565,0.0012908741900602688,0.0012908714849422776,5749,4448085,1232,953160,1232,953162,4453834,53.30204960000265,b2e6f6243676544cb68b25aac83ba18d5eb139e5,True,3.14.4,1.8.0,3.4.0,2026-08-27T18:36:38+00:00,0.7426647538706124,0.9126091771703474,0.0004296539252512894,0.014052697457373142,998,4486,234,948674,0.18198395331874545,0.810064935064935,0.29720071471113757,0.38257511697830715,5484,0.005746066605755287,773.7010836478753,0.19464131886593172,185532.05357360275,0.08035714285714286,0.99,0.4042207792207792,0.996,0.7021103896103896,0.865,0.8060064935064936,0.1986
E3_multiseed_multisplit,decision_tree__unweighted__split456__model42,decision_tree,unweighted,B,decision,no_origin_balance,test,stratified,456,42,False,1.0,773.7010836478753,youden,val,0.001290797995614565,0.0012908741900602688,0.0012908714849422776,5749,4448085,1232,953160,1232,953162,4453834,53.30204960000265,b2e6f6243676544cb68b25aac83ba18d5eb139e5,True,3.14.4,1.8.0,3.4.0,2026-08-27T18:36:39+00:00,0.7511850498051984,0.9130495972298572,0.0004125772831484391,0.014052697457373142,1000,4518,232,948644,0.1812250815512867,0.8116883116883117,0.2962962962962963,0.3821543831813073,5518,0.005781679264538545,773.7010836478753,0.19305151338071555,184016.651406307,0.08116883116883117,1.0,0.4042207792207792,0.996,0.7175324675324676,0.884,0.8051948051948052,0.1984
E3_multiseed_multisplit,decision_tree__unweighted__split456__model42,decision_tree,unweighted,C,decision,no_origin_balance,val,stratified,456,42,False,1.0,773.7010836478753,ner_optimal,val,0.001290797995614565,0.0012908741900602688,0.0012908714849422776,5749,4448085,1232,953160,1232,953162,4453834,53.30204960000265,b2e6f6243676544cb68b25aac83ba18d5eb139e5,True,3.14.4,1.8.0,3.4.0,2026-08-27T18:36:41+00:00,0.7426647538706124,0.9126091771703474,0.0004296539252512894,0.014052697457373142,998,4486,234,948674,0.18198395331874545,0.810064935064935,0.29720071471113757,0.38257511697830715,5484,0.005746066605755287,773.7010836478753,0.19464131886593172,185532.05357360275,0.08035714285714286,0.99,0.4042207792207792,0.996,0.7021103896103896,0.865,0.8060064935064936,0.1986
E3_multiseed_multisplit,decision_tree__unweighted__split456__model42,decision_tree,unweighted,C,decision,no_origin_balance,test,stratified,456,42,False,1.0,773.7010836478753,ner_optimal,val,0.001290797995614565,0.0012908741900602688,0.0012908714849422776,5749,4448085,1232,953160,1232,953162,4453834,53.30204960000265,b2e6f6243676544cb68b25aac83ba18d5eb139e5,True,3.14.4,1.8.0,3.4.0,2026-08-27T18:36:42+00:00,0.7511850498051984,0.9130495972298572,0.0004125772831484391,0.014052697457373142,1000,4518,232,948644,0.1812250815512867,0.8116883116883117,0.2962962962962963,0.3821543831813073,5518,0.005781679264538545,773.7010836478753,0.19305151338071555,184016.651406307,0.08116883116883117,1.0,0.4042207792207792,0.996,0.7175324675324676,0.884,0.8051948051948052,0.1984
E3_multiseed_multisplit,decision_tree__unweighted__split456__model456,decision_tree,unweighted,A,none,no_origin_balance,val,stratified,456,456,False,1.0,773.7010836478753,fixed,val,0.001290797995614565,0.0012908741900602688,0.0012908714849422776,5749,4448085,1232,953160,1232,953162,4453834,51.98042659999919,b2e6f6243676544cb68b25aac83ba18d5eb139e5,True,3.14.4,1.8.0,3.4.0,2026-08-27T18:38:35+00:00,0.7421151028497779,0.912607149567563,0.0004300713536144435,0.5,814,20,418,953140,0.9760191846522782,0.6607142857142857,0.7879961277831559,0.8028447660859488,834,0.0008738547682713183,773.7010836478753,0.3393066962470645,323427.0529648118,0.08116883116883117,1.0,0.4050324675324675,0.998,0.700487012987013,0.863,0.8060064935064936,0.1986
E3_multiseed_multisplit,decision_tree__unweighted__split456__model456,decision_tree,unweighted,A,none,no_origin_balance,test,stratified,456,456,False,1.0,773.7010836478753,fixed,val,0.001290797995614565,0.0012908741900602688,0.0012908714849422776,5749,4448085,1232,953160,1232,953162,4453834,51.98042659999919,b2e6f6243676544cb68b25aac83ba18d5eb139e5,True,3.14.4,1.8.0,3.4.0,2026-08-27T18:38:36+00:00,0.7507019534840034,0.913049291088878,0.0004135959131922886,0.5,834,28,398,953134,0.9675174013921114,0.676948051948052,0.7965616045845272,0.8091032415964112,862,0.0009031909253411065,773.7010836478753,0.32308132279783836,307961.0312918543,0.08116883116883117,1.0,0.4050324675324675,0.998,0.713474025974026,0.879,0.8060064935064936,0.1986
E3_multiseed_multisplit,decision_tree__unweighted__split456__model456,decision_tree,unweighted,B,decision,no_origin_balance,val,stratified,456,456,False,1.0,773.7010836478753,youden,val,0.001290797995614565,0.0012908741900602688,0.0012908714849422776,5749,4448085,1232,953160,1232,953162,4453834,51.98042659999919,b2e6f6243676544cb68b25aac83ba18d5eb139e5,True,3.14.4,1.8.0,3.4.0,2026-08-27T18:38:38+00:00,0.7421151028497779,0.912607149567563,0.0004300713536144435,0.014052697457373142,998,4485,234,948675,0.1820171438993252,0.810064935064935,0.29724497393894267,0.3826102995987253,5483,0.005745018818263355,773.7010836478753,0.19464026976786422,185531.05357360275,0.08116883116883117,1.0,0.4050324675324675,0.998,0.700487012987013,0.863,0.8060064935064936,0.1986
E3_multiseed_multisplit,decision_tree__unweighted__split456__model456,decision_tree,unweighted,B,decision,no_origin_balance,test,stratified,456,456,False,1.0,773.7010836478753,youden,val,0.001290797995614565,0.0012908741900602688,0.0012908714849422776,5749,4448085,1232,953160,1232,953162,4453834,51.98042659999919,b2e6f6243676544cb68b25aac83ba18d5eb139e5,True,3.14.4,1.8.0,3.4.0,2026-08-27T18:38:39+00:00,0.7507019534840034,0.913049291088878,0.0004135959131922886,0.014052697457373142,1000,4518,232,948644,0.1812250815512867,0.8116883116883117,0.2962962962962963,0.3821543831813073,5518,0.005781679264538545,773.7010836478753,0.19305151338071555,184016.651406307,0.08116883116883117,1.0,0.4050324675324675,0.998,0.713474025974026,0.879,0.8060064935064936,0.1986
E3_multiseed_multisplit,decision_tree__unweighted__split456__model456,decision_tree,unweighted,C,decision,no_origin_balance,val,stratified,456,456,False,1.0,773.7010836478753,ner_optimal,val,0.001290797995614565,0.0012908741900602688,0.0012908714849422776,5749,4448085,1232,953160,1232,953162,4453834,51.98042659999919,b2e6f6243676544cb68b25aac83ba18d5eb139e5,True,3.14.4,1.8.0,3.4.0,2026-08-27T18:38:40+00:00,0.7421151028497779,0.912607149567563,0.0004300713536144435,0.014052697457373142,998,4485,234,948675,0.1820171438993252,0.810064935064935,0.29724497393894267,0.3826102995987253,5483,0.005745018818263355,773.7010836478753,0.19464026976786422,185531.05357360275,0.08116883116883117,1.0,0.4050324675324675,0.998,0.700487012987013,0.863,0.8060064935064936,0.1986
E3_multiseed_multisplit,decision_tree__unweighted__split456__model456,decision_tree,unweighted,C,decision,no_origin_balance,test,stratified,456,456,False,1.0,773.7010836478753,ner_optimal,val,0.001290797995614565,0.0012908741900602688,0.0012908714849422776,5749,4448085,1232,953160,1232,953162,4453834,51.98042659999919,b2e6f6243676544cb68b25aac83ba18d5eb139e5,True,3.14.4,1.8.0,3.4.0,2026-08-27T18:38:42+00:00,0.7507019534840034,0.913049291088878,0.0004135959131922886,0.014052697457373142,1000,4518,232,948644,0.1812250815512867,0.8116883116883117,0.2962962962962963,0.3821543831813073,5518,0.005781679264538545,773.7010836478753,0.19305151338071555,184016.651406307,0.08116883116883117,1.0,0.4050324675324675,0.998,0.713474025974026,0.879,0.8060064935064936,0.1986
E3_multiseed_multisplit,decision_tree__unweighted__split456__model789,decision_tree,unweighted,A,none,no_origin_balance,val,stratified,456,789,False,1.0,773.7010836478753,fixed,val,0.001290797995614565,0.0012908741900602688,0.0012908714849422776,5749,4448085,1232,953160,1232,953162,4453834,53.28622919999907,b2e6f6243676544cb68b25aac83ba18d5eb139e5,True,3.14.4,1.8.0,3.4.0,2026-08-27T18:39:36+00:00,0.7426647538706124,0.9126091771703474,0.0004296539252512894,0.5,814,20,418,953140,0.9760191846522782,0.6607142857142857,0.7879961277831559,0.8028447660859488,834,0.0008738547682713183,773.7010836478753,0.3393066962470645,323427.0529648118,0.08035714285714286,0.99,0.4042207792207792,0.996,0.7021103896103896,0.865,0.8060064935064936,0.1986
E3_multiseed_multisplit,decision_tree__unweighted__split456__model789,decision_tree,unweighted,A,none,no_origin_balance,test,stratified,456,789,False,1.0,773.7010836478753,fixed,val,0.001290797995614565,0.0012908741900602688,0.0012908714849422776,5749,4448085,1232,953160,1232,953162,4453834,53.28622919999907,b2e6f6243676544cb68b25aac83ba18d5eb139e5,True,3.14.4,1.8.0,3.4.0,2026-08-27T18:39:38+00:00,0.7511850498051984,0.9130495972298572,0.0004125772831484391,0.5,834,27,398,953135,0.9686411149825784,0.676948051948052,0.7969421882465361,0.8095737979800762,861,0.0009021431400448871,773.7010836478753,0.3230802736997708,307960.0312918543,0.08116883116883117,1.0,0.4042207792207792,0.996,0.7175324675324676,0.884,0.8051948051948052,0.1984
E3_multiseed_multisplit,decision_tree__unweighted__split456__model789,decision_tree,unweighted,B,decision,no_origin_balance,val,stratified,456,789,False,1.0,773.7010836478753,youden,val,0.001290797995614565,0.0012908741900602688,0.0012908714849422776,5749,4448085,1232,953160,1232,953162,4453834,53.28622919999907,b2e6f6243676544cb68b25aac83ba18d5eb139e5,True,3.14.4,1.8.0,3.4.0,2026-08-27T18:39:39+00:00,0.7426647538706124,0.9126091771703474,0.0004296539252512894,0.014052697457373142,998,4486,234,948674,0.18198395331874545,0.810064935064935,0.29720071471113757,0.38257511697830715,5484,0.005746066605755287,773.7010836478753,0.19464131886593172,185532.05357360275,0.08035714285714286,0.99,0.4042207792207792,0.996,0.7021103896103896,0.865,0.8060064935064936,0.1986
E3_multiseed_multisplit,decision_tree__unweighted__split456__model789,decision_tree,unweighted,B,decision,no_origin_balance,test,stratified,456,789,False,1.0,773.7010836478753,youden,val,0.001290797995614565,0.0012908741900602688,0.0012908714849422776,5749,4448085,1232,953160,1232,953162,4453834,53.28622919999907,b2e6f6243676544cb68b25aac83ba18d5eb139e5,True,3.14.4,1.8.0,3.4.0,2026-08-27T18:39:41+00:00,0.7511850498051984,0.9130495972298572,0.0004125772831484391,0.014052697457373142,1000,4518,232,948644,0.1812250815512867,0.8116883116883117,0.2962962962962963,0.3821543831813073,5518,0.005781679264538545,773.7010836478753,0.19305151338071555,184016.651406307,0.08116883116883117,1.0,0.4042207792207792,0.996,0.7175324675324676,0.884,0.8051948051948052,0.1984
E3_multiseed_multisplit,decision_tree__unweighted__split456__model789,decision_tree,unweighted,C,decision,no_origin_balance,val,stratified,456,789,False,1.0,773.7010836478753,ner_optimal,val,0.001290797995614565,0.0012908741900602688,0.0012908714849422776,5749,4448085,1232,953160,1232,953162,4453834,53.28622919999907,b2e6f6243676544cb68b25aac83ba18d5eb139e5,True,3.14.4,1.8.0,3.4.0,2026-08-27T18:39:42+00:00,0.7426647538706124,0.9126091771703474,0.0004296539252512894,0.014052697457373142,998,4486,234,948674,0.18198395331874545,0.810064935064935,0.29720071471113757,0.38257511697830715,5484,0.005746066605755287,773.7010836478753,0.19464131886593172,185532.05357360275,0.08035714285714286,0.99,0.4042207792207792,0.996,0.7021103896103896,0.865,0.8060064935064936,0.1986
E3_multiseed_multisplit,decision_tree__unweighted__split456__model789,decision_tree,unweighted,C,decision,no_origin_balance,test,stratified,456,789,False,1.0,773.7010836478753,ner_optimal,val,0.001290797995614565,0.0012908741900602688,0.0012908714849422776,5749,4448085,1232,953160,1232,953162,4453834,53.28622919999907,b2e6f6243676544cb68b25aac83ba18d5eb139e5,True,3.14.4,1.8.0,3.4.0,2026-08-27T18:39:43+00:00,0.7511850498051984,0.9130495972298572,0.0004125772831484391,0.014052697457373142,1000,4518,232,948644,0.1812250815512867,0.8116883116883117,0.2962962962962963,0.3821543831813073,5518,0.005781679264538545,773.7010836478753,0.19305151338071555,184016.651406307,0.08116883116883117,1.0,0.4042207792207792,0.996,0.7175324675324676,0.884,0.8051948051948052,0.1984
E3_multiseed_multisplit,decision_tree__unweighted__split789__model123,decision_tree,unweighted,A,none,no_origin_balance,val,stratified,789,123,False,1.0,773.7010836478753,fixed,val,0.001290797995614565,0.0012908741900602688,0.0012908714849422776,5749,4448085,1232,953160,1232,953162,4453834,51.39903069999855,b2e6f6243676544cb68b25aac83ba18d5eb139e5,True,3.14.4,1.8.0,3.4.0,2026-08-27T19:51:02+00:00,0.7560227169657836,0.9166181166078874,0.0004010446519439924,0.5,854,30,378,953130,0.9660633484162896,0.6931818181818182,0.8071833648393195,0.8181395700131026,884,0.0009262441428679201,773.7010836478753,0.3068496547602072,292489.0096188968,0.08035714285714286,0.99,0.4042207792207792,0.996,0.7215909090909091,0.889,0.8116883116883117,0.2
E3_multiseed_multisplit,decision_tree__unweighted__split789__model123,decision_tree,unweighted,A,none,no_origin_balance,test,stratified,789,123,False,1.0,773.7010836478753,fixed,val,0.001290797995614565,0.0012908741900602688,0.0012908714849422776,5749,4448085,1232,953160,1232,953162,4453834,51.39903069999855,b2e6f6243676544cb68b25aac83ba18d5eb139e5,True,3.14.4,1.8.0,3.4.0,2026-08-27T19:51:03+00:00,0.7571897155189382,0.9148269942740412,0.0004076311933083017,0.5,846,32,386,953130,0.9635535307517085,0.6866883116883117,0.8018957345971564,0.813234670007726,878,0.0009199554900806166,773.7010836478753,0.3133452594498487,298680.6182880798,0.08116883116883117,1.0,0.4050324675324675,0.998,0.7199675324675324,0.887,0.8125,0.2002
E3_multiseed_multisplit,decision_tree__unweighted__split789__model123,decision_tree,unweighted,B,decision,no_origin_balance,val,stratified,789,123,False,1.0,773.7010836478753,youden,val,0.001290797995614565,0.0012908741900602688,0.0012908714849422776,5749,4448085,1232,953160,1232,953162,4453834,51.39903069999855,b2e6f6243676544cb68b25aac83ba18d5eb139e5,True,3.14.4,1.8.0,3.4.0,2026-08-27T19:51:05+00:00,0.7560227169657836,0.9166181166078874,0.0004010446519439924,0.012950669974088669,1009,4697,223,948463,0.17683140553803015,0.8189935064935064,0.29086191986163157,0.3791583097175045,5706,0.005978675428964199,773.7010836478753,0.1859341071296057,177232.34165347612,0.08035714285714286,0.99,0.4042207792207792,0.996,0.7215909090909091,0.889,0.8116883116883117,0.2
E3_multiseed_multisplit,decision_tree__unweighted__split789__model123,decision_tree,unweighted,B,decision,no_origin_balance,test,stratified,789,123,False,1.0,773.7010836478753,youden,val,0.001290797995614565,0.0012908741900602688,0.0012908714849422776,5749,4448085,1232,953160,1232,953162,4453834,51.39903069999855,b2e6f6243676544cb68b25aac83ba18d5eb139e5,True,3.14.4,1.8.0,3.4.0,2026-08-27T19:51:06+00:00,0.7571897155189382,0.9148269942740412,0.0004076311933083017,0.012950669974088669,1007,4672,225,948490,0.177319950695545,0.8173701298701299,0.2914194761973665,0.37930752137266627,5679,0.005950372697229866,773.7010836478753,0.18753125630129452,178754.7438207719,0.08116883116883117,1.0,0.4050324675324675,0.998,0.7199675324675324,0.887,0.8125,0.2002
E3_multiseed_multisplit,decision_tree__unweighted__split789__model123,decision_tree,unweighted,C,decision,no_origin_balance,val,stratified,789,123,False,1.0,773.7010836478753,ner_optimal,val,0.001290797995614565,0.0012908741900602688,0.0012908714849422776,5749,4448085,1232,953160,1232,953162,4453834,51.39903069999855,b2e6f6243676544cb68b25aac83ba18d5eb139e5,True,3.14.4,1.8.0,3.4.0,2026-08-27T19:51:07+00:00,0.7560227169657836,0.9166181166078874,0.0004010446519439924,0.012950669974088669,1009,4697,223,948463,0.17683140553803015,0.8189935064935064,0.29086191986163157,0.3791583097175045,5706,0.005978675428964199,773.7010836478753,0.1859341071296057,177232.34165347612,0.08035714285714286,0.99,0.4042207792207792,0.996,0.7215909090909091,0.889,0.8116883116883117,0.2
E3_multiseed_multisplit,decision_tree__unweighted__split789__model123,decision_tree,unweighted,C,decision,no_origin_balance,test,stratified,789,123,False,1.0,773.7010836478753,ner_optimal,val,0.001290797995614565,0.0012908741900602688,0.0012908714849422776,5749,4448085,1232,953160,1232,953162,4453834,51.39903069999855,b2e6f6243676544cb68b25aac83ba18d5eb139e5,True,3.14.4,1.8.0,3.4.0,2026-08-27T19:51:09+00:00,0.7571897155189382,0.9148269942740412,0.0004076311933083017,0.012950669974088669,1007,4672,225,948490,0.177319950695545,0.8173701298701299,0.2914194761973665,0.37930752137266627,5679,0.005950372697229866,773.7010836478753,0.18753125630129452,178754.7438207719,0.08116883116883117,1.0,0.4050324675324675,0.998,0.7199675324675324,0.887,0.8125,0.2002
E3_multiseed_multisplit,decision_tree__unweighted__split789__model42,decision_tree,unweighted,A,none,no_origin_balance,val,stratified,789,42,False,1.0,773.7010836478753,fixed,val,0.001290797995614565,0.0012908741900602688,0.0012908714849422776,5749,4448085,1232,953160,1232,953162,4453834,53.02456510000047,b2e6f6243676544cb68b25aac83ba18d5eb139e5,True,3.14.4,1.8.0,3.4.0,2026-08-27T19:50:04+00:00,0.7560432817293137,0.9166183086383065,0.0004010241153873838,0.5,854,30,378,953130,0.9660633484162896,0.6931818181818182,0.8071833648393195,0.8181395700131026,884,0.0009262441428679201,773.7010836478753,0.3068496547602072,292489.0096188968,0.08116883116883117,1.0,0.4042207792207792,0.996,0.7215909090909091,0.889,0.8116883116883117,0.2
E3_multiseed_multisplit,decision_tree__unweighted__split789__model42,decision_tree,unweighted,A,none,no_origin_balance,test,stratified,789,42,False,1.0,773.7010836478753,fixed,val,0.001290797995614565,0.0012908741900602688,0.0012908714849422776,5749,4448085,1232,953160,1232,953162,4453834,53.02456510000047,b2e6f6243676544cb68b25aac83ba18d5eb139e5,True,3.14.4,1.8.0,3.4.0,2026-08-27T19:50:05+00:00,0.7571897155189382,0.9148269942740412,0.0004076311933083017,0.5,846,32,386,953130,0.9635535307517085,0.6866883116883117,0.8018957345971564,0.813234670007726,878,0.0009199554900806166,773.7010836478753,0.3133452594498487,298680.6182880798,0.08116883116883117,1.0,0.4050324675324675,0.998,0.7199675324675324,0.887,0.8125,0.2002
E3_multiseed_multisplit,decision_tree__unweighted__split789__model42,decision_tree,unweighted,B,decision,no_origin_balance,val,stratified,789,42,False,1.0,773.7010836478753,youden,val,0.001290797995614565,0.0012908741900602688,0.0012908714849422776,5749,4448085,1232,953160,1232,953162,4453834,53.02456510000047,b2e6f6243676544cb68b25aac83ba18d5eb139e5,True,3.14.4,1.8.0,3.4.0,2026-08-27T19:50:06+00:00,0.7560432817293137,0.9166183086383065,0.0004010241153873838,0.012950669974088669,1009,4696,223,948464,0.1768624014022787,0.8189935064935064,0.2909038489260487,0.37919182745175845,5705,0.005977627641472267,773.7010836478753,0.1859330580315382,177231.34165347612,0.08116883116883117,1.0,0.4042207792207792,0.996,0.7215909090909091,0.889,0.8116883116883117,0.2
E3_multiseed_multisplit,decision_tree__unweighted__split789__model42,decision_tree,unweighted,B,decision,no_origin_balance,test,stratified,789,42,False,1.0,773.7010836478753,youden,val,0.001290797995614565,0.0012908741900602688,0.0012908714849422776,5749,4448085,1232,953160,1232,953162,4453834,53.02456510000047,b2e6f6243676544cb68b25aac83ba18d5eb139e5,True,3.14.4,1.8.0,3.4.0,2026-08-27T19:50:07+00:00,0.7571897155189382,0.9148269942740412,0.0004076311933083017,0.012950669974088669,1007,4672,225,948490,0.177319950695545,0.8173701298701299,0.2914194761973665,0.37930752137266627,5679,0.005950372697229866,773.7010836478753,0.18753125630129452,178754.7438207719,0.08116883116883117,1.0,0.4050324675324675,0.998,0.7199675324675324,0.887,0.8125,0.2002
E3_multiseed_multisplit,decision_tree__unweighted__split789__model42,decision_tree,unweighted,C,decision,no_origin_balance,val,stratified,789,42,False,1.0,773.7010836478753,ner_optimal,val,0.001290797995614565,0.0012908741900602688,0.0012908714849422776,5749,4448085,1232,953160,1232,953162,4453834,53.02456510000047,b2e6f6243676544cb68b25aac83ba18d5eb139e5,True,3.14.4,1.8.0,3.4.0,2026-08-27T19:50:09+00:00,0.7560432817293137,0.9166183086383065,0.0004010241153873838,0.012950669974088669,1009,4696,223,948464,0.1768624014022787,0.8189935064935064,0.2909038489260487,0.37919182745175845,5705,0.005977627641472267,773.7010836478753,0.1859330580315382,177231.34165347612,0.08116883116883117,1.0,0.4042207792207792,0.996,0.7215909090909091,0.889,0.8116883116883117,0.2
E3_multiseed_multisplit,decision_tree__unweighted__split789__model42,decision_tree,unweighted,C,decision,no_origin_balance,test,stratified,789,42,False,1.0,773.7010836478753,ner_optimal,val,0.001290797995614565,0.0012908741900602688,0.0012908714849422776,5749,4448085,1232,953160,1232,953162,4453834,53.02456510000047,b2e6f6243676544cb68b25aac83ba18d5eb139e5,True,3.14.4,1.8.0,3.4.0,2026-08-27T19:50:10+00:00,0.7571897155189382,0.9148269942740412,0.0004076311933083017,0.012950669974088669,1007,4672,225,948490,0.177319950695545,0.8173701298701299,0.2914194761973665,0.37930752137266627,5679,0.005950372697229866,773.7010836478753,0.18753125630129452,178754.7438207719,0.08116883116883117,1.0,0.4050324675324675,0.998,0.7199675324675324,0.887,0.8125,0.2002
E3_multiseed_multisplit,decision_tree__unweighted__split789__model456,decision_tree,unweighted,A,none,no_origin_balance,val,stratified,789,456,False,1.0,773.7010836478753,fixed,val,0.001290797995614565,0.0012908741900602688,0.0012908714849422776,5749,4448085,1232,953160,1232,953162,4453834,52.46900409999944,b2e6f6243676544cb68b25aac83ba18d5eb139e5,True,3.14.4,1.8.0,3.4.0,2026-08-27T19:52:03+00:00,0.7560308796640045,0.9166186088188951,0.00040103710787438773,0.5,854,30,378,953130,0.9660633484162896,0.6931818181818182,0.8071833648393195,0.8181395700131026,884,0.0009262441428679201,773.7010836478753,0.3068496547602072,292489.0096188968,0.08116883116883117,1.0,0.4042207792207792,0.996,0.7207792207792207,0.888,0.8116883116883117,0.2
E3_multiseed_multisplit,decision_tree__unweighted__split789__model456,decision_tree,unweighted,A,none,no_origin_balance,test,stratified,789,456,False,1.0,773.7010836478753,fixed,val,0.001290797995614565,0.0012908741900602688,0.0012908714849422776,5749,4448085,1232,953160,1232,953162,4453834,52.46900409999944,b2e6f6243676544cb68b25aac83ba18d5eb139e5,True,3.14.4,1.8.0,3.4.0,2026-08-27T19:52:04+00:00,0.7571744114532092,0.9148260166666862,0.00040764628141589277,0.5,846,32,386,953130,0.9635535307517085,0.6866883116883117,0.8018957345971564,0.813234670007726,878,0.0009199554900806166,773.7010836478753,0.3133452594498487,298680.6182880798,0.08116883116883117,1.0,0.4050324675324675,0.998,0.7199675324675324,0.887,0.8125,0.2002
E3_multiseed_multisplit,decision_tree__unweighted__split789__model456,decision_tree,unweighted,B,decision,no_origin_balance,val,stratified,789,456,False,1.0,773.7010836478753,youden,val,0.001290797995614565,0.0012908741900602688,0.0012908714849422776,5749,4448085,1232,953160,1232,953162,4453834,52.46900409999944,b2e6f6243676544cb68b25aac83ba18d5eb139e5,True,3.14.4,1.8.0,3.4.0,2026-08-27T19:52:05+00:00,0.7560308796640045,0.9166186088188951,0.00040103710787438773,0.012950669974088669,1009,4695,223,948465,0.17689340813464235,0.8189935064935064,0.2909457900807382,0.37922535397438,5704,0.005976579853980335,773.7010836478753,0.18593200893347067,177230.34165347612,0.08116883116883117,1.0,0.4042207792207792,0.996,0.7207792207792207,0.888,0.8116883116883117,0.2
E3_multiseed_multisplit,decision_tree__unweighted__split789__model456,decision_tree,unweighted,B,decision,no_origin_balance,test,stratified,789,456,False,1.0,773.7010836478753,youden,val,0.001290797995614565,0.0012908741900602688,0.0012908714849422776,5749,4448085,1232,953160,1232,953162,4453834,52.46900409999944,b2e6f6243676544cb68b25aac83ba18d5eb139e5,True,3.14.4,1.8.0,3.4.0,2026-08-27T19:52:06+00:00,0.7571744114532092,0.9148260166666862,0.00040764628141589277,0.012950669974088669,1007,4676,225,948486,0.17719514341017067,0.8173701298701299,0.2912509038322487,0.37917285022642067,5683,0.0059545638384147425,773.7010836478753,0.18753545269356456,178758.7438207719,0.08116883116883117,1.0,0.4050324675324675,0.998,0.7199675324675324,0.887,0.8125,0.2002
E3_multiseed_multisplit,decision_tree__unweighted__split789__model456,decision_tree,unweighted,C,decision,no_origin_balance,val,stratified,789,456,False,1.0,773.7010836478753,ner_optimal,val,0.001290797995614565,0.0012908741900602688,0.0012908714849422776,5749,4448085,1232,953160,1232,953162,4453834,52.46900409999944,b2e6f6243676544cb68b25aac83ba18d5eb139e5,True,3.14.4,1.8.0,3.4.0,2026-08-27T19:52:07+00:00,0.7560308796640045,0.9166186088188951,0.00040103710787438773,0.012950669974088669,1009,4695,223,948465,0.17689340813464235,0.8189935064935064,0.2909457900807382,0.37922535397438,5704,0.005976579853980335,773.7010836478753,0.18593200893347067,177230.34165347612,0.08116883116883117,1.0,0.4042207792207792,0.996,0.7207792207792207,0.888,0.8116883116883117,0.2
E3_multiseed_multisplit,decision_tree__unweighted__split789__model456,decision_tree,unweighted,C,decision,no_origin_balance,test,stratified,789,456,False,1.0,773.7010836478753,ner_optimal,val,0.001290797995614565,0.0012908741900602688,0.0012908714849422776,5749,4448085,1232,953160,1232,953162,4453834,52.46900409999944,b2e6f6243676544cb68b25aac83ba18d5eb139e5,True,3.14.4,1.8.0,3.4.0,2026-08-27T19:52:09+00:00,0.7571744114532092,0.9148260166666862,0.00040764628141589277,0.012950669974088669,1007,4676,225,948486,0.17719514341017067,0.8173701298701299,0.2912509038322487,0.37917285022642067,5683,0.0059545638384147425,773.7010836478753,0.18753545269356456,178758.7438207719,0.08116883116883117,1.0,0.4050324675324675,0.998,0.7199675324675324,0.887,0.8125,0.2002
E3_multiseed_multisplit,decision_tree__unweighted__split789__model789,decision_tree,unweighted,A,none,no_origin_balance,val,stratified,789,789,False,1.0,773.7010836478753,fixed,val,0.001290797995614565,0.0012908741900602688,0.0012908714849422776,5749,4448085,1232,953160,1232,953162,4453834,51.91548479999983,b2e6f6243676544cb68b25aac83ba18d5eb139e5,True,3.14.4,1.8.0,3.4.0,2026-08-27T19:53:02+00:00,0.7560308796640045,0.9166186088188951,0.00040103710787438773,0.5,854,30,378,953130,0.9660633484162896,0.6931818181818182,0.8071833648393195,0.8181395700131026,884,0.0009262441428679201,773.7010836478753,0.3068496547602072,292489.0096188968,0.08116883116883117,1.0,0.4042207792207792,0.996,0.7207792207792207,0.888,0.8116883116883117,0.2
E3_multiseed_multisplit,decision_tree__unweighted__split789__model789,decision_tree,unweighted,A,none,no_origin_balance,test,stratified,789,789,False,1.0,773.7010836478753,fixed,val,0.001290797995614565,0.0012908741900602688,0.0012908714849422776,5749,4448085,1232,953160,1232,953162,4453834,51.91548479999983,b2e6f6243676544cb68b25aac83ba18d5eb139e5,True,3.14.4,1.8.0,3.4.0,2026-08-27T19:53:03+00:00,0.7572455594467772,0.914826054987532,0.0004076236492516957,0.5,846,32,386,953130,0.9635535307517085,0.6866883116883117,0.8018957345971564,0.813234670007726,878,0.0009199554900806166,773.7010836478753,0.3133452594498487,298680.6182880798,0.08116883116883117,1.0,0.4050324675324675,0.998,0.7207792207792207,0.888,0.8125,0.2002
E3_multiseed_multisplit,decision_tree__unweighted__split789__model789,decision_tree,unweighted,B,decision,no_origin_balance,val,stratified,789,789,False,1.0,773.7010836478753,youden,val,0.001290797995614565,0.0012908741900602688,0.0012908714849422776,5749,4448085,1232,953160,1232,953162,4453834,51.91548479999983,b2e6f6243676544cb68b25aac83ba18d5eb139e5,True,3.14.4,1.8.0,3.4.0,2026-08-27T19:53:04+00:00,0.7560308796640045,0.9166186088188951,0.00040103710787438773,0.012950669974088669,1009,4695,223,948465,0.17689340813464235,0.8189935064935064,0.2909457900807382,0.37922535397438,5704,0.005976579853980335,773.7010836478753,0.18593200893347067,177230.34165347612,0.08116883116883117,1.0,0.4042207792207792,0.996,0.7207792207792207,0.888,0.8116883116883117,0.2
E3_multiseed_multisplit,decision_tree__unweighted__split789__model789,decision_tree,unweighted,B,decision,no_origin_balance,test,stratified,789,789,False,1.0,773.7010836478753,youden,val,0.001290797995614565,0.0012908741900602688,0.0012908714849422776,5749,4448085,1232,953160,1232,953162,4453834,51.91548479999983,b2e6f6243676544cb68b25aac83ba18d5eb139e5,True,3.14.4,1.8.0,3.4.0,2026-08-27T19:53:06+00:00,0.7572455594467772,0.914826054987532,0.0004076236492516957,0.012950669974088669,1007,4676,225,948486,0.17719514341017067,0.8173701298701299,0.2912509038322487,0.37917285022642067,5683,0.0059545638384147425,773.7010836478753,0.18753545269356456,178758.7438207719,0.08116883116883117,1.0,0.4050324675324675,0.998,0.7207792207792207,0.888,0.8125,0.2002
E3_multiseed_multisplit,decision_tree__unweighted__split789__model789,decision_tree,unweighted,C,decision,no_origin_balance,val,stratified,789,789,False,1.0,773.7010836478753,ner_optimal,val,0.001290797995614565,0.0012908741900602688,0.0012908714849422776,5749,4448085,1232,953160,1232,953162,4453834,51.91548479999983,b2e6f6243676544cb68b25aac83ba18d5eb139e5,True,3.14.4,1.8.0,3.4.0,2026-08-27T19:53:07+00:00,0.7560308796640045,0.9166186088188951,0.00040103710787438773,0.012950669974088669,1009,4695,223,948465,0.17689340813464235,0.8189935064935064,0.2909457900807382,0.37922535397438,5704,0.005976579853980335,773.7010836478753,0.18593200893347067,177230.34165347612,0.08116883116883117,1.0,0.4042207792207792,0.996,0.7207792207792207,0.888,0.8116883116883117,0.2
E3_multiseed_multisplit,decision_tree__unweighted__split789__model789,decision_tree,unweighted,C,decision,no_origin_balance,test,stratified,789,789,False,1.0,773.7010836478753,ner_optimal,val,0.001290797995614565,0.0012908741900602688,0.0012908714849422776,5749,4448085,1232,953160,1232,953162,4453834,51.91548479999983,b2e6f6243676544cb68b25aac83ba18d5eb139e5,True,3.14.4,1.8.0,3.4.0,2026-08-27T19:53:08+00:00,0.7572455594467772,0.914826054987532,0.0004076236492516957,0.012950669974088669,1007,4676,225,948486,0.17719514341017067,0.8173701298701299,0.2912509038322487,0.37917285022642067,5683,0.0059545638384147425,773.7010836478753,0.18753545269356456,178758.7438207719,0.08116883116883117,1.0,0.4050324675324675,0.998,0.7207792207792207,0.888,0.8125,0.2002
E3_multiseed_multisplit,decision_tree__weighted__split123__model123,decision_tree,weighted,D,algorithm,no_origin_balance,val,stratified,123,123,False,773.7010836478753,773.7010836478753,fixed,val,0.001290797995614565,0.0012908741900602688,0.0012908714849422776,5749,4448085,1232,953160,1232,953162,4453834,39.76317399999971,b2e6f6243676544cb68b25aac83ba18d5eb139e5,True,3.14.4,1.8.0,3.4.0,2026-08-27T17:28:12+00:00,0.7397889092631584,0.9825152007192208,0.03212658645310671,0.5,1121,29363,111,923797,0.03677338931898701,0.9099025974025974,0.07068987261949805,0.17950416974298902,30484,0.03194075390405619,773.7010836478753,0.12090206915381,115243.82028491412,0.08116883116883117,1.0,0.4034090909090909,0.994,0.6655844155844156,0.82,0.8319805194805194,0.205
E3_multiseed_multisplit,decision_tree__weighted__split123__model123,decision_tree,weighted,D,algorithm,no_origin_balance,test,stratified,123,123,False,773.7010836478753,773.7010836478753,fixed,val,0.001290797995614565,0.0012908741900602688,0.0012908714849422776,5749,4448085,1232,953160,1232,953162,4453834,39.76317399999971,b2e6f6243676544cb68b25aac83ba18d5eb139e5,True,3.14.4,1.8.0,3.4.0,2026-08-27T17:28:14+00:00,0.745346620759228,0.9807405798777151,0.032098755875428084,0.5,1120,29284,112,923878,0.0368372582554927,0.9090909090909091,0.07080541155645467,0.17958339391924102,30404,0.03185686414625406,773.7010836478753,0.12163087871816473,115938.52136856201,0.08116883116883117,1.0,0.4034090909090909,0.994,0.672077922077922,0.828,0.8327922077922078,0.2052
E3_multiseed_multisplit,decision_tree__weighted__split123__model123,decision_tree,weighted,E,algorithm+decision,no_origin_balance,val,stratified,123,123,False,773.7010836478753,773.7010836478753,ner_optimal,val,0.001290797995614565,0.0012908741900602688,0.0012908714849422776,5749,4448085,1232,953160,1232,953162,4453834,39.76317399999971,b2e6f6243676544cb68b25aac83ba18d5eb139e5,True,3.14.4,1.8.0,3.4.0,2026-08-27T17:28:15+00:00,0.7397889092631584,0.9825152007192208,0.03212658645310671,0.41689109802246094,1146,45066,86,908094,0.024798753570501167,0.9301948051948052,0.0483095860382767,0.14768738516217816,46212,0.04842035557716326,773.7010836478753,0.11708384831577127,111604.29319371725,0.08116883116883117,1.0,0.4034090909090909,0.994,0.6655844155844156,0.82,0.8319805194805194,0.205
E3_multiseed_multisplit,decision_tree__weighted__split123__model123,decision_tree,weighted,E,algorithm+decision,no_origin_balance,test,stratified,123,123,False,773.7010836478753,773.7010836478753,ner_optimal,val,0.001290797995614565,0.0012908741900602688,0.0012908714849422776,5749,4448085,1232,953160,1232,953162,4453834,39.76317399999971,b2e6f6243676544cb68b25aac83ba18d5eb139e5,True,3.14.4,1.8.0,3.4.0,2026-08-27T17:28:16+00:00,0.745346620759228,0.9807405798777151,0.032098755875428084,0.41689109802246094,1141,45079,91,908083,0.02468628299437473,0.9261363636363636,0.04809070218325887,0.14699417105386814,46220,0.04842863639125979,773.7010836478753,0.12115592814909051,115485.79861195663,0.08116883116883117,1.0,0.4034090909090909,0.994,0.672077922077922,0.828,0.8327922077922078,0.2052
E3_multiseed_multisplit,decision_tree__weighted__split123__model42,decision_tree,weighted,D,algorithm,no_origin_balance,val,stratified,123,42,False,773.7010836478753,773.7010836478753,fixed,val,0.001290797995614565,0.0012908741900602688,0.0012908714849422776,5749,4448085,1232,953160,1232,953162,4453834,41.25686810000116,b2e6f6243676544cb68b25aac83ba18d5eb139e5,True,3.14.4,1.8.0,3.4.0,2026-08-27T17:27:27+00:00,0.7397904292386746,0.9825153893433354,0.03212565976091301,0.5,1121,29362,111,923798,0.03677459567627858,0.9099025974025974,0.07069210152924484,0.17950723113513845,30483,0.03193970611656426,773.7010836478753,0.12090102005574248,115242.82028491412,0.08116883116883117,1.0,0.4034090909090909,0.994,0.663961038961039,0.818,0.8336038961038961,0.2054
E3_multiseed_multisplit,decision_tree__weighted__split123__model42,decision_tree,weighted,D,algorithm,no_origin_balance,test,stratified,123,42,False,773.7010836478753,773.7010836478753,fixed,val,0.001290797995614565,0.0012908741900602688,0.0012908714849422776,5749,4448085,1232,953160,1232,953162,4453834,41.25686810000116,b2e6f6243676544cb68b25aac83ba18d5eb139e5,True,3.14.4,1.8.0,3.4.0,2026-08-27T17:27:28+00:00,0.7453351246651442,0.9807390947320467,0.03210616939744212,0.5,1120,29292,112,923870,0.036827568065237404,0.9090909090909091,0.0707875110605486,0.1795588338592404,30412,0.03186524642862382,773.7010836478753,0.12163927150270484,115946.52136856201,0.08116883116883117,1.0,0.4034090909090909,0.994,0.6680194805194806,0.823,0.8336038961038961,0.2054
E3_multiseed_multisplit,decision_tree__weighted__split123__model42,decision_tree,weighted,E,algorithm+decision,no_origin_balance,val,stratified,123,42,False,773.7010836478753,773.7010836478753,ner_optimal,val,0.001290797995614565,0.0012908741900602688,0.0012908714849422776,5749,4448085,1232,953160,1232,953162,4453834,41.25686810000116,b2e6f6243676544cb68b25aac83ba18d5eb139e5,True,3.14.4,1.8.0,3.4.0,2026-08-27T17:27:30+00:00,0.7397904292386746,0.9825153893433354,0.03212565976091301,0.41689109802246094,1146,45065,86,908095,0.024799290212287117,0.9301948051948052,0.048310604304112305,0.1476890773055627,46211,0.04841930778967133,773.7010836478753,0.11708279921770376,111603.29319371725,0.08116883116883117,1.0,0.4034090909090909,0.994,0.663961038961039,0.818,0.8336038961038961,0.2054
E3_multiseed_multisplit,decision_tree__weighted__split123__model42,decision_tree,weighted,E,algorithm+decision,no_origin_balance,test,stratified,123,42,False,773.7010836478753,773.7010836478753,ner_optimal,val,0.001290797995614565,0.0012908741900602688,0.0012908714849422776,5749,4448085,1232,953160,1232,953162,4453834,41.25686810000116,b2e6f6243676544cb68b25aac83ba18d5eb139e5,True,3.14.4,1.8.0,3.4.0,2026-08-27T17:27:31+00:00,0.7453351246651442,0.9807390947320467,0.03210616939744212,0.41689109802246094,1141,45087,91,908075,0.024682010902483342,0.9261363636363636,0.04808259587020649,0.14698069511150103,46228,0.048437018673629546,773.7010836478753,0.12116432093363062,115493.79861195663,0.08116883116883117,1.0,0.4034090909090909,0.994,0.6680194805194806,0.823,0.8336038961038961,0.2054
E3_multiseed_multisplit,decision_tree__weighted__split123__model456,decision_tree,weighted,D,algorithm,no_origin_balance,val,stratified,123,456,False,773.7010836478753,773.7010836478753,fixed,val,0.001290797995614565,0.0012908741900602688,0.0012908714849422776,5749,4448085,1232,953160,1232,953162,4453834,39.61944980000044,b2e6f6243676544cb68b25aac83ba18d5eb139e5,True,3.14.4,1.8.0,3.4.0,2026-08-27T17:28:58+00:00,0.7408242361758742,0.9825168497964121,0.03212183191545088,0.5,1121,29358,111,923802,0.03677942189704387,0.9099025974025974,0.07070101857399641,0.17951947819039027,30479,0.03193551496659654,773.7010836478753,0.12089682366347243,115238.82028491412,0.08116883116883117,1.0,0.4042207792207792,0.996,0.6647727272727273,0.819,0.8303571428571429,0.2046
E3_multiseed_multisplit,decision_tree__weighted__split123__model456,decision_tree,weighted,D,algorithm,no_origin_balance,test,stratified,123,456,False,773.7010836478753,773.7010836478753,fixed,val,0.001290797995614565,0.0012908741900602688,0.0012908714849422776,5749,4448085,1232,953160,1232,953162,4453834,39.61944980000044,b2e6f6243676544cb68b25aac83ba18d5eb139e5,True,3.14.4,1.8.0,3.4.0,2026-08-27T17:28:59+00:00,0.7453480598658605,0.9807407655209235,0.032097829185176334,0.5,1120,29283,112,923879,0.036838469887840015,0.9090909090909091,0.07080764975501817,0.1795864645993015,30403,0.03185581636095784,773.7010836478753,0.12162982962009722,115937.52136856201,0.08116883116883117,1.0,0.4034090909090909,0.994,0.6712662337662337,0.827,0.8352272727272727,0.2058
E3_multiseed_multisplit,decision_tree__weighted__split123__model456,decision_tree,weighted,E,algorithm+decision,no_origin_balance,val,stratified,123,456,False,773.7010836478753,773.7010836478753,ner_optimal,val,0.001290797995614565,0.0012908741900602688,0.0012908714849422776,5749,4448085,1232,953160,1232,953162,4453834,39.61944980000044,b2e6f6243676544cb68b25aac83ba18d5eb139e5,True,3.14.4,1.8.0,3.4.0,2026-08-27T17:29:01+00:00,0.7408242361758742,0.9825168497964121,0.03212183191545088,0.41689109802246094,1146,45061,86,908099,0.024801437011708182,0.9301948051948052,0.04831467779674951,0.14769584641762493,46207,0.048415116639703604,773.7010836478753,0.11707860282543371,111599.29319371725,0.08116883116883117,1.0,0.4042207792207792,0.996,0.6647727272727273,0.819,0.8303571428571429,0.2046
E3_multiseed_multisplit,decision_tree__weighted__split123__model456,decision_tree,weighted,E,algorithm+decision,no_origin_balance,test,stratified,123,456,False,773.7010836478753,773.7010836478753,ner_optimal,val,0.001290797995614565,0.0012908741900602688,0.0012908714849422776,5749,4448085,1232,953160,1232,953162,4453834,39.61944980000044,b2e6f6243676544cb68b25aac83ba18d5eb139e5,True,3.14.4,1.8.0,3.4.0,2026-08-27T17:29:02+00:00,0.7453480598658605,0.9807407655209235,0.032097829185176334,0.41689109802246094,1141,45078,91,908084,0.0246868171098466,0.9261363636363636,0.0480917156645803,0.14699585578779878,46219,0.04842758860596357,773.7010836478753,0.121154879051023,115484.79861195663,0.08116883116883117,1.0,0.4034090909090909,0.994,0.6712662337662337,0.827,0.8352272727272727,0.2058
E3_multiseed_multisplit,decision_tree__weighted__split123__model789,decision_tree,weighted,D,algorithm,no_origin_balance,val,stratified,123,789,False,773.7010836478753,773.7010836478753,fixed,val,0.001290797995614565,0.0012908741900602688,0.0012908714849422776,5749,4448085,1232,953160,1232,953162,4453834,39.911830900000496,b2e6f6243676544cb68b25aac83ba18d5eb139e5,True,3.14.4,1.8.0,3.4.0,2026-08-27T17:29:43+00:00,0.7397965141406785,0.9825161438397937,0.0321219529921382,0.5,1121,29358,111,923802,0.03677942189704387,0.9099025974025974,0.07070101857399641,0.17951947819039027,30479,0.03193551496659654,773.7010836478753,0.12089682366347243,115238.82028491412,0.08116883116883117,1.0,0.4034090909090909,0.994,0.6688311688311688,0.824,0.8311688311688312,0.2048
E3_multiseed_multisplit,decision_tree__weighted__split123__model789,decision_tree,weighted,D,algorithm,no_origin_balance,test,stratified,123,789,False,773.7010836478753,773.7010836478753,fixed,val,0.001290797995614565,0.0012908741900602688,0.0012908714849422776,5749,4448085,1232,953160,1232,953162,4453834,39.911830900000496,b2e6f6243676544cb68b25aac83ba18d5eb139e5,True,3.14.4,1.8.0,3.4.0,2026-08-27T17:29:44+00:00,0.7453451821187052,0.9807403942345063,0.03209968256567984,0.5,1120,29285,112,923877,0.036836046702844925,0.9090909090909091,0.07080317349938363,0.17958032338866703,30405,0.031857911931550284,773.7010836478753,0.12163192781623225,115939.52136856201,0.08116883116883117,1.0,0.4034090909090909,0.994,0.6753246753246753,0.832,0.8336038961038961,0.2054
E3_multiseed_multisplit,decision_tree__weighted__split123__model789,decision_tree,weighted,E,algorithm+decision,no_origin_balance,val,stratified,123,789,False,773.7010836478753,773.7010836478753,ner_optimal,val,0.001290797995614565,0.0012908741900602688,0.0012908714849422776,5749,4448085,1232,953160,1232,953162,4453834,39.911830900000496,b2e6f6243676544cb68b25aac83ba18d5eb139e5,True,3.14.4,1.8.0,3.4.0,2026-08-27T17:29:46+00:00,0.7397965141406785,0.9825161438397937,0.0321219529921382,0.41689109802246094,1146,45061,86,908099,0.024801437011708182,0.9301948051948052,0.04831467779674951,0.14769584641762493,46207,0.048415116639703604,773.7010836478753,0.11707860282543371,111599.29319371725,0.08116883116883117,1.0,0.4034090909090909,0.994,0.6688311688311688,0.824,0.8311688311688312,0.2048
E3_multiseed_multisplit,decision_tree__weighted__split123__model789,decision_tree,weighted,E,algorithm+decision,no_origin_balance,test,stratified,123,789,False,773.7010836478753,773.7010836478753,ner_optimal,val,0.001290797995614565,0.0012908741900602688,0.0012908714849422776,5749,4448085,1232,953160,1232,953162,4453834,39.911830900000496,b2e6f6243676544cb68b25aac83ba18d5eb139e5,True,3.14.4,1.8.0,3.4.0,2026-08-27T17:29:47+00:00,0.7453451821187052,0.9807403942345063,0.03209968256567984,0.41689109802246094,1141,45080,91,908082,0.024685748902014235,0.9261363636363636,0.0480896887446526,0.14699248637352974,46221,0.048429684176556013,773.7010836478753,0.12115697724715803,115486.79861195663,0.08116883116883117,1.0,0.4034090909090909,0.994,0.6753246753246753,0.832,0.8336038961038961,0.2054
E3_multiseed_multisplit,decision_tree__weighted__split42__model123,decision_tree,weighted,D,algorithm,no_origin_balance,val,stratified,42,123,False,773.7010836478753,773.7010836478753,fixed,val,0.001290797995614565,0.0012908741900602688,0.0012908714849422776,5749,4448085,1232,953160,1232,953162,4453834,32.803470499999094,b2e6f6243676544cb68b25aac83ba18d5eb139e5,True,3.14.4,1.8.0,3.4.0,2026-08-27T16:18:39+00:00,0.751167846833532,0.981006391317357,0.033162917206820366,0.5,1103,27382,129,925778,0.038722134456731616,0.8952922077922078,0.07423360366120403,0.1828510294685665,28485,0.029846226707684054,773.7010836478753,0.13343419549245483,127189.43979057591,0.08116883116883117,1.0,0.40584415584415584,1.0,0.6810064935064936,0.839,0.836038961038961,0.206
E3_multiseed_multisplit,decision_tree__weighted__split42__model123,decision_tree,weighted,D,algorithm,no_origin_balance,test,stratified,42,123,False,773.7010836478753,773.7010836478753,fixed,val,0.001290797995614565,0.0012908741900602688,0.0012908714849422776,5749,4448085,1232,953160,1232,953162,4453834,32.803470499999094,b2e6f6243676544cb68b25aac83ba18d5eb139e5,True,3.14.4,1.8.0,3.4.0,2026-08-27T16:18:40+00:00,0.7113401041369343,0.9803511847320376,0.03301849615918156,0.5,1089,27153,143,926009,0.03855959209687699,0.8839285714285714,0.07389563683246252,0.18125502714543584,28242,0.02959155233582776,773.7010836478753,0.14455758839863053,137792.25496164616,0.08116883116883117,1.0,0.4025974025974026,0.992,0.6623376623376623,0.816,0.8043831168831169,0.1982
E3_multiseed_multisplit,decision_tree__weighted__split42__model123,decision_tree,weighted,E,algorithm+decision,no_origin_balance,val,stratified,42,123,False,773.7010836478753,773.7010836478753,ner_optimal,val,0.001290797995614565,0.0012908741900602688,0.0012908714849422776,5749,4448085,1232,953160,1232,953162,4453834,32.803470499999094,b2e6f6243676544cb68b25aac83ba18d5eb139e5,True,3.14.4,1.8.0,3.4.0,2026-08-27T16:18:42+00:00,0.751167846833532,0.981006391317357,0.033162917206820366,0.47732776403427124,1107,29210,125,923950,0.036514166969027276,0.898538961038961,0.07017655076230625,0.17768795378330088,30317,0.03176577339290355,773.7010836478753,0.13210519351311675,125922.63545598437,0.08116883116883117,1.0,0.40584415584415584,1.0,0.6810064935064936,0.839,0.836038961038961,0.206
E3_multiseed_multisplit,decision_tree__weighted__split42__model123,decision_tree,weighted,E,algorithm+decision,no_origin_balance,test,stratified,42,123,False,773.7010836478753,773.7010836478753,ner_optimal,val,0.001290797995614565,0.0012908741900602688,0.0012908714849422776,5749,4448085,1232,953160,1232,953162,4453834,32.803470499999094,b2e6f6243676544cb68b25aac83ba18d5eb139e5,True,3.14.4,1.8.0,3.4.0,2026-08-27T16:18:43+00:00,0.7113401041369343,0.9803511847320376,0.03301849615918156,0.47732776403427124,1096,28948,136,924214,0.03647982958327786,0.8896103896103896,0.07008568870699577,0.17668759059519373,30044,0.031479661439615086,773.7010836478753,0.14075890124799958,134171.34737611102,0.08116883116883117,1.0,0.4025974025974026,0.992,0.6623376623376623,0.816,0.8043831168831169,0.1982
E3_multiseed_multisplit,decision_tree__weighted__split42__model42,decision_tree,weighted,D,algorithm,no_origin_balance,val,stratified,42,42,False,773.7010836478753,773.7010836478753,fixed,val,0.001290797995614565,0.0012908741900602688,0.0012908714849422776,5749,4448085,1232,953160,1232,953162,4453834,45.85997040000075,b2e6f6243676544cb68b25aac83ba18d5eb139e5,True,3.14.4,1.8.0,3.4.0,2026-08-27T16:18:00+00:00,0.7514003900541382,0.9815534340352773,0.0331572396752598,0.5,1104,27377,128,925783,0.038762683894526175,0.8961038961038961,0.07431090768350554,0.18303586460636995,28481,0.029842035557716327,773.7010836478753,0.13261726169042892,126410.73870692801,0.08116883116883117,1.0,0.40584415584415584,1.0,0.6818181818181818,0.84,0.8368506493506493,0.2062
E3_multiseed_multisplit,decision_tree__weighted__split42__model42,decision_tree,weighted,D,algorithm,no_origin_balance,test,stratified,42,42,False,773.7010836478753,773.7010836478753,fixed,val,0.001290797995614565,0.0012908741900602688,0.0012908714849422776,5749,4448085,1232,953160,1232,953162,4453834,45.85997040000075,b2e6f6243676544cb68b25aac83ba18d5eb139e5,True,3.14.4,1.8.0,3.4.0,2026-08-27T16:18:02+00:00,0.7113265927524011,0.9803481922997677,0.03303146982270611,0.5,1089,27167,143,925995,0.03854048697621744,0.8839285714285714,0.07386055344546934,0.181208376591415,28256,0.02960622132997483,773.7010836478753,0.14457227577157572,137806.25496164616,0.08116883116883117,1.0,0.4025974025974026,0.992,0.6607142857142857,0.814,0.8027597402597403,0.1978
E3_multiseed_multisplit,decision_tree__weighted__split42__model42,decision_tree,weighted,E,algorithm+decision,no_origin_balance,val,stratified,42,42,False,773.7010836478753,773.7010836478753,ner_optimal,val,0.001290797995614565,0.0012908741900602688,0.0012908714849422776,5749,4448085,1232,953160,1232,953162,4453834,45.85997040000075,b2e6f6243676544cb68b25aac83ba18d5eb139e5,True,3.14.4,1.8.0,3.4.0,2026-08-27T16:18:04+00:00,0.7514003900541382,0.9815534340352773,0.0331572396752598,0.47732776403427124,1108,29205,124,923955,0.03655197440042226,0.8993506493506493,0.07024885084799493,0.17786655779064425,30313,0.031761582242935814,773.7010836478753,0.13128825971109087,125143.9343723365,0.08116883116883117,1.0,0.40584415584415584,1.0,0.6818181818181818,0.84,0.8368506493506493,0.2062
E3_multiseed_multisplit,decision_tree__weighted__split42__model42,decision_tree,weighted,E,algorithm+decision,no_origin_balance,test,stratified,42,42,False,773.7010836478753,773.7010836478753,ner_optimal,val,0.001290797995614565,0.0012908741900602688,0.0012908714849422776,5749,4448085,1232,953160,1232,953162,4453834,45.85997040000075,b2e6f6243676544cb68b25aac83ba18d5eb139e5,True,3.14.4,1.8.0,3.4.0,2026-08-27T16:18:05+00:00,0.7113265927524011,0.9803481922997677,0.03303146982270611,0.47732776403427124,1096,28962,136,924200,0.03646283851220973,0.8896103896103896,0.07005433045701502,0.17664475635012306,30058,0.03149433043376216,773.7010836478753,0.14077358862094477,134185.34737611102,0.08116883116883117,1.0,0.4025974025974026,0.992,0.6607142857142857,0.814,0.8027597402597403,0.1978
E3_multiseed_multisplit,decision_tree__weighted__split42__model456,decision_tree,weighted,D,algorithm,no_origin_balance,val,stratified,42,456,False,773.7010836478753,773.7010836478753,fixed,val,0.001290797995614565,0.0012908741900602688,0.0012908714849422776,5749,4448085,1232,953160,1232,953162,4453834,31.060018299998774,b2e6f6243676544cb68b25aac83ba18d5eb139e5,True,3.14.4,1.8.0,3.4.0,2026-08-27T16:19:15+00:00,0.7514024618919024,0.9815537942519836,0.03315538629087239,0.5,1104,27375,128,925785,0.038765406088696934,0.8961038961038961,0.0743159099323483,0.1830425366490747,28479,0.02983993998273246,773.7010836478753,0.1326151634942939,126408.73870692801,0.08116883116883117,1.0,0.40584415584415584,1.0,0.6818181818181818,0.84,0.8368506493506493,0.2062
E3_multiseed_multisplit,decision_tree__weighted__split42__model456,decision_tree,weighted,D,algorithm,no_origin_balance,test,stratified,42,456,False,773.7010836478753,773.7010836478753,fixed,val,0.001290797995614565,0.0012908741900602688,0.0012908714849422776,5749,4448085,1232,953160,1232,953162,4453834,31.060018299998774,b2e6f6243676544cb68b25aac83ba18d5eb139e5,True,3.14.4,1.8.0,3.4.0,2026-08-27T16:19:16+00:00,0.7113362374685769,0.980350329751389,0.03302220292018857,0.5,1089,27157,143,926005,0.038554131558450756,0.8839285714285714,0.07388560960716467,0.18124169492235853,28246,0.02959574347701264,773.7010836478753,0.1445617847909006,137796.25496164616,0.08116883116883117,1.0,0.4025974025974026,0.992,0.6623376623376623,0.816,0.8043831168831169,0.1982
E3_multiseed_multisplit,decision_tree__weighted__split42__model456,decision_tree,weighted,E,algorithm+decision,no_origin_balance,val,stratified,42,456,False,773.7010836478753,773.7010836478753,ner_optimal,val,0.001290797995614565,0.0012908741900602688,0.0012908714849422776,5749,4448085,1232,953160,1232,953162,4453834,31.060018299998774,b2e6f6243676544cb68b25aac83ba18d5eb139e5,True,3.14.4,1.8.0,3.4.0,2026-08-27T16:19:17+00:00,0.7514024618919024,0.9815537942519836,0.03315538629087239,0.47732776403427124,1108,29203,124,923957,0.03655438619643034,0.8993506493506493,0.07025330501220556,0.17787266289376769,30311,0.031759486667951954,773.7010836478753,0.13128616151495584,125141.9343723365,0.08116883116883117,1.0,0.40584415584415584,1.0,0.6818181818181818,0.84,0.8368506493506493,0.2062
E3_multiseed_multisplit,decision_tree__weighted__split42__model456,decision_tree,weighted,E,algorithm+decision,no_origin_balance,test,stratified,42,456,False,773.7010836478753,773.7010836478753,ner_optimal,val,0.001290797995614565,0.0012908741900602688,0.0012908714849422776,5749,4448085,1232,953160,1232,953162,4453834,31.060018299998774,b2e6f6243676544cb68b25aac83ba18d5eb139e5,True,3.14.4,1.8.0,3.4.0,2026-08-27T16:19:18+00:00,0.7113362374685769,0.980350329751389,0.03302220292018857,0.47732776403427124,1096,28952,136,924210,0.03647497337593184,0.8896103896103896,0.070076726342711,0.17667534922636047,30048,0.03148385258079996,773.7010836478753,0.14076309764026965,134175.34737611102,0.08116883116883117,1.0,0.4025974025974026,0.992,0.6623376623376623,0.816,0.8043831168831169,0.1982
E3_multiseed_multisplit,decision_tree__weighted__split42__model789,decision_tree,weighted,D,algorithm,no_origin_balance,val,stratified,42,789,False,773.7010836478753,773.7010836478753,fixed,val,0.001290797995614565,0.0012908741900602688,0.0012908714849422776,5749,4448085,1232,953160,1232,953162,4453834,32.28749959999914,b2e6f6243676544cb68b25aac83ba18d5eb139e5,True,3.14.4,1.8.0,3.4.0,2026-08-27T16:19:52+00:00,0.751167846833532,0.981006391317357,0.033162917206820366,0.5,1103,27382,129,925778,0.038722134456731616,0.8952922077922078,0.07423360366120403,0.1828510294685665,28485,0.029846226707684054,773.7010836478753,0.13343419549245483,127189.43979057591,0.08116883116883117,1.0,0.40584415584415584,1.0,0.6810064935064936,0.839,0.836038961038961,0.206
E3_multiseed_multisplit,decision_tree__weighted__split42__model789,decision_tree,weighted,D,algorithm,no_origin_balance,test,stratified,42,789,False,773.7010836478753,773.7010836478753,fixed,val,0.001290797995614565,0.0012908741900602688,0.0012908714849422776,5749,4448085,1232,953160,1232,953162,4453834,32.28749959999914,b2e6f6243676544cb68b25aac83ba18d5eb139e5,True,3.14.4,1.8.0,3.4.0,2026-08-27T16:19:52+00:00,0.7113401041369343,0.9803511847320376,0.03301849615918156,0.5,1089,27153,143,926009,0.03855959209687699,0.8839285714285714,0.07389563683246252,0.18125502714543584,28242,0.02959155233582776,773.7010836478753,0.14455758839863053,137792.25496164616,0.08116883116883117,1.0,0.4025974025974026,0.992,0.6623376623376623,0.816,0.8043831168831169,0.1982
E3_multiseed_multisplit,decision_tree__weighted__split42__model789,decision_tree,weighted,E,algorithm+decision,no_origin_balance,val,stratified,42,789,False,773.7010836478753,773.7010836478753,ner_optimal,val,0.001290797995614565,0.0012908741900602688,0.0012908714849422776,5749,4448085,1232,953160,1232,953162,4453834,32.28749959999914,b2e6f6243676544cb68b25aac83ba18d5eb139e5,True,3.14.4,1.8.0,3.4.0,2026-08-27T16:19:53+00:00,0.751167846833532,0.981006391317357,0.033162917206820366,0.47732776403427124,1107,29210,125,923950,0.036514166969027276,0.898538961038961,0.07017655076230625,0.17768795378330088,30317,0.03176577339290355,773.7010836478753,0.13210519351311675,125922.63545598437,0.08116883116883117,1.0,0.40584415584415584,1.0,0.6810064935064936,0.839,0.836038961038961,0.206
E3_multiseed_multisplit,decision_tree__weighted__split42__model789,decision_tree,weighted,E,algorithm+decision,no_origin_balance,test,stratified,42,789,False,773.7010836478753,773.7010836478753,ner_optimal,val,0.001290797995614565,0.0012908741900602688,0.0012908714849422776,5749,4448085,1232,953160,1232,953162,4453834,32.28749959999914,b2e6f6243676544cb68b25aac83ba18d5eb139e5,True,3.14.4,1.8.0,3.4.0,2026-08-27T16:19:55+00:00,0.7113401041369343,0.9803511847320376,0.03301849615918156,0.47732776403427124,1096,28948,136,924214,0.03647982958327786,0.8896103896103896,0.07008568870699577,0.17668759059519373,30044,0.031479661439615086,773.7010836478753,0.14075890124799958,134171.34737611102,0.08116883116883117,1.0,0.4025974025974026,0.992,0.6623376623376623,0.816,0.8043831168831169,0.1982
E3_multiseed_multisplit,decision_tree__weighted__split456__model123,decision_tree,weighted,D,algorithm,no_origin_balance,val,stratified,456,123,False,773.7010836478753,773.7010836478753,fixed,val,0.001290797995614565,0.0012908741900602688,0.0012908714849422776,5749,4448085,1232,953160,1232,953162,4453834,31.974228200000653,b2e6f6243676544cb68b25aac83ba18d5eb139e5,True,3.14.4,1.8.0,3.4.0,2026-08-27T18:40:54+00:00,0.7289071409205988,0.9848445152263174,0.03253147667095058,0.5,1141,32964,91,920196,0.033455505057909396,0.9261363636363636,0.06457820414862608,0.17245051158239896,34105,0.0357347924123421,773.7010836478753,0.10844610506116094,103370.79861195663,0.08116883116883117,1.0,0.4042207792207792,0.996,0.6574675324675324,0.81,0.8311688311688312,0.2048
E3_multiseed_multisplit,decision_tree__weighted__split456__model123,decision_tree,weighted,D,algorithm,no_origin_balance,test,stratified,456,123,False,773.7010836478753,773.7010836478753,fixed,val,0.001290797995614565,0.0012908741900602688,0.0012908714849422776,5749,4448085,1232,953160,1232,953162,4453834,31.974228200000653,b2e6f6243676544cb68b25aac83ba18d5eb139e5,True,3.14.4,1.8.0,3.4.0,2026-08-27T18:40:54+00:00,0.7426824929247786,0.9822542043213542,0.0327563169416219,0.5,1120,33334,112,919828,0.03250711093051605,0.9090909090909091,0.06276971361318164,0.16825177056444313,34454,0.03610039459594255,773.7010836478753,0.12587972589159557,119988.52136856201,0.08035714285714286,0.99,0.4025974025974026,0.992,0.676948051948052,0.834,0.8214285714285714,0.2024
E3_multiseed_multisplit,decision_tree__weighted__split456__model123,decision_tree,weighted,E,algorithm+decision,no_origin_balance,val,stratified,456,123,False,773.7010836478753,773.7010836478753,ner_optimal,val,0.001290797995614565,0.0012908741900602688,0.0012908714849422776,5749,4448085,1232,953160,1232,953162,4453834,31.974228200000653,b2e6f6243676544cb68b25aac83ba18d5eb139e5,True,3.14.4,1.8.0,3.4.0,2026-08-27T18:40:56+00:00,0.7289071409205988,0.9848445152263174,0.03253147667095058,0.6332982182502747,1140,30221,92,922939,0.03635088166831415,0.9253246753246753,0.06995367103365753,0.17998542760581152,31361,0.03285966353448059,773.7010836478753,0.10638011737365892,101401.4996956045,0.08116883116883117,1.0,0.4042207792207792,0.996,0.6574675324675324,0.81,0.8311688311688312,0.2048
E3_multiseed_multisplit,decision_tree__weighted__split456__model123,decision_tree,weighted,E,algorithm+decision,no_origin_balance,test,stratified,456,123,False,773.7010836478753,773.7010836478753,ner_optimal,val,0.001290797995614565,0.0012908741900602688,0.0012908714849422776,5749,4448085,1232,953160,1232,953162,4453834,31.974228200000653,b2e6f6243676544cb68b25aac83ba18d5eb139e5,True,3.14.4,1.8.0,3.4.0,2026-08-27T18:40:57+00:00,0.7426824929247786,0.9822542043213542,0.0327563169416219,0.6332982182502747,1110,30460,122,922702,0.035159961989230284,0.900974025974026,0.06767880007316628,0.17446984357268247,31570,0.033078581801645864,773.7010836478753,0.13098150116244406,124851.53220504076,0.08035714285714286,0.99,0.4025974025974026,0.992,0.676948051948052,0.834,0.8214285714285714,0.2024
E3_multiseed_multisplit,decision_tree__weighted__split456__model42,decision_tree,weighted,D,algorithm,no_origin_balance,val,stratified,456,42,False,773.7010836478753,773.7010836478753,fixed,val,0.001290797995614565,0.0012908741900602688,0.0012908714849422776,5749,4448085,1232,953160,1232,953162,4453834,32.73563769999964,b2e6f6243676544cb68b25aac83ba18d5eb139e5,True,3.14.4,1.8.0,3.4.0,2026-08-27T18:40:17+00:00,0.7289370012959396,0.9848447179014382,0.032531177456666574,0.5,1141,32964,91,920196,0.033455505057909396,0.9261363636363636,0.06457820414862608,0.17245051158239896,34105,0.0357347924123421,773.7010836478753,0.10844610506116094,103370.79861195663,0.08116883116883117,1.0,0.4050324675324675,0.998,0.6599025974025974,0.813,0.836038961038961,0.206
E3_multiseed_multisplit,decision_tree__weighted__split456__model42,decision_tree,weighted,D,algorithm,no_origin_balance,test,stratified,456,42,False,773.7010836478753,773.7010836478753,fixed,val,0.001290797995614565,0.0012908741900602688,0.0012908714849422776,5749,4448085,1232,953160,1232,953162,4453834,32.73563769999964,b2e6f6243676544cb68b25aac83ba18d5eb139e5,True,3.14.4,1.8.0,3.4.0,2026-08-27T18:40:18+00:00,0.7427057464175726,0.9822543431279734,0.032756017727964916,0.5,1120,33334,112,919828,0.03250711093051605,0.9090909090909091,0.06276971361318164,0.16825177056444313,34454,0.03610039459594255,773.7010836478753,0.12587972589159557,119988.52136856201,0.08035714285714286,0.99,0.4025974025974026,0.992,0.6785714285714286,0.836,0.8262987012987013,0.2036
E3_multiseed_multisplit,decision_tree__weighted__split456__model42,decision_tree,weighted,E,algorithm+decision,no_origin_balance,val,stratified,456,42,False,773.7010836478753,773.7010836478753,ner_optimal,val,0.001290797995614565,0.0012908741900602688,0.0012908714849422776,5749,4448085,1232,953160,1232,953162,4453834,32.73563769999964,b2e6f6243676544cb68b25aac83ba18d5eb139e5,True,3.14.4,1.8.0,3.4.0,2026-08-27T18:40:19+00:00,0.7289370012959396,0.9848447179014382,0.032531177456666574,0.6332982182502747,1140,30221,92,922939,0.03635088166831415,0.9253246753246753,0.06995367103365753,0.17998542760581152,31361,0.03285966353448059,773.7010836478753,0.10638011737365892,101401.4996956045,0.08116883116883117,1.0,0.4050324675324675,0.998,0.6599025974025974,0.813,0.836038961038961,0.206
E3_multiseed_multisplit,decision_tree__weighted__split456__model42,decision_tree,weighted,E,algorithm+decision,no_origin_balance,test,stratified,456,42,False,773.7010836478753,773.7010836478753,ner_optimal,val,0.001290797995614565,0.0012908741900602688,0.0012908714849422776,5749,4448085,1232,953160,1232,953162,4453834,32.73563769999964,b2e6f6243676544cb68b25aac83ba18d5eb139e5,True,3.14.4,1.8.0,3.4.0,2026-08-27T18:40:20+00:00,0.7427057464175726,0.9822543431279734,0.032756017727964916,0.6332982182502747,1110,30460,122,922702,0.035159961989230284,0.900974025974026,0.06767880007316628,0.17446984357268247,31570,0.033078581801645864,773.7010836478753,0.13098150116244406,124851.53220504076,0.08035714285714286,0.99,0.4025974025974026,0.992,0.6785714285714286,0.836,0.8262987012987013,0.2036
E3_multiseed_multisplit,decision_tree__weighted__split456__model456,decision_tree,weighted,D,algorithm,no_origin_balance,val,stratified,456,456,False,773.7010836478753,773.7010836478753,fixed,val,0.001290797995614565,0.0012908741900602688,0.0012908714849422776,5749,4448085,1232,953160,1232,953162,4453834,31.60950469999807,b2e6f6243676544cb68b25aac83ba18d5eb139e5,True,3.14.4,1.8.0,3.4.0,2026-08-27T18:41:30+00:00,0.7289370012959396,0.9848447179014382,0.032531177456666574,0.5,1141,32964,91,920196,0.033455505057909396,0.9261363636363636,0.06457820414862608,0.17245051158239896,34105,0.0357347924123421,773.7010836478753,0.10844610506116094,103370.79861195663,0.08116883116883117,1.0,0.4050324675324675,0.998,0.6599025974025974,0.813,0.836038961038961,0.206
E3_multiseed_multisplit,decision_tree__weighted__split456__model456,decision_tree,weighted,D,algorithm,no_origin_balance,test,stratified,456,456,False,773.7010836478753,773.7010836478753,fixed,val,0.001290797995614565,0.0012908741900602688,0.0012908714849422776,5749,4448085,1232,953160,1232,953162,4453834,31.60950469999807,b2e6f6243676544cb68b25aac83ba18d5eb139e5,True,3.14.4,1.8.0,3.4.0,2026-08-27T18:41:31+00:00,0.7427057464175726,0.9822543431279734,0.032756017727964916,0.5,1120,33334,112,919828,0.03250711093051605,0.9090909090909091,0.06276971361318164,0.16825177056444313,34454,0.03610039459594255,773.7010836478753,0.12587972589159557,119988.52136856201,0.08035714285714286,0.99,0.4025974025974026,0.992,0.6785714285714286,0.836,0.8262987012987013,0.2036
E3_multiseed_multisplit,decision_tree__weighted__split456__model456,decision_tree,weighted,E,algorithm+decision,no_origin_balance,val,stratified,456,456,False,773.7010836478753,773.7010836478753,ner_optimal,val,0.001290797995614565,0.0012908741900602688,0.0012908714849422776,5749,4448085,1232,953160,1232,953162,4453834,31.60950469999807,b2e6f6243676544cb68b25aac83ba18d5eb139e5,True,3.14.4,1.8.0,3.4.0,2026-08-27T18:41:32+00:00,0.7289370012959396,0.9848447179014382,0.032531177456666574,0.6332982182502747,1140,30221,92,922939,0.03635088166831415,0.9253246753246753,0.06995367103365753,0.17998542760581152,31361,0.03285966353448059,773.7010836478753,0.10638011737365892,101401.4996956045,0.08116883116883117,1.0,0.4050324675324675,0.998,0.6599025974025974,0.813,0.836038961038961,0.206
E3_multiseed_multisplit,decision_tree__weighted__split456__model456,decision_tree,weighted,E,algorithm+decision,no_origin_balance,test,stratified,456,456,False,773.7010836478753,773.7010836478753,ner_optimal,val,0.001290797995614565,0.0012908741900602688,0.0012908714849422776,5749,4448085,1232,953160,1232,953162,4453834,31.60950469999807,b2e6f6243676544cb68b25aac83ba18d5eb139e5,True,3.14.4,1.8.0,3.4.0,2026-08-27T18:41:33+00:00,0.7427057464175726,0.9822543431279734,0.032756017727964916,0.6332982182502747,1110,30460,122,922702,0.035159961989230284,0.900974025974026,0.06767880007316628,0.17446984357268247,31570,0.033078581801645864,773.7010836478753,0.13098150116244406,124851.53220504076,0.08035714285714286,0.99,0.4025974025974026,0.992,0.6785714285714286,0.836,0.8262987012987013,0.2036
E3_multiseed_multisplit,decision_tree__weighted__split456__model789,decision_tree,weighted,D,algorithm,no_origin_balance,val,stratified,456,789,False,773.7010836478753,773.7010836478753,fixed,val,0.001290797995614565,0.0012908741900602688,0.0012908714849422776,5749,4448085,1232,953160,1232,953162,4453834,32.984904899996764,b2e6f6243676544cb68b25aac83ba18d5eb139e5,True,3.14.4,1.8.0,3.4.0,2026-08-27T18:42:07+00:00,0.7289370012959396,0.9848447179014382,0.032531177456666574,0.5,1141,32964,91,920196,0.033455505057909396,0.9261363636363636,0.06457820414862608,0.17245051158239896,34105,0.0357347924123421,773.7010836478753,0.10844610506116094,103370.79861195663,0.08116883116883117,1.0,0.4050324675324675,0.998,0.6599025974025974,0.813,0.836038961038961,0.206
E3_multiseed_multisplit,decision_tree__weighted__split456__model789,decision_tree,weighted,D,algorithm,no_origin_balance,test,stratified,456,789,False,773.7010836478753,773.7010836478753,fixed,val,0.001290797995614565,0.0012908741900602688,0.0012908714849422776,5749,4448085,1232,953160,1232,953162,4453834,32.984904899996764,b2e6f6243676544cb68b25aac83ba18d5eb139e5,True,3.14.4,1.8.0,3.4.0,2026-08-27T18:42:08+00:00,0.7430874199284132,0.9822549503004858,0.032754970074190315,0.5,1120,33333,112,919829,0.032508054450991204,0.9090909090909091,0.06277147260753818,0.16825432279909094,34453,0.03609934681064634,773.7010836478753,0.12587867679352807,119987.52136856201,0.08116883116883117,1.0,0.4025974025974026,0.992,0.6801948051948052,0.838,0.823051948051948,0.2028
E3_multiseed_multisplit,decision_tree__weighted__split456__model789,decision_tree,weighted,E,algorithm+decision,no_origin_balance,val,stratified,456,789,False,773.7010836478753,773.7010836478753,ner_optimal,val,0.001290797995614565,0.0012908741900602688,0.0012908714849422776,5749,4448085,1232,953160,1232,953162,4453834,32.984904899996764,b2e6f6243676544cb68b25aac83ba18d5eb139e5,True,3.14.4,1.8.0,3.4.0,2026-08-27T18:42:09+00:00,0.7289370012959396,0.9848447179014382,0.032531177456666574,0.6332982182502747,1140,30221,92,922939,0.03635088166831415,0.9253246753246753,0.06995367103365753,0.17998542760581152,31361,0.03285966353448059,773.7010836478753,0.10638011737365892,101401.4996956045,0.08116883116883117,1.0,0.4050324675324675,0.998,0.6599025974025974,0.813,0.836038961038961,0.206
E3_multiseed_multisplit,decision_tree__weighted__split456__model789,decision_tree,weighted,E,algorithm+decision,no_origin_balance,test,stratified,456,789,False,773.7010836478753,773.7010836478753,ner_optimal,val,0.001290797995614565,0.0012908741900602688,0.0012908714849422776,5749,4448085,1232,953160,1232,953162,4453834,32.984904899996764,b2e6f6243676544cb68b25aac83ba18d5eb139e5,True,3.14.4,1.8.0,3.4.0,2026-08-27T18:42:11+00:00,0.7430874199284132,0.9822549503004858,0.032754970074190315,0.6332982182502747,1110,30459,122,922703,0.03516107573885774,0.900974025974026,0.06768086338831134,0.17447272296427568,31569,0.03307753401634964,773.7010836478753,0.13098045206437656,124850.53220504076,0.08116883116883117,1.0,0.4025974025974026,0.992,0.6801948051948052,0.838,0.823051948051948,0.2028
E3_multiseed_multisplit,decision_tree__weighted__split789__model123,decision_tree,weighted,D,algorithm,no_origin_balance,val,stratified,789,123,False,773.7010836478753,773.7010836478753,fixed,val,0.001290797995614565,0.0012908741900602688,0.0012908714849422776,5749,4448085,1232,953160,1232,953162,4453834,35.06138790000114,b2e6f6243676544cb68b25aac83ba18d5eb139e5,True,3.14.4,1.8.0,3.4.0,2026-08-27T19:54:25+00:00,0.7399762709053921,0.9826168231318599,0.03380072845081897,0.5,1116,32296,116,920864,0.033401173231174426,0.9058441558441559,0.06442674056113613,0.17033700976095079,33412,0.0350086756804332,773.7010836478753,0.12803751534426952,122045.3257031535,0.08116883116883117,1.0,0.4034090909090909,0.994,0.6704545454545454,0.826,0.8392857142857143,0.2068
E3_multiseed_multisplit,decision_tree__weighted__split789__model123,decision_tree,weighted,D,algorithm,no_origin_balance,test,stratified,789,123,False,773.7010836478753,773.7010836478753,fixed,val,0.001290797995614565,0.0012908741900602688,0.0012908714849422776,5749,4448085,1232,953160,1232,953162,4453834,35.06138790000114,b2e6f6243676544cb68b25aac83ba18d5eb139e5,True,3.14.4,1.8.0,3.4.0,2026-08-27T19:54:26+00:00,0.744724060794993,0.9836109887815093,0.03376382891952738,0.5,1130,32389,102,920773,0.03371222291834482,0.9172077922077922,0.06503409973813704,0.17227223400328617,33519,0.035120715343977434,773.7010836478753,0.11677144510091193,111306.51053208325,0.08116883116883117,1.0,0.4025974025974026,0.992,0.6688311688311688,0.824,0.8392857142857143,0.2068
E3_multiseed_multisplit,decision_tree__weighted__split789__model123,decision_tree,weighted,E,algorithm+decision,no_origin_balance,val,stratified,789,123,False,773.7010836478753,773.7010836478753,ner_optimal,val,0.001290797995614565,0.0012908741900602688,0.0012908714849422776,5749,4448085,1232,953160,1232,953162,4453834,35.06138790000114,b2e6f6243676544cb68b25aac83ba18d5eb139e5,True,3.14.4,1.8.0,3.4.0,2026-08-27T19:54:27+00:00,0.7399762709053921,0.9826168231318599,0.03380072845081897,0.45600318908691406,1138,46568,94,906592,0.02385444178929275,0.9237012987012987,0.046507826229106215,0.14414658154709464,47706,0.04998575009010973,773.7010836478753,0.12515310010668348,119295.90186290025,0.08116883116883117,1.0,0.4034090909090909,0.994,0.6704545454545454,0.826,0.8392857142857143,0.2068
E3_multiseed_multisplit,decision_tree__weighted__split789__model123,decision_tree,weighted,E,algorithm+decision,no_origin_balance,test,stratified,789,123,False,773.7010836478753,773.7010836478753,ner_optimal,val,0.001290797995614565,0.0012908741900602688,0.0012908714849422776,5749,4448085,1232,953160,1232,953162,4453834,35.06138790000114,b2e6f6243676544cb68b25aac83ba18d5eb139e5,True,3.14.4,1.8.0,3.4.0,2026-08-27T19:54:29+00:00,0.744724060794993,0.9836109887815093,0.03376382891952738,0.45600318908691406,1148,46656,84,906506,0.02401472680110451,0.9318181818181818,0.046822742474916385,0.14532745182070958,47804,0.050088328300471295,773.7010836478753,0.11712853761974158,111646.89102642151,0.08116883116883117,1.0,0.4025974025974026,0.992,0.6688311688311688,0.824,0.8392857142857143,0.2068
E3_multiseed_multisplit,decision_tree__weighted__split789__model42,decision_tree,weighted,D,algorithm,no_origin_balance,val,stratified,789,42,False,773.7010836478753,773.7010836478753,fixed,val,0.001290797995614565,0.0012908741900602688,0.0012908714849422776,5749,4448085,1232,953160,1232,953162,4453834,34.130948300000455,b2e6f6243676544cb68b25aac83ba18d5eb139e5,True,3.14.4,1.8.0,3.4.0,2026-08-27T19:53:44+00:00,0.7399655381470037,0.9826152213171444,0.033809068680562285,0.5,1116,32305,116,920855,0.033392178570359955,0.9058441558441559,0.0644100077915332,0.17031306091454657,33421,0.03501810576786059,773.7010836478753,0.12804695722687714,122054.3257031535,0.08116883116883117,1.0,0.4034090909090909,0.994,0.6704545454545454,0.826,0.8417207792207793,0.2074
E3_multiseed_multisplit,decision_tree__weighted__split789__model42,decision_tree,weighted,D,algorithm,no_origin_balance,test,stratified,789,42,False,773.7010836478753,773.7010836478753,fixed,val,0.001290797995614565,0.0012908741900602688,0.0012908714849422776,5749,4448085,1232,953160,1232,953162,4453834,34.130948300000455,b2e6f6243676544cb68b25aac83ba18d5eb139e5,True,3.14.4,1.8.0,3.4.0,2026-08-27T19:53:45+00:00,0.7447227431604648,0.9836108061188109,0.033764755609779144,0.5,1130,32390,102,920772,0.03371121718377088,0.9172077922077922,0.06503222836095764,0.17226955319655265,33520,0.035121763129273655,773.7010836478753,0.11677249419897945,111307.51053208325,0.08116883116883117,1.0,0.4025974025974026,0.992,0.6663961038961039,0.821,0.8400974025974026,0.207
E3_multiseed_multisplit,decision_tree__weighted__split789__model42,decision_tree,weighted,E,algorithm+decision,no_origin_balance,val,stratified,789,42,False,773.7010836478753,773.7010836478753,ner_optimal,val,0.001290797995614565,0.0012908741900602688,0.0012908714849422776,5749,4448085,1232,953160,1232,953162,4453834,34.130948300000455,b2e6f6243676544cb68b25aac83ba18d5eb139e5,True,3.14.4,1.8.0,3.4.0,2026-08-27T19:53:46+00:00,0.7399655381470037,0.9826152213171444,0.033809068680562285,0.45600318908691406,1138,46577,94,906583,0.023849942366132245,0.9237012987012987,0.046499274725723745,0.14413214615536343,47715,0.04999518017753711,773.7010836478753,0.1251625419892911,119304.90186290025,0.08116883116883117,1.0,0.4034090909090909,0.994,0.6704545454545454,0.826,0.8417207792207793,0.2074
E3_multiseed_multisplit,decision_tree__weighted__split789__model42,decision_tree,weighted,E,algorithm+decision,no_origin_balance,test,stratified,789,42,False,773.7010836478753,773.7010836478753,ner_optimal,val,0.001290797995614565,0.0012908741900602688,0.0012908714849422776,5749,4448085,1232,953160,1232,953162,4453834,34.130948300000455,b2e6f6243676544cb68b25aac83ba18d5eb139e5,True,3.14.4,1.8.0,3.4.0,2026-08-27T19:53:47+00:00,0.7447227431604648,0.9836108061188109,0.033764755609779144,0.45600318908691406,1148,46657,84,906505,0.024014224453509047,0.9318181818181818,0.046821787629748965,0.14532583926480974,47805,0.050089376085767516,773.7010836478753,0.1171295867178091,111647.89102642151,0.08116883116883117,1.0,0.4025974025974026,0.992,0.6663961038961039,0.821,0.8400974025974026,0.207
E3_multiseed_multisplit,decision_tree__weighted__split789__model456,decision_tree,weighted,D,algorithm,no_origin_balance,val,stratified,789,456,False,773.7010836478753,773.7010836478753,fixed,val,0.001290797995614565,0.0012908741900602688,0.0012908714849422776,5749,4448085,1232,953160,1232,953162,4453834,34.48435880000034,b2e6f6243676544cb68b25aac83ba18d5eb139e5,True,3.14.4,1.8.0,3.4.0,2026-08-27T19:55:05+00:00,0.7399762709053921,0.9826168231318599,0.03380072845081897,0.5,1116,32296,116,920864,0.033401173231174426,0.9058441558441559,0.06442674056113613,0.17033700976095079,33412,0.0350086756804332,773.7010836478753,0.12803751534426952,122045.3257031535,0.08116883116883117,1.0,0.4034090909090909,0.994,0.6704545454545454,0.826,0.8392857142857143,0.2068
E3_multiseed_multisplit,decision_tree__weighted__split789__model456,decision_tree,weighted,D,algorithm,no_origin_balance,test,stratified,789,456,False,773.7010836478753,773.7010836478753,fixed,val,0.001290797995614565,0.0012908741900602688,0.0012908714849422776,5749,4448085,1232,953160,1232,953162,4453834,34.48435880000034,b2e6f6243676544cb68b25aac83ba18d5eb139e5,True,3.14.4,1.8.0,3.4.0,2026-08-27T19:55:06+00:00,0.744724060794993,0.9836109887815093,0.03376382891952738,0.5,1130,32389,102,920773,0.03371222291834482,0.9172077922077922,0.06503409973813704,0.17227223400328617,33519,0.035120715343977434,773.7010836478753,0.11677144510091193,111306.51053208325,0.08116883116883117,1.0,0.4025974025974026,0.992,0.6688311688311688,0.824,0.8392857142857143,0.2068
E3_multiseed_multisplit,decision_tree__weighted__split789__model456,decision_tree,weighted,E,algorithm+decision,no_origin_balance,val,stratified,789,456,False,773.7010836478753,773.7010836478753,ner_optimal,val,0.001290797995614565,0.0012908741900602688,0.0012908714849422776,5749,4448085,1232,953160,1232,953162,4453834,34.48435880000034,b2e6f6243676544cb68b25aac83ba18d5eb139e5,True,3.14.4,1.8.0,3.4.0,2026-08-27T19:55:07+00:00,0.7399762709053921,0.9826168231318599,0.03380072845081897,0.45600318908691406,1138,46568,94,906592,0.02385444178929275,0.9237012987012987,0.046507826229106215,0.14414658154709464,47706,0.04998575009010973,773.7010836478753,0.12515310010668348,119295.90186290025,0.08116883116883117,1.0,0.4034090909090909,0.994,0.6704545454545454,0.826,0.8392857142857143,0.2068
E3_multiseed_multisplit,decision_tree__weighted__split789__model456,decision_tree,weighted,E,algorithm+decision,no_origin_balance,test,stratified,789,456,False,773.7010836478753,773.7010836478753,ner_optimal,val,0.001290797995614565,0.0012908741900602688,0.0012908714849422776,5749,4448085,1232,953160,1232,953162,4453834,34.48435880000034,b2e6f6243676544cb68b25aac83ba18d5eb139e5,True,3.14.4,1.8.0,3.4.0,2026-08-27T19:55:08+00:00,0.744724060794993,0.9836109887815093,0.03376382891952738,0.45600318908691406,1148,46656,84,906506,0.02401472680110451,0.9318181818181818,0.046822742474916385,0.14532745182070958,47804,0.050088328300471295,773.7010836478753,0.11712853761974158,111646.89102642151,0.08116883116883117,1.0,0.4025974025974026,0.992,0.6688311688311688,0.824,0.8392857142857143,0.2068
E3_multiseed_multisplit,decision_tree__weighted__split789__model789,decision_tree,weighted,D,algorithm,no_origin_balance,val,stratified,789,789,False,773.7010836478753,773.7010836478753,fixed,val,0.001290797995614565,0.0012908741900602688,0.0012908714849422776,5749,4448085,1232,953160,1232,953162,4453834,38.883548699999665,b2e6f6243676544cb68b25aac83ba18d5eb139e5,True,3.14.4,1.8.0,3.4.0,2026-08-27T19:55:49+00:00,0.7399655381470037,0.9826152213171444,0.033809068680562285,0.5,1116,32305,116,920855,0.033392178570359955,0.9058441558441559,0.0644100077915332,0.17031306091454657,33421,0.03501810576786059,773.7010836478753,0.12804695722687714,122054.3257031535,0.08116883116883117,1.0,0.4034090909090909,0.994,0.6704545454545454,0.826,0.8417207792207793,0.2074
E3_multiseed_multisplit,decision_tree__weighted__split789__model789,decision_tree,weighted,D,algorithm,no_origin_balance,test,stratified,789,789,False,773.7010836478753,773.7010836478753,fixed,val,0.001290797995614565,0.0012908741900602688,0.0012908714849422776,5749,4448085,1232,953160,1232,953162,4453834,38.883548699999665,b2e6f6243676544cb68b25aac83ba18d5eb139e5,True,3.14.4,1.8.0,3.4.0,2026-08-27T19:55:50+00:00,0.7447227431604648,0.9836108061188109,0.033764755609779144,0.5,1130,32390,102,920772,0.03371121718377088,0.9172077922077922,0.06503222836095764,0.17226955319655265,33520,0.035121763129273655,773.7010836478753,0.11677249419897945,111307.51053208325,0.08116883116883117,1.0,0.4025974025974026,0.992,0.6663961038961039,0.821,0.8400974025974026,0.207
E3_multiseed_multisplit,decision_tree__weighted__split789__model789,decision_tree,weighted,E,algorithm+decision,no_origin_balance,val,stratified,789,789,False,773.7010836478753,773.7010836478753,ner_optimal,val,0.001290797995614565,0.0012908741900602688,0.0012908714849422776,5749,4448085,1232,953160,1232,953162,4453834,38.883548699999665,b2e6f6243676544cb68b25aac83ba18d5eb139e5,True,3.14.4,1.8.0,3.4.0,2026-08-27T19:55:52+00:00,0.7399655381470037,0.9826152213171444,0.033809068680562285,0.45600318908691406,1138,46577,94,906583,0.023849942366132245,0.9237012987012987,0.046499274725723745,0.14413214615536343,47715,0.04999518017753711,773.7010836478753,0.1251625419892911,119304.90186290025,0.08116883116883117,1.0,0.4034090909090909,0.994,0.6704545454545454,0.826,0.8417207792207793,0.2074
E3_multiseed_multisplit,decision_tree__weighted__split789__model789,decision_tree,weighted,E,algorithm+decision,no_origin_balance,test,stratified,789,789,False,773.7010836478753,773.7010836478753,ner_optimal,val,0.001290797995614565,0.0012908741900602688,0.0012908714849422776,5749,4448085,1232,953160,1232,953162,4453834,38.883548699999665,b2e6f6243676544cb68b25aac83ba18d5eb139e5,True,3.14.4,1.8.0,3.4.0,2026-08-27T19:55:53+00:00,0.7447227431604648,0.9836108061188109,0.033764755609779144,0.45600318908691406,1148,46657,84,906505,0.024014224453509047,0.9318181818181818,0.046821787629748965,0.14532583926480974,47805,0.050089376085767516,773.7010836478753,0.1171295867178091,111647.89102642151,0.08116883116883117,1.0,0.4025974025974026,0.992,0.6663961038961039,0.821,0.8400974025974026,0.207
E3_multiseed_multisplit,logistic_regression__instance_weighted__split123__model42,logistic_regression,instance_weighted,F,algorithm,no_origin_balance,val,stratified,123,42,True,773.7010836478753,773.7010836478753,ner_optimal,val,0.001290797995614565,0.0012908741900602688,0.0012908714849422776,5749,4448085,1232,953160,1232,953162,4453834,13.10015249999924,b2e6f6243676544cb68b25aac83ba18d5eb139e5,True,3.14.4,1.8.0,3.4.0,2026-08-27T17:21:55+00:00,0.27179953858771233,0.9635637659190237,0.04510486277695706,0.5201849937438965,1041,49355,191,903805,0.02065640130169061,0.8449675324675324,0.04032695436584799,0.12734521584968786,50396,0.0528042984434069,773.7010836478753,0.2068107026546106,197131.90697674413,0.06818181818181818,0.84,0.17045454545454544,0.42,0.22077922077922077,0.272,0.6956168831168831,0.1714
E3_multiseed_multisplit,logistic_regression__instance_weighted__split123__model42,logistic_regression,instance_weighted,F,algorithm,no_origin_balance,test,stratified,123,42,True,773.7010836478753,773.7010836478753,ner_optimal,val,0.001290797995614565,0.0012908741900602688,0.0012908714849422776,5749,4448085,1232,953160,1232,953162,4453834,13.10015249999924,b2e6f6243676544cb68b25aac83ba18d5eb139e5,True,3.14.4,1.8.0,3.4.0,2026-08-27T17:21:57+00:00,0.2719303192269845,0.9661868889391991,0.045057870826045295,0.5201849937438965,1035,49388,197,903774,0.020526347103504355,0.8400974025974026,0.04007356499854806,0.1265257753071876,50423,0.052832477991269854,773.7010836478753,0.21171545276096845,201807.1134786314,0.0698051948051948,0.86,0.16152597402597402,0.398,0.21996753246753248,0.271,0.7012987012987013,0.1728
E3_multiseed_multisplit,logistic_regression__instance_weighted__split42__model42,logistic_regression,instance_weighted,F,algorithm,no_origin_balance,val,stratified,42,42,True,773.7010836478753,773.7010836478753,ner_optimal,val,0.001290797995614565,0.0012908741900602688,0.0012908714849422776,5749,4448085,1232,953160,1232,953162,4453834,18.206797200000437,b2e6f6243676544cb68b25aac83ba18d5eb139e5,True,3.14.4,1.8.0,3.4.0,2026-08-27T16:12:31+00:00,0.26814550294718376,0.9641463985584792,0.04428363418493002,0.47364625334739685,1050,61799,182,891361,0.016706709732851755,0.8522727272727273,0.03277102417253164,0.11399443211713749,62849,0.06585239608043655,773.7010836478753,0.21256048420155743,202612.59722391327,0.07467532467532467,0.92,0.14366883116883117,0.354,0.2012987012987013,0.248,0.7094155844155844,0.1748
E3_multiseed_multisplit,logistic_regression__instance_weighted__split42__model42,logistic_regression,instance_weighted,F,algorithm,no_origin_balance,test,stratified,42,42,True,773.7010836478753,773.7010836478753,ner_optimal,val,0.001290797995614565,0.0012908741900602688,0.0012908714849422776,5749,4448085,1232,953160,1232,953162,4453834,18.206797200000437,b2e6f6243676544cb68b25aac83ba18d5eb139e5,True,3.14.4,1.8.0,3.4.0,2026-08-27T16:12:33+00:00,0.2392930851475499,0.9592340351507276,0.04438827037171775,0.47364625334739685,1031,61810,201,891352,0.01640648621123152,0.8368506493506493,0.03218204235793548,0.11176678571213024,62841,0.06584387579972213,773.7010836478753,0.22799410220237804,217323.9178132229,0.07224025974025974,0.89,0.12905844155844157,0.318,0.18506493506493507,0.228,0.6785714285714286,0.1672
E3_multiseed_multisplit,logistic_regression__instance_weighted__split456__model42,logistic_regression,instance_weighted,F,algorithm,no_origin_balance,val,stratified,456,42,True,773.7010836478753,773.7010836478753,ner_optimal,val,0.001290797995614565,0.0012908741900602688,0.0012908714849422776,5749,4448085,1232,953160,1232,953162,4453834,17.61113210000258,b2e6f6243676544cb68b25aac83ba18d5eb139e5,True,3.14.4,1.8.0,3.4.0,2026-08-27T18:35:21+00:00,0.2659176510319246,0.9642031463149507,0.044350461592720776,0.4533354938030243,1056,67891,176,885269,0.015316112376173002,0.8571428571428571,0.030094472705510196,0.10899979211042411,68947,0.0722418042062381,773.7010836478753,0.2140814597587216,204062.39072202603,0.0698051948051948,0.86,0.1672077922077922,0.412,0.20941558441558442,0.258,0.6777597402597403,0.167
E3_multiseed_multisplit,logistic_regression__instance_weighted__split456__model42,logistic_regression,instance_weighted,F,algorithm,no_origin_balance,test,stratified,456,42,True,773.7010836478753,773.7010836478753,ner_optimal,val,0.001290797995614565,0.0012908741900602688,0.0012908714849422776,5749,4448085,1232,953160,1232,953162,4453834,17.61113210000258,b2e6f6243676544cb68b25aac83ba18d5eb139e5,True,3.14.4,1.8.0,3.4.0,2026-08-27T18:35:23+00:00,0.2674716298373284,0.9651594896059832,0.04428488239591045,0.4533354938030243,1049,68096,183,885066,0.015171017427145854,0.851461038961039,0.02981087571223553,0.10803903268121727,69145,0.0724491143070891,773.7010836478753,0.2199783430443801,209683.29830756114,0.0698051948051948,0.86,0.16152597402597402,0.398,0.2069805194805195,0.255,0.6956168831168831,0.1714
E3_multiseed_multisplit,logistic_regression__instance_weighted__split789__model42,logistic_regression,instance_weighted,F,algorithm,no_origin_balance,val,stratified,789,42,True,773.7010836478753,773.7010836478753,ner_optimal,val,0.001290797995614565,0.0012908741900602688,0.0012908714849422776,5749,4448085,1232,953160,1232,953162,4453834,14.331563699997787,b2e6f6243676544cb68b25aac83ba18d5eb139e5,True,3.14.4,1.8.0,3.4.0,2026-08-27T19:48:49+00:00,0.25219965554771334,0.9635011597445108,0.04536075872630916,0.5007021427154541,1045,55264,187,897896,0.01855831217034577,0.8482142857142857,0.03632192697380998,0.12041957952972324,56309,0.05899986588320103,773.7010836478753,0.20976306988879637,199946.10264215263,0.07061688311688312,0.87,0.14285714285714285,0.352,0.1891233766233766,0.233,0.713474025974026,0.1758
E3_multiseed_multisplit,logistic_regression__instance_weighted__split789__model42,logistic_regression,instance_weighted,F,algorithm,no_origin_balance,test,stratified,789,42,True,773.7010836478753,773.7010836478753,ner_optimal,val,0.001290797995614565,0.0012908741900602688,0.0012908714849422776,5749,4448085,1232,953160,1232,953162,4453834,14.331563699997787,b2e6f6243676544cb68b25aac83ba18d5eb139e5,True,3.14.4,1.8.0,3.4.0,2026-08-27T19:48:51+00:00,0.2673822588733718,0.9668364409007264,0.045195031631487484,0.5007021427154541,1057,54802,175,898360,0.01892264451565549,0.8579545454545454,0.0370286034576378,0.12243738691375942,55859,0.05852823886151841,773.7010836478753,0.19953812684134528,190199.68963837816,0.07305194805194805,0.9,0.15584415584415584,0.384,0.20941558441558442,0.258,0.7150974025974026,0.1762
E3_multiseed_multisplit,logistic_regression__rus__split123__model123,logistic_regression,rus,G,data,no_origin_balance,val,stratified,123,123,False,773.7010836478753,773.7010836478753,ner_optimal,val,0.001290797995614565,0.0012908741900602688,0.0012908714849422776,5749,4448085,1232,953160,1232,953162,11498,0.040415600000415,b2e6f6243676544cb68b25aac83ba18d5eb139e5,True,3.14.4,1.8.0,3.4.0,2026-08-27T17:22:03+00:00,0.16088516501330932,0.9688644228793575,0.06858985000803161,0.5642186403274536,1068,60037,164,893123,0.017478111447508386,0.8668831168831169,0.03426536406949324,0.11791094815597017,61105,0.06402505469450707,773.7010836478753,0.19610158379620854,186923.97771825152,0.020292207792207792,0.25,0.137987012987013,0.34,0.18019480519480519,0.222,0.6858766233766234,0.169
E3_multiseed_multisplit,logistic_regression__rus__split123__model123,logistic_regression,rus,G,data,no_origin_balance,test,stratified,123,123,False,773.7010836478753,773.7010836478753,ner_optimal,val,0.001290797995614565,0.0012908741900602688,0.0012908714849422776,5749,4448085,1232,953160,1232,953162,11498,0.040415600000415,b2e6f6243676544cb68b25aac83ba18d5eb139e5,True,3.14.4,1.8.0,3.4.0,2026-08-27T17:22:04+00:00,0.1686398448290381,0.970685238053318,0.06857897001012418,0.5642186403274536,1067,60290,165,892872,0.017390028847564257,0.8660714285714286,0.03409544808193133,0.11752749079346854,61357,0.06428896242013257,773.7010836478753,0.19717869391897785,187950.6788018994,0.020292207792207792,0.25,0.13636363636363635,0.336,0.1875,0.231,0.702922077922078,0.1732
E3_multiseed_multisplit,logistic_regression__rus__split123__model42,logistic_regression,rus,G,data,no_origin_balance,val,stratified,123,42,False,773.7010836478753,773.7010836478753,ner_optimal,val,0.001290797995614565,0.0012908741900602688,0.0012908714849422776,5749,4448085,1232,953160,1232,953162,11498,0.043793699998786906,b2e6f6243676544cb68b25aac83ba18d5eb139e5,True,3.14.4,1.8.0,3.4.0,2026-08-27T17:21:59+00:00,0.12042212658898889,0.9702983208315143,0.0643958792741626,0.540823221206665,1090,62737,142,890423,0.01707741238034061,0.8847402597402597,0.03350804654236923,0.1177049809159999,63827,0.06687713224754609,773.7010836478753,0.1810770057213529,172602.55387799826,0.024350649350649352,0.3,0.07224025974025974,0.178,0.1241883116883117,0.153,0.6647727272727273,0.1638
E3_multiseed_multisplit,logistic_regression__rus__split123__model42,logistic_regression,rus,G,data,no_origin_balance,test,stratified,123,42,False,773.7010836478753,773.7010836478753,ner_optimal,val,0.001290797995614565,0.0012908741900602688,0.0012908714849422776,5749,4448085,1232,953160,1232,953162,11498,0.043793699998786906,b2e6f6243676544cb68b25aac83ba18d5eb139e5,True,3.14.4,1.8.0,3.4.0,2026-08-27T17:22:01+00:00,0.12660529136657592,0.9713338175169361,0.06434209578103359,0.540823221206665,1073,62548,159,890614,0.016865500385092973,0.8709415584415584,0.03309021941930211,0.11592401572822796,63621,0.06666114833077325,773.7010836478753,0.1946774274852941,185566.47230001213,0.021915584415584416,0.27,0.07954545454545454,0.196,0.12337662337662338,0.152,0.6777597402597403,0.167
E3_multiseed_multisplit,logistic_regression__rus__split123__model456,logistic_regression,rus,G,data,no_origin_balance,val,stratified,123,456,False,773.7010836478753,773.7010836478753,ner_optimal,val,0.001290797995614565,0.0012908741900602688,0.0012908714849422776,5749,4448085,1232,953160,1232,953162,11498,0.07741379999788478,b2e6f6243676544cb68b25aac83ba18d5eb139e5,True,3.14.4,1.8.0,3.4.0,2026-08-27T17:22:07+00:00,0.15533028189750622,0.9692093282467669,0.0683538104877759,0.5674810409545898,1070,58230,162,894930,0.018043844856661044,0.8685064935064936,0.035353201612370315,0.12009470758516212,59300,0.06213379827156976,773.7010836478753,0.19258248696483452,183569.57555095578,0.01948051948051948,0.24,0.13555194805194806,0.334,0.19642857142857142,0.242,0.6810064935064936,0.1678
E3_multiseed_multisplit,logistic_regression__rus__split123__model456,logistic_regression,rus,G,data,no_origin_balance,test,stratified,123,456,False,773.7010836478753,773.7010836478753,ner_optimal,val,0.001290797995614565,0.0012908741900602688,0.0012908714849422776,5749,4448085,1232,953160,1232,953162,11498,0.07741379999788478,b2e6f6243676544cb68b25aac83ba18d5eb139e5,True,3.14.4,1.8.0,3.4.0,2026-08-27T17:22:08+00:00,0.1625880559479581,0.9708220038746225,0.06834727714782379,0.5674810409545898,1067,58240,165,894922,0.017991130895172576,0.8660714285714286,0.03525000412956937,0.11972436906439661,59307,0.06214100256288283,773.7010836478753,0.19502804288057457,185900.6788018994,0.021103896103896104,0.26,0.13392857142857142,0.33,0.19724025974025974,0.243,0.6956168831168831,0.1714
E3_multiseed_multisplit,logistic_regression__rus__split123__model789,logistic_regression,rus,G,data,no_origin_balance,val,stratified,123,789,False,773.7010836478753,773.7010836478753,ner_optimal,val,0.001290797995614565,0.0012908741900602688,0.0012908714849422776,5749,4448085,1232,953160,1232,953162,11498,0.061054100002365885,b2e6f6243676544cb68b25aac83ba18d5eb139e5,True,3.14.4,1.8.0,3.4.0,2026-08-27T17:22:10+00:00,0.12456325151397236,0.9698807027839864,0.06618131531079961,0.5452808737754822,1087,63302,145,889858,0.0168817655189551,0.8823051948051948,0.03312963837795828,0.1167937442059806,64389,0.06746598881801188,773.7010836478753,0.18410481106456317,175488.6571289419,0.011363636363636364,0.14,0.08522727272727272,0.21,0.1534090909090909,0.189,0.6761363636363636,0.1666
E3_multiseed_multisplit,logistic_regression__rus__split123__model789,logistic_regression,rus,G,data,no_origin_balance,test,stratified,123,789,False,773.7010836478753,773.7010836478753,ner_optimal,val,0.001290797995614565,0.0012908741900602688,0.0012908714849422776,5749,4448085,1232,953160,1232,953162,11498,0.061054100002365885,b2e6f6243676544cb68b25aac83ba18d5eb139e5,True,3.14.4,1.8.0,3.4.0,2026-08-27T17:22:12+00:00,0.13222545726527335,0.971346982856405,0.06613940803804105,0.5452808737754822,1073,63416,159,889746,0.01663849648777311,0.8709415584415584,0.03265318543540117,0.1150670988970562,64489,0.06757062596789166,773.7010836478753,0.19558804460789606,186434.47230001213,0.018668831168831168,0.23,0.09090909090909091,0.224,0.15016233766233766,0.185,0.6842532467532467,0.1686
E3_multiseed_multisplit,logistic_regression__rus__split42__model123,logistic_regression,rus,G,data,no_origin_balance,val,stratified,42,123,False,773.7010836478753,773.7010836478753,ner_optimal,val,0.001290797995614565,0.0012908741900602688,0.0012908714849422776,5749,4448085,1232,953160,1232,953162,11498,0.07993599999826984,b2e6f6243676544cb68b25aac83ba18d5eb139e5,True,3.14.4,1.8.0,3.4.0,2026-08-27T16:12:39+00:00,0.18541193490422334,0.9667887209455847,0.06880867850694043,0.6003263592720032,1054,50187,178,902973,0.020569465857418864,0.8555194805194806,0.04017304137365883,0.1278917269142671,51241,0.05368967887408947,773.7010836478753,0.19713160419483405,187905.79288932178,0.045454545454545456,0.56,0.09983766233766234,0.246,0.11525974025974026,0.142,0.7159090909090909,0.1764
E3_multiseed_multisplit,logistic_regression__rus__split42__model123,logistic_regression,rus,G,data,no_origin_balance,test,stratified,42,123,False,773.7010836478753,773.7010836478753,ner_optimal,val,0.001290797995614565,0.0012908741900602688,0.0012908714849422776,5749,4448085,1232,953160,1232,953162,11498,0.07993599999826984,b2e6f6243676544cb68b25aac83ba18d5eb139e5,True,3.14.4,1.8.0,3.4.0,2026-08-27T16:12:41+00:00,0.16958010913929222,0.9644325095239394,0.06888208625297655,0.6003263592720032,1026,50465,206,902697,0.019925812277873805,0.8327922077922078,0.03892039527341009,0.12394017896509427,51491,0.05395151268763215,773.7010836478753,0.2201505261848756,209847.42323146225,0.045454545454545456,0.56,0.09496753246753246,0.234,0.11201298701298701,0.138,0.6834415584415584,0.1684
E3_multiseed_multisplit,logistic_regression__rus__split42__model42,logistic_regression,rus,G,data,no_origin_balance,val,stratified,42,42,False,773.7010836478753,773.7010836478753,ner_optimal,val,0.001290797995614565,0.0012908741900602688,0.0012908714849422776,5749,4448085,1232,953160,1232,953162,11498,0.033755399999790825,b2e6f6243676544cb68b25aac83ba18d5eb139e5,True,3.14.4,1.8.0,3.4.0,2026-08-27T16:12:35+00:00,0.12682113590376537,0.967408132306864,0.06646315943141323,0.5665059685707092,1068,57781,164,895379,0.018148141854576968,0.8668831168831169,0.035552004793528734,0.12035164666698946,58849,0.06166124611270841,773.7010836478753,0.19373481855589744,184667.97771825152,0.007305194805194805,0.09,0.0836038961038961,0.206,0.12743506493506493,0.157,0.685064935064935,0.1688
E3_multiseed_multisplit,logistic_regression__rus__split42__model42,logistic_regression,rus,G,data,no_origin_balance,test,stratified,42,42,False,773.7010836478753,773.7010836478753,ner_optimal,val,0.001290797995614565,0.0012908741900602688,0.0012908714849422776,5749,4448085,1232,953160,1232,953162,11498,0.033755399999790825,b2e6f6243676544cb68b25aac83ba18d5eb139e5,True,3.14.4,1.8.0,3.4.0,2026-08-27T16:12:37+00:00,0.11761523436739944,0.9651931055034948,0.06653114663589807,0.5665059685707092,1045,57989,187,895173,0.017701663448182404,0.8482142857142857,0.03467958716357482,0.11736018564405444,59034,0.061854957177014946,773.7010836478753,0.21262186212277145,202671.10264215263,0.011363636363636364,0.14,0.08035714285714286,0.198,0.12256493506493507,0.151,0.6574675324675324,0.162
E3_multiseed_multisplit,logistic_regression__rus__split42__model456,logistic_regression,rus,G,data,no_origin_balance,val,stratified,42,456,False,773.7010836478753,773.7010836478753,ner_optimal,val,0.001290797995614565,0.0012908741900602688,0.0012908714849422776,5749,4448085,1232,953160,1232,953162,11498,0.032930199999100296,b2e6f6243676544cb68b25aac83ba18d5eb139e5,True,3.14.4,1.8.0,3.4.0,2026-08-27T16:12:43+00:00,0.17282374593203068,0.9667084739455853,0.06881872371214427,0.5822882056236267,1061,56851,171,896309,0.018320900676889074,0.8612012987012987,0.03587853374814013,0.12055017210742386,57912,0.06067946923276809,773.7010836478753,0.19844097553492782,189153.88530378666,0.021915584415584416,0.27,0.1176948051948052,0.29,0.15422077922077923,0.19,0.702922077922078,0.1732
E3_multiseed_multisplit,logistic_regression__rus__split42__model456,logistic_regression,rus,G,data,no_origin_balance,test,stratified,42,456,False,773.7010836478753,773.7010836478753,ner_optimal,val,0.001290797995614565,0.0012908741900602688,0.0012908714849422776,5749,4448085,1232,953160,1232,953162,11498,0.032930199999100296,b2e6f6243676544cb68b25aac83ba18d5eb139e5,True,3.14.4,1.8.0,3.4.0,2026-08-27T16:12:44+00:00,0.15653403112749217,0.9643563706869904,0.06888896286147769,0.5822882056236267,1033,57105,199,896057,0.017768069077023635,0.838474025974026,0.03479871989220145,0.11687896093143693,58138,0.060916141551602375,773.7010836478753,0.221434719171349,211071.51564592714,0.020292207792207792,0.25,0.10633116883116883,0.262,0.137987012987013,0.17,0.6785714285714286,0.1672
E3_multiseed_multisplit,logistic_regression__rus__split42__model789,logistic_regression,rus,G,data,no_origin_balance,val,stratified,42,789,False,773.7010836478753,773.7010836478753,ner_optimal,val,0.001290797995614565,0.0012908741900602688,0.0012908714849422776,5749,4448085,1232,953160,1232,953162,11498,0.09419979999802308,b2e6f6243676544cb68b25aac83ba18d5eb139e5,True,3.14.4,1.8.0,3.4.0,2026-08-27T16:12:47+00:00,0.13818611521141513,0.9676547146933807,0.06475857666183352,0.5759061574935913,1060,50015,172,903145,0.02075379344101811,0.8603896103896104,0.04052994819049076,0.12889337891553068,51075,0.053515746150428756,773.7010836478753,0.1920810294570918,183091.5863874345,0.012987012987012988,0.16,0.11201298701298701,0.276,0.16071428571428573,0.198,0.6964285714285714,0.1716
E3_multiseed_multisplit,logistic_regression__rus__split42__model789,logistic_regression,rus,G,data,no_origin_balance,test,stratified,42,789,False,773.7010836478753,773.7010836478753,ner_optimal,val,0.001290797995614565,0.0012908741900602688,0.0012908714849422776,5749,4448085,1232,953160,1232,953162,11498,0.09419979999802308,b2e6f6243676544cb68b25aac83ba18d5eb139e5,True,3.14.4,1.8.0,3.4.0,2026-08-27T16:12:49+00:00,0.12696302155876987,0.9652923403142084,0.06485050145150223,0.5759061574935913,1035,50242,197,902920,0.02018448817208495,0.8400974025974026,0.03942181340341656,0.1253843642585516,51277,0.05372728663424121,773.7010836478753,0.21261138251062522,202661.1134786314,0.010551948051948052,0.13,0.10795454545454546,0.266,0.1525974025974026,0.188,0.6680194805194806,0.1646
E3_multiseed_multisplit,logistic_regression__rus__split456__model123,logistic_regression,rus,G,data,no_origin_balance,val,stratified,456,123,False,773.7010836478753,773.7010836478753,ner_optimal,val,0.001290797995614565,0.0012908741900602688,0.0012908714849422776,5749,4448085,1232,953160,1232,953162,11498,0.09089250000033644,b2e6f6243676544cb68b25aac83ba18d5eb139e5,True,3.14.4,1.8.0,3.4.0,2026-08-27T18:35:30+00:00,0.10135900552861828,0.97181868186369,0.06391619248719012,0.5137990713119507,1100,71025,132,882135,0.015251299826689775,0.8928571428571429,0.029990321305396896,0.11116807542743794,72125,0.07557167285559811,773.7010836478753,0.18165504738802413,173153.54304151953,0.010551948051948052,0.13,0.03896103896103896,0.096,0.08279220779220779,0.102,0.6290584415584416,0.155
E3_multiseed_multisplit,logistic_regression__rus__split456__model123,logistic_regression,rus,G,data,no_origin_balance,test,stratified,456,123,False,773.7010836478753,773.7010836478753,ner_optimal,val,0.001290797995614565,0.0012908741900602688,0.0012908714849422776,5749,4448085,1232,953160,1232,953162,11498,0.09089250000033644,b2e6f6243676544cb68b25aac83ba18d5eb139e5,True,3.14.4,1.8.0,3.4.0,2026-08-27T18:35:32+00:00,0.10486034241062642,0.9708301215071248,0.06392971995475093,0.5137990713119507,1095,71153,137,882009,0.015156128889381022,0.8887987012987013,0.02980402830702232,0.11051204184643211,72248,0.07570039208125784,773.7010836478753,0.18584777349910747,177150.04845975892,0.008928571428571428,0.11,0.036525974025974024,0.09,0.0836038961038961,0.103,0.6590909090909091,0.1624
E3_multiseed_multisplit,logistic_regression__rus__split456__model42,logistic_regression,rus,G,data,no_origin_balance,val,stratified,456,42,False,773.7010836478753,773.7010836478753,ner_optimal,val,0.001290797995614565,0.0012908741900602688,0.0012908714849422776,5749,4448085,1232,953160,1232,953162,11498,0.061990999998670304,b2e6f6243676544cb68b25aac83ba18d5eb139e5,True,3.14.4,1.8.0,3.4.0,2026-08-27T18:35:26+00:00,0.10474603713674802,0.9716212618191955,0.06580299570936128,0.519886314868927,1101,73413,131,879747,0.01477574683952009,0.8936688311688312,0.02907084202466137,0.10929318711629463,74514,0.07807483717382376,773.7010836478753,0.18334860526155874,174767.84195787166,0.00974025974025974,0.12,0.05357142857142857,0.132,0.08116883116883117,0.1,0.640422077922078,0.1578
E3_multiseed_multisplit,logistic_regression__rus__split456__model42,logistic_regression,rus,G,data,no_origin_balance,test,stratified,456,42,False,773.7010836478753,773.7010836478753,ner_optimal,val,0.001290797995614565,0.0012908741900602688,0.0012908714849422776,5749,4448085,1232,953160,1232,953162,11498,0.061990999998670304,b2e6f6243676544cb68b25aac83ba18d5eb139e5,True,3.14.4,1.8.0,3.4.0,2026-08-27T18:35:28+00:00,0.1085859811223861,0.9707653967469915,0.0658263070493201,0.519886314868927,1100,73364,132,879798,0.014772238934250108,0.8928571428571429,0.029063622912703445,0.10922499941461099,74464,0.07802228429767999,773.7010836478753,0.18410888776793888,175492.54304151953,0.008928571428571428,0.11,0.052759740259740256,0.13,0.08279220779220779,0.102,0.6655844155844156,0.164
E3_multiseed_multisplit,logistic_regression__rus__split456__model456,logistic_regression,rus,G,data,no_origin_balance,val,stratified,456,456,False,773.7010836478753,773.7010836478753,ner_optimal,val,0.001290797995614565,0.0012908741900602688,0.0012908714849422776,5749,4448085,1232,953160,1232,953162,11498,0.03643219999867142,b2e6f6243676544cb68b25aac83ba18d5eb139e5,True,3.14.4,1.8.0,3.4.0,2026-08-27T18:35:34+00:00,0.14905659453109388,0.9706426428692693,0.06546127363633247,0.5371484160423279,1080,63865,152,889295,0.01662945569327893,0.8766233766233766,0.032639738882088945,0.1154347465342283,64945,0.0680485586635261,773.7010836478753,0.19037727145839162,181467.56471447705,0.017045454545454544,0.21,0.13474025974025974,0.332,0.18425324675324675,0.227,0.6631493506493507,0.1634
E3_multiseed_multisplit,logistic_regression__rus__split456__model456,logistic_regression,rus,G,data,no_origin_balance,test,stratified,456,456,False,773.7010836478753,773.7010836478753,ner_optimal,val,0.001290797995614565,0.0012908741900602688,0.0012908714849422776,5749,4448085,1232,953160,1232,953162,11498,0.03643219999867142,b2e6f6243676544cb68b25aac83ba18d5eb139e5,True,3.14.4,1.8.0,3.4.0,2026-08-27T18:35:36+00:00,0.1508358645095375,0.9699178954759656,0.06548832601962978,0.5371484160423279,1085,63816,147,889346,0.016717770142216606,0.8806818181818182,0.03281266538641828,0.11605718702505466,64901,0.06800231350993405,773.7010836478753,0.18626742409464186,177550.05929623765,0.017857142857142856,0.22,0.13068181818181818,0.322,0.17694805194805194,0.218,0.6818181818181818,0.168
E3_multiseed_multisplit,logistic_regression__rus__split456__model789,logistic_regression,rus,G,data,no_origin_balance,val,stratified,456,789,False,773.7010836478753,773.7010836478753,ner_optimal,val,0.001290797995614565,0.0012908741900602688,0.0012908714849422776,5749,4448085,1232,953160,1232,953162,11498,0.028985099997953512,b2e6f6243676544cb68b25aac83ba18d5eb139e5,True,3.14.4,1.8.0,3.4.0,2026-08-27T18:35:39+00:00,0.15019902935172705,0.9702932539534933,0.06844174229813861,0.5571848154067993,1078,63768,154,889392,0.01662400148043056,0.875,0.032628106177547744,0.11529929811793596,64846,0.06794482770182482,773.7010836478753,0.1918988855692194,182917.9668817728,0.008928571428571428,0.11,0.12094155844155845,0.298,0.17613636363636365,0.217,0.6680194805194806,0.1646
E3_multiseed_multisplit,logistic_regression__rus__split456__model789,logistic_regression,rus,G,data,no_origin_balance,test,stratified,456,789,False,773.7010836478753,773.7010836478753,ner_optimal,val,0.001290797995614565,0.0012908741900602688,0.0012908714849422776,5749,4448085,1232,953160,1232,953162,11498,0.028985099997953512,b2e6f6243676544cb68b25aac83ba18d5eb139e5,True,3.14.4,1.8.0,3.4.0,2026-08-27T18:35:40+00:00,0.15305061053618924,0.969663365437641,0.06847129647695825,0.5571848154067993,1076,63847,156,889315,0.01657347935246369,0.8733766233766234,0.03252966518025848,0.11499258838589559,64923,0.06802536478645088,773.7010836478753,0.19360514093992962,184544.36904906854,0.010551948051948052,0.13,0.12337662337662338,0.304,0.17045454545454544,0.21,0.6834415584415584,0.1684
E3_multiseed_multisplit,logistic_regression__rus__split789__model123,logistic_regression,rus,G,data,no_origin_balance,val,stratified,789,123,False,773.7010836478753,773.7010836478753,ner_optimal,val,0.001290797995614565,0.0012908741900602688,0.0012908714849422776,5749,4448085,1232,953160,1232,953162,11498,0.09617719999732799,b2e6f6243676544cb68b25aac83ba18d5eb139e5,True,3.14.4,1.8.0,3.4.0,2026-08-27T19:48:58+00:00,0.13937130977776113,0.9712697925029143,0.06699091976266805,0.5227818489074707,1099,75071,133,878089,0.014428252592884338,0.8920454545454546,0.02839719903878453,0.10775490864755906,76170,0.07980997326046321,773.7010836478753,0.18671138648087324,177973.2441251674,0.015422077922077922,0.19,0.10876623376623376,0.268,0.17126623376623376,0.211,0.6826298701298701,0.1682
E3_multiseed_multisplit,logistic_regression__rus__split789__model123,logistic_regression,rus,G,data,no_origin_balance,test,stratified,789,123,False,773.7010836478753,773.7010836478753,ner_optimal,val,0.001290797995614565,0.0012908741900602688,0.0012908714849422776,5749,4448085,1232,953160,1232,953162,11498,0.09617719999732799,b2e6f6243676544cb68b25aac83ba18d5eb139e5,True,3.14.4,1.8.0,3.4.0,2026-08-27T19:49:00+00:00,0.13988277265527027,0.9711693687166245,0.06680519308106392,0.5227818489074707,1099,74514,133,878648,0.01453453771176914,0.8920454545454546,0.028603032077558724,0.10819448371381389,75613,0.07922618960303607,773.7010836478753,0.18612703885726806,177416.2441251674,0.01461038961038961,0.18,0.10146103896103896,0.25,0.1728896103896104,0.213,0.6785714285714286,0.1672
E3_multiseed_multisplit,logistic_regression__rus__split789__model42,logistic_regression,rus,G,data,no_origin_balance,val,stratified,789,42,False,773.7010836478753,773.7010836478753,ner_optimal,val,0.001290797995614565,0.0012908741900602688,0.0012908714849422776,5749,4448085,1232,953160,1232,953162,11498,0.06261300000187475,b2e6f6243676544cb68b25aac83ba18d5eb139e5,True,3.14.4,1.8.0,3.4.0,2026-08-27T19:48:54+00:00,0.12660891361443927,0.971123878337974,0.06703912433552388,0.5270979404449463,1098,73917,134,879243,0.014637072585482903,0.8912337662337663,0.028801133159337418,0.10856319451083171,75015,0.0785997787072817,773.7010836478753,0.1863124156226506,177592.94520881528,0.01461038961038961,0.18,0.09415584415584416,0.232,0.14204545454545456,0.175,0.6883116883116883,0.1696
E3_multiseed_multisplit,logistic_regression__rus__split789__model42,logistic_regression,rus,G,data,no_origin_balance,test,stratified,789,42,False,773.7010836478753,773.7010836478753,ner_optimal,val,0.001290797995614565,0.0012908741900602688,0.0012908714849422776,5749,4448085,1232,953160,1232,953162,11498,0.06261300000187475,b2e6f6243676544cb68b25aac83ba18d5eb139e5,True,3.14.4,1.8.0,3.4.0,2026-08-27T19:48:56+00:00,0.12703319800925553,0.970901515371789,0.06687804908204549,0.5270979404449463,1095,73570,137,879592,0.014665505926471574,0.8887987012987013,0.02885489545041306,0.10851880122169698,74665,0.07823288914222008,773.7010836478753,0.18838344352828829,179567.04845975892,0.01461038961038961,0.18,0.09496753246753246,0.234,0.1396103896103896,0.172,0.6834415584415584,0.1684
E3_multiseed_multisplit,logistic_regression__rus__split789__model456,logistic_regression,rus,G,data,no_origin_balance,val,stratified,789,456,False,773.7010836478753,773.7010836478753,ner_optimal,val,0.001290797995614565,0.0012908741900602688,0.0012908714849422776,5749,4448085,1232,953160,1232,953162,11498,0.03741699999955017,b2e6f6243676544cb68b25aac83ba18d5eb139e5,True,3.14.4,1.8.0,3.4.0,2026-08-27T19:49:02+00:00,0.1510712485441207,0.9706591936772992,0.07075917647947771,0.5377470254898071,1093,74794,139,878366,0.014402993925178225,0.8871753246753247,0.028345803239149887,0.1073304652417258,75887,0.07951344940024643,773.7010836478753,0.19129091618630178,182338.45062705467,0.016233766233766232,0.2,0.12581168831168832,0.31,0.18019480519480519,0.222,0.6923701298701299,0.1706
E3_multiseed_multisplit,logistic_regression__rus__split789__model456,logistic_regression,rus,G,data,no_origin_balance,test,stratified,789,456,False,773.7010836478753,773.7010836478753,ner_optimal,val,0.001290797995614565,0.0012908741900602688,0.0012908714849422776,5749,4448085,1232,953160,1232,953162,11498,0.03741699999955017,b2e6f6243676544cb68b25aac83ba18d5eb139e5,True,3.14.4,1.8.0,3.4.0,2026-08-27T19:49:04+00:00,0.15229424974238243,0.9708543905245581,0.0705650723016606,0.5377470254898071,1095,74264,137,878898,0.014530447590865058,0.8887987012987013,0.028593437871290362,0.10796364702523087,75359,0.07896005213779635,773.7010836478753,0.18911151758714287,180261.04845975892,0.017045454545454544,0.21,0.12743506493506493,0.314,0.174512987012987,0.215,0.6866883116883117,0.1692
E3_multiseed_multisplit,logistic_regression__rus__split789__model789,logistic_regression,rus,G,data,no_origin_balance,val,stratified,789,789,False,773.7010836478753,773.7010836478753,ner_optimal,val,0.001290797995614565,0.0012908741900602688,0.0012908714849422776,5749,4448085,1232,953160,1232,953162,11498,0.09165700000085053,b2e6f6243676544cb68b25aac83ba18d5eb139e5,True,3.14.4,1.8.0,3.4.0,2026-08-27T19:49:07+00:00,0.14415129140496352,0.9712984761419703,0.06623135592727361,0.5359887480735779,1089,67750,143,885410,0.015819520911111433,0.8839285714285714,0.031082758915956674,0.11281677811921521,68839,0.07212864315710944,773.7010836478753,0.18714782264548788,178389.25496164616,0.013798701298701298,0.17,0.11607142857142858,0.286,0.174512987012987,0.215,0.6956168831168831,0.1714
E3_multiseed_multisplit,logistic_regression__rus__split789__model789,logistic_regression,rus,G,data,no_origin_balance,test,stratified,789,789,False,773.7010836478753,773.7010836478753,ner_optimal,val,0.001290797995614565,0.0012908741900602688,0.0012908714849422776,5749,4448085,1232,953160,1232,953162,11498,0.09165700000085053,b2e6f6243676544cb68b25aac83ba18d5eb139e5,True,3.14.4,1.8.0,3.4.0,2026-08-27T19:49:08+00:00,0.14428572235953857,0.9714435326531893,0.06604914845583734,0.5359887480735779,1093,67212,139,885950,0.016001756826001023,0.8871753246753247,0.0314365014308929,0.11375365827540879,68305,0.07156897465826483,773.7010836478753,0.18333665463841223,174756.45062705467,0.017045454545454544,0.21,0.10957792207792208,0.27,0.174512987012987,0.215,0.6907467532467533,0.1702
E3_multiseed_multisplit,logistic_regression__unweighted__split123__model42,logistic_regression,unweighted,A,none,no_origin_balance,val,stratified,123,42,True,1.0,773.7010836478753,fixed,val,0.001290797995614565,0.0012908741900602688,0.0012908714849422776,5749,4448085,1232,953160,1232,953162,4453834,8.466937499997584,b2e6f6243676544cb68b25aac83ba18d5eb139e5,True,3.14.4,1.8.0,3.4.0,2026-08-27T17:21:14+00:00,0.5371617836409137,0.9596875297200073,0.0007722977181140635,0.5,474,41,758,953119,0.920388349514563,0.3847402597402597,0.542644533485976,0.5947816086537238,515,0.0005396105583449988,773.7010836478753,0.6153027532805082,586506.4214050893,0.08116883116883117,1.0,0.37743506493506496,0.93,0.502435064935065,0.619,0.6525974025974026,0.1608
E3_multiseed_multisplit,logistic_regression__unweighted__split123__model42,logistic_regression,unweighted,A,none,no_origin_balance,test,stratified,123,42,True,1.0,773.7010836478753,fixed,val,0.001290797995614565,0.0012908741900602688,0.0012908714849422776,5749,4448085,1232,953160,1232,953162,4453834,8.466937499997584,b2e6f6243676544cb68b25aac83ba18d5eb139e5,True,3.14.4,1.8.0,3.4.0,2026-08-27T17:21:15+00:00,0.5337812107525854,0.9619567461474845,0.00078539860810003,0.5,453,50,779,953112,0.9005964214711729,0.3676948051948052,0.5221902017291066,0.57514967283792,503,0.0005270360039983487,773.7010836478753,0.6323576497085703,602763.1441616947,0.08116883116883117,1.0,0.36607142857142855,0.902,0.48863636363636365,0.602,0.6704545454545454,0.1652
E3_multiseed_multisplit,logistic_regression__unweighted__split123__model42,logistic_regression,unweighted,B,decision,no_origin_balance,val,stratified,123,42,True,1.0,773.7010836478753,youden,val,0.001290797995614565,0.0012908741900602688,0.0012908714849422776,5749,4448085,1232,953160,1232,953162,4453834,8.466937499997584,b2e6f6243676544cb68b25aac83ba18d5eb139e5,True,3.14.4,1.8.0,3.4.0,2026-08-27T17:21:17+00:00,0.5371617836409137,0.9596875297200073,0.0007722977181140635,0.0011921977857127786,1070,92892,162,860268,0.011387582214086546,0.8685064935064936,0.022480408429102674,0.09292588023903889,93962,0.09845220831691799,773.7010836478753,0.22894632418099753,218231.57555095578,0.08116883116883117,1.0,0.37743506493506496,0.93,0.502435064935065,0.619,0.6525974025974026,0.1608
E3_multiseed_multisplit,logistic_regression__unweighted__split123__model42,logistic_regression,unweighted,B,decision,no_origin_balance,test,stratified,123,42,True,1.0,773.7010836478753,youden,val,0.001290797995614565,0.0012908741900602688,0.0012908714849422776,5749,4448085,1232,953160,1232,953162,4453834,8.466937499997584,b2e6f6243676544cb68b25aac83ba18d5eb139e5,True,3.14.4,1.8.0,3.4.0,2026-08-27T17:21:19+00:00,0.5337812107525854,0.9619567461474845,0.00078539860810003,0.0011921977857127786,1086,93191,146,859971,0.011519246475810643,0.8814935064935064,0.02274131233705724,0.09431260478568453,94277,0.09878205437167459,773.7010836478753,0.21627299151617116,206151.35821258978,0.08116883116883117,1.0,0.36607142857142855,0.902,0.48863636363636365,0.602,0.6704545454545454,0.1652
E3_multiseed_multisplit,logistic_regression__unweighted__split123__model42,logistic_regression,unweighted,C,decision,no_origin_balance,val,stratified,123,42,True,1.0,773.7010836478753,ner_optimal,val,0.001290797995614565,0.0012908741900602688,0.0012908714849422776,5749,4448085,1232,953160,1232,953162,4453834,8.466937499997584,b2e6f6243676544cb68b25aac83ba18d5eb139e5,True,3.14.4,1.8.0,3.4.0,2026-08-27T17:21:20+00:00,0.5371617836409137,0.9596875297200073,0.0007722977181140635,0.0011921977857127786,1070,92892,162,860268,0.011387582214086546,0.8685064935064936,0.022480408429102674,0.09292588023903889,93962,0.09845220831691799,773.7010836478753,0.22894632418099753,218231.57555095578,0.08116883116883117,1.0,0.37743506493506496,0.93,0.502435064935065,0.619,0.6525974025974026,0.1608
E3_multiseed_multisplit,logistic_regression__unweighted__split123__model42,logistic_regression,unweighted,C,decision,no_origin_balance,test,stratified,123,42,True,1.0,773.7010836478753,ner_optimal,val,0.001290797995614565,0.0012908741900602688,0.0012908714849422776,5749,4448085,1232,953160,1232,953162,4453834,8.466937499997584,b2e6f6243676544cb68b25aac83ba18d5eb139e5,True,3.14.4,1.8.0,3.4.0,2026-08-27T17:21:22+00:00,0.5337812107525854,0.9619567461474845,0.00078539860810003,0.0011921977857127786,1086,93191,146,859971,0.011519246475810643,0.8814935064935064,0.02274131233705724,0.09431260478568453,94277,0.09878205437167459,773.7010836478753,0.21627299151617116,206151.35821258978,0.08116883116883117,1.0,0.36607142857142855,0.902,0.48863636363636365,0.602,0.6704545454545454,0.1652
E3_multiseed_multisplit,logistic_regression__unweighted__split42__model42,logistic_regression,unweighted,A,none,no_origin_balance,val,stratified,42,42,True,1.0,773.7010836478753,fixed,val,0.001290797995614565,0.0012908741900602688,0.0012908714849422776,5749,4448085,1232,953160,1232,953162,4453834,7.429266499999358,b2e6f6243676544cb68b25aac83ba18d5eb139e5,True,3.14.4,1.8.0,3.4.0,2026-08-27T16:11:28+00:00,0.5422539210330158,0.9578038841784238,0.0007761498552311428,0.5,443,30,789,953130,0.9365750528541226,0.35957792207792205,0.5196480938416422,0.5800386602485668,473,0.0004956034836838532,773.7010836478753,0.6404535508641032,610480.1549981735,0.08116883116883117,1.0,0.3717532467532468,0.916,0.502435064935065,0.619,0.6672077922077922,0.1644
E3_multiseed_multisplit,logistic_regression__unweighted__split42__model42,logistic_regression,unweighted,A,none,no_origin_balance,test,stratified,42,42,True,1.0,773.7010836478753,fixed,val,0.001290797995614565,0.0012908741900602688,0.0012908714849422776,5749,4448085,1232,953160,1232,953162,4453834,7.429266499999358,b2e6f6243676544cb68b25aac83ba18d5eb139e5,True,3.14.4,1.8.0,3.4.0,2026-08-27T16:11:29+00:00,0.5039687570139619,0.9545552646819798,0.0008164262003653779,0.5,420,55,812,953107,0.8842105263157894,0.3409090909090909,0.492091388400703,0.5487205518780807,475,0.000497698015704206,773.7010836478753,0.6591486094846222,628300.2799220745,0.08116883116883117,1.0,0.3555194805194805,0.876,0.47564935064935066,0.586,0.6331168831168831,0.156
E3_multiseed_multisplit,logistic_regression__unweighted__split42__model42,logistic_regression,unweighted,B,decision,no_origin_balance,val,stratified,42,42,True,1.0,773.7010836478753,youden,val,0.001290797995614565,0.0012908741900602688,0.0012908714849422776,5749,4448085,1232,953160,1232,953162,4453834,7.429266499999358,b2e6f6243676544cb68b25aac83ba18d5eb139e5,True,3.14.4,1.8.0,3.4.0,2026-08-27T16:11:31+00:00,0.5422539210330158,0.9578038841784238,0.0007761498552311428,0.0020156772807240486,1032,57274,200,895886,0.017699722155524303,0.8376623376623377,0.03466693540260002,0.11657311490878769,58306,0.06109229750458931,773.7010836478753,0.22242370505644712,212014.216729575,0.08116883116883117,1.0,0.3717532467532468,0.916,0.502435064935065,0.619,0.6672077922077922,0.1644
E3_multiseed_multisplit,logistic_regression__unweighted__split42__model42,logistic_regression,unweighted,B,decision,no_origin_balance,test,stratified,42,42,True,1.0,773.7010836478753,youden,val,0.001290797995614565,0.0012908741900602688,0.0012908714849422776,5749,4448085,1232,953160,1232,953162,4453834,7.429266499999358,b2e6f6243676544cb68b25aac83ba18d5eb139e5,True,3.14.4,1.8.0,3.4.0,2026-08-27T16:11:33+00:00,0.5039687570139619,0.9545552646819798,0.0008164262003653779,0.0020156772807240486,998,57146,234,896016,0.017164281783159055,0.810064935064935,0.03361627593640528,0.11260225739282739,58144,0.060922428263379694,773.7010836478753,0.24988682310120794,238192.05357360275,0.08116883116883117,1.0,0.3555194805194805,0.876,0.47564935064935066,0.586,0.6331168831168831,0.156
E3_multiseed_multisplit,logistic_regression__unweighted__split42__model42,logistic_regression,unweighted,C,decision,no_origin_balance,val,stratified,42,42,True,1.0,773.7010836478753,ner_optimal,val,0.001290797995614565,0.0012908741900602688,0.0012908714849422776,5749,4448085,1232,953160,1232,953162,4453834,7.429266499999358,b2e6f6243676544cb68b25aac83ba18d5eb139e5,True,3.14.4,1.8.0,3.4.0,2026-08-27T16:11:35+00:00,0.5422539210330158,0.9578038841784238,0.0007761498552311428,0.0020156772807240486,1032,57274,200,895886,0.017699722155524303,0.8376623376623377,0.03466693540260002,0.11657311490878769,58306,0.06109229750458931,773.7010836478753,0.22242370505644712,212014.216729575,0.08116883116883117,1.0,0.3717532467532468,0.916,0.502435064935065,0.619,0.6672077922077922,0.1644
E3_multiseed_multisplit,logistic_regression__unweighted__split42__model42,logistic_regression,unweighted,C,decision,no_origin_balance,test,stratified,42,42,True,1.0,773.7010836478753,ner_optimal,val,0.001290797995614565,0.0012908741900602688,0.0012908714849422776,5749,4448085,1232,953160,1232,953162,4453834,7.429266499999358,b2e6f6243676544cb68b25aac83ba18d5eb139e5,True,3.14.4,1.8.0,3.4.0,2026-08-27T16:11:37+00:00,0.5039687570139619,0.9545552646819798,0.0008164262003653779,0.0020156772807240486,998,57146,234,896016,0.017164281783159055,0.810064935064935,0.03361627593640528,0.11260225739282739,58144,0.060922428263379694,773.7010836478753,0.24988682310120794,238192.05357360275,0.08116883116883117,1.0,0.3555194805194805,0.876,0.47564935064935066,0.586,0.6331168831168831,0.156
E3_multiseed_multisplit,logistic_regression__unweighted__split456__model42,logistic_regression,unweighted,A,none,no_origin_balance,val,stratified,456,42,True,1.0,773.7010836478753,fixed,val,0.001290797995614565,0.0012908741900602688,0.0012908714849422776,5749,4448085,1232,953160,1232,953162,4453834,10.816498500000307,b2e6f6243676544cb68b25aac83ba18d5eb139e5,True,3.14.4,1.8.0,3.4.0,2026-08-27T18:34:27+00:00,0.5160408744080573,0.9612845215341124,0.000788040051533181,0.5,471,49,761,953111,0.9057692307692308,0.3823051948051948,0.5376712328767124,0.5881570844942731,520,0.0005448494958046589,773.7010836478753,0.6177462110001133,588835.524656033,0.08116883116883117,1.0,0.37743506493506496,0.93,0.4862012987012987,0.599,0.6314935064935064,0.1556
E3_multiseed_multisplit,logistic_regression__unweighted__split456__model42,logistic_regression,unweighted,A,none,no_origin_balance,test,stratified,456,42,True,1.0,773.7010836478753,fixed,val,0.001290797995614565,0.0012908741900602688,0.0012908714849422776,5749,4448085,1232,953160,1232,953162,4453834,10.816498500000307,b2e6f6243676544cb68b25aac83ba18d5eb139e5,True,3.14.4,1.8.0,3.4.0,2026-08-27T18:34:28+00:00,0.5220509431039683,0.9596290455776763,0.0007842288639368192,0.5,467,36,765,953126,0.9284294234592445,0.37905844155844154,0.538328530259366,0.5929502323783138,503,0.0005270360039983487,773.7010836478753,0.6209793259719889,591917.3289906245,0.08116883116883117,1.0,0.37662337662337664,0.928,0.48133116883116883,0.593,0.6412337662337663,0.158
E3_multiseed_multisplit,logistic_regression__unweighted__split456__model42,logistic_regression,unweighted,B,decision,no_origin_balance,val,stratified,456,42,True,1.0,773.7010836478753,youden,val,0.001290797995614565,0.0012908741900602688,0.0012908714849422776,5749,4448085,1232,953160,1232,953162,4453834,10.816498500000307,b2e6f6243676544cb68b25aac83ba18d5eb139e5,True,3.14.4,1.8.0,3.4.0,2026-08-27T18:34:30+00:00,0.5160408744080573,0.9612845215341124,0.000788040051533181,0.001517430879175663,1053,73294,179,879866,0.014163315264906452,0.8547077922077922,0.027864883102449094,0.10420264167941938,74347,0.0778998566626711,773.7010836478753,0.22218480155256354,211786.49397296965,0.08116883116883117,1.0,0.37743506493506496,0.93,0.4862012987012987,0.599,0.6314935064935064,0.1556
E3_multiseed_multisplit,logistic_regression__unweighted__split456__model42,logistic_regression,unweighted,B,decision,no_origin_balance,test,stratified,456,42,True,1.0,773.7010836478753,youden,val,0.001290797995614565,0.0012908741900602688,0.0012908714849422776,5749,4448085,1232,953160,1232,953162,4453834,10.816498500000307,b2e6f6243676544cb68b25aac83ba18d5eb139e5,True,3.14.4,1.8.0,3.4.0,2026-08-27T18:34:32+00:00,0.5220509431039683,0.9596290455776763,0.0007842288639368192,0.001517430879175663,1048,73139,184,880023,0.014126464205318991,0.8506493506493507,0.027791405348784787,0.10378304539551275,74187,0.07773204777062723,773.7010836478753,0.22608063291054048,215499.99939120904,0.08116883116883117,1.0,0.37662337662337664,0.928,0.48133116883116883,0.593,0.6412337662337663,0.158
E3_multiseed_multisplit,logistic_regression__unweighted__split456__model42,logistic_regression,unweighted,C,decision,no_origin_balance,val,stratified,456,42,True,1.0,773.7010836478753,ner_optimal,val,0.001290797995614565,0.0012908741900602688,0.0012908714849422776,5749,4448085,1232,953160,1232,953162,4453834,10.816498500000307,b2e6f6243676544cb68b25aac83ba18d5eb139e5,True,3.14.4,1.8.0,3.4.0,2026-08-27T18:34:34+00:00,0.5160408744080573,0.9612845215341124,0.000788040051533181,0.001517430879175663,1053,73294,179,879866,0.014163315264906452,0.8547077922077922,0.027864883102449094,0.10420264167941938,74347,0.0778998566626711,773.7010836478753,0.22218480155256354,211786.49397296965,0.08116883116883117,1.0,0.37743506493506496,0.93,0.4862012987012987,0.599,0.6314935064935064,0.1556
E3_multiseed_multisplit,logistic_regression__unweighted__split456__model42,logistic_regression,unweighted,C,decision,no_origin_balance,test,stratified,456,42,True,1.0,773.7010836478753,ner_optimal,val,0.001290797995614565,0.0012908741900602688,0.0012908714849422776,5749,4448085,1232,953160,1232,953162,4453834,10.816498500000307,b2e6f6243676544cb68b25aac83ba18d5eb139e5,True,3.14.4,1.8.0,3.4.0,2026-08-27T18:34:36+00:00,0.5220509431039683,0.9596290455776763,0.0007842288639368192,0.001517430879175663,1048,73139,184,880023,0.014126464205318991,0.8506493506493507,0.027791405348784787,0.10378304539551275,74187,0.07773204777062723,773.7010836478753,0.22608063291054048,215499.99939120904,0.08116883116883117,1.0,0.37662337662337664,0.928,0.48133116883116883,0.593,0.6412337662337663,0.158
E3_multiseed_multisplit,logistic_regression__unweighted__split789__model42,logistic_regression,unweighted,A,none,no_origin_balance,val,stratified,789,42,True,1.0,773.7010836478753,fixed,val,0.001290797995614565,0.0012908741900602688,0.0012908714849422776,5749,4448085,1232,953160,1232,953162,4453834,8.696128499999759,b2e6f6243676544cb68b25aac83ba18d5eb139e5,True,3.14.4,1.8.0,3.4.0,2026-08-27T19:48:01+00:00,0.5190265646916662,0.9608044476152598,0.0007965820214229384,0.5,439,48,793,953112,0.9014373716632443,0.35633116883116883,0.5107620709714951,0.566452693270559,487,0.0005102725085709017,773.7010836478753,0.6437191878760716,613592.959332765,0.08035714285714286,0.99,0.3628246753246753,0.894,0.48457792207792205,0.597,0.6493506493506493,0.16
E3_multiseed_multisplit,logistic_regression__unweighted__split789__model42,logistic_regression,unweighted,A,none,no_origin_balance,test,stratified,789,42,True,1.0,773.7010836478753,fixed,val,0.001290797995614565,0.0012908741900602688,0.0012908714849422776,5749,4448085,1232,953160,1232,953162,4453834,8.696128499999759,b2e6f6243676544cb68b25aac83ba18d5eb139e5,True,3.14.4,1.8.0,3.4.0,2026-08-27T19:48:03+00:00,0.5345349621036724,0.9616044664441146,0.0007775878045013312,0.5,466,49,766,953113,0.9048543689320389,0.3782467532467532,0.5334859759587864,0.5847290020144664,515,0.0005396094275529812,773.7010836478753,0.6218046525585548,592704.0300742723,0.08116883116883117,1.0,0.37012987012987014,0.912,0.49512987012987014,0.61,0.6607142857142857,0.1628
E3_multiseed_multisplit,logistic_regression__unweighted__split789__model42,logistic_regression,unweighted,B,decision,no_origin_balance,val,stratified,789,42,True,1.0,773.7010836478753,youden,val,0.001290797995614565,0.0012908741900602688,0.0012908714849422776,5749,4448085,1232,953160,1232,953162,4453834,8.696128499999759,b2e6f6243676544cb68b25aac83ba18d5eb139e5,True,3.14.4,1.8.0,3.4.0,2026-08-27T19:48:05+00:00,0.5190265646916662,0.9608044476152598,0.0007965820214229384,0.0014876696513965726,1059,76337,173,876823,0.013682877668096543,0.859577922077922,0.026936969018670195,0.10252753367100388,77396,0.08109456072557188,773.7010836478753,0.22050707710187814,210187.2874710824,0.08035714285714286,0.99,0.3628246753246753,0.894,0.48457792207792205,0.597,0.6493506493506493,0.16
E3_multiseed_multisplit,logistic_regression__unweighted__split789__model42,logistic_regression,unweighted,B,decision,no_origin_balance,test,stratified,789,42,True,1.0,773.7010836478753,youden,val,0.001290797995614565,0.0012908741900602688,0.0012908714849422776,5749,4448085,1232,953160,1232,953162,4453834,8.696128499999759,b2e6f6243676544cb68b25aac83ba18d5eb139e5,True,3.14.4,1.8.0,3.4.0,2026-08-27T19:48:07+00:00,0.5345349621036724,0.9616044664441146,0.0007775878045013312,0.0014876696513965726,1056,75787,176,877375,0.013742305740275627,0.8571428571428571,0.027050912584053795,0.10261818745633117,76843,0.0805149655173859,773.7010836478753,0.22236513809981048,211958.39072202603,0.08116883116883117,1.0,0.37012987012987014,0.912,0.49512987012987014,0.61,0.6607142857142857,0.1628
E3_multiseed_multisplit,logistic_regression__unweighted__split789__model42,logistic_regression,unweighted,C,decision,no_origin_balance,val,stratified,789,42,True,1.0,773.7010836478753,ner_optimal,val,0.001290797995614565,0.0012908741900602688,0.0012908714849422776,5749,4448085,1232,953160,1232,953162,4453834,8.696128499999759,b2e6f6243676544cb68b25aac83ba18d5eb139e5,True,3.14.4,1.8.0,3.4.0,2026-08-27T19:48:09+00:00,0.5190265646916662,0.9608044476152598,0.0007965820214229384,0.0014876696513965726,1059,76337,173,876823,0.013682877668096543,0.859577922077922,0.026936969018670195,0.10252753367100388,77396,0.08109456072557188,773.7010836478753,0.22050707710187814,210187.2874710824,0.08035714285714286,0.99,0.3628246753246753,0.894,0.48457792207792205,0.597,0.6493506493506493,0.16
E3_multiseed_multisplit,logistic_regression__unweighted__split789__model42,logistic_regression,unweighted,C,decision,no_origin_balance,test,stratified,789,42,True,1.0,773.7010836478753,ner_optimal,val,0.001290797995614565,0.0012908741900602688,0.0012908714849422776,5749,4448085,1232,953160,1232,953162,4453834,8.696128499999759,b2e6f6243676544cb68b25aac83ba18d5eb139e5,True,3.14.4,1.8.0,3.4.0,2026-08-27T19:48:10+00:00,0.5345349621036724,0.9616044664441146,0.0007775878045013312,0.0014876696513965726,1056,75787,176,877375,0.013742305740275627,0.8571428571428571,0.027050912584053795,0.10261818745633117,76843,0.0805149655173859,773.7010836478753,0.22236513809981048,211958.39072202603,0.08116883116883117,1.0,0.37012987012987014,0.912,0.49512987012987014,0.61,0.6607142857142857,0.1628
E3_multiseed_multisplit,logistic_regression__weighted__split123__model42,logistic_regression,weighted,D,algorithm,no_origin_balance,val,stratified,123,42,True,773.7010836478753,773.7010836478753,fixed,val,0.001290797995614565,0.0012908741900602688,0.0012908714849422776,5749,4448085,1232,953160,1232,953162,4453834,12.039143499998318,b2e6f6243676544cb68b25aac83ba18d5eb139e5,True,3.14.4,1.8.0,3.4.0,2026-08-27T17:21:36+00:00,0.15836441880463695,0.9696801408493307,0.06657982861790564,0.5,1102,86073,130,867087,0.01264123888729567,0.8944805194805194,0.02493015258972706,0.1002260084608125,87175,0.09134087460917527,773.7010836478753,0.195818498484595,186654.14087422378,0.024350649350649352,0.3,0.1444805194805195,0.356,0.19724025974025974,0.243,0.6866883116883117,0.1692
E3_multiseed_multisplit,logistic_regression__weighted__split123__model42,logistic_regression,weighted,D,algorithm,no_origin_balance,test,stratified,123,42,True,773.7010836478753,773.7010836478753,fixed,val,0.001290797995614565,0.0012908741900602688,0.0012908714849422776,5749,4448085,1232,953160,1232,953162,4453834,12.039143499998318,b2e6f6243676544cb68b25aac83ba18d5eb139e5,True,3.14.4,1.8.0,3.4.0,2026-08-27T17:21:37+00:00,0.16571591116483708,0.9711278276424141,0.06656950750798372,0.5,1101,86143,131,867019,0.012619779010590986,0.8936688311688312,0.024888105248881052,0.10008009032845616,87244,0.09141298038336368,773.7010836478753,0.1967036236610093,187497.84195787166,0.02353896103896104,0.29,0.14123376623376624,0.348,0.19642857142857142,0.242,0.700487012987013,0.1726
E3_multiseed_multisplit,logistic_regression__weighted__split123__model42,logistic_regression,weighted,E,algorithm+decision,no_origin_balance,val,stratified,123,42,True,773.7010836478753,773.7010836478753,ner_optimal,val,0.001290797995614565,0.0012908741900602688,0.0012908714849422776,5749,4448085,1232,953160,1232,953162,4453834,12.039143499998318,b2e6f6243676544cb68b25aac83ba18d5eb139e5,True,3.14.4,1.8.0,3.4.0,2026-08-27T17:21:39+00:00,0.15836441880463695,0.9696801408493307,0.06657982861790564,0.5396656394004822,1086,67502,146,885658,0.015833673528897182,0.8814935064935064,0.031108564881122888,0.11270463968299249,68588,0.0718656484966345,773.7010836478753,0.1893227112598094,180462.35821258978,0.024350649350649352,0.3,0.1444805194805195,0.356,0.19724025974025974,0.243,0.6866883116883117,0.1692
E3_multiseed_multisplit,logistic_regression__weighted__split123__model42,logistic_regression,weighted,E,algorithm+decision,no_origin_balance,test,stratified,123,42,True,773.7010836478753,773.7010836478753,ner_optimal,val,0.001290797995614565,0.0012908741900602688,0.0012908714849422776,5749,4448085,1232,953160,1232,953162,4453834,12.039143499998318,b2e6f6243676544cb68b25aac83ba18d5eb139e5,True,3.14.4,1.8.0,3.4.0,2026-08-27T17:21:40+00:00,0.16571591116483708,0.9711278276424141,0.06656950750798372,0.5396656394004822,1078,67566,154,885596,0.015704213041198064,0.875,0.03085465682065373,0.11175047445721475,68644,0.07192417387368319,773.7010836478753,0.19588336002963677,186715.9668817728,0.02353896103896104,0.29,0.14123376623376624,0.348,0.19642857142857142,0.242,0.700487012987013,0.1726
E3_multiseed_multisplit,logistic_regression__weighted__split42__model42,logistic_regression,weighted,D,algorithm,no_origin_balance,val,stratified,42,42,True,773.7010836478753,773.7010836478753,fixed,val,0.001290797995614565,0.0012908741900602688,0.0012908714849422776,5749,4448085,1232,953160,1232,953162,4453834,24.812573900002462,b2e6f6243676544cb68b25aac83ba18d5eb139e5,True,3.14.4,1.8.0,3.4.0,2026-08-27T16:12:05+00:00,0.16123913193460512,0.9681128630814084,0.06524320176725848,0.5,1091,84476,141,868684,0.012750242500029216,0.885551948051948,0.025138538462424684,0.10015813025299183,85567,0.08965603232214855,773.7010836478753,0.20307166029934692,193567.85279435042,0.01948051948051948,0.24,0.13555194805194806,0.334,0.16964285714285715,0.209,0.7069805194805194,0.1742
E3_multiseed_multisplit,logistic_regression__weighted__split42__model42,logistic_regression,weighted,D,algorithm,no_origin_balance,test,stratified,42,42,True,773.7010836478753,773.7010836478753,fixed,val,0.001290797995614565,0.0012908741900602688,0.0012908714849422776,5749,4448085,1232,953160,1232,953162,4453834,24.812573900002462,b2e6f6243676544cb68b25aac83ba18d5eb139e5,True,3.14.4,1.8.0,3.4.0,2026-08-27T16:12:06+00:00,0.1487063069716073,0.9656902882468814,0.06534063471390207,0.5,1077,84490,155,868672,0.012586628022485304,0.8741883116883117,0.024815954100853698,0.0987281066207939,85567,0.08965584444160378,773.7010836478753,0.21444998403592846,204413.66796542064,0.022727272727272728,0.28,0.12824675324675325,0.316,0.16071428571428573,0.198,0.6753246753246753,0.1664
E3_multiseed_multisplit,logistic_regression__weighted__split42__model42,logistic_regression,weighted,E,algorithm+decision,no_origin_balance,val,stratified,42,42,True,773.7010836478753,773.7010836478753,ner_optimal,val,0.001290797995614565,0.0012908741900602688,0.0012908714849422776,5749,4448085,1232,953160,1232,953162,4453834,24.812573900002462,b2e6f6243676544cb68b25aac83ba18d5eb139e5,True,3.14.4,1.8.0,3.4.0,2026-08-27T16:12:08+00:00,0.16123913193460512,0.9681128630814084,0.06524320176725848,0.5718259811401367,1065,54127,167,899033,0.019296274822438033,0.864448051948052,0.037749893662271376,0.12423708076517805,55192,0.05782948725471295,773.7010836478753,0.19233647915226698,183335.08096919514,0.01948051948051948,0.24,0.13555194805194806,0.334,0.16964285714285715,0.209,0.7069805194805194,0.1742
E3_multiseed_multisplit,logistic_regression__weighted__split42__model42,logistic_regression,weighted,E,algorithm+decision,no_origin_balance,test,stratified,42,42,True,773.7010836478753,773.7010836478753,ner_optimal,val,0.001290797995614565,0.0012908741900602688,0.0012908714849422776,5749,4448085,1232,953160,1232,953162,4453834,24.812573900002462,b2e6f6243676544cb68b25aac83ba18d5eb139e5,True,3.14.4,1.8.0,3.4.0,2026-08-27T16:12:10+00:00,0.1487063069716073,0.9656902882468814,0.06534063471390207,0.5718259811401367,1040,54487,192,898675,0.018729627028292544,0.8441558441558441,0.036646170651350445,0.12071433969039681,55527,0.05818037414317358,773.7010836478753,0.21300636224877972,203037.60806039203,0.022727272727272728,0.28,0.12824675324675325,0.316,0.16071428571428573,0.198,0.6753246753246753,0.1664
E3_multiseed_multisplit,logistic_regression__weighted__split456__model42,logistic_regression,weighted,D,algorithm,no_origin_balance,val,stratified,456,42,True,773.7010836478753,773.7010836478753,fixed,val,0.001290797995614565,0.0012908741900602688,0.0012908714849422776,5749,4448085,1232,953160,1232,953162,4453834,17.598085899997386,b2e6f6243676544cb68b25aac83ba18d5eb139e5,True,3.14.4,1.8.0,3.4.0,2026-08-27T18:34:56+00:00,0.16110129837960943,0.9710832619882845,0.06609663585539094,0.5,1103,84415,129,868745,0.012897869454383872,0.8952922077922078,0.025429394812680115,0.10141652049788008,85518,0.08960469073504389,773.7010836478753,0.19326740557696884,184222.4397905759,0.027597402597402596,0.34,0.14853896103896103,0.366,0.19967532467532467,0.246,0.6704545454545454,0.1652
E3_multiseed_multisplit,logistic_regression__weighted__split456__model42,logistic_regression,weighted,D,algorithm,no_origin_balance,test,stratified,456,42,True,773.7010836478753,773.7010836478753,fixed,val,0.001290797995614565,0.0012908741900602688,0.0012908714849422776,5749,4448085,1232,953160,1232,953162,4453834,17.598085899997386,b2e6f6243676544cb68b25aac83ba18d5eb139e5,True,3.14.4,1.8.0,3.4.0,2026-08-27T18:34:57+00:00,0.16089051436541674,0.9703089626878815,0.06611814500890688,0.5,1108,84258,124,868904,0.012979406321017736,0.8993506493506493,0.025589505531305574,0.10202923804225798,85366,0.08944523959706369,773.7010836478753,0.1890442556219276,180196.9343723365,0.017857142857142856,0.22,0.14204545454545456,0.35,0.19155844155844157,0.236,0.6883116883116883,0.1696
E3_multiseed_multisplit,logistic_regression__weighted__split456__model42,logistic_regression,weighted,E,algorithm+decision,no_origin_balance,val,stratified,456,42,True,773.7010836478753,773.7010836478753,ner_optimal,val,0.001290797995614565,0.0012908741900602688,0.0012908714849422776,5749,4448085,1232,953160,1232,953162,4453834,17.598085899997386,b2e6f6243676544cb68b25aac83ba18d5eb139e5,True,3.14.4,1.8.0,3.4.0,2026-08-27T18:34:59+00:00,0.16110129837960943,0.9710832619882845,0.06609663585539094,0.5317200422286987,1091,69066,141,884094,0.015550835982154312,0.885551948051948,0.030564932972866967,0.1118686889090503,70157,0.07350962707147587,773.7010836478753,0.1869050590789594,178157.85279435042,0.027597402597402596,0.34,0.14853896103896103,0.366,0.19967532467532467,0.246,0.6704545454545454,0.1652
E3_multiseed_multisplit,logistic_regression__weighted__split456__model42,logistic_regression,weighted,E,algorithm+decision,no_origin_balance,test,stratified,456,42,True,773.7010836478753,773.7010836478753,ner_optimal,val,0.001290797995614565,0.0012908741900602688,0.0012908714849422776,5749,4448085,1232,953160,1232,953162,4453834,17.598085899997386,b2e6f6243676544cb68b25aac83ba18d5eb139e5,True,3.14.4,1.8.0,3.4.0,2026-08-27T18:35:01+00:00,0.16089051436541674,0.9703089626878815,0.06611814500890688,0.5317200422286987,1089,68952,143,884210,0.015548036150254851,0.8839285714285714,0.030558556536135702,0.11174690265860482,70041,0.07338792993250168,773.7010836478753,0.18840883852263945,179591.25496164616,0.017857142857142856,0.22,0.14204545454545456,0.35,0.19155844155844157,0.236,0.6883116883116883,0.1696
E3_multiseed_multisplit,logistic_regression__weighted__split789__model42,logistic_regression,weighted,D,algorithm,no_origin_balance,val,stratified,789,42,True,773.7010836478753,773.7010836478753,fixed,val,0.001290797995614565,0.0012908741900602688,0.0012908714849422776,5749,4448085,1232,953160,1232,953162,4453834,14.795462699999916,b2e6f6243676544cb68b25aac83ba18d5eb139e5,True,3.14.4,1.8.0,3.4.0,2026-08-27T19:48:27+00:00,0.15553450286503315,0.9712178067602065,0.06741592876641593,0.5,1112,87263,120,865897,0.012582743988684583,0.9025974025974026,0.024819489548807572,0.10046294352331482,88375,0.09259821959949371,773.7010836478753,0.18895004206805327,180107.130037745,0.018668831168831168,0.23,0.13230519480519481,0.326,0.18262987012987014,0.225,0.698051948051948,0.172
E3_multiseed_multisplit,logistic_regression__weighted__split789__model42,logistic_regression,weighted,D,algorithm,no_origin_balance,test,stratified,789,42,True,773.7010836478753,773.7010836478753,fixed,val,0.001290797995614565,0.0012908741900602688,0.0012908714849422776,5749,4448085,1232,953160,1232,953162,4453834,14.795462699999916,b2e6f6243676544cb68b25aac83ba18d5eb139e5,True,3.14.4,1.8.0,3.4.0,2026-08-27T19:48:29+00:00,0.15581895031268325,0.9714098137151812,0.06723820206682969,0.5,1110,86506,122,866656,0.01266891891891892,0.900974025974026,0.024986493787142086,0.10074987074896323,87616,0.0918027565135573,773.7010836478753,0.18977925145432195,180897.53220504074,0.024350649350649352,0.3,0.13230519480519481,0.326,0.17857142857142858,0.22,0.6939935064935064,0.171
E3_multiseed_multisplit,logistic_regression__weighted__split789__model42,logistic_regression,weighted,E,algorithm+decision,no_origin_balance,val,stratified,789,42,True,773.7010836478753,773.7010836478753,ner_optimal,val,0.001290797995614565,0.0012908741900602688,0.0012908714849422776,5749,4448085,1232,953160,1232,953162,4453834,14.795462699999916,b2e6f6243676544cb68b25aac83ba18d5eb139e5,True,3.14.4,1.8.0,3.4.0,2026-08-27T19:48:31+00:00,0.15553450286503315,0.9712178067602065,0.06741592876641593,0.5317416191101074,1094,72032,138,881128,0.014960479172934388,0.887987012987013,0.029425213157965518,0.10966723613037427,73126,0.07662050813502208,773.7010836478753,0.18758161901214035,178802.74954340677,0.018668831168831168,0.23,0.13230519480519481,0.326,0.18262987012987014,0.225,0.698051948051948,0.172
E3_multiseed_multisplit,logistic_regression__weighted__split789__model42,logistic_regression,weighted,E,algorithm+decision,no_origin_balance,test,stratified,789,42,True,773.7010836478753,773.7010836478753,ner_optimal,val,0.001290797995614565,0.0012908741900602688,0.0012908714849422776,5749,4448085,1232,953160,1232,953162,4453834,14.795462699999916,b2e6f6243676544cb68b25aac83ba18d5eb139e5,True,3.14.4,1.8.0,3.4.0,2026-08-27T19:48:32+00:00,0.15581895031268325,0.9714098137151812,0.06723820206682969,0.5317416191101074,1096,71536,136,881626,0.01508976759555017,0.8896103896103896,0.02967616159428138,0.11029901742673413,72632,0.07610274163500609,773.7010836478753,0.1854378897472769,176759.34737611102,0.024350649350649352,0.3,0.13230519480519481,0.326,0.17857142857142858,0.22,0.6939935064935064,0.171
E3_multiseed_multisplit,random_forest__instance_weighted__split123__model123,random_forest,instance_weighted,F,algorithm,no_origin_balance,val,stratified,123,123,False,773.7010836478753,773.7010836478753,ner_optimal,val,0.001290797995614565,0.0012908741900602688,0.0012908714849422776,5749,4448085,1232,953160,1232,953162,4453834,125.59440850000101,b2e6f6243676544cb68b25aac83ba18d5eb139e5,True,3.14.4,1.8.0,3.4.0,2026-08-27T17:59:01+00:00,0.7864187084053516,0.9840548201457572,0.0036568863183200693,0.13525156676769257,1127,42338,105,910822,0.025928908317036696,0.9147727272727273,0.050428440387498046,0.14988999292241087,43465,0.04554208333682596,773.7010836478753,0.1296439867096716,123576.61378302689,0.08116883116883117,1.0,0.4025974025974026,0.992,0.7313311688311688,0.901,0.823051948051948,0.2028
E3_multiseed_multisplit,random_forest__instance_weighted__split123__model123,random_forest,instance_weighted,F,algorithm,no_origin_balance,test,stratified,123,123,False,773.7010836478753,773.7010836478753,ner_optimal,val,0.001290797995614565,0.0012908741900602688,0.0012908714849422776,5749,4448085,1232,953160,1232,953162,4453834,125.59440850000101,b2e6f6243676544cb68b25aac83ba18d5eb139e5,True,3.14.4,1.8.0,3.4.0,2026-08-27T17:59:03+00:00,0.7923325320070788,0.9845598601859344,0.0036602582873939654,0.13525156676769257,1129,42605,103,910557,0.02581515525677962,0.9163961038961039,0.05021571854289908,0.14968103898841895,43734,0.045823842144858414,773.7010836478753,0.12830071927032113,122296.21161573112,0.08116883116883117,1.0,0.4034090909090909,0.994,0.7353896103896104,0.906,0.8238636363636364,0.203
E3_multiseed_multisplit,random_forest__instance_weighted__split123__model42,random_forest,instance_weighted,F,algorithm,no_origin_balance,val,stratified,123,42,False,773.7010836478753,773.7010836478753,ner_optimal,val,0.001290797995614565,0.0012908741900602688,0.0012908714849422776,5749,4448085,1232,953160,1232,953162,4453834,129.02605790000234,b2e6f6243676544cb68b25aac83ba18d5eb139e5,True,3.14.4,1.8.0,3.4.0,2026-08-27T17:56:47+00:00,0.7846070871981365,0.9848036655447664,0.0035436080366593814,0.14333124458789825,1120,38027,112,915133,0.02861011060873119,0.9090909090909091,0.05547438024715818,0.15735757313682544,39147,0.04101773694666343,773.7010836478753,0.1308031431224378,124681.52136856201,0.08116883116883117,1.0,0.4017857142857143,0.99,0.7313311688311688,0.901,0.8222402597402597,0.2026
E3_multiseed_multisplit,random_forest__instance_weighted__split123__model42,random_forest,instance_weighted,F,algorithm,no_origin_balance,test,stratified,123,42,False,773.7010836478753,773.7010836478753,ner_optimal,val,0.001290797995614565,0.0012908741900602688,0.0012908714849422776,5749,4448085,1232,953160,1232,953162,4453834,129.02605790000234,b2e6f6243676544cb68b25aac83ba18d5eb139e5,True,3.14.4,1.8.0,3.4.0,2026-08-27T17:56:49+00:00,0.788831718913748,0.9854977458554421,0.003554121156877794,0.14333124458789825,1126,38030,106,915132,0.0287567678005925,0.913961038961039,0.05575913637714173,0.15822128269593336,39156,0.04102708105876609,773.7010836478753,0.12593616054651047,120042.31486667476,0.08035714285714286,0.99,0.4025974025974026,0.992,0.739448051948052,0.911,0.8262987012987013,0.2036
E3_multiseed_multisplit,random_forest__instance_weighted__split123__model456,random_forest,instance_weighted,F,algorithm,no_origin_balance,val,stratified,123,456,False,773.7010836478753,773.7010836478753,ner_optimal,val,0.001290797995614565,0.0012908741900602688,0.0012908714849422776,5749,4448085,1232,953160,1232,953162,4453834,125.4892643000021,b2e6f6243676544cb68b25aac83ba18d5eb139e5,True,3.14.4,1.8.0,3.4.0,2026-08-27T18:01:15+00:00,0.787050706377242,0.984797128420543,0.0036693758032267138,0.12882322072982788,1135,41578,97,911582,0.02657270620185892,0.9212662337662337,0.05165547843895779,0.1524074285419684,42713,0.044754147142893067,773.7010836478753,0.1223531656848546,116627.00511384389,0.08116883116883117,1.0,0.4017857142857143,0.99,0.7297077922077922,0.899,0.8271103896103896,0.2038
E3_multiseed_multisplit,random_forest__instance_weighted__split123__model456,random_forest,instance_weighted,F,algorithm,no_origin_balance,test,stratified,123,456,False,773.7010836478753,773.7010836478753,ner_optimal,val,0.001290797995614565,0.0012908741900602688,0.0012908714849422776,5749,4448085,1232,953160,1232,953162,4453834,125.4892643000021,b2e6f6243676544cb68b25aac83ba18d5eb139e5,True,3.14.4,1.8.0,3.4.0,2026-08-27T18:01:17+00:00,0.7892557931722788,0.9856304194362022,0.0036851928601926813,0.12882322072982788,1135,41743,97,911419,0.02647045104715705,0.9212662337662337,0.051462253457265926,0.15209767400075425,42878,0.044926937931294625,773.7010836478753,0.12252626686599438,116792.00511384389,0.08116883116883117,1.0,0.4017857142857143,0.99,0.7402597402597403,0.912,0.8271103896103896,0.2038
E3_multiseed_multisplit,random_forest__instance_weighted__split123__model789,random_forest,instance_weighted,F,algorithm,no_origin_balance,val,stratified,123,789,False,773.7010836478753,773.7010836478753,ner_optimal,val,0.001290797995614565,0.0012908741900602688,0.0012908714849422776,5749,4448085,1232,953160,1232,953162,4453834,124.27176859999963,b2e6f6243676544cb68b25aac83ba18d5eb139e5,True,3.14.4,1.8.0,3.4.0,2026-08-27T18:03:28+00:00,0.7872942197263955,0.9853571563972037,0.0036119029179217748,0.12081331759691238,1140,52870,92,900290,0.021107202369931494,0.9253246753246753,0.04127294449875095,0.13517158448588315,54010,0.056591002439249284,773.7010836478753,0.13014113950477876,124050.4996956045,0.08116883116883117,1.0,0.4025974025974026,0.992,0.7329545454545454,0.903,0.8246753246753247,0.2032
E3_multiseed_multisplit,random_forest__instance_weighted__split123__model789,random_forest,instance_weighted,F,algorithm,no_origin_balance,test,stratified,123,789,False,773.7010836478753,773.7010836478753,ner_optimal,val,0.001290797995614565,0.0012908741900602688,0.0012908714849422776,5749,4448085,1232,953160,1232,953162,4453834,124.27176859999963,b2e6f6243676544cb68b25aac83ba18d5eb139e5,True,3.14.4,1.8.0,3.4.0,2026-08-27T18:03:29+00:00,0.7895448533793314,0.9856955078185834,0.003621824558117665,0.12081331759691238,1139,53112,93,900050,0.020995004700374187,0.924512987012987,0.04105762125335689,0.1347238363725209,54251,0.056843400105197645,773.7010836478753,0.13120670954880542,125066.20077925238,0.08116883116883117,1.0,0.4025974025974026,0.992,0.734577922077922,0.905,0.8271103896103896,0.2038
E3_multiseed_multisplit,random_forest__instance_weighted__split42__model123,random_forest,instance_weighted,F,algorithm,no_origin_balance,val,stratified,42,123,False,773.7010836478753,773.7010836478753,ner_optimal,val,0.001290797995614565,0.0012908741900602688,0.0012908714849422776,5749,4448085,1232,953160,1232,953162,4453834,151.31060050000087,b2e6f6243676544cb68b25aac83ba18d5eb139e5,True,3.14.4,1.8.0,3.4.0,2026-08-27T16:47:19+00:00,0.7941019732230971,0.9828567649276528,0.0034319556468907168,0.12092489004135132,1131,39342,101,913818,0.027944555629679044,0.9180194805194806,0.054238100947128644,0.15621566440531784,40473,0.042407103160965305,773.7010836478753,0.123254135652647,117485.80944843538,0.08116883116883117,1.0,0.40584415584415584,1.0,0.7288961038961039,0.898,0.823051948051948,0.2028
E3_multiseed_multisplit,random_forest__instance_weighted__split42__model123,random_forest,instance_weighted,F,algorithm,no_origin_balance,test,stratified,42,123,False,773.7010836478753,773.7010836478753,ner_optimal,val,0.001290797995614565,0.0012908741900602688,0.0012908714849422776,5749,4448085,1232,953160,1232,953162,4453834,151.31060050000087,b2e6f6243676544cb68b25aac83ba18d5eb139e5,True,3.14.4,1.8.0,3.4.0,2026-08-27T16:47:22+00:00,0.7579668975920719,0.9828192928808628,0.0034424006243640093,0.12092489004135132,1106,39109,126,914053,0.02750217580504787,0.8977272727272727,0.053369363283229186,0.15311087395252967,40215,0.042136685687462413,773.7010836478753,0.14330190359512407,136595.33653963223,0.08116883116883117,1.0,0.4042207792207792,0.996,0.7021103896103896,0.865,0.7938311688311688,0.1956
E3_multiseed_multisplit,random_forest__instance_weighted__split42__model42,random_forest,instance_weighted,F,algorithm,no_origin_balance,val,stratified,42,42,False,773.7010836478753,773.7010836478753,ner_optimal,val,0.001290797995614565,0.0012908741900602688,0.0012908714849422776,5749,4448085,1232,953160,1232,953162,4453834,126.35214850000193,b2e6f6243676544cb68b25aac83ba18d5eb139e5,True,3.14.4,1.8.0,3.4.0,2026-08-27T16:44:38+00:00,0.7907756324251191,0.9833941345922217,0.003703758713826644,0.14920426905155182,1119,29535,113,923625,0.03650420825993345,0.9082792207792207,0.07018754312237345,0.17865486647760237,30654,0.03211887777768464,773.7010836478753,0.122705890644799,116963.22245220988,0.08116883116883117,1.0,0.40584415584415584,1.0,0.7305194805194806,0.9,0.823051948051948,0.2028
E3_multiseed_multisplit,random_forest__instance_weighted__split42__model42,random_forest,instance_weighted,F,algorithm,no_origin_balance,test,stratified,42,42,False,773.7010836478753,773.7010836478753,ner_optimal,val,0.001290797995614565,0.0012908741900602688,0.0012908714849422776,5749,4448085,1232,953160,1232,953162,4453834,126.35214850000193,b2e6f6243676544cb68b25aac83ba18d5eb139e5,True,3.14.4,1.8.0,3.4.0,2026-08-27T16:44:41+00:00,0.7547537636331109,0.9829581850833222,0.0037186336218757374,0.14920426905155182,1094,29475,138,923687,0.03578788969217181,0.887987012987013,0.06880286783434483,0.17476976612706416,30569,0.03202974872013026,773.7010836478753,0.14293515255295597,136245.74954340677,0.08116883116883117,1.0,0.4017857142857143,0.99,0.702922077922078,0.866,0.7930194805194806,0.1954
E3_multiseed_multisplit,random_forest__instance_weighted__split42__model456,random_forest,instance_weighted,F,algorithm,no_origin_balance,val,stratified,42,456,False,773.7010836478753,773.7010836478753,ner_optimal,val,0.001290797995614565,0.0012908741900602688,0.0012908714849422776,5749,4448085,1232,953160,1232,953162,4453834,145.34200810000038,b2e6f6243676544cb68b25aac83ba18d5eb139e5,True,3.14.4,1.8.0,3.4.0,2026-08-27T16:49:54+00:00,0.7937547020423117,0.9835724376039943,0.0035020497214909977,0.12116739898920059,1133,41656,99,911504,0.026478767907639814,0.9196428571428571,0.05147543218009586,0.15198249849880094,42789,0.0448337789922799,773.7010836478753,0.1240583719574973,118252.40728113963,0.08116883116883117,1.0,0.40584415584415584,1.0,0.7353896103896104,0.906,0.8198051948051948,0.202
E3_multiseed_multisplit,random_forest__instance_weighted__split42__model456,random_forest,instance_weighted,F,algorithm,no_origin_balance,test,stratified,42,456,False,773.7010836478753,773.7010836478753,ner_optimal,val,0.001290797995614565,0.0012908741900602688,0.0012908714849422776,5749,4448085,1232,953160,1232,953162,4453834,145.34200810000038,b2e6f6243676544cb68b25aac83ba18d5eb139e5,True,3.14.4,1.8.0,3.4.0,2026-08-27T16:49:55+00:00,0.7559699332137111,0.9826300892399505,0.0035190613121699214,0.12116739898920059,1114,41704,118,911458,0.026017095613994113,0.9042207792207793,0.0505788876276958,0.1492497236753582,42818,0.04486407081352146,773.7010836478753,0.13953080658681588,133000.72787044925,0.08116883116883117,1.0,0.400974025974026,0.988,0.7021103896103896,0.865,0.7938311688311688,0.1956
E3_multiseed_multisplit,random_forest__instance_weighted__split42__model789,random_forest,instance_weighted,F,algorithm,no_origin_balance,val,stratified,42,789,False,773.7010836478753,773.7010836478753,ner_optimal,val,0.001290797995614565,0.0012908741900602688,0.0012908714849422776,5749,4448085,1232,953160,1232,953162,4453834,142.53944180000326,b2e6f6243676544cb68b25aac83ba18d5eb139e5,True,3.14.4,1.8.0,3.4.0,2026-08-27T16:52:25+00:00,0.792639373769422,0.9836156968202283,0.0035708825179763416,0.12285465747117996,1127,39544,105,913616,0.02771016203191463,0.9147727272727273,0.05379089802639429,0.15523700699944373,40671,0.042614565084367846,773.7010836478753,0.12671280670903803,120782.61378302689,0.08116883116883117,1.0,0.40584415584415584,1.0,0.7305194805194806,0.9,0.825487012987013,0.2034
E3_multiseed_multisplit,random_forest__instance_weighted__split42__model789,random_forest,instance_weighted,F,algorithm,no_origin_balance,test,stratified,42,789,False,773.7010836478753,773.7010836478753,ner_optimal,val,0.001290797995614565,0.0012908741900602688,0.0012908714849422776,5749,4448085,1232,953160,1232,953162,4453834,142.53944180000326,b2e6f6243676544cb68b25aac83ba18d5eb139e5,True,3.14.4,1.8.0,3.4.0,2026-08-27T16:52:27+00:00,0.7558115411136781,0.9825015883735113,0.0035952598436095012,0.12285465747117996,1114,39343,118,913819,0.02753540796401117,0.9042207792207793,0.053443354362061934,0.15378592925856274,40457,0.042390249729147504,773.7010836478753,0.13705388604941582,130639.72787044925,0.08116883116883117,1.0,0.4017857142857143,0.99,0.7053571428571429,0.869,0.7930194805194806,0.1954
E3_multiseed_multisplit,random_forest__instance_weighted__split456__model123,random_forest,instance_weighted,F,algorithm,no_origin_balance,val,stratified,456,123,False,773.7010836478753,773.7010836478753,ner_optimal,val,0.001290797995614565,0.0012908741900602688,0.0012908714849422776,5749,4448085,1232,953160,1232,953162,4453834,145.83834280000156,b2e6f6243676544cb68b25aac83ba18d5eb139e5,True,3.14.4,1.8.0,3.4.0,2026-08-27T19:13:19+00:00,0.771796981926875,0.9855104699072068,0.003230642255437459,0.11916135996580124,1147,42741,85,910419,0.026134706525701785,0.9310064935064936,0.050842198581560284,0.15191095284914058,43888,0.04598529744591321,773.7010836478753,0.1138330069971134,108505.59211006938,0.08116883116883117,1.0,0.4025974025974026,0.992,0.7094155844155844,0.874,0.8165584415584416,0.2012
E3_multiseed_multisplit,random_forest__instance_weighted__split456__model123,random_forest,instance_weighted,F,algorithm,no_origin_balance,test,stratified,456,123,False,773.7010836478753,773.7010836478753,ner_optimal,val,0.001290797995614565,0.0012908741900602688,0.0012908714849422776,5749,4448085,1232,953160,1232,953162,4453834,145.83834280000156,b2e6f6243676544cb68b25aac83ba18d5eb139e5,True,3.14.4,1.8.0,3.4.0,2026-08-27T19:13:20+00:00,0.7844875261954999,0.9854089045096843,0.003246940863074609,0.11916135996580124,1124,43240,108,909922,0.025335857902804074,0.9123376623376623,0.04930257040091236,0.14786010701918856,44364,0.046483946881476626,773.7010836478753,0.13302533810163394,126799.7170339705,0.08116883116883117,1.0,0.4017857142857143,0.99,0.7272727272727273,0.896,0.8222402597402597,0.2026
E3_multiseed_multisplit,random_forest__instance_weighted__split456__model42,random_forest,instance_weighted,F,algorithm,no_origin_balance,val,stratified,456,42,False,773.7010836478753,773.7010836478753,ner_optimal,val,0.001290797995614565,0.0012908741900602688,0.0012908714849422776,5749,4448085,1232,953160,1232,953162,4453834,153.47876769999857,b2e6f6243676544cb68b25aac83ba18d5eb139e5,True,3.14.4,1.8.0,3.4.0,2026-08-27T19:10:45+00:00,0.7686644738798771,0.9846284976105455,0.003240454463317991,0.11307192593812943,1143,45547,89,907613,0.024480616834439924,0.9277597402597403,0.04770251658945787,0.14647879270640482,46690,0.04892119799830678,773.7010836478753,0.12002352942131035,114406.39644466089,0.08116883116883117,1.0,0.4025974025974026,0.992,0.713474025974026,0.879,0.799512987012987,0.197
E3_multiseed_multisplit,random_forest__instance_weighted__split456__model42,random_forest,instance_weighted,F,algorithm,no_origin_balance,test,stratified,456,42,False,773.7010836478753,773.7010836478753,ner_optimal,val,0.001290797995614565,0.0012908741900602688,0.0012908714849422776,5749,4448085,1232,953160,1232,953162,4453834,153.47876769999857,b2e6f6243676544cb68b25aac83ba18d5eb139e5,True,3.14.4,1.8.0,3.4.0,2026-08-27T19:10:46+00:00,0.7826413514747707,0.9842656208098284,0.00326198820528782,0.11307192593812943,1115,46301,117,906861,0.02351526910747427,0.9050324675324676,0.04583950008222332,0.14152496814514257,47416,0.04968178760553817,773.7010836478753,0.14354182209148847,136824.02678680138,0.08116883116883117,1.0,0.4034090909090909,0.994,0.7215909090909091,0.889,0.8206168831168831,0.2022
E3_multiseed_multisplit,random_forest__instance_weighted__split456__model456,random_forest,instance_weighted,F,algorithm,no_origin_balance,val,stratified,456,456,False,773.7010836478753,773.7010836478753,ner_optimal,val,0.001290797995614565,0.0012908741900602688,0.0012908714849422776,5749,4448085,1232,953160,1232,953162,4453834,155.80357879999792,b2e6f6243676544cb68b25aac83ba18d5eb139e5,True,3.14.4,1.8.0,3.4.0,2026-08-27T19:16:03+00:00,0.7708385772322237,0.9854935601598348,0.0032560179654067913,0.10402253270149231,1160,57018,72,896142,0.01993880848430678,0.9415584415584416,0.0390506648712338,0.13232527160856047,58178,0.060958180705622006,773.7010836478753,0.11825903205505976,112724.47802264702,0.08116883116883117,1.0,0.4025974025974026,0.992,0.711038961038961,0.876,0.8141233766233766,0.2006
E3_multiseed_multisplit,random_forest__instance_weighted__split456__model456,random_forest,instance_weighted,F,algorithm,no_origin_balance,test,stratified,456,456,False,773.7010836478753,773.7010836478753,ner_optimal,val,0.001290797995614565,0.0012908741900602688,0.0012908714849422776,5749,4448085,1232,953160,1232,953162,4453834,155.80357879999792,b2e6f6243676544cb68b25aac83ba18d5eb139e5,True,3.14.4,1.8.0,3.4.0,2026-08-27T19:16:05+00:00,0.784613000258239,0.9848655519597016,0.0032716979308477813,0.10402253270149231,1138,57517,94,895645,0.01940158554257949,0.9237012987012987,0.038004909245746156,0.12907327750244837,58655,0.0614578465497478,773.7010836478753,0.13663967484789197,130244.90186290025,0.08116883116883117,1.0,0.4034090909090909,0.994,0.7297077922077922,0.899,0.8173701298701299,0.2014
E3_multiseed_multisplit,random_forest__instance_weighted__split456__model789,random_forest,instance_weighted,F,algorithm,no_origin_balance,val,stratified,456,789,False,773.7010836478753,773.7010836478753,ner_optimal,val,0.001290797995614565,0.0012908741900602688,0.0012908714849422776,5749,4448085,1232,953160,1232,953162,4453834,145.02390399999786,b2e6f6243676544cb68b25aac83ba18d5eb139e5,True,3.14.4,1.8.0,3.4.0,2026-08-27T19:18:37+00:00,0.7703514567691393,0.9853226215785034,0.0034899539124440514,0.1349412053823471,1131,36358,101,916802,0.03016884952919523,0.9180194805194806,0.05841791276051755,0.16262806865361853,37489,0.03928050528504011,773.7010836478753,0.12012362701918586,114501.80944843538,0.08116883116883117,1.0,0.4034090909090909,0.994,0.7094155844155844,0.874,0.8141233766233766,0.2006
E3_multiseed_multisplit,random_forest__instance_weighted__split456__model789,random_forest,instance_weighted,F,algorithm,no_origin_balance,test,stratified,456,789,False,773.7010836478753,773.7010836478753,ner_optimal,val,0.001290797995614565,0.0012908741900602688,0.0012908714849422776,5749,4448085,1232,953160,1232,953162,4453834,145.02390399999786,b2e6f6243676544cb68b25aac83ba18d5eb139e5,True,3.14.4,1.8.0,3.4.0,2026-08-27T19:18:39+00:00,0.783574917883625,0.9849629047910988,0.0035052245288753146,0.1349412053823471,1107,36649,125,916513,0.02931984320372921,0.898538961038961,0.05678670360110803,0.15843101769662712,37756,0.03956018164405895,773.7010836478753,0.13990943403735184,133361.6354559844,0.08116883116883117,1.0,0.4025974025974026,0.992,0.7232142857142857,0.891,0.825487012987013,0.2034
E3_multiseed_multisplit,random_forest__instance_weighted__split789__model123,random_forest,instance_weighted,F,algorithm,no_origin_balance,val,stratified,789,123,False,773.7010836478753,773.7010836478753,ner_optimal,val,0.001290797995614565,0.0012908741900602688,0.0012908714849422776,5749,4448085,1232,953160,1232,953162,4453834,160.04320279999956,b2e6f6243676544cb68b25aac83ba18d5eb139e5,True,3.14.4,1.8.0,3.4.0,2026-08-27T20:28:39+00:00,0.7818182881326439,0.9841943615406689,0.003614833360686544,0.13359928131103516,1124,38240,108,914920,0.028554008738949293,0.9123376623376623,0.05537491378460932,0.15748773561029977,39364,0.04124510683241268,773.7010836478753,0.12777984776406498,121799.7170339705,0.08116883116883117,1.0,0.400974025974026,0.988,0.726461038961039,0.895,0.8238636363636364,0.203
E3_multiseed_multisplit,random_forest__instance_weighted__split789__model123,random_forest,instance_weighted,F,algorithm,no_origin_balance,test,stratified,789,123,False,773.7010836478753,773.7010836478753,ner_optimal,val,0.001290797995614565,0.0012908741900602688,0.0012908714849422776,5749,4448085,1232,953160,1232,953162,4453834,160.04320279999956,b2e6f6243676544cb68b25aac83ba18d5eb139e5,True,3.14.4,1.8.0,3.4.0,2026-08-27T20:28:42+00:00,0.779445282535494,0.9852982266686274,0.0036025349738352435,0.13359928131103516,1128,38187,104,914975,0.028691339183517742,0.9155844155844156,0.055639134831183566,0.1581782651190371,39315,0.041193678920864965,773.7010836478753,0.12447749231973353,118651.91269937901,0.07873376623376624,0.97,0.4025974025974026,0.992,0.7232142857142857,0.891,0.8198051948051948,0.202
E3_multiseed_multisplit,random_forest__instance_weighted__split789__model42,random_forest,instance_weighted,F,algorithm,no_origin_balance,val,stratified,789,42,False,773.7010836478753,773.7010836478753,ner_optimal,val,0.001290797995614565,0.0012908741900602688,0.0012908714849422776,5749,4448085,1232,953160,1232,953162,4453834,160.8669383000015,b2e6f6243676544cb68b25aac83ba18d5eb139e5,True,3.14.4,1.8.0,3.4.0,2026-08-27T20:25:47+00:00,0.7804673678920097,0.9849567223045639,0.0037598741903868034,0.12925182282924652,1129,41568,103,911592,0.026442138791952598,0.9163961038961039,0.051401124541874385,0.1515905932270367,42697,0.044737382543022154,773.7010836478753,0.12721280457430933,121259.21161573112,0.08116883116883117,1.0,0.400974025974026,0.988,0.7199675324675324,0.887,0.8222402597402597,0.2026
E3_multiseed_multisplit,random_forest__instance_weighted__split789__model42,random_forest,instance_weighted,F,algorithm,no_origin_balance,test,stratified,789,42,False,773.7010836478753,773.7010836478753,ner_optimal,val,0.001290797995614565,0.0012908741900602688,0.0012908714849422776,5749,4448085,1232,953160,1232,953162,4453834,160.8669383000015,b2e6f6243676544cb68b25aac83ba18d5eb139e5,True,3.14.4,1.8.0,3.4.0,2026-08-27T20:25:50+00:00,0.7804062872949112,0.9849882114518793,0.0037542442002277175,0.12925182282924652,1138,41612,94,911550,0.026619883040935672,0.9237012987012987,0.05174844254467737,0.15276105505719076,42750,0.04479282141337854,773.7010836478753,0.11995377008408513,114339.90186290025,0.08116883116883117,1.0,0.4050324675324675,0.998,0.7248376623376623,0.893,0.8076298701298701,0.199
E3_multiseed_multisplit,random_forest__instance_weighted__split789__model456,random_forest,instance_weighted,F,algorithm,no_origin_balance,val,stratified,789,456,False,773.7010836478753,773.7010836478753,ner_optimal,val,0.001290797995614565,0.0012908741900602688,0.0012908714849422776,5749,4448085,1232,953160,1232,953162,4453834,165.6405123000004,b2e6f6243676544cb68b25aac83ba18d5eb139e5,True,3.14.4,1.8.0,3.4.0,2026-08-27T20:31:37+00:00,0.7826692558960996,0.9846537063931705,0.0035514348083079336,0.13497579097747803,1126,35110,106,918050,0.03107406998564963,0.913961038961039,0.06010462261129497,0.16478653272289812,36236,0.03796762755764927,773.7010836478753,0.12287279418937021,117122.31486667476,0.08116883116883117,1.0,0.400974025974026,0.988,0.7215909090909091,0.889,0.8189935064935064,0.2018
E3_multiseed_multisplit,random_forest__instance_weighted__split789__model456,random_forest,instance_weighted,F,algorithm,no_origin_balance,test,stratified,789,456,False,773.7010836478753,773.7010836478753,ner_optimal,val,0.001290797995614565,0.0012908741900602688,0.0012908714849422776,5749,4448085,1232,953160,1232,953162,4453834,165.6405123000004,b2e6f6243676544cb68b25aac83ba18d5eb139e5,True,3.14.4,1.8.0,3.4.0,2026-08-27T20:31:40+00:00,0.7816685645448076,0.984979117063596,0.0035420557455665843,0.13497579097747803,1136,35019,96,918143,0.03142027382104826,0.922077922077922,0.06076978628935192,0.16650827403753127,36155,0.03788267738481172,773.7010836478753,0.11466044314834334,109294.30403019601,0.08116883116883117,1.0,0.4034090909090909,0.994,0.7207792207792207,0.888,0.8141233766233766,0.2006
E3_multiseed_multisplit,random_forest__instance_weighted__split789__model789,random_forest,instance_weighted,F,algorithm,no_origin_balance,val,stratified,789,789,False,773.7010836478753,773.7010836478753,ner_optimal,val,0.001290797995614565,0.0012908741900602688,0.0012908714849422776,5749,4448085,1232,953160,1232,953162,4453834,166.47158990000025,b2e6f6243676544cb68b25aac83ba18d5eb139e5,True,3.14.4,1.8.0,3.4.0,2026-08-27T20:34:36+00:00,0.7825432395366944,0.9848749854721113,0.0035622450199104174,0.15454694628715515,1116,27278,116,925882,0.039304078326406984,0.9058441558441559,0.0753392290555593,0.18538785289164017,28394,0.02975087804591824,773.7010836478753,0.1227731412414853,117027.3257031535,0.08116883116883117,1.0,0.4025974025974026,0.992,0.7199675324675324,0.887,0.8238636363636364,0.203
E3_multiseed_multisplit,random_forest__instance_weighted__split789__model789,random_forest,instance_weighted,F,algorithm,no_origin_balance,test,stratified,789,789,False,773.7010836478753,773.7010836478753,ner_optimal,val,0.001290797995614565,0.0012908741900602688,0.0012908714849422776,5749,4448085,1232,953160,1232,953162,4453834,166.47158990000025,b2e6f6243676544cb68b25aac83ba18d5eb139e5,True,3.14.4,1.8.0,3.4.0,2026-08-27T20:34:38+00:00,0.780865479242509,0.9846920398535706,0.0035499825511797465,0.15454694628715515,1112,27325,120,925837,0.03910398424587685,0.9025974025974026,0.07496039637331896,0.18455588392399577,28437,0.02979587046859054,773.7010836478753,0.1260692020974117,120169.13003774501,0.08116883116883117,1.0,0.4025974025974026,0.992,0.724025974025974,0.892,0.8157467532467533,0.201
E3_multiseed_multisplit,random_forest__rus__split123__model123,random_forest,rus,G,data,no_origin_balance,val,stratified,123,123,False,773.7010836478753,773.7010836478753,ner_optimal,val,0.001290797995614565,0.0012908741900602688,0.0012908714849422776,5749,4448085,1232,953160,1232,953162,11498,0.47447530000135885,b2e6f6243676544cb68b25aac83ba18d5eb139e5,True,3.14.4,1.8.0,3.4.0,2026-08-27T18:03:43+00:00,0.7423244603770581,0.9851630970979377,0.041368741681044395,0.5538448691368103,1125,32441,107,920719,0.033516057915748076,0.9131493506493507,0.06465888844186447,0.1713542745256807,33566,0.03517003495419073,773.7010836478753,0.1208844397588642,115227.01595032263,0.08116883116883117,1.0,0.40016233766233766,0.986,0.6607142857142857,0.814,0.8141233766233766,0.2006
E3_multiseed_multisplit,random_forest__rus__split123__model123,random_forest,rus,G,data,no_origin_balance,test,stratified,123,123,False,773.7010836478753,773.7010836478753,ner_optimal,val,0.001290797995614565,0.0012908741900602688,0.0012908714849422776,5749,4448085,1232,953160,1232,953162,11498,0.47447530000135885,b2e6f6243676544cb68b25aac83ba18d5eb139e5,True,3.14.4,1.8.0,3.4.0,2026-08-27T18:03:44+00:00,0.7399300181578845,0.9848666862567372,0.04139194417982955,0.5538448691368103,1124,32376,108,920786,0.03355223880597015,0.9123376623376623,0.06472417367269377,0.17137179210409853,33500,0.03510080742334927,773.7010836478753,0.12162793669616412,115935.7170339705,0.08116883116883117,1.0,0.4025974025974026,0.992,0.6623376623376623,0.816,0.8092532467532467,0.1994
E3_multiseed_multisplit,random_forest__rus__split123__model42,random_forest,rus,G,data,no_origin_balance,val,stratified,123,42,False,773.7010836478753,773.7010836478753,ner_optimal,val,0.001290797995614565,0.0012908741900602688,0.0012908714849422776,5749,4448085,1232,953160,1232,953162,11498,0.47078180000244174,b2e6f6243676544cb68b25aac83ba18d5eb139e5,True,3.14.4,1.8.0,3.4.0,2026-08-27T18:03:35+00:00,0.7563577053463276,0.9858761584160521,0.040406983825455434,0.4363528788089752,1150,49202,82,903958,0.022839211947886875,0.9334415584415584,0.044587468982630274,0.1416337799353552,50352,0.05275819579376189,773.7010836478753,0.11817616467625508,112645.48885912576,0.08116883116883117,1.0,0.4050324675324675,0.998,0.6777597402597403,0.835,0.8157467532467533,0.201
E3_multiseed_multisplit,random_forest__rus__split123__model42,random_forest,rus,G,data,no_origin_balance,test,stratified,123,42,False,773.7010836478753,773.7010836478753,ner_optimal,val,0.001290797995614565,0.0012908741900602688,0.0012908714849422776,5749,4448085,1232,953160,1232,953162,11498,0.47078180000244174,b2e6f6243676544cb68b25aac83ba18d5eb139e5,True,3.14.4,1.8.0,3.4.0,2026-08-27T18:03:37+00:00,0.7602016265327661,0.9847287290829154,0.040439385164803374,0.4363528788089752,1147,49109,85,904053,0.022823145495065266,0.9310064935064936,0.044554070851460535,0.1413856987699348,50256,0.05265749784680122,773.7010836478753,0.12051366349104121,114873.59211006938,0.08116883116883117,1.0,0.4034090909090909,0.994,0.6842532467532467,0.843,0.8173701298701299,0.2014
E3_multiseed_multisplit,random_forest__rus__split123__model456,random_forest,rus,G,data,no_origin_balance,val,stratified,123,456,False,773.7010836478753,773.7010836478753,ner_optimal,val,0.001290797995614565,0.0012908741900602688,0.0012908714849422776,5749,4448085,1232,953160,1232,953162,11498,0.5353746000000683,b2e6f6243676544cb68b25aac83ba18d5eb139e5,True,3.14.4,1.8.0,3.4.0,2026-08-27T18:03:52+00:00,0.7677528747450505,0.98579477200718,0.040887823332986926,0.47409483790397644,1140,43675,92,909485,0.0254379114135892,0.9253246753246753,0.049514626360023455,0.14927749857047595,44815,0.04695659645093421,773.7010836478753,0.12049468277398946,114855.4996956045,0.08116883116883117,1.0,0.4042207792207792,0.996,0.6907467532467533,0.851,0.8238636363636364,0.203
E3_multiseed_multisplit,random_forest__rus__split123__model456,random_forest,rus,G,data,no_origin_balance,test,stratified,123,456,False,773.7010836478753,773.7010836478753,ner_optimal,val,0.001290797995614565,0.0012908741900602688,0.0012908714849422776,5749,4448085,1232,953160,1232,953162,11498,0.5353746000000683,b2e6f6243676544cb68b25aac83ba18d5eb139e5,True,3.14.4,1.8.0,3.4.0,2026-08-27T18:03:54+00:00,0.7655662595813347,0.9853207848731891,0.04093537129605876,0.47409483790397644,1139,43701,93,909461,0.0254014272970562,0.924512987012987,0.049444347977079355,0.14909557923209402,44840,0.04698269268247705,773.7010836478753,0.12133364763543313,115655.20077925238,0.08116883116883117,1.0,0.4050324675324675,0.998,0.6931818181818182,0.854,0.8198051948051948,0.202
E3_multiseed_multisplit,random_forest__rus__split123__model789,random_forest,rus,G,data,no_origin_balance,val,stratified,123,789,False,773.7010836478753,773.7010836478753,ner_optimal,val,0.001290797995614565,0.0012908741900602688,0.0012908714849422776,5749,4448085,1232,953160,1232,953162,11498,0.3341586999995343,b2e6f6243676544cb68b25aac83ba18d5eb139e5,True,3.14.4,1.8.0,3.4.0,2026-08-27T18:03:59+00:00,0.7552699534696197,0.9858155053314117,0.040553359224401724,0.5093711614608765,1136,38696,96,914464,0.02851978308897369,0.922077922077922,0.05532826806935515,0.15826275669985115,39832,0.04173547137863687,773.7010836478753,0.11851797674259155,112971.30403019601,0.08116883116883117,1.0,0.40016233766233766,0.986,0.6907467532467533,0.851,0.8133116883116883,0.2004
E3_multiseed_multisplit,random_forest__rus__split123__model789,random_forest,rus,G,data,no_origin_balance,test,stratified,123,789,False,773.7010836478753,773.7010836478753,ner_optimal,val,0.001290797995614565,0.0012908741900602688,0.0012908714849422776,5749,4448085,1232,953160,1232,953162,11498,0.3341586999995343,b2e6f6243676544cb68b25aac83ba18d5eb139e5,True,3.14.4,1.8.0,3.4.0,2026-08-27T18:04:01+00:00,0.7557967084585492,0.985739888893255,0.04056253737973514,0.5093711614608765,1135,38596,97,914566,0.028567113840577887,0.9212662337662337,0.05541586309596465,0.15832799770547354,39731,0.04162955760409223,773.7010836478753,0.11922475524752849,113645.00511384389,0.08116883116883117,1.0,0.4034090909090909,0.994,0.6939935064935064,0.855,0.8133116883116883,0.2004
E3_multiseed_multisplit,random_forest__rus__split42__model123,random_forest,rus,G,data,no_origin_balance,val,stratified,42,123,False,773.7010836478753,773.7010836478753,ner_optimal,val,0.001290797995614565,0.0012908741900602688,0.0012908714849422776,5749,4448085,1232,953160,1232,953162,11498,0.5029987999987497,b2e6f6243676544cb68b25aac83ba18d5eb139e5,True,3.14.4,1.8.0,3.4.0,2026-08-27T16:52:43+00:00,0.7635901159601863,0.9843344798784139,0.04102351684854765,0.5534565448760986,1115,30846,117,922314,0.034886267638684645,0.9050324675324676,0.06718283975537011,0.17416524633946046,31961,0.03348833602963981,773.7010836478753,0.12732801145806283,121369.02678680138,0.08116883116883117,1.0,0.4017857142857143,0.99,0.6931818181818182,0.854,0.8303571428571429,0.2046
E3_multiseed_multisplit,random_forest__rus__split42__model123,random_forest,rus,G,data,no_origin_balance,test,stratified,42,123,False,773.7010836478753,773.7010836478753,ner_optimal,val,0.001290797995614565,0.0012908741900602688,0.0012908714849422776,5749,4448085,1232,953160,1232,953162,11498,0.5029987999987497,b2e6f6243676544cb68b25aac83ba18d5eb139e5,True,3.14.4,1.8.0,3.4.0,2026-08-27T16:52:45+00:00,0.7375945078063418,0.9845008209619566,0.041022138209071746,0.5534565448760986,1098,30637,134,922525,0.03459902316054829,0.8912337662337663,0.06661206661206662,0.17204345689320488,31735,0.03325146637552206,773.7010836478753,0.14090745126065377,134312.94520881528,0.08116883116883117,1.0,0.4025974025974026,0.992,0.6777597402597403,0.835,0.7881493506493507,0.1942
E3_multiseed_multisplit,random_forest__rus__split42__model42,random_forest,rus,G,data,no_origin_balance,val,stratified,42,42,False,773.7010836478753,773.7010836478753,ner_optimal,val,0.001290797995614565,0.0012908741900602688,0.0012908714849422776,5749,4448085,1232,953160,1232,953162,11498,0.5219411999969452,b2e6f6243676544cb68b25aac83ba18d5eb139e5,True,3.14.4,1.8.0,3.4.0,2026-08-27T16:52:34+00:00,0.7530712128140915,0.9849879287379286,0.039751949818465686,0.4421108663082123,1142,49810,90,903350,0.022413251687863088,0.926948051948052,0.043768204813736014,0.1397051102819914,50952,0.05338686828892111,773.7010836478753,0.12530752279480994,119443.09752830876,0.08116883116883117,1.0,0.4050324675324675,0.998,0.6793831168831169,0.837,0.8173701298701299,0.2014
E3_multiseed_multisplit,random_forest__rus__split42__model42,random_forest,rus,G,data,no_origin_balance,test,stratified,42,42,False,773.7010836478753,773.7010836478753,ner_optimal,val,0.001290797995614565,0.0012908741900602688,0.0012908714849422776,5749,4448085,1232,953160,1232,953162,11498,0.5219411999969452,b2e6f6243676544cb68b25aac83ba18d5eb139e5,True,3.14.4,1.8.0,3.4.0,2026-08-27T16:52:36+00:00,0.7290642696601829,0.9845282114251739,0.03970735306102148,0.4421108663082123,1124,49803,108,903359,0.022070807233883796,0.9123376623376623,0.04309898579343929,0.13740454129793653,50927,0.05336056178056442,773.7010836478753,0.13991056871872698,133362.71703397052,0.08116883116883117,1.0,0.40016233766233766,0.986,0.672077922077922,0.828,0.7857142857142857,0.1936
E3_multiseed_multisplit,random_forest__rus__split42__model456,random_forest,rus,G,data,no_origin_balance,val,stratified,42,456,False,773.7010836478753,773.7010836478753,ner_optimal,val,0.001290797995614565,0.0012908741900602688,0.0012908714849422776,5749,4448085,1232,953160,1232,953162,11498,0.5775920999985829,b2e6f6243676544cb68b25aac83ba18d5eb139e5,True,3.14.4,1.8.0,3.4.0,2026-08-27T16:52:53+00:00,0.7691764437976631,0.984538530720507,0.039770840899464914,0.4563485085964203,1136,46519,96,906641,0.023838002308257267,0.922077922077922,0.046474522879293066,0.14396049548526407,47655,0.04993231292802119,773.7010836478753,0.12672507092475194,120794.30403019601,0.08116883116883117,1.0,0.40584415584415584,1.0,0.6996753246753247,0.862,0.8214285714285714,0.2024
E3_multiseed_multisplit,random_forest__rus__split42__model456,random_forest,rus,G,data,no_origin_balance,test,stratified,42,456,False,773.7010836478753,773.7010836478753,ner_optimal,val,0.001290797995614565,0.0012908741900602688,0.0012908714849422776,5749,4448085,1232,953160,1232,953162,11498,0.5775920999985829,b2e6f6243676544cb68b25aac83ba18d5eb139e5,True,3.14.4,1.8.0,3.4.0,2026-08-27T16:52:54+00:00,0.745719966001256,0.9847347761123829,0.0397538146513183,0.4563485085964203,1122,46471,110,906691,0.0235748954678209,0.9107142857142857,0.045960061443932415,0.1421831557438634,47593,0.049867245602969006,773.7010836478753,0.13803835058114763,131578.11920126627,0.08116883116883117,1.0,0.4025974025974026,0.992,0.6842532467532467,0.843,0.801948051948052,0.1976
E3_multiseed_multisplit,random_forest__rus__split42__model789,random_forest,rus,G,data,no_origin_balance,val,stratified,42,789,False,773.7010836478753,773.7010836478753,ner_optimal,val,0.001290797995614565,0.0012908741900602688,0.0012908714849422776,5749,4448085,1232,953160,1232,953162,11498,0.3271280000008119,b2e6f6243676544cb68b25aac83ba18d5eb139e5,True,3.14.4,1.8.0,3.4.0,2026-08-27T16:53:01+00:00,0.778582259622719,0.9846656097244273,0.03792960618209506,0.5082776546478271,1122,35458,110,917702,0.030672498633132858,0.9107142857142857,0.05934623928911457,0.16336511398281814,36580,0.03832806645487389,773.7010836478753,0.12648463356361825,120565.11920126625,0.08116883116883117,1.0,0.40584415584415584,1.0,0.7045454545454546,0.868,0.8344155844155844,0.2056
E3_multiseed_multisplit,random_forest__rus__split42__model789,random_forest,rus,G,data,no_origin_balance,test,stratified,42,789,False,773.7010836478753,773.7010836478753,ner_optimal,val,0.001290797995614565,0.0012908741900602688,0.0012908714849422776,5749,4448085,1232,953160,1232,953162,11498,0.3271280000008119,b2e6f6243676544cb68b25aac83ba18d5eb139e5,True,3.14.4,1.8.0,3.4.0,2026-08-27T16:53:03+00:00,0.7482550767116243,0.9848639211948191,0.037896377488263744,0.5082776546478271,1108,35374,124,917788,0.030371141933008057,0.8993506493506493,0.058758020894097686,0.16146419193974532,36482,0.03822530317667546,773.7010836478753,0.13776014568958342,131312.9343723365,0.08116883116883117,1.0,0.4025974025974026,0.992,0.6875,0.847,0.7962662337662337,0.1962
E3_multiseed_multisplit,random_forest__rus__split456__model123,random_forest,rus,G,data,no_origin_balance,val,stratified,456,123,False,773.7010836478753,773.7010836478753,ner_optimal,val,0.001290797995614565,0.0012908741900602688,0.0012908714849422776,5749,4448085,1232,953160,1232,953162,11498,0.5031295999979193,b2e6f6243676544cb68b25aac83ba18d5eb139e5,True,3.14.4,1.8.0,3.4.0,2026-08-27T19:18:53+00:00,0.7487797450916429,0.9854819953300926,0.039441291214809944,0.4818778932094574,1138,38855,94,914305,0.02845497962143375,0.9237012987012987,0.05520921770770164,0.1582187903580419,39993,0.04190416516483793,773.7010836478753,0.11706140671194962,111582.90186290025,0.08116883116883117,1.0,0.4042207792207792,0.996,0.676948051948052,0.834,0.8133116883116883,0.2004
E3_multiseed_multisplit,random_forest__rus__split456__model123,random_forest,rus,G,data,no_origin_balance,test,stratified,456,123,False,773.7010836478753,773.7010836478753,ner_optimal,val,0.001290797995614565,0.0012908741900602688,0.0012908714849422776,5749,4448085,1232,953160,1232,953162,11498,0.5031295999979193,b2e6f6243676544cb68b25aac83ba18d5eb139e5,True,3.14.4,1.8.0,3.4.0,2026-08-27T19:18:54+00:00,0.76272062907168,0.9852407441225632,0.03963448007638553,0.4818778932094574,1124,39138,108,914024,0.02791714271521534,0.9123376623376623,0.054176507446859784,0.15562972656596047,40262,0.04218593159638472,773.7010836478753,0.12872193782869237,122697.7170339705,0.08116883116883117,1.0,0.4050324675324675,0.998,0.6866883116883117,0.846,0.8157467532467533,0.201
E3_multiseed_multisplit,random_forest__rus__split456__model42,random_forest,rus,G,data,no_origin_balance,val,stratified,456,42,False,773.7010836478753,773.7010836478753,ner_optimal,val,0.001290797995614565,0.0012908741900602688,0.0012908714849422776,5749,4448085,1232,953160,1232,953162,11498,0.5067401000014797,b2e6f6243676544cb68b25aac83ba18d5eb139e5,True,3.14.4,1.8.0,3.4.0,2026-08-27T19:18:45+00:00,0.7346897253280061,0.9859005995027885,0.04215418142059287,0.4575774371623993,1155,49406,77,903754,0.02284369375605704,0.9375,0.0446006217056359,0.14197335201478092,50561,0.05297718337957569,773.7010836478753,0.11433173912358632,108980.98344088638,0.08116883116883117,1.0,0.4042207792207792,0.996,0.6655844155844156,0.82,0.7954545454545454,0.196
E3_multiseed_multisplit,random_forest__rus__split456__model42,random_forest,rus,G,data,no_origin_balance,test,stratified,456,42,False,773.7010836478753,773.7010836478753,ner_optimal,val,0.001290797995614565,0.0012908741900602688,0.0012908714849422776,5749,4448085,1232,953160,1232,953162,11498,0.5067401000014797,b2e6f6243676544cb68b25aac83ba18d5eb139e5,True,3.14.4,1.8.0,3.4.0,2026-08-27T19:18:47+00:00,0.7449676532873647,0.9849940285562719,0.04237738447727536,0.4575774371623993,1140,49794,92,903368,0.02238190599599482,0.9253246753246753,0.043706628838707205,0.13947176478173637,50934,0.05336789627763796,773.7010836478753,0.12691411384910634,120974.4996956045,0.08035714285714286,0.99,0.4025974025974026,0.992,0.6891233766233766,0.849,0.8060064935064936,0.1986
E3_multiseed_multisplit,random_forest__rus__split456__model456,random_forest,rus,G,data,no_origin_balance,val,stratified,456,456,False,773.7010836478753,773.7010836478753,ner_optimal,val,0.001290797995614565,0.0012908741900602688,0.0012908714849422776,5749,4448085,1232,953160,1232,953162,11498,0.2824146000020846,b2e6f6243676544cb68b25aac83ba18d5eb139e5,True,3.14.4,1.8.0,3.4.0,2026-08-27T19:19:01+00:00,0.7369691607040565,0.985646459378047,0.040340340276411896,0.46992725133895874,1149,43059,83,910101,0.025990770901194355,0.9326298701298701,0.05057218309859155,0.15160708747806453,44208,0.046320589443331464,773.7010836478753,0.11254324355920617,107276.18994277364,0.08116883116883117,1.0,0.4025974025974026,0.992,0.661525974025974,0.815,0.8157467532467533,0.201
E3_multiseed_multisplit,random_forest__rus__split456__model456,random_forest,rus,G,data,no_origin_balance,test,stratified,456,456,False,773.7010836478753,773.7010836478753,ner_optimal,val,0.001290797995614565,0.0012908741900602688,0.0012908714849422776,5749,4448085,1232,953160,1232,953162,11498,0.2824146000020846,b2e6f6243676544cb68b25aac83ba18d5eb139e5,True,3.14.4,1.8.0,3.4.0,2026-08-27T19:19:02+00:00,0.7516456236802173,0.984876825526749,0.04052839290744976,0.46992725133895874,1134,43421,98,909741,0.025451688923802042,0.9204545454545454,0.049533710441828464,0.14890749574240303,44555,0.046684073873054524,773.7010836478753,0.12509834173497084,119243.70619749176,0.08116883116883117,1.0,0.4025974025974026,0.992,0.6818181818181818,0.84,0.8125,0.2002
E3_multiseed_multisplit,random_forest__rus__split456__model789,random_forest,rus,G,data,no_origin_balance,val,stratified,456,789,False,773.7010836478753,773.7010836478753,ner_optimal,val,0.001290797995614565,0.0012908741900602688,0.0012908714849422776,5749,4448085,1232,953160,1232,953162,11498,0.2726331999983813,b2e6f6243676544cb68b25aac83ba18d5eb139e5,True,3.14.4,1.8.0,3.4.0,2026-08-27T19:19:09+00:00,0.7441936310146643,0.9862235882809225,0.03956768701115727,0.42671385407447815,1155,51424,77,901736,0.021966944978033056,0.9375,0.042928025868316885,0.1390447058507591,52579,0.055091618538294536,773.7010836478753,0.11644881902382916,110998.98344088638,0.08116883116883117,1.0,0.4042207792207792,0.996,0.6801948051948052,0.838,0.8011363636363636,0.1974
E3_multiseed_multisplit,random_forest__rus__split456__model789,random_forest,rus,G,data,no_origin_balance,test,stratified,456,789,False,773.7010836478753,773.7010836478753,ner_optimal,val,0.001290797995614565,0.0012908741900602688,0.0012908714849422776,5749,4448085,1232,953160,1232,953162,11498,0.2726331999983813,b2e6f6243676544cb68b25aac83ba18d5eb139e5,True,3.14.4,1.8.0,3.4.0,2026-08-27T19:19:11+00:00,0.7548185011523851,0.9855125236509448,0.03978606843692512,0.42671385407447815,1149,51894,83,901268,0.0216616707199819,0.9326298701298701,0.04233993551358821,0.13763032078552448,53043,0.05557767546736463,773.7010836478753,0.1218120249856905,116111.18994277364,0.08116883116883117,1.0,0.4042207792207792,0.996,0.6939935064935064,0.855,0.8133116883116883,0.2004
E3_multiseed_multisplit,random_forest__rus__split789__model123,random_forest,rus,G,data,no_origin_balance,val,stratified,789,123,False,773.7010836478753,773.7010836478753,ner_optimal,val,0.001290797995614565,0.0012908741900602688,0.0012908714849422776,5749,4448085,1232,953160,1232,953162,11498,0.559402200000477,b2e6f6243676544cb68b25aac83ba18d5eb139e5,True,3.14.4,1.8.0,3.4.0,2026-08-27T20:34:57+00:00,0.7491902725838552,0.9851732921674615,0.03986301387222102,0.47765785455703735,1134,41678,98,911482,0.026487900588620012,0.9204545454545454,0.05149396058486968,0.1520803794071348,42812,0.04485787810459434,773.7010836478753,0.1232697638032943,117500.70619749176,0.08116883116883117,1.0,0.4025974025974026,0.992,0.6631493506493507,0.817,0.8222402597402597,0.2026
E3_multiseed_multisplit,random_forest__rus__split789__model123,random_forest,rus,G,data,no_origin_balance,test,stratified,789,123,False,773.7010836478753,773.7010836478753,ner_optimal,val,0.001290797995614565,0.0012908741900602688,0.0012908714849422776,5749,4448085,1232,953160,1232,953162,11498,0.559402200000477,b2e6f6243676544cb68b25aac83ba18d5eb139e5,True,3.14.4,1.8.0,3.4.0,2026-08-27T20:34:59+00:00,0.7496784224629952,0.9858295545629848,0.03983024880629738,0.47765785455703735,1143,41524,89,911638,0.026788853212084282,0.9277597402597403,0.052074079136199,0.15362377678904499,42667,0.044705855233792335,773.7010836478753,0.11580300789570237,110383.39644466089,0.08116883116883117,1.0,0.4042207792207792,0.996,0.6631493506493507,0.817,0.827922077922078,0.204
E3_multiseed_multisplit,random_forest__rus__split789__model42,random_forest,rus,G,data,no_origin_balance,val,stratified,789,42,False,773.7010836478753,773.7010836478753,ner_optimal,val,0.001290797995614565,0.0012908741900602688,0.0012908714849422776,5749,4448085,1232,953160,1232,953162,11498,0.5564091999985976,b2e6f6243676544cb68b25aac83ba18d5eb139e5,True,3.14.4,1.8.0,3.4.0,2026-08-27T20:34:47+00:00,0.7517993234382657,0.9854408756989055,0.041323418191467454,0.5225463509559631,1130,37327,102,915833,0.029383467249135396,0.9172077922077922,0.056942729723600996,0.16031927271155733,38457,0.04029476357723032,773.7010836478753,0.12195189135829503,116244.51053208325,0.08035714285714286,0.99,0.4042207792207792,0.996,0.6793831168831169,0.837,0.8076298701298701,0.199
E3_multiseed_multisplit,random_forest__rus__split789__model42,random_forest,rus,G,data,no_origin_balance,test,stratified,789,42,False,773.7010836478753,773.7010836478753,ner_optimal,val,0.001290797995614565,0.0012908741900602688,0.0012908714849422776,5749,4448085,1232,953160,1232,953162,11498,0.5564091999985976,b2e6f6243676544cb68b25aac83ba18d5eb139e5,True,3.14.4,1.8.0,3.4.0,2026-08-27T20:34:49+00:00,0.760057386483641,0.9864806385067697,0.04134147423656193,0.5225463509559631,1139,37280,93,915882,0.029646789349020018,0.924512987012987,0.05745126226324683,0.16173868740194713,38419,0.0402548632954524,773.7010836478753,0.11459738894392708,109234.20077925238,0.08116883116883117,1.0,0.4050324675324675,0.998,0.6883116883116883,0.848,0.8108766233766234,0.1998
E3_multiseed_multisplit,random_forest__rus__split789__model456,random_forest,rus,G,data,no_origin_balance,val,stratified,789,456,False,773.7010836478753,773.7010836478753,ner_optimal,val,0.001290797995614565,0.0012908741900602688,0.0012908714849422776,5749,4448085,1232,953160,1232,953162,11498,0.29878869999811286,b2e6f6243676544cb68b25aac83ba18d5eb139e5,True,3.14.4,1.8.0,3.4.0,2026-08-27T20:35:06+00:00,0.7589185441678523,0.9856512286302077,0.04174650262905027,0.48883119225502014,1133,39005,99,914155,0.028227614729184315,0.9196428571428571,0.05477399081459995,0.1571911187555076,40138,0.042056094351168076,773.7010836478753,0.12127721298051825,115601.40728113963,0.08116883116883117,1.0,0.39935064935064934,0.984,0.6972402597402597,0.859,0.8222402597402597,0.2026
E3_multiseed_multisplit,random_forest__rus__split789__model456,random_forest,rus,G,data,no_origin_balance,test,stratified,789,456,False,773.7010836478753,773.7010836478753,ner_optimal,val,0.001290797995614565,0.0012908741900602688,0.0012908714849422776,5749,4448085,1232,953160,1232,953162,11498,0.29878869999811286,b2e6f6243676544cb68b25aac83ba18d5eb139e5,True,3.14.4,1.8.0,3.4.0,2026-08-27T20:35:09+00:00,0.7574319556841107,0.9865312152106329,0.04175410735301665,0.48883119225502014,1141,39115,91,914047,0.02834360095389507,0.9261363636363636,0.055003856536829925,0.15811006036801445,40256,0.0421796448846074,773.7010836478753,0.11489910727443826,109521.79861195663,0.08116883116883117,1.0,0.4034090909090909,0.994,0.6883116883116883,0.848,0.8238636363636364,0.203
E3_multiseed_multisplit,random_forest__rus__split789__model789,random_forest,rus,G,data,no_origin_balance,val,stratified,789,789,False,773.7010836478753,773.7010836478753,ner_optimal,val,0.001290797995614565,0.0012908741900602688,0.0012908714849422776,5749,4448085,1232,953160,1232,953162,11498,0.560662299998512,b2e6f6243676544cb68b25aac83ba18d5eb139e5,True,3.14.4,1.8.0,3.4.0,2026-08-27T20:35:16+00:00,0.7737672167057685,0.9862618342684322,0.039531648135781826,0.4954400062561035,1131,40138,101,913022,0.027405558651772518,0.9180194805194806,0.05322227712289122,0.1546217721580023,41269,0.04324114200454321,773.7010836478753,0.12408921771438798,118281.80944843538,0.08116883116883117,1.0,0.4042207792207792,0.996,0.7045454545454546,0.868,0.825487012987013,0.2034
E3_multiseed_multisplit,random_forest__rus__split789__model789,random_forest,rus,G,data,no_origin_balance,test,stratified,789,789,False,773.7010836478753,773.7010836478753,ner_optimal,val,0.001290797995614565,0.0012908741900602688,0.0012908714849422776,5749,4448085,1232,953160,1232,953162,11498,0.560662299998512,b2e6f6243676544cb68b25aac83ba18d5eb139e5,True,3.14.4,1.8.0,3.4.0,2026-08-27T20:35:18+00:00,0.7758171764951006,0.9869202952738005,0.039528058760343786,0.4954400062561035,1142,40148,90,913014,0.02765802857834827,0.926948051948052,0.05371337190160388,0.15615813444635776,41290,0.043263054880898245,773.7010836478753,0.11517113726649171,109781.09752830876,0.08116883116883117,1.0,0.4025974025974026,0.992,0.7061688311688312,0.87,0.825487012987013,0.2034
E3_multiseed_multisplit,random_forest__unweighted__split123__model123,random_forest,unweighted,A,none,no_origin_balance,val,stratified,123,123,False,1.0,773.7010836478753,fixed,val,0.001290797995614565,0.0012908741900602688,0.0012908714849422776,5749,4448085,1232,953160,1232,953162,4453834,166.60268630000064,b2e6f6243676544cb68b25aac83ba18d5eb139e5,True,3.14.4,1.8.0,3.4.0,2026-08-27T17:38:49+00:00,0.8159700502071593,0.9876463246246389,0.00036962155584761586,0.5,860,21,372,953139,0.9761634506242906,0.698051948051948,0.8140085186938003,0.8252993179196794,881,0.000923100780392124,773.7010836478753,0.3019700830074697,287837.8031170096,0.08116883116883117,1.0,0.40584415584415584,1.0,0.7491883116883117,0.923,0.8538961038961039,0.2104
E3_multiseed_multisplit,random_forest__unweighted__split123__model123,random_forest,unweighted,A,none,no_origin_balance,test,stratified,123,123,False,1.0,773.7010836478753,fixed,val,0.001290797995614565,0.0012908741900602688,0.0012908714849422776,5749,4448085,1232,953160,1232,953162,4453834,166.60268630000064,b2e6f6243676544cb68b25aac83ba18d5eb139e5,True,3.14.4,1.8.0,3.4.0,2026-08-27T17:38:51+00:00,0.8270090245568442,0.9872094477705198,0.000347267931226829,0.5,899,26,333,953136,0.9718918918918918,0.7297077922077922,0.8335651367640241,0.8419713380762741,925,0.0009692013990029275,773.7010836478753,0.2703194843419631,257668.46085474244,0.08116883116883117,1.0,0.40584415584415584,1.0,0.7597402597402597,0.936,0.862012987012987,0.2124
E3_multiseed_multisplit,random_forest__unweighted__split123__model123,random_forest,unweighted,B,decision,no_origin_balance,val,stratified,123,123,False,1.0,773.7010836478753,youden,val,0.001290797995614565,0.0012908741900602688,0.0012908714849422776,5749,4448085,1232,953160,1232,953162,4453834,166.60268630000064,b2e6f6243676544cb68b25aac83ba18d5eb139e5,True,3.14.4,1.8.0,3.4.0,2026-08-27T17:38:53+00:00,0.8159700502071593,0.9876463246246389,0.00036962155584761586,0.0016072592698037624,1147,36499,85,916661,0.030468044413749135,0.9310064935064936,0.05900509285457071,0.16467080489885857,37646,0.03944500792127344,773.7010836478753,0.10728453685969232,102263.59211006938,0.08116883116883117,1.0,0.40584415584415584,1.0,0.7491883116883117,0.923,0.8538961038961039,0.2104
E3_multiseed_multisplit,random_forest__unweighted__split123__model123,random_forest,unweighted,B,decision,no_origin_balance,test,stratified,123,123,False,1.0,773.7010836478753,youden,val,0.001290797995614565,0.0012908741900602688,0.0012908714849422776,5749,4448085,1232,953160,1232,953162,4453834,166.60268630000064,b2e6f6243676544cb68b25aac83ba18d5eb139e5,True,3.14.4,1.8.0,3.4.0,2026-08-27T17:38:55+00:00,0.8270090245568442,0.9872094477705198,0.000347267931226829,0.0016072592698037624,1144,36634,88,916528,0.030282174810736407,0.9285714285714286,0.058651627787746734,0.16392020578178768,37778,0.03958323292057578,773.7010836478753,0.10986123003387163,104719.69536101301,0.08116883116883117,1.0,0.40584415584415584,1.0,0.7597402597402597,0.936,0.862012987012987,0.2124
E3_multiseed_multisplit,random_forest__unweighted__split123__model123,random_forest,unweighted,C,decision,no_origin_balance,val,stratified,123,123,False,1.0,773.7010836478753,ner_optimal,val,0.001290797995614565,0.0012908741900602688,0.0012908714849422776,5749,4448085,1232,953160,1232,953162,4453834,166.60268630000064,b2e6f6243676544cb68b25aac83ba18d5eb139e5,True,3.14.4,1.8.0,3.4.0,2026-08-27T17:38:57+00:00,0.8159700502071593,0.9876463246246389,0.00036962155584761586,0.0016072592698037624,1147,36499,85,916661,0.030468044413749135,0.9310064935064936,0.05900509285457071,0.16467080489885857,37646,0.03944500792127344,773.7010836478753,0.10728453685969232,102263.59211006938,0.08116883116883117,1.0,0.40584415584415584,1.0,0.7491883116883117,0.923,0.8538961038961039,0.2104
E3_multiseed_multisplit,random_forest__unweighted__split123__model123,random_forest,unweighted,C,decision,no_origin_balance,test,stratified,123,123,False,1.0,773.7010836478753,ner_optimal,val,0.001290797995614565,0.0012908741900602688,0.0012908714849422776,5749,4448085,1232,953160,1232,953162,4453834,166.60268630000064,b2e6f6243676544cb68b25aac83ba18d5eb139e5,True,3.14.4,1.8.0,3.4.0,2026-08-27T17:38:58+00:00,0.8270090245568442,0.9872094477705198,0.000347267931226829,0.0016072592698037624,1144,36634,88,916528,0.030282174810736407,0.9285714285714286,0.058651627787746734,0.16392020578178768,37778,0.03958323292057578,773.7010836478753,0.10986123003387163,104719.69536101301,0.08116883116883117,1.0,0.40584415584415584,1.0,0.7597402597402597,0.936,0.862012987012987,0.2124
E3_multiseed_multisplit,random_forest__unweighted__split123__model42,random_forest,unweighted,A,none,no_origin_balance,val,stratified,123,42,False,1.0,773.7010836478753,fixed,val,0.001290797995614565,0.0012908741900602688,0.0012908714849422776,5749,4448085,1232,953160,1232,953162,4453834,168.39261369999804,b2e6f6243676544cb68b25aac83ba18d5eb139e5,True,3.14.4,1.8.0,3.4.0,2026-08-27T17:35:45+00:00,0.8184250188356953,0.9880053823358856,0.00036860451382337645,0.5,859,23,373,953137,0.9739229024943311,0.6972402597402597,0.8126773888363292,0.8238701445771925,882,0.000924148567884056,773.7010836478753,0.302783869515293,288613.5042006574,0.08116883116883117,1.0,0.40584415584415584,1.0,0.7483766233766234,0.922,0.8563311688311688,0.211
E3_multiseed_multisplit,random_forest__unweighted__split123__model42,random_forest,unweighted,A,none,no_origin_balance,test,stratified,123,42,False,1.0,773.7010836478753,fixed,val,0.001290797995614565,0.0012908741900602688,0.0012908714849422776,5749,4448085,1232,953160,1232,953162,4453834,168.39261369999804,b2e6f6243676544cb68b25aac83ba18d5eb139e5,True,3.14.4,1.8.0,3.4.0,2026-08-27T17:35:46+00:00,0.8283846305647891,0.9877283384214787,0.00034687928734254854,0.5,895,25,337,953137,0.9728260869565217,0.726461038961039,0.8317843866171004,0.8404986495044066,920,0.0009639624725218306,773.7010836478753,0.27356518849064887,260762.26518933394,0.08116883116883117,1.0,0.4050324675324675,0.998,0.7613636363636364,0.938,0.8685064935064936,0.214
E3_multiseed_multisplit,random_forest__unweighted__split123__model42,random_forest,unweighted,B,decision,no_origin_balance,val,stratified,123,42,False,1.0,773.7010836478753,youden,val,0.001290797995614565,0.0012908741900602688,0.0012908714849422776,5749,4448085,1232,953160,1232,953162,4453834,168.39261369999804,b2e6f6243676544cb68b25aac83ba18d5eb139e5,True,3.14.4,1.8.0,3.4.0,2026-08-27T17:35:48+00:00,0.8184250188356953,0.9880053823358856,0.00036860451382337645,0.0009719082736410201,1155,44519,77,908641,0.025287909970661646,0.9375,0.04924743103227732,0.149835972022693,45674,0.04785664590650383,773.7010836478753,0.10920479686764643,104093.98344088638,0.08116883116883117,1.0,0.40584415584415584,1.0,0.7483766233766234,0.922,0.8563311688311688,0.211
E3_multiseed_multisplit,random_forest__unweighted__split123__model42,random_forest,unweighted,B,decision,no_origin_balance,test,stratified,123,42,False,1.0,773.7010836478753,youden,val,0.001290797995614565,0.0012908741900602688,0.0012908714849422776,5749,4448085,1232,953160,1232,953162,4453834,168.39261369999804,b2e6f6243676544cb68b25aac83ba18d5eb139e5,True,3.14.4,1.8.0,3.4.0,2026-08-27T17:35:51+00:00,0.8283846305647891,0.9877283384214787,0.00034687928734254854,0.0009719082736410201,1153,44371,79,908791,0.025327299885774538,0.9358766233766234,0.049319873385233984,0.1498229159985891,45524,0.04769937782509111,773.7010836478753,0.11067290697703101,105493.38560818213,0.08116883116883117,1.0,0.4050324675324675,0.998,0.7613636363636364,0.938,0.8685064935064936,0.214
E3_multiseed_multisplit,random_forest__unweighted__split123__model42,random_forest,unweighted,C,decision,no_origin_balance,val,stratified,123,42,False,1.0,773.7010836478753,ner_optimal,val,0.001290797995614565,0.0012908741900602688,0.0012908714849422776,5749,4448085,1232,953160,1232,953162,4453834,168.39261369999804,b2e6f6243676544cb68b25aac83ba18d5eb139e5,True,3.14.4,1.8.0,3.4.0,2026-08-27T17:35:55+00:00,0.8184250188356953,0.9880053823358856,0.00036860451382337645,0.0009719082736410201,1155,44519,77,908641,0.025287909970661646,0.9375,0.04924743103227732,0.149835972022693,45674,0.04785664590650383,773.7010836478753,0.10920479686764643,104093.98344088638,0.08116883116883117,1.0,0.40584415584415584,1.0,0.7483766233766234,0.922,0.8563311688311688,0.211
E3_multiseed_multisplit,random_forest__unweighted__split123__model42,random_forest,unweighted,C,decision,no_origin_balance,test,stratified,123,42,False,1.0,773.7010836478753,ner_optimal,val,0.001290797995614565,0.0012908741900602688,0.0012908714849422776,5749,4448085,1232,953160,1232,953162,4453834,168.39261369999804,b2e6f6243676544cb68b25aac83ba18d5eb139e5,True,3.14.4,1.8.0,3.4.0,2026-08-27T17:35:56+00:00,0.8283846305647891,0.9877283384214787,0.00034687928734254854,0.0009719082736410201,1153,44371,79,908791,0.025327299885774538,0.9358766233766234,0.049319873385233984,0.1498229159985891,45524,0.04769937782509111,773.7010836478753,0.11067290697703101,105493.38560818213,0.08116883116883117,1.0,0.4050324675324675,0.998,0.7613636363636364,0.938,0.8685064935064936,0.214
E3_multiseed_multisplit,random_forest__unweighted__split123__model456,random_forest,unweighted,A,none,no_origin_balance,val,stratified,123,456,False,1.0,773.7010836478753,fixed,val,0.001290797995614565,0.0012908741900602688,0.0012908714849422776,5749,4448085,1232,953160,1232,953162,4453834,155.50141340000118,b2e6f6243676544cb68b25aac83ba18d5eb139e5,True,3.14.4,1.8.0,3.4.0,2026-08-27T17:41:40+00:00,0.8187742388443929,0.9871558444453801,0.00036865649410328154,0.5,860,22,372,953138,0.9750566893424036,0.698051948051948,0.8136234626300851,0.8248305212738861,882,0.000924148567884056,773.7010836478753,0.3019711321055372,287838.8031170096,0.08116883116883117,1.0,0.40584415584415584,1.0,0.7459415584415584,0.919,0.8555194805194806,0.2108
E3_multiseed_multisplit,random_forest__unweighted__split123__model456,random_forest,unweighted,A,none,no_origin_balance,test,stratified,123,456,False,1.0,773.7010836478753,fixed,val,0.001290797995614565,0.0012908741900602688,0.0012908714849422776,5749,4448085,1232,953160,1232,953162,4453834,155.50141340000118,b2e6f6243676544cb68b25aac83ba18d5eb139e5,True,3.14.4,1.8.0,3.4.0,2026-08-27T17:41:41+00:00,0.8264158770557622,0.9869983676103137,0.00034797890290001943,0.5,897,24,335,953138,0.9739413680781759,0.7280844155844156,0.8332559219693451,0.8419211406409534,921,0.00096501025781805,773.7010836478753,0.2719407627692047,259213.8630220382,0.08116883116883117,1.0,0.40584415584415584,1.0,0.760551948051948,0.937,0.859577922077922,0.2118
E3_multiseed_multisplit,random_forest__unweighted__split123__model456,random_forest,unweighted,B,decision,no_origin_balance,val,stratified,123,456,False,1.0,773.7010836478753,youden,val,0.001290797995614565,0.0012908741900602688,0.0012908714849422776,5749,4448085,1232,953160,1232,953162,4453834,155.50141340000118,b2e6f6243676544cb68b25aac83ba18d5eb139e5,True,3.14.4,1.8.0,3.4.0,2026-08-27T17:41:43+00:00,0.8187742388443929,0.9871558444453801,0.00036865649410328154,0.0017935760552063584,1146,33653,86,919507,0.03293198080404609,0.9301948051948052,0.06361188976159418,0.1714256282672574,34799,0.03646195693174293,773.7010836478753,0.10511049207123638,100191.29319371725,0.08116883116883117,1.0,0.40584415584415584,1.0,0.7459415584415584,0.919,0.8555194805194806,0.2108
E3_multiseed_multisplit,random_forest__unweighted__split123__model456,random_forest,unweighted,B,decision,no_origin_balance,test,stratified,123,456,False,1.0,773.7010836478753,youden,val,0.001290797995614565,0.0012908741900602688,0.0012908714849422776,5749,4448085,1232,953160,1232,953162,4453834,155.50141340000118,b2e6f6243676544cb68b25aac83ba18d5eb139e5,True,3.14.4,1.8.0,3.4.0,2026-08-27T17:41:44+00:00,0.8264158770557622,0.9869983676103137,0.00034797890290001943,0.0017935760552063584,1139,33888,93,919274,0.03251777200445371,0.924512987012987,0.06282578118536088,0.16975590174487154,35027,0.03670077557067626,773.7010836478753,0.1110388482989203,105842.20077925238,0.08116883116883117,1.0,0.40584415584415584,1.0,0.760551948051948,0.937,0.859577922077922,0.2118
E3_multiseed_multisplit,random_forest__unweighted__split123__model456,random_forest,unweighted,C,decision,no_origin_balance,val,stratified,123,456,False,1.0,773.7010836478753,ner_optimal,val,0.001290797995614565,0.0012908741900602688,0.0012908714849422776,5749,4448085,1232,953160,1232,953162,4453834,155.50141340000118,b2e6f6243676544cb68b25aac83ba18d5eb139e5,True,3.14.4,1.8.0,3.4.0,2026-08-27T17:41:46+00:00,0.8187742388443929,0.9871558444453801,0.00036865649410328154,0.0017935760552063584,1146,33653,86,919507,0.03293198080404609,0.9301948051948052,0.06361188976159418,0.1714256282672574,34799,0.03646195693174293,773.7010836478753,0.10511049207123638,100191.29319371725,0.08116883116883117,1.0,0.40584415584415584,1.0,0.7459415584415584,0.919,0.8555194805194806,0.2108
E3_multiseed_multisplit,random_forest__unweighted__split123__model456,random_forest,unweighted,C,decision,no_origin_balance,test,stratified,123,456,False,1.0,773.7010836478753,ner_optimal,val,0.001290797995614565,0.0012908741900602688,0.0012908714849422776,5749,4448085,1232,953160,1232,953162,4453834,155.50141340000118,b2e6f6243676544cb68b25aac83ba18d5eb139e5,True,3.14.4,1.8.0,3.4.0,2026-08-27T17:41:47+00:00,0.8264158770557622,0.9869983676103137,0.00034797890290001943,0.0017935760552063584,1139,33888,93,919274,0.03251777200445371,0.924512987012987,0.06282578118536088,0.16975590174487154,35027,0.03670077557067626,773.7010836478753,0.1110388482989203,105842.20077925238,0.08116883116883117,1.0,0.40584415584415584,1.0,0.760551948051948,0.937,0.859577922077922,0.2118
E3_multiseed_multisplit,random_forest__unweighted__split123__model789,random_forest,unweighted,A,none,no_origin_balance,val,stratified,123,789,False,1.0,773.7010836478753,fixed,val,0.001290797995614565,0.0012908741900602688,0.0012908714849422776,5749,4448085,1232,953160,1232,953162,4453834,139.50260750000234,b2e6f6243676544cb68b25aac83ba18d5eb139e5,True,3.14.4,1.8.0,3.4.0,2026-08-27T17:44:12+00:00,0.8184352002339779,0.9876942960374323,0.0003691678833366788,0.5,859,20,373,953140,0.9772468714448237,0.6972402597402597,0.8138323069635244,0.8252772960225763,879,0.0009210052054082599,773.7010836478753,0.3027807222210905,288610.5042006574,0.08116883116883117,1.0,0.40584415584415584,1.0,0.747564935064935,0.921,0.8555194805194806,0.2108
E3_multiseed_multisplit,random_forest__unweighted__split123__model789,random_forest,unweighted,A,none,no_origin_balance,test,stratified,123,789,False,1.0,773.7010836478753,fixed,val,0.001290797995614565,0.0012908741900602688,0.0012908714849422776,5749,4448085,1232,953160,1232,953162,4453834,139.50260750000234,b2e6f6243676544cb68b25aac83ba18d5eb139e5,True,3.14.4,1.8.0,3.4.0,2026-08-27T17:44:14+00:00,0.8280678255017108,0.9872917354000712,0.00034685874202383557,0.5,896,26,336,953136,0.9718004338394793,0.7272727272727273,0.8319405756731661,0.8405243392484807,922,0.0009660580431142693,773.7010836478753,0.272754549277028,259989.56410568606,0.08116883116883117,1.0,0.4050324675324675,0.998,0.7597402597402597,0.936,0.8628246753246753,0.2126
E3_multiseed_multisplit,random_forest__unweighted__split123__model789,random_forest,unweighted,B,decision,no_origin_balance,val,stratified,123,789,False,1.0,773.7010836478753,youden,val,0.001290797995614565,0.0012908741900602688,0.0012908714849422776,5749,4448085,1232,953160,1232,953162,4453834,139.50260750000234,b2e6f6243676544cb68b25aac83ba18d5eb139e5,True,3.14.4,1.8.0,3.4.0,2026-08-27T17:44:16+00:00,0.8184352002339779,0.9876942960374323,0.0003691678833366788,0.0016296972753480077,1146,35303,86,917857,0.03144119180224423,0.9301948051948052,0.06082641118866272,0.16732674977717593,36449,0.038190806293430794,773.7010836478753,0.10684150388263414,101841.29319371725,0.08116883116883117,1.0,0.40584415584415584,1.0,0.747564935064935,0.921,0.8555194805194806,0.2108
E3_multiseed_multisplit,random_forest__unweighted__split123__model789,random_forest,unweighted,B,decision,no_origin_balance,test,stratified,123,789,False,1.0,773.7010836478753,youden,val,0.001290797995614565,0.0012908741900602688,0.0012908714849422776,5749,4448085,1232,953160,1232,953162,4453834,139.50260750000234,b2e6f6243676544cb68b25aac83ba18d5eb139e5,True,3.14.4,1.8.0,3.4.0,2026-08-27T17:44:17+00:00,0.8280678255017108,0.9872917354000712,0.00034685874202383557,0.0016296972753480077,1143,35616,89,917546,0.03109442585489268,0.9277597402597403,0.06017214603458714,0.16613223464985805,36759,0.03851553970372823,773.7010836478753,0.1096049365128309,104475.39644466089,0.08116883116883117,1.0,0.4050324675324675,0.998,0.7597402597402597,0.936,0.8628246753246753,0.2126
E3_multiseed_multisplit,random_forest__unweighted__split123__model789,random_forest,unweighted,C,decision,no_origin_balance,val,stratified,123,789,False,1.0,773.7010836478753,ner_optimal,val,0.001290797995614565,0.0012908741900602688,0.0012908714849422776,5749,4448085,1232,953160,1232,953162,4453834,139.50260750000234,b2e6f6243676544cb68b25aac83ba18d5eb139e5,True,3.14.4,1.8.0,3.4.0,2026-08-27T17:44:19+00:00,0.8184352002339779,0.9876942960374323,0.0003691678833366788,0.0016296972753480077,1146,35303,86,917857,0.03144119180224423,0.9301948051948052,0.06082641118866272,0.16732674977717593,36449,0.038190806293430794,773.7010836478753,0.10684150388263414,101841.29319371725,0.08116883116883117,1.0,0.40584415584415584,1.0,0.747564935064935,0.921,0.8555194805194806,0.2108
E3_multiseed_multisplit,random_forest__unweighted__split123__model789,random_forest,unweighted,C,decision,no_origin_balance,test,stratified,123,789,False,1.0,773.7010836478753,ner_optimal,val,0.001290797995614565,0.0012908741900602688,0.0012908714849422776,5749,4448085,1232,953160,1232,953162,4453834,139.50260750000234,b2e6f6243676544cb68b25aac83ba18d5eb139e5,True,3.14.4,1.8.0,3.4.0,2026-08-27T17:44:20+00:00,0.8280678255017108,0.9872917354000712,0.00034685874202383557,0.0016296972753480077,1143,35616,89,917546,0.03109442585489268,0.9277597402597403,0.06017214603458714,0.16613223464985805,36759,0.03851553970372823,773.7010836478753,0.1096049365128309,104475.39644466089,0.08116883116883117,1.0,0.4050324675324675,0.998,0.7597402597402597,0.936,0.8628246753246753,0.2126
E3_multiseed_multisplit,random_forest__unweighted__split42__model123,random_forest,unweighted,A,none,no_origin_balance,val,stratified,42,123,False,1.0,773.7010836478753,fixed,val,0.001290797995614565,0.0012908741900602688,0.0012908714849422776,5749,4448085,1232,953160,1232,953162,4453834,145.51976220000142,b2e6f6243676544cb68b25aac83ba18d5eb139e5,True,3.14.4,1.8.0,3.4.0,2026-08-27T16:28:28+00:00,0.8275625817436724,0.9863047009080662,0.00035138909350548587,0.5,886,21,346,953139,0.9768467475192943,0.7191558441558441,0.828424497428705,0.8379872115132511,907,0.0009503432551823569,773.7010836478753,0.2808661869035736,267721.5749421648,0.08116883116883117,1.0,0.40584415584415584,1.0,0.7589285714285714,0.935,0.859577922077922,0.2118
E3_multiseed_multisplit,random_forest__unweighted__split42__model123,random_forest,unweighted,A,none,no_origin_balance,test,stratified,42,123,False,1.0,773.7010836478753,fixed,val,0.001290797995614565,0.0012908741900602688,0.0012908714849422776,5749,4448085,1232,953160,1232,953162,4453834,145.51976220000142,b2e6f6243676544cb68b25aac83ba18d5eb139e5,True,3.14.4,1.8.0,3.4.0,2026-08-27T16:28:30+00:00,0.7993036154324304,0.9865343358048428,0.00039967171997082036,0.5,841,22,391,953140,0.9745075318655851,0.6826298701298701,0.8028639618138425,0.8154296726412078,863,0.0009042387106373259,773.7010836478753,0.31739321002761506,302539.12370631914,0.08116883116883117,1.0,0.4050324675324675,0.998,0.7297077922077922,0.899,0.8400974025974026,0.207
E3_multiseed_multisplit,random_forest__unweighted__split42__model123,random_forest,unweighted,B,decision,no_origin_balance,val,stratified,42,123,False,1.0,773.7010836478753,youden,val,0.001290797995614565,0.0012908741900602688,0.0012908714849422776,5749,4448085,1232,953160,1232,953162,4453834,145.51976220000142,b2e6f6243676544cb68b25aac83ba18d5eb139e5,True,3.14.4,1.8.0,3.4.0,2026-08-27T16:28:31+00:00,0.8275625817436724,0.9863047009080662,0.00035138909350548587,0.002303920453414321,1127,25592,105,927568,0.04217972229499607,0.9147727272727273,0.08064112196343601,0.19326626326840649,26719,0.02799583399693208,773.7010836478753,0.11207579047108564,106830.61378302689,0.08116883116883117,1.0,0.40584415584415584,1.0,0.7589285714285714,0.935,0.859577922077922,0.2118
E3_multiseed_multisplit,random_forest__unweighted__split42__model123,random_forest,unweighted,B,decision,no_origin_balance,test,stratified,42,123,False,1.0,773.7010836478753,youden,val,0.001290797995614565,0.0012908741900602688,0.0012908714849422776,5749,4448085,1232,953160,1232,953162,4453834,145.51976220000142,b2e6f6243676544cb68b25aac83ba18d5eb139e5,True,3.14.4,1.8.0,3.4.0,2026-08-27T16:28:33+00:00,0.7993036154324304,0.9865343358048428,0.00039967171997082036,0.002303920453414321,1111,25574,121,927588,0.04163387670976204,0.9017857142857143,0.07959307948561808,0.19056140740447902,26685,0.027960150629614183,773.7010836478753,0.12504391969288337,119191.83112139288,0.08116883116883117,1.0,0.4050324675324675,0.998,0.7297077922077922,0.899,0.8400974025974026,0.207
E3_multiseed_multisplit,random_forest__unweighted__split42__model123,random_forest,unweighted,C,decision,no_origin_balance,val,stratified,42,123,False,1.0,773.7010836478753,ner_optimal,val,0.001290797995614565,0.0012908741900602688,0.0012908714849422776,5749,4448085,1232,953160,1232,953162,4453834,145.51976220000142,b2e6f6243676544cb68b25aac83ba18d5eb139e5,True,3.14.4,1.8.0,3.4.0,2026-08-27T16:28:34+00:00,0.8275625817436724,0.9863047009080662,0.00035138909350548587,0.002303920453414321,1127,25592,105,927568,0.04217972229499607,0.9147727272727273,0.08064112196343601,0.19326626326840649,26719,0.02799583399693208,773.7010836478753,0.11207579047108564,106830.61378302689,0.08116883116883117,1.0,0.40584415584415584,1.0,0.7589285714285714,0.935,0.859577922077922,0.2118
E3_multiseed_multisplit,random_forest__unweighted__split42__model123,random_forest,unweighted,C,decision,no_origin_balance,test,stratified,42,123,False,1.0,773.7010836478753,ner_optimal,val,0.001290797995614565,0.0012908741900602688,0.0012908714849422776,5749,4448085,1232,953160,1232,953162,4453834,145.51976220000142,b2e6f6243676544cb68b25aac83ba18d5eb139e5,True,3.14.4,1.8.0,3.4.0,2026-08-27T16:28:36+00:00,0.7993036154324304,0.9865343358048428,0.00039967171997082036,0.002303920453414321,1111,25574,121,927588,0.04163387670976204,0.9017857142857143,0.07959307948561808,0.19056140740447902,26685,0.027960150629614183,773.7010836478753,0.12504391969288337,119191.83112139288,0.08116883116883117,1.0,0.4050324675324675,0.998,0.7297077922077922,0.899,0.8400974025974026,0.207
E3_multiseed_multisplit,random_forest__unweighted__split42__model42,random_forest,unweighted,A,none,no_origin_balance,val,stratified,42,42,False,1.0,773.7010836478753,fixed,val,0.001290797995614565,0.0012908741900602688,0.0012908714849422776,5749,4448085,1232,953160,1232,953162,4453834,153.2610136000003,b2e6f6243676544cb68b25aac83ba18d5eb139e5,True,3.14.4,1.8.0,3.4.0,2026-08-27T16:25:51+00:00,0.8245821532615634,0.986564506568854,0.0003526877878719097,0.5,885,21,347,953139,0.9768211920529801,0.7183441558441559,0.8278765201122544,0.8375027498282223,906,0.0009492954676904249,773.7010836478753,0.2816778752152619,268495.27602581267,0.08116883116883117,1.0,0.40584415584415584,1.0,0.7597402597402597,0.936,0.8587662337662337,0.2116
E3_multiseed_multisplit,random_forest__unweighted__split42__model42,random_forest,unweighted,A,none,no_origin_balance,test,stratified,42,42,False,1.0,773.7010836478753,fixed,val,0.001290797995614565,0.0012908741900602688,0.0012908714849422776,5749,4448085,1232,953160,1232,953162,4453834,153.2610136000003,b2e6f6243676544cb68b25aac83ba18d5eb139e5,True,3.14.4,1.8.0,3.4.0,2026-08-27T16:25:52+00:00,0.7967497221433496,0.9866973799332621,0.0003995703058644836,0.5,837,23,395,953139,0.9732558139534884,0.6793831168831169,0.8001912045889101,0.8129628897557266,860,0.0009010953547486677,773.7010836478753,0.32064101237243586,305634.9280409107,0.08116883116883117,1.0,0.4050324675324675,0.998,0.7305194805194806,0.9,0.836038961038961,0.206
E3_multiseed_multisplit,random_forest__unweighted__split42__model42,random_forest,unweighted,B,decision,no_origin_balance,val,stratified,42,42,False,1.0,773.7010836478753,youden,val,0.001290797995614565,0.0012908741900602688,0.0012908714849422776,5749,4448085,1232,953160,1232,953162,4453834,153.2610136000003,b2e6f6243676544cb68b25aac83ba18d5eb139e5,True,3.14.4,1.8.0,3.4.0,2026-08-27T16:25:54+00:00,0.8245821532615634,0.986564506568854,0.0003526877878719097,0.0025640910025686026,1117,21023,115,932137,0.0504516711833785,0.9066558441558441,0.09558446003765189,0.2109986096216044,22140,0.023198015071375283,773.7010836478753,0.11539934451749824,109998.62461950563,0.08116883116883117,1.0,0.40584415584415584,1.0,0.7597402597402597,0.936,0.8587662337662337,0.2116
E3_multiseed_multisplit,random_forest__unweighted__split42__model42,random_forest,unweighted,B,decision,no_origin_balance,test,stratified,42,42,False,1.0,773.7010836478753,youden,val,0.001290797995614565,0.0012908741900602688,0.0012908714849422776,5749,4448085,1232,953160,1232,953162,4453834,153.2610136000003,b2e6f6243676544cb68b25aac83ba18d5eb139e5,True,3.14.4,1.8.0,3.4.0,2026-08-27T16:25:55+00:00,0.7967497221433496,0.9866973799332621,0.0003995703058644836,0.0025640910025686026,1096,20937,136,932225,0.0497435664684791,0.8896103896103896,0.0942187835804857,0.20744438887980668,22033,0.023085853431601622,773.7010836478753,0.13235457662914663,126160.34737611104,0.08116883116883117,1.0,0.4050324675324675,0.998,0.7305194805194806,0.9,0.836038961038961,0.206
E3_multiseed_multisplit,random_forest__unweighted__split42__model42,random_forest,unweighted,C,decision,no_origin_balance,val,stratified,42,42,False,1.0,773.7010836478753,ner_optimal,val,0.001290797995614565,0.0012908741900602688,0.0012908714849422776,5749,4448085,1232,953160,1232,953162,4453834,153.2610136000003,b2e6f6243676544cb68b25aac83ba18d5eb139e5,True,3.14.4,1.8.0,3.4.0,2026-08-27T16:25:57+00:00,0.8245821532615634,0.986564506568854,0.0003526877878719097,0.0025640910025686026,1117,21023,115,932137,0.0504516711833785,0.9066558441558441,0.09558446003765189,0.2109986096216044,22140,0.023198015071375283,773.7010836478753,0.11539934451749824,109998.62461950563,0.08116883116883117,1.0,0.40584415584415584,1.0,0.7597402597402597,0.936,0.8587662337662337,0.2116
E3_multiseed_multisplit,random_forest__unweighted__split42__model42,random_forest,unweighted,C,decision,no_origin_balance,test,stratified,42,42,False,1.0,773.7010836478753,ner_optimal,val,0.001290797995614565,0.0012908741900602688,0.0012908714849422776,5749,4448085,1232,953160,1232,953162,4453834,153.2610136000003,b2e6f6243676544cb68b25aac83ba18d5eb139e5,True,3.14.4,1.8.0,3.4.0,2026-08-27T16:25:58+00:00,0.7967497221433496,0.9866973799332621,0.0003995703058644836,0.0025640910025686026,1096,20937,136,932225,0.0497435664684791,0.8896103896103896,0.0942187835804857,0.20744438887980668,22033,0.023085853431601622,773.7010836478753,0.13235457662914663,126160.34737611104,0.08116883116883117,1.0,0.4050324675324675,0.998,0.7305194805194806,0.9,0.836038961038961,0.206
E3_multiseed_multisplit,random_forest__unweighted__split42__model456,random_forest,unweighted,A,none,no_origin_balance,val,stratified,42,456,False,1.0,773.7010836478753,fixed,val,0.001290797995614565,0.0012908741900602688,0.0012908714849422776,5749,4448085,1232,953160,1232,953162,4453834,134.10049159999835,b2e6f6243676544cb68b25aac83ba18d5eb139e5,True,3.14.4,1.8.0,3.4.0,2026-08-27T16:30:55+00:00,0.8248857523431674,0.9867461750095241,0.00035291547629917884,0.5,885,22,347,953138,0.9757442116868799,0.7183441558441559,0.8274894810659187,0.837040150506232,907,0.0009503432551823569,773.7010836478753,0.2816789243133294,268496.27602581267,0.08116883116883117,1.0,0.40584415584415584,1.0,0.7581168831168831,0.934,0.8612012987012987,0.2122
E3_multiseed_multisplit,random_forest__unweighted__split42__model456,random_forest,unweighted,A,none,no_origin_balance,test,stratified,42,456,False,1.0,773.7010836478753,fixed,val,0.001290797995614565,0.0012908741900602688,0.0012908714849422776,5749,4448085,1232,953160,1232,953162,4453834,134.10049159999835,b2e6f6243676544cb68b25aac83ba18d5eb139e5,True,3.14.4,1.8.0,3.4.0,2026-08-27T16:30:56+00:00,0.7949283079988327,0.9869159164784871,0.00039964156851141823,0.5,840,23,392,953139,0.9733487833140209,0.6818181818181818,0.801909307875895,0.8144587912429115,863,0.0009042387106373259,773.7010836478753,0.3182059474373709,303313.82478996704,0.08116883116883117,1.0,0.4042207792207792,0.996,0.7313311688311688,0.901,0.8392857142857143,0.2068
E3_multiseed_multisplit,random_forest__unweighted__split42__model456,random_forest,unweighted,B,decision,no_origin_balance,val,stratified,42,456,False,1.0,773.7010836478753,youden,val,0.001290797995614565,0.0012908741900602688,0.0012908714849422776,5749,4448085,1232,953160,1232,953162,4453834,134.10049159999835,b2e6f6243676544cb68b25aac83ba18d5eb139e5,True,3.14.4,1.8.0,3.4.0,2026-08-27T16:30:57+00:00,0.8248857523431674,0.9867461750095241,0.00035291547629917884,0.002475208602845669,1124,23389,108,929771,0.0458532207400155,0.9123376623376623,0.08731792581083705,0.20150767699535824,24513,0.025684414789730006,773.7010836478753,0.11219969236341769,106948.7170339705,0.08116883116883117,1.0,0.40584415584415584,1.0,0.7581168831168831,0.934,0.8612012987012987,0.2122
E3_multiseed_multisplit,random_forest__unweighted__split42__model456,random_forest,unweighted,B,decision,no_origin_balance,test,stratified,42,456,False,1.0,773.7010836478753,youden,val,0.001290797995614565,0.0012908741900602688,0.0012908714849422776,5749,4448085,1232,953160,1232,953162,4453834,134.10049159999835,b2e6f6243676544cb68b25aac83ba18d5eb139e5,True,3.14.4,1.8.0,3.4.0,2026-08-27T16:30:59+00:00,0.7949283079988327,0.9869159164784871,0.00039964156851141823,0.002475208602845669,1106,23358,126,929804,0.045209287115761936,0.8977272727272727,0.08608343711083437,0.19839204575663152,24464,0.02563301948671094,773.7010836478753,0.12677755993371437,120844.33653963225,0.08116883116883117,1.0,0.4042207792207792,0.996,0.7313311688311688,0.901,0.8392857142857143,0.2068
E3_multiseed_multisplit,random_forest__unweighted__split42__model456,random_forest,unweighted,C,decision,no_origin_balance,val,stratified,42,456,False,1.0,773.7010836478753,ner_optimal,val,0.001290797995614565,0.0012908741900602688,0.0012908714849422776,5749,4448085,1232,953160,1232,953162,4453834,134.10049159999835,b2e6f6243676544cb68b25aac83ba18d5eb139e5,True,3.14.4,1.8.0,3.4.0,2026-08-27T16:31:00+00:00,0.8248857523431674,0.9867461750095241,0.00035291547629917884,0.002475208602845669,1124,23389,108,929771,0.0458532207400155,0.9123376623376623,0.08731792581083705,0.20150767699535824,24513,0.025684414789730006,773.7010836478753,0.11219969236341769,106948.7170339705,0.08116883116883117,1.0,0.40584415584415584,1.0,0.7581168831168831,0.934,0.8612012987012987,0.2122
E3_multiseed_multisplit,random_forest__unweighted__split42__model456,random_forest,unweighted,C,decision,no_origin_balance,test,stratified,42,456,False,1.0,773.7010836478753,ner_optimal,val,0.001290797995614565,0.0012908741900602688,0.0012908714849422776,5749,4448085,1232,953160,1232,953162,4453834,134.10049159999835,b2e6f6243676544cb68b25aac83ba18d5eb139e5,True,3.14.4,1.8.0,3.4.0,2026-08-27T16:31:01+00:00,0.7949283079988327,0.9869159164784871,0.00039964156851141823,0.002475208602845669,1106,23358,126,929804,0.045209287115761936,0.8977272727272727,0.08608343711083437,0.19839204575663152,24464,0.02563301948671094,773.7010836478753,0.12677755993371437,120844.33653963225,0.08116883116883117,1.0,0.4042207792207792,0.996,0.7313311688311688,0.901,0.8392857142857143,0.2068
E3_multiseed_multisplit,random_forest__unweighted__split42__model789,random_forest,unweighted,A,none,no_origin_balance,val,stratified,42,789,False,1.0,773.7010836478753,fixed,val,0.001290797995614565,0.0012908741900602688,0.0012908714849422776,5749,4448085,1232,953160,1232,953162,4453834,139.17927650000274,b2e6f6243676544cb68b25aac83ba18d5eb139e5,True,3.14.4,1.8.0,3.4.0,2026-08-27T16:33:26+00:00,0.8272500874742404,0.9862792920050492,0.0003507164026224254,0.5,880,21,352,953139,0.97669256381798,0.7142857142857143,0.8251289263947492,0.8350762495699764,901,0.0009440565302307648,773.7010836478753,0.2857363167737035,272363.78144405206,0.08116883116883117,1.0,0.40584415584415584,1.0,0.7597402597402597,0.936,0.862012987012987,0.2124
E3_multiseed_multisplit,random_forest__unweighted__split42__model789,random_forest,unweighted,A,none,no_origin_balance,test,stratified,42,789,False,1.0,773.7010836478753,fixed,val,0.001290797995614565,0.0012908741900602688,0.0012908714849422776,5749,4448085,1232,953160,1232,953162,4453834,139.17927650000274,b2e6f6243676544cb68b25aac83ba18d5eb139e5,True,3.14.4,1.8.0,3.4.0,2026-08-27T16:33:27+00:00,0.7946899724099898,0.98639634414226,0.00039918305902472294,0.5,837,23,395,953139,0.9732558139534884,0.6793831168831169,0.8001912045889101,0.8129628897557266,860,0.0009010953547486677,773.7010836478753,0.32064101237243586,305634.9280409107,0.08116883116883117,1.0,0.4050324675324675,0.998,0.7313311688311688,0.901,0.8319805194805194,0.205
E3_multiseed_multisplit,random_forest__unweighted__split42__model789,random_forest,unweighted,B,decision,no_origin_balance,val,stratified,42,789,False,1.0,773.7010836478753,youden,val,0.001290797995614565,0.0012908741900602688,0.0012908714849422776,5749,4448085,1232,953160,1232,953162,4453834,139.17927650000274,b2e6f6243676544cb68b25aac83ba18d5eb139e5,True,3.14.4,1.8.0,3.4.0,2026-08-27T16:33:29+00:00,0.8272500874742404,0.9862792920050492,0.0003507164026224254,0.0021883791778236628,1132,28859,100,924301,0.03774465673035244,0.9188311688311688,0.07251064920090959,0.18287165727828522,29991,0.0314241946705337,773.7010836478753,0.11144475229921164,106229.1083647875,0.08116883116883117,1.0,0.40584415584415584,1.0,0.7597402597402597,0.936,0.862012987012987,0.2124
E3_multiseed_multisplit,random_forest__unweighted__split42__model789,random_forest,unweighted,B,decision,no_origin_balance,test,stratified,42,789,False,1.0,773.7010836478753,youden,val,0.001290797995614565,0.0012908741900602688,0.0012908714849422776,5749,4448085,1232,953160,1232,953162,4453834,139.17927650000274,b2e6f6243676544cb68b25aac83ba18d5eb139e5,True,3.14.4,1.8.0,3.4.0,2026-08-27T16:33:30+00:00,0.7946899724099898,0.98639634414226,0.00039918305902472294,0.0021883791778236628,1115,28564,117,924598,0.03756865123487988,0.9050324675324676,0.07214260295687619,0.18100908248133848,29679,0.031097219806495012,773.7010836478753,0.12493396966799634,119087.02678680138,0.08116883116883117,1.0,0.4050324675324675,0.998,0.7313311688311688,0.901,0.8319805194805194,0.205
E3_multiseed_multisplit,random_forest__unweighted__split42__model789,random_forest,unweighted,C,decision,no_origin_balance,val,stratified,42,789,False,1.0,773.7010836478753,ner_optimal,val,0.001290797995614565,0.0012908741900602688,0.0012908714849422776,5749,4448085,1232,953160,1232,953162,4453834,139.17927650000274,b2e6f6243676544cb68b25aac83ba18d5eb139e5,True,3.14.4,1.8.0,3.4.0,2026-08-27T16:33:32+00:00,0.8272500874742404,0.9862792920050492,0.0003507164026224254,0.0021883791778236628,1132,28859,100,924301,0.03774465673035244,0.9188311688311688,0.07251064920090959,0.18287165727828522,29991,0.0314241946705337,773.7010836478753,0.11144475229921164,106229.1083647875,0.08116883116883117,1.0,0.40584415584415584,1.0,0.7597402597402597,0.936,0.862012987012987,0.2124
E3_multiseed_multisplit,random_forest__unweighted__split42__model789,random_forest,unweighted,C,decision,no_origin_balance,test,stratified,42,789,False,1.0,773.7010836478753,ner_optimal,val,0.001290797995614565,0.0012908741900602688,0.0012908714849422776,5749,4448085,1232,953160,1232,953162,4453834,139.17927650000274,b2e6f6243676544cb68b25aac83ba18d5eb139e5,True,3.14.4,1.8.0,3.4.0,2026-08-27T16:33:33+00:00,0.7946899724099898,0.98639634414226,0.00039918305902472294,0.0021883791778236628,1115,28564,117,924598,0.03756865123487988,0.9050324675324676,0.07214260295687619,0.18100908248133848,29679,0.031097219806495012,773.7010836478753,0.12493396966799634,119087.02678680138,0.08116883116883117,1.0,0.4050324675324675,0.998,0.7313311688311688,0.901,0.8319805194805194,0.205
E3_multiseed_multisplit,random_forest__unweighted__split456__model123,random_forest,unweighted,A,none,no_origin_balance,val,stratified,456,123,False,1.0,773.7010836478753,fixed,val,0.001290797995614565,0.0012908741900602688,0.0012908714849422776,5749,4448085,1232,953160,1232,953162,4453834,140.0928641999999,b2e6f6243676544cb68b25aac83ba18d5eb139e5,True,3.14.4,1.8.0,3.4.0,2026-08-27T18:49:55+00:00,0.8166666331849608,0.9881742273172818,0.000383463086258305,0.5,845,18,387,953142,0.9791425260718424,0.6858766233766234,0.8066825775656324,0.8193131978544164,863,0.0009042406055373473,773.7010836478753,0.3141422603885918,299440.31937172764,0.08116883116883117,1.0,0.40584415584415584,1.0,0.7443181818181818,0.917,0.8547077922077922,0.2106
E3_multiseed_multisplit,random_forest__unweighted__split456__model123,random_forest,unweighted,A,none,no_origin_balance,test,stratified,456,123,False,1.0,773.7010836478753,fixed,val,0.001290797995614565,0.0012908741900602688,0.0012908714849422776,5749,4448085,1232,953160,1232,953162,4453834,140.0928641999999,b2e6f6243676544cb68b25aac83ba18d5eb139e5,True,3.14.4,1.8.0,3.4.0,2026-08-27T18:49:56+00:00,0.8166914233191555,0.9868735438419224,0.0003687925038478468,0.5,867,21,365,953141,0.9763513513513513,0.7037337662337663,0.8179245283018868,0.828734290012976,888,0.0009304333430428105,773.7010836478753,0.29628826482565146,282421.8955314744,0.08116883116883117,1.0,0.4050324675324675,0.998,0.75,0.924,0.8449675324675324,0.2082
E3_multiseed_multisplit,random_forest__unweighted__split456__model123,random_forest,unweighted,B,decision,no_origin_balance,val,stratified,456,123,False,1.0,773.7010836478753,youden,val,0.001290797995614565,0.0012908741900602688,0.0012908714849422776,5749,4448085,1232,953160,1232,953162,4453834,140.0928641999999,b2e6f6243676544cb68b25aac83ba18d5eb139e5,True,3.14.4,1.8.0,3.4.0,2026-08-27T18:49:58+00:00,0.8166666331849608,0.9881742273172818,0.000383463086258305,0.0010922804940491915,1152,41500,80,911660,0.027009284441526775,0.935064935064935,0.052502050861361775,0.1549233387112847,42652,0.044690232105885214,773.7010836478753,0.10847263473688724,103396.08669183002,0.08116883116883117,1.0,0.40584415584415584,1.0,0.7443181818181818,0.917,0.8547077922077922,0.2106
E3_multiseed_multisplit,random_forest__unweighted__split456__model123,random_forest,unweighted,B,decision,no_origin_balance,test,stratified,456,123,False,1.0,773.7010836478753,youden,val,0.001290797995614565,0.0012908741900602688,0.0012908714849422776,5749,4448085,1232,953160,1232,953162,4453834,140.0928641999999,b2e6f6243676544cb68b25aac83ba18d5eb139e5,True,3.14.4,1.8.0,3.4.0,2026-08-27T18:49:59+00:00,0.8166914233191555,0.9868735438419224,0.0003687925038478468,0.0010922804940491915,1139,42001,93,911161,0.026402410755679184,0.924512987012987,0.05133868205174434,0.15217127088023397,43140,0.0452014576789041,773.7010836478753,0.1195501809206597,113955.20077925238,0.08116883116883117,1.0,0.4050324675324675,0.998,0.75,0.924,0.8449675324675324,0.2082
E3_multiseed_multisplit,random_forest__unweighted__split456__model123,random_forest,unweighted,C,decision,no_origin_balance,val,stratified,456,123,False,1.0,773.7010836478753,ner_optimal,val,0.001290797995614565,0.0012908741900602688,0.0012908714849422776,5749,4448085,1232,953160,1232,953162,4453834,140.0928641999999,b2e6f6243676544cb68b25aac83ba18d5eb139e5,True,3.14.4,1.8.0,3.4.0,2026-08-27T18:50:01+00:00,0.8166666331849608,0.9881742273172818,0.000383463086258305,0.0010922804940491915,1152,41500,80,911660,0.027009284441526775,0.935064935064935,0.052502050861361775,0.1549233387112847,42652,0.044690232105885214,773.7010836478753,0.10847263473688724,103396.08669183002,0.08116883116883117,1.0,0.40584415584415584,1.0,0.7443181818181818,0.917,0.8547077922077922,0.2106
E3_multiseed_multisplit,random_forest__unweighted__split456__model123,random_forest,unweighted,C,decision,no_origin_balance,test,stratified,456,123,False,1.0,773.7010836478753,ner_optimal,val,0.001290797995614565,0.0012908741900602688,0.0012908714849422776,5749,4448085,1232,953160,1232,953162,4453834,140.0928641999999,b2e6f6243676544cb68b25aac83ba18d5eb139e5,True,3.14.4,1.8.0,3.4.0,2026-08-27T18:50:02+00:00,0.8166914233191555,0.9868735438419224,0.0003687925038478468,0.0010922804940491915,1139,42001,93,911161,0.026402410755679184,0.924512987012987,0.05133868205174434,0.15217127088023397,43140,0.0452014576789041,773.7010836478753,0.1195501809206597,113955.20077925238,0.08116883116883117,1.0,0.4050324675324675,0.998,0.75,0.924,0.8449675324675324,0.2082
E3_multiseed_multisplit,random_forest__unweighted__split456__model42,random_forest,unweighted,A,none,no_origin_balance,val,stratified,456,42,False,1.0,773.7010836478753,fixed,val,0.001290797995614565,0.0012908741900602688,0.0012908714849422776,5749,4448085,1232,953160,1232,953162,4453834,138.70348909999666,b2e6f6243676544cb68b25aac83ba18d5eb139e5,True,3.14.4,1.8.0,3.4.0,2026-08-27T18:47:24+00:00,0.8160132729074763,0.9872190556647389,0.00038376967823627796,0.5,838,18,394,953142,0.9789719626168224,0.6801948051948052,0.8026819923371648,0.8158382854662534,856,0.0008969060930938231,773.7010836478753,0.31982407857040995,304856.2269572628,0.08116883116883117,1.0,0.4042207792207792,0.996,0.7426948051948052,0.915,0.8530844155844156,0.2102
E3_multiseed_multisplit,random_forest__unweighted__split456__model42,random_forest,unweighted,A,none,no_origin_balance,test,stratified,456,42,False,1.0,773.7010836478753,fixed,val,0.001290797995614565,0.0012908741900602688,0.0012908714849422776,5749,4448085,1232,953160,1232,953162,4453834,138.70348909999666,b2e6f6243676544cb68b25aac83ba18d5eb139e5,True,3.14.4,1.8.0,3.4.0,2026-08-27T18:47:25+00:00,0.8167331044455801,0.9874026874480691,0.000368149584169336,0.5,867,21,365,953141,0.9763513513513513,0.7037337662337663,0.8179245283018868,0.828734290012976,888,0.0009304333430428105,773.7010836478753,0.29628826482565146,282421.8955314744,0.08035714285714286,0.99,0.4050324675324675,0.998,0.75,0.924,0.8482142857142857,0.209
E3_multiseed_multisplit,random_forest__unweighted__split456__model42,random_forest,unweighted,B,decision,no_origin_balance,val,stratified,456,42,False,1.0,773.7010836478753,youden,val,0.001290797995614565,0.0012908741900602688,0.0012908714849422776,5749,4448085,1232,953160,1232,953162,4453834,138.70348909999666,b2e6f6243676544cb68b25aac83ba18d5eb139e5,True,3.14.4,1.8.0,3.4.0,2026-08-27T18:47:26+00:00,0.8160132729074763,0.9872190556647389,0.00038376967823627796,0.0015110090607777238,1142,37248,90,915912,0.029747330033862984,0.926948051948052,0.05764474281964565,0.16224831169996604,38390,0.04022456181527087,773.7010836478753,0.11212875287070172,106881.09752830876,0.08116883116883117,1.0,0.4042207792207792,0.996,0.7426948051948052,0.915,0.8530844155844156,0.2102
E3_multiseed_multisplit,random_forest__unweighted__split456__model42,random_forest,unweighted,B,decision,no_origin_balance,test,stratified,456,42,False,1.0,773.7010836478753,youden,val,0.001290797995614565,0.0012908741900602688,0.0012908714849422776,5749,4448085,1232,953160,1232,953162,4453834,138.70348909999666,b2e6f6243676544cb68b25aac83ba18d5eb139e5,True,3.14.4,1.8.0,3.4.0,2026-08-27T18:47:27+00:00,0.8167331044455801,0.9874026874480691,0.000368149584169336,0.0015110090607777238,1140,37570,92,915592,0.029449754585378456,0.9253246753246753,0.05708277001652396,0.16124757210599455,38710,0.04055976881665224,773.7010836478753,0.11408993907181778,108750.4996956045,0.08035714285714286,0.99,0.4050324675324675,0.998,0.75,0.924,0.8482142857142857,0.209
E3_multiseed_multisplit,random_forest__unweighted__split456__model42,random_forest,unweighted,C,decision,no_origin_balance,val,stratified,456,42,False,1.0,773.7010836478753,ner_optimal,val,0.001290797995614565,0.0012908741900602688,0.0012908714849422776,5749,4448085,1232,953160,1232,953162,4453834,138.70348909999666,b2e6f6243676544cb68b25aac83ba18d5eb139e5,True,3.14.4,1.8.0,3.4.0,2026-08-27T18:47:29+00:00,0.8160132729074763,0.9872190556647389,0.00038376967823627796,0.0015110090607777238,1142,37248,90,915912,0.029747330033862984,0.926948051948052,0.05764474281964565,0.16224831169996604,38390,0.04022456181527087,773.7010836478753,0.11212875287070172,106881.09752830876,0.08116883116883117,1.0,0.4042207792207792,0.996,0.7426948051948052,0.915,0.8530844155844156,0.2102
E3_multiseed_multisplit,random_forest__unweighted__split456__model42,random_forest,unweighted,C,decision,no_origin_balance,test,stratified,456,42,False,1.0,773.7010836478753,ner_optimal,val,0.001290797995614565,0.0012908741900602688,0.0012908714849422776,5749,4448085,1232,953160,1232,953162,4453834,138.70348909999666,b2e6f6243676544cb68b25aac83ba18d5eb139e5,True,3.14.4,1.8.0,3.4.0,2026-08-27T18:47:30+00:00,0.8167331044455801,0.9874026874480691,0.000368149584169336,0.0015110090607777238,1140,37570,92,915592,0.029449754585378456,0.9253246753246753,0.05708277001652396,0.16124757210599455,38710,0.04055976881665224,773.7010836478753,0.11408993907181778,108750.4996956045,0.08035714285714286,0.99,0.4050324675324675,0.998,0.75,0.924,0.8482142857142857,0.209
E3_multiseed_multisplit,random_forest__unweighted__split456__model456,random_forest,unweighted,A,none,no_origin_balance,val,stratified,456,456,False,1.0,773.7010836478753,fixed,val,0.001290797995614565,0.0012908741900602688,0.0012908714849422776,5749,4448085,1232,953160,1232,953162,4453834,174.04860550000012,b2e6f6243676544cb68b25aac83ba18d5eb139e5,True,3.14.4,1.8.0,3.4.0,2026-08-27T18:53:04+00:00,0.8150188167731028,0.9873409277063634,0.00038343850076279397,0.5,839,18,393,953142,0.9789964994165694,0.6810064935064936,0.8032551460028722,0.8163356024800312,857,0.0008979538805857551,773.7010836478753,0.3190123902587217,304082.52587361494,0.08116883116883117,1.0,0.4050324675324675,0.998,0.7443181818181818,0.917,0.8530844155844156,0.2102
E3_multiseed_multisplit,random_forest__unweighted__split456__model456,random_forest,unweighted,A,none,no_origin_balance,test,stratified,456,456,False,1.0,773.7010836478753,fixed,val,0.001290797995614565,0.0012908741900602688,0.0012908714849422776,5749,4448085,1232,953160,1232,953162,4453834,174.04860550000012,b2e6f6243676544cb68b25aac83ba18d5eb139e5,True,3.14.4,1.8.0,3.4.0,2026-08-27T18:53:07+00:00,0.818425560312881,0.9870199882315149,0.00036725666813743177,0.5,862,20,370,953142,0.9773242630385488,0.6996753246753247,0.815515610217597,0.8267512750376829,882,0.0009241466312654941,773.7010836478753,0.3003456572860256,286289.40094971383,0.08116883116883117,1.0,0.4050324675324675,0.998,0.7508116883116883,0.925,0.8538961038961039,0.2104
E3_multiseed_multisplit,random_forest__unweighted__split456__model456,random_forest,unweighted,B,decision,no_origin_balance,val,stratified,456,456,False,1.0,773.7010836478753,youden,val,0.001290797995614565,0.0012908741900602688,0.0012908714849422776,5749,4448085,1232,953160,1232,953162,4453834,174.04860550000012,b2e6f6243676544cb68b25aac83ba18d5eb139e5,True,3.14.4,1.8.0,3.4.0,2026-08-27T18:53:10+00:00,0.8150188167731028,0.9873409277063634,0.00038343850076279397,0.0010174724739044905,1150,43421,82,909739,0.02580153014291804,0.9334415584415584,0.050215051415846125,0.15109207192168858,44571,0.04670093630290279,773.7010836478753,0.11211132874795786,106864.48885912576,0.08116883116883117,1.0,0.4050324675324675,0.998,0.7443181818181818,0.917,0.8530844155844156,0.2102
E3_multiseed_multisplit,random_forest__unweighted__split456__model456,random_forest,unweighted,B,decision,no_origin_balance,test,stratified,456,456,False,1.0,773.7010836478753,youden,val,0.001290797995614565,0.0012908741900602688,0.0012908714849422776,5749,4448085,1232,953160,1232,953162,4453834,174.04860550000012,b2e6f6243676544cb68b25aac83ba18d5eb139e5,True,3.14.4,1.8.0,3.4.0,2026-08-27T18:53:11+00:00,0.818425560312881,0.9870199882315149,0.00036725666813743177,0.0010174724739044905,1142,43785,90,909377,0.025419013065639817,0.926948051948052,0.0494811412725579,0.14935614521759213,44927,0.04707385000324813,773.7010836478753,0.11898670693803937,113418.09752830876,0.08116883116883117,1.0,0.4050324675324675,0.998,0.7508116883116883,0.925,0.8538961038961039,0.2104
E3_multiseed_multisplit,random_forest__unweighted__split456__model456,random_forest,unweighted,C,decision,no_origin_balance,val,stratified,456,456,False,1.0,773.7010836478753,ner_optimal,val,0.001290797995614565,0.0012908741900602688,0.0012908714849422776,5749,4448085,1232,953160,1232,953162,4453834,174.04860550000012,b2e6f6243676544cb68b25aac83ba18d5eb139e5,True,3.14.4,1.8.0,3.4.0,2026-08-27T18:53:13+00:00,0.8150188167731028,0.9873409277063634,0.00038343850076279397,0.0010174724739044905,1150,43421,82,909739,0.02580153014291804,0.9334415584415584,0.050215051415846125,0.15109207192168858,44571,0.04670093630290279,773.7010836478753,0.11211132874795786,106864.48885912576,0.08116883116883117,1.0,0.4050324675324675,0.998,0.7443181818181818,0.917,0.8530844155844156,0.2102
E3_multiseed_multisplit,random_forest__unweighted__split456__model456,random_forest,unweighted,C,decision,no_origin_balance,test,stratified,456,456,False,1.0,773.7010836478753,ner_optimal,val,0.001290797995614565,0.0012908741900602688,0.0012908714849422776,5749,4448085,1232,953160,1232,953162,4453834,174.04860550000012,b2e6f6243676544cb68b25aac83ba18d5eb139e5,True,3.14.4,1.8.0,3.4.0,2026-08-27T18:53:14+00:00,0.818425560312881,0.9870199882315149,0.00036725666813743177,0.0010174724739044905,1142,43785,90,909377,0.025419013065639817,0.926948051948052,0.0494811412725579,0.14935614521759213,44927,0.04707385000324813,773.7010836478753,0.11898670693803937,113418.09752830876,0.08116883116883117,1.0,0.4050324675324675,0.998,0.7508116883116883,0.925,0.8538961038961039,0.2104
E3_multiseed_multisplit,random_forest__unweighted__split456__model789,random_forest,unweighted,A,none,no_origin_balance,val,stratified,456,789,False,1.0,773.7010836478753,fixed,val,0.001290797995614565,0.0012908741900602688,0.0012908714849422776,5749,4448085,1232,953160,1232,953162,4453834,204.60916050000014,b2e6f6243676544cb68b25aac83ba18d5eb139e5,True,3.14.4,1.8.0,3.4.0,2026-08-27T18:56:49+00:00,0.8191969056510416,0.9876634114998476,0.0003798677502556596,0.5,845,18,387,953142,0.9791425260718424,0.6858766233766234,0.8066825775656324,0.8193131978544164,863,0.0009042406055373473,773.7010836478753,0.3141422603885918,299440.31937172764,0.08116883116883117,1.0,0.4050324675324675,0.998,0.7459415584415584,0.919,0.8530844155844156,0.2102
E3_multiseed_multisplit,random_forest__unweighted__split456__model789,random_forest,unweighted,A,none,no_origin_balance,test,stratified,456,789,False,1.0,773.7010836478753,fixed,val,0.001290797995614565,0.0012908741900602688,0.0012908714849422776,5749,4448085,1232,953160,1232,953162,4453834,204.60916050000014,b2e6f6243676544cb68b25aac83ba18d5eb139e5,True,3.14.4,1.8.0,3.4.0,2026-08-27T18:56:53+00:00,0.820746555323804,0.9872694658792142,0.0003661703061104571,0.5,863,22,369,953140,0.9751412429378531,0.700487012987013,0.8153046764289088,0.8263051467371509,885,0.0009272899871541522,773.7010836478753,0.29953606717047226,285517.69986606593,0.08116883116883117,1.0,0.4050324675324675,0.998,0.7556818181818182,0.931,0.8530844155844156,0.2102
E3_multiseed_multisplit,random_forest__unweighted__split456__model789,random_forest,unweighted,B,decision,no_origin_balance,val,stratified,456,789,False,1.0,773.7010836478753,youden,val,0.001290797995614565,0.0012908741900602688,0.0012908714849422776,5749,4448085,1232,953160,1232,953162,4453834,204.60916050000014,b2e6f6243676544cb68b25aac83ba18d5eb139e5,True,3.14.4,1.8.0,3.4.0,2026-08-27T18:56:56+00:00,0.8191969056510416,0.9876634114998476,0.0003798677502556596,0.0013346525374799967,1149,38509,83,914651,0.028972716728024612,0.9326298701298701,0.0561995597945708,0.160528267768868,39658,0.0415531563550407,773.7010836478753,0.10776984735201842,102726.18994277364,0.08116883116883117,1.0,0.4050324675324675,0.998,0.7459415584415584,0.919,0.8530844155844156,0.2102
E3_multiseed_multisplit,random_forest__unweighted__split456__model789,random_forest,unweighted,B,decision,no_origin_balance,test,stratified,456,789,False,1.0,773.7010836478753,youden,val,0.001290797995614565,0.0012908741900602688,0.0012908714849422776,5749,4448085,1232,953160,1232,953162,4453834,204.60916050000014,b2e6f6243676544cb68b25aac83ba18d5eb139e5,True,3.14.4,1.8.0,3.4.0,2026-08-27T18:56:59+00:00,0.820746555323804,0.9872694658792142,0.0003661703061104571,0.0013346525374799967,1139,39084,93,914078,0.02831713198916043,0.924512987012987,0.05495115185140514,0.15788775680340578,40223,0.04214506796983217,773.7010836478753,0.11648996185772197,111038.20077925238,0.08116883116883117,1.0,0.4050324675324675,0.998,0.7556818181818182,0.931,0.8530844155844156,0.2102
E3_multiseed_multisplit,random_forest__unweighted__split456__model789,random_forest,unweighted,C,decision,no_origin_balance,val,stratified,456,789,False,1.0,773.7010836478753,ner_optimal,val,0.001290797995614565,0.0012908741900602688,0.0012908714849422776,5749,4448085,1232,953160,1232,953162,4453834,204.60916050000014,b2e6f6243676544cb68b25aac83ba18d5eb139e5,True,3.14.4,1.8.0,3.4.0,2026-08-27T18:57:02+00:00,0.8191969056510416,0.9876634114998476,0.0003798677502556596,0.0013346525374799967,1149,38509,83,914651,0.028972716728024612,0.9326298701298701,0.0561995597945708,0.160528267768868,39658,0.0415531563550407,773.7010836478753,0.10776984735201842,102726.18994277364,0.08116883116883117,1.0,0.4050324675324675,0.998,0.7459415584415584,0.919,0.8530844155844156,0.2102
E3_multiseed_multisplit,random_forest__unweighted__split456__model789,random_forest,unweighted,C,decision,no_origin_balance,test,stratified,456,789,False,1.0,773.7010836478753,ner_optimal,val,0.001290797995614565,0.0012908741900602688,0.0012908714849422776,5749,4448085,1232,953160,1232,953162,4453834,204.60916050000014,b2e6f6243676544cb68b25aac83ba18d5eb139e5,True,3.14.4,1.8.0,3.4.0,2026-08-27T18:57:04+00:00,0.820746555323804,0.9872694658792142,0.0003661703061104571,0.0013346525374799967,1139,39084,93,914078,0.02831713198916043,0.924512987012987,0.05495115185140514,0.15788775680340578,40223,0.04214506796983217,773.7010836478753,0.11648996185772197,111038.20077925238,0.08116883116883117,1.0,0.4050324675324675,0.998,0.7556818181818182,0.931,0.8530844155844156,0.2102
E3_multiseed_multisplit,random_forest__unweighted__split789__model123,random_forest,unweighted,A,none,no_origin_balance,val,stratified,789,123,False,1.0,773.7010836478753,fixed,val,0.001290797995614565,0.0012908741900602688,0.0012908714849422776,5749,4448085,1232,953160,1232,953162,4453834,176.68200149999757,b2e6f6243676544cb68b25aac83ba18d5eb139e5,True,3.14.4,1.8.0,3.4.0,2026-08-27T20:05:35+00:00,0.8266047294503706,0.9871495372467141,0.0003571140096245669,0.5,878,23,354,953137,0.974472807991121,0.7126623376623377,0.8232536333802156,0.8331758372674699,901,0.0009440565302307648,773.7010836478753,0.2873617915932151,273913.1836113478,0.08116883116883117,1.0,0.40584415584415584,1.0,0.752435064935065,0.927,0.8555194805194806,0.2108
E3_multiseed_multisplit,random_forest__unweighted__split789__model123,random_forest,unweighted,A,none,no_origin_balance,test,stratified,789,123,False,1.0,773.7010836478753,fixed,val,0.001290797995614565,0.0012908741900602688,0.0012908714849422776,5749,4448085,1232,953160,1232,953162,4453834,176.68200149999757,b2e6f6243676544cb68b25aac83ba18d5eb139e5,True,3.14.4,1.8.0,3.4.0,2026-08-27T20:05:38+00:00,0.8262754227918255,0.9873896268522457,0.00035983051228250494,0.5,875,30,357,953132,0.9668508287292817,0.7102272727272727,0.8189050070191858,0.8284850565054023,905,0.0009482456930785399,773.7010836478753,0.2898042002147526,276241.2868622914,0.08116883116883117,1.0,0.40584415584415584,1.0,0.747564935064935,0.921,0.8571428571428571,0.2112
E3_multiseed_multisplit,random_forest__unweighted__split789__model123,random_forest,unweighted,B,decision,no_origin_balance,val,stratified,789,123,False,1.0,773.7010836478753,youden,val,0.001290797995614565,0.0012908741900602688,0.0012908714849422776,5749,4448085,1232,953160,1232,953162,4453834,176.68200149999757,b2e6f6243676544cb68b25aac83ba18d5eb139e5,True,3.14.4,1.8.0,3.4.0,2026-08-27T20:05:40+00:00,0.8266047294503706,0.9871495372467141,0.0003571140096245669,0.0013111376902088523,1143,38290,89,914870,0.028985874774934698,0.9277597402597403,0.056215418664699375,0.1601286356740598,39433,0.04131740416935599,773.7010836478753,0.11241022474536277,107149.39644466089,0.08116883116883117,1.0,0.40584415584415584,1.0,0.752435064935065,0.927,0.8555194805194806,0.2108
E3_multiseed_multisplit,random_forest__unweighted__split789__model123,random_forest,unweighted,B,decision,no_origin_balance,test,stratified,789,123,False,1.0,773.7010836478753,youden,val,0.001290797995614565,0.0012908741900602688,0.0012908714849422776,5749,4448085,1232,953160,1232,953162,4453834,176.68200149999757,b2e6f6243676544cb68b25aac83ba18d5eb139e5,True,3.14.4,1.8.0,3.4.0,2026-08-27T20:05:43+00:00,0.8262754227918255,0.9873896268522457,0.00035983051228250494,0.0013111376902088523,1154,38357,78,914805,0.029207056262812888,0.9366883116883117,0.05664776771469946,0.16157392782121321,39511,0.04139904483892397,773.7010836478753,0.10355194288731476,98705.68452453426,0.08116883116883117,1.0,0.40584415584415584,1.0,0.747564935064935,0.921,0.8571428571428571,0.2112
E3_multiseed_multisplit,random_forest__unweighted__split789__model123,random_forest,unweighted,C,decision,no_origin_balance,val,stratified,789,123,False,1.0,773.7010836478753,ner_optimal,val,0.001290797995614565,0.0012908741900602688,0.0012908714849422776,5749,4448085,1232,953160,1232,953162,4453834,176.68200149999757,b2e6f6243676544cb68b25aac83ba18d5eb139e5,True,3.14.4,1.8.0,3.4.0,2026-08-27T20:05:45+00:00,0.8266047294503706,0.9871495372467141,0.0003571140096245669,0.0013111376902088523,1143,38290,89,914870,0.028985874774934698,0.9277597402597403,0.056215418664699375,0.1601286356740598,39433,0.04131740416935599,773.7010836478753,0.11241022474536277,107149.39644466089,0.08116883116883117,1.0,0.40584415584415584,1.0,0.752435064935065,0.927,0.8555194805194806,0.2108
E3_multiseed_multisplit,random_forest__unweighted__split789__model123,random_forest,unweighted,C,decision,no_origin_balance,test,stratified,789,123,False,1.0,773.7010836478753,ner_optimal,val,0.001290797995614565,0.0012908741900602688,0.0012908714849422776,5749,4448085,1232,953160,1232,953162,4453834,176.68200149999757,b2e6f6243676544cb68b25aac83ba18d5eb139e5,True,3.14.4,1.8.0,3.4.0,2026-08-27T20:05:46+00:00,0.8262754227918255,0.9873896268522457,0.00035983051228250494,0.0013111376902088523,1154,38357,78,914805,0.029207056262812888,0.9366883116883117,0.05664776771469946,0.16157392782121321,39511,0.04139904483892397,773.7010836478753,0.10355194288731476,98705.68452453426,0.08116883116883117,1.0,0.40584415584415584,1.0,0.747564935064935,0.921,0.8571428571428571,0.2112
E3_multiseed_multisplit,random_forest__unweighted__split789__model42,random_forest,unweighted,A,none,no_origin_balance,val,stratified,789,42,False,1.0,773.7010836478753,fixed,val,0.001290797995614565,0.0012908741900602688,0.0012908714849422776,5749,4448085,1232,953160,1232,953162,4453834,179.69871409999905,b2e6f6243676544cb68b25aac83ba18d5eb139e5,True,3.14.4,1.8.0,3.4.0,2026-08-27T20:02:22+00:00,0.8265357823675256,0.9873165406947118,0.00035701349214366576,0.5,873,20,359,953140,0.9776035834266518,0.7086038961038961,0.8216470588235294,0.83213364793833,893,0.0009356742302953084,773.7010836478753,0.29141708585745413,277778.6890295872,0.08116883116883117,1.0,0.40584415584415584,1.0,0.7540584415584416,0.929,0.8555194805194806,0.2108
E3_multiseed_multisplit,random_forest__unweighted__split789__model42,random_forest,unweighted,A,none,no_origin_balance,test,stratified,789,42,False,1.0,773.7010836478753,fixed,val,0.001290797995614565,0.0012908741900602688,0.0012908714849422776,5749,4448085,1232,953160,1232,953162,4453834,179.69871409999905,b2e6f6243676544cb68b25aac83ba18d5eb139e5,True,3.14.4,1.8.0,3.4.0,2026-08-27T20:02:25+00:00,0.824819523851171,0.9875855583563192,0.0003602882860935449,0.5,869,22,363,953140,0.9753086419753086,0.7053571428571429,0.8186528497409327,0.8292465762489324,891,0.0009335766989314686,773.7010836478753,0.2946659373003424,280875.4933641787,0.08116883116883117,1.0,0.4050324675324675,0.998,0.75,0.924,0.859577922077922,0.2118
E3_multiseed_multisplit,random_forest__unweighted__split789__model42,random_forest,unweighted,B,decision,no_origin_balance,val,stratified,789,42,False,1.0,773.7010836478753,youden,val,0.001290797995614565,0.0012908741900602688,0.0012908714849422776,5749,4448085,1232,953160,1232,953162,4453834,179.69871409999905,b2e6f6243676544cb68b25aac83ba18d5eb139e5,True,3.14.4,1.8.0,3.4.0,2026-08-27T20:02:27+00:00,0.8265357823675256,0.9873165406947118,0.00035701349214366576,0.001252372283488512,1144,39016,88,914144,0.02848605577689243,0.9285714285714286,0.05527638190954774,0.1587446647321671,40160,0.04207914567599058,773.7010836478753,0.11236018163068948,107101.69536101301,0.08116883116883117,1.0,0.40584415584415584,1.0,0.7540584415584416,0.929,0.8555194805194806,0.2108
E3_multiseed_multisplit,random_forest__unweighted__split789__model42,random_forest,unweighted,B,decision,no_origin_balance,test,stratified,789,42,False,1.0,773.7010836478753,youden,val,0.001290797995614565,0.0012908741900602688,0.0012908714849422776,5749,4448085,1232,953160,1232,953162,4453834,179.69871409999905,b2e6f6243676544cb68b25aac83ba18d5eb139e5,True,3.14.4,1.8.0,3.4.0,2026-08-27T20:02:29+00:00,0.824819523851171,0.9875855583563192,0.0003602882860935449,0.001252372283488512,1152,39176,80,913986,0.02856576076175362,0.935064935064935,0.05543792107795958,0.1595572518059965,40328,0.0422550854259352,773.7010836478753,0.1060345308279852,101072.08669183002,0.08116883116883117,1.0,0.4050324675324675,0.998,0.75,0.924,0.859577922077922,0.2118
E3_multiseed_multisplit,random_forest__unweighted__split789__model42,random_forest,unweighted,C,decision,no_origin_balance,val,stratified,789,42,False,1.0,773.7010836478753,ner_optimal,val,0.001290797995614565,0.0012908741900602688,0.0012908714849422776,5749,4448085,1232,953160,1232,953162,4453834,179.69871409999905,b2e6f6243676544cb68b25aac83ba18d5eb139e5,True,3.14.4,1.8.0,3.4.0,2026-08-27T20:02:30+00:00,0.8265357823675256,0.9873165406947118,0.00035701349214366576,0.001252372283488512,1144,39016,88,914144,0.02848605577689243,0.9285714285714286,0.05527638190954774,0.1587446647321671,40160,0.04207914567599058,773.7010836478753,0.11236018163068948,107101.69536101301,0.08116883116883117,1.0,0.40584415584415584,1.0,0.7540584415584416,0.929,0.8555194805194806,0.2108
E3_multiseed_multisplit,random_forest__unweighted__split789__model42,random_forest,unweighted,C,decision,no_origin_balance,test,stratified,789,42,False,1.0,773.7010836478753,ner_optimal,val,0.001290797995614565,0.0012908741900602688,0.0012908714849422776,5749,4448085,1232,953160,1232,953162,4453834,179.69871409999905,b2e6f6243676544cb68b25aac83ba18d5eb139e5,True,3.14.4,1.8.0,3.4.0,2026-08-27T20:02:32+00:00,0.824819523851171,0.9875855583563192,0.0003602882860935449,0.001252372283488512,1152,39176,80,913986,0.02856576076175362,0.935064935064935,0.05543792107795958,0.1595572518059965,40328,0.0422550854259352,773.7010836478753,0.1060345308279852,101072.08669183002,0.08116883116883117,1.0,0.4050324675324675,0.998,0.75,0.924,0.859577922077922,0.2118
E3_multiseed_multisplit,random_forest__unweighted__split789__model456,random_forest,unweighted,A,none,no_origin_balance,val,stratified,789,456,False,1.0,773.7010836478753,fixed,val,0.001290797995614565,0.0012908741900602688,0.0012908714849422776,5749,4448085,1232,953160,1232,953162,4453834,171.51835869999923,b2e6f6243676544cb68b25aac83ba18d5eb139e5,True,3.14.4,1.8.0,3.4.0,2026-08-27T20:08:45+00:00,0.824467003011123,0.9874456660360916,0.0003575684021898502,0.5,878,23,354,953137,0.974472807991121,0.7126623376623377,0.8232536333802156,0.8331758372674699,901,0.0009440565302307648,773.7010836478753,0.2873617915932151,273913.1836113478,0.08116883116883117,1.0,0.40584415584415584,1.0,0.752435064935065,0.927,0.8563311688311688,0.211
E3_multiseed_multisplit,random_forest__unweighted__split789__model456,random_forest,unweighted,A,none,no_origin_balance,test,stratified,789,456,False,1.0,773.7010836478753,fixed,val,0.001290797995614565,0.0012908741900602688,0.0012908714849422776,5749,4448085,1232,953160,1232,953162,4453834,171.51835869999923,b2e6f6243676544cb68b25aac83ba18d5eb139e5,True,3.14.4,1.8.0,3.4.0,2026-08-27T20:08:47+00:00,0.8220793385528772,0.9869992191846649,0.0003627875356540669,0.5,873,25,359,953137,0.9721603563474388,0.7086038961038961,0.819718309859155,0.8298098166740302,898,0.0009409111960050042,773.7010836478753,0.2914223313477917,277783.6890295872,0.08116883116883117,1.0,0.4050324675324675,0.998,0.747564935064935,0.921,0.8603896103896104,0.212
E3_multiseed_multisplit,random_forest__unweighted__split789__model456,random_forest,unweighted,B,decision,no_origin_balance,val,stratified,789,456,False,1.0,773.7010836478753,youden,val,0.001290797995614565,0.0012908741900602688,0.0012908714849422776,5749,4448085,1232,953160,1232,953162,4453834,171.51835869999923,b2e6f6243676544cb68b25aac83ba18d5eb139e5,True,3.14.4,1.8.0,3.4.0,2026-08-27T20:08:49+00:00,0.824467003011123,0.9874456660360916,0.0003575684021898502,0.0010401657782495022,1149,42524,83,910636,0.02630916126668651,0.9326298701298701,0.051174702148981184,0.1525844996493675,43673,0.04576002313514782,773.7010836478753,0.11198197609308629,106741.18994277364,0.08116883116883117,1.0,0.40584415584415584,1.0,0.752435064935065,0.927,0.8563311688311688,0.211
E3_multiseed_multisplit,random_forest__unweighted__split789__model456,random_forest,unweighted,B,decision,no_origin_balance,test,stratified,789,456,False,1.0,773.7010836478753,youden,val,0.001290797995614565,0.0012908741900602688,0.0012908714849422776,5749,4448085,1232,953160,1232,953162,4453834,171.51835869999923,b2e6f6243676544cb68b25aac83ba18d5eb139e5,True,3.14.4,1.8.0,3.4.0,2026-08-27T20:08:50+00:00,0.8220793385528772,0.9869992191846649,0.0003627875356540669,0.0010401657782495022,1155,42632,77,910530,0.02637769200904378,0.9375,0.051311668406672735,0.15321162283156128,43787,0.04587937476555804,773.7010836478753,0.10722514881424791,102206.98344088638,0.08116883116883117,1.0,0.4050324675324675,0.998,0.747564935064935,0.921,0.8603896103896104,0.212
E3_multiseed_multisplit,random_forest__unweighted__split789__model456,random_forest,unweighted,C,decision,no_origin_balance,val,stratified,789,456,False,1.0,773.7010836478753,ner_optimal,val,0.001290797995614565,0.0012908741900602688,0.0012908714849422776,5749,4448085,1232,953160,1232,953162,4453834,171.51835869999923,b2e6f6243676544cb68b25aac83ba18d5eb139e5,True,3.14.4,1.8.0,3.4.0,2026-08-27T20:08:52+00:00,0.824467003011123,0.9874456660360916,0.0003575684021898502,0.0010401657782495022,1149,42524,83,910636,0.02630916126668651,0.9326298701298701,0.051174702148981184,0.1525844996493675,43673,0.04576002313514782,773.7010836478753,0.11198197609308629,106741.18994277364,0.08116883116883117,1.0,0.40584415584415584,1.0,0.752435064935065,0.927,0.8563311688311688,0.211
E3_multiseed_multisplit,random_forest__unweighted__split789__model456,random_forest,unweighted,C,decision,no_origin_balance,test,stratified,789,456,False,1.0,773.7010836478753,ner_optimal,val,0.001290797995614565,0.0012908741900602688,0.0012908714849422776,5749,4448085,1232,953160,1232,953162,4453834,171.51835869999923,b2e6f6243676544cb68b25aac83ba18d5eb139e5,True,3.14.4,1.8.0,3.4.0,2026-08-27T20:08:54+00:00,0.8220793385528772,0.9869992191846649,0.0003627875356540669,0.0010401657782495022,1155,42632,77,910530,0.02637769200904378,0.9375,0.051311668406672735,0.15321162283156128,43787,0.04587937476555804,773.7010836478753,0.10722514881424791,102206.98344088638,0.08116883116883117,1.0,0.4050324675324675,0.998,0.747564935064935,0.921,0.8603896103896104,0.212
E3_multiseed_multisplit,random_forest__unweighted__split789__model789,random_forest,unweighted,A,none,no_origin_balance,val,stratified,789,789,False,1.0,773.7010836478753,fixed,val,0.001290797995614565,0.0012908741900602688,0.0012908714849422776,5749,4448085,1232,953160,1232,953162,4453834,169.7270897999988,b2e6f6243676544cb68b25aac83ba18d5eb139e5,True,3.14.4,1.8.0,3.4.0,2026-08-27T20:11:50+00:00,0.8272714324902175,0.9876192875080458,0.0003559839504094953,0.5,880,23,352,953137,0.9745293466223699,0.7142857142857143,0.8243559718969555,0.8341493814051953,903,0.0009461521052146288,773.7010836478753,0.2857384149698385,272365.78144405206,0.08116883116883117,1.0,0.40584415584415584,1.0,0.7573051948051948,0.933,0.8555194805194806,0.2108
E3_multiseed_multisplit,random_forest__unweighted__split789__model789,random_forest,unweighted,A,none,no_origin_balance,test,stratified,789,789,False,1.0,773.7010836478753,fixed,val,0.001290797995614565,0.0012908741900602688,0.0012908714849422776,5749,4448085,1232,953160,1232,953162,4453834,169.7270897999988,b2e6f6243676544cb68b25aac83ba18d5eb139e5,True,3.14.4,1.8.0,3.4.0,2026-08-27T20:11:51+00:00,0.8240651548913299,0.9878408237290963,0.00035886027031351817,0.5,870,23,362,953139,0.9742441209406495,0.7061688311688312,0.8188235294117647,0.8292703016076964,893,0.0009356722695239073,773.7010836478753,0.29385529808672156,280102.7922805308,0.08116883116883117,1.0,0.4042207792207792,0.996,0.7491883116883117,0.923,0.8547077922077922,0.2106
E3_multiseed_multisplit,random_forest__unweighted__split789__model789,random_forest,unweighted,B,decision,no_origin_balance,val,stratified,789,789,False,1.0,773.7010836478753,youden,val,0.001290797995614565,0.0012908741900602688,0.0012908714849422776,5749,4448085,1232,953160,1232,953162,4453834,169.7270897999988,b2e6f6243676544cb68b25aac83ba18d5eb139e5,True,3.14.4,1.8.0,3.4.0,2026-08-27T20:11:53+00:00,0.8272714324902175,0.9876192875080458,0.0003559839504094953,0.0024575323332101107,1123,23366,109,929794,0.045857323696353466,0.911525974025974,0.0873216437930096,0.2014249523741591,24489,0.025659267889923638,773.7010836478753,0.11298725141955318,107699.41811761838,0.08116883116883117,1.0,0.40584415584415584,1.0,0.7573051948051948,0.933,0.8555194805194806,0.2108
E3_multiseed_multisplit,random_forest__unweighted__split789__model789,random_forest,unweighted,B,decision,no_origin_balance,test,stratified,789,789,False,1.0,773.7010836478753,youden,val,0.001290797995614565,0.0012908741900602688,0.0012908714849422776,5749,4448085,1232,953160,1232,953162,4453834,169.7270897999988,b2e6f6243676544cb68b25aac83ba18d5eb139e5,True,3.14.4,1.8.0,3.4.0,2026-08-27T20:11:54+00:00,0.8240651548913299,0.9878408237290963,0.00035886027031351817,0.0024575323332101107,1130,23579,102,929583,0.045732324254320285,0.9172077922077922,0.08712077406422265,0.20178408353104982,24709,0.02588972688428469,773.7010836478753,0.10752889112611544,102496.51053208325,0.08116883116883117,1.0,0.4042207792207792,0.996,0.7491883116883117,0.923,0.8547077922077922,0.2106
E3_multiseed_multisplit,random_forest__unweighted__split789__model789,random_forest,unweighted,C,decision,no_origin_balance,val,stratified,789,789,False,1.0,773.7010836478753,ner_optimal,val,0.001290797995614565,0.0012908741900602688,0.0012908714849422776,5749,4448085,1232,953160,1232,953162,4453834,169.7270897999988,b2e6f6243676544cb68b25aac83ba18d5eb139e5,True,3.14.4,1.8.0,3.4.0,2026-08-27T20:11:56+00:00,0.8272714324902175,0.9876192875080458,0.0003559839504094953,0.0024575323332101107,1123,23366,109,929794,0.045857323696353466,0.911525974025974,0.0873216437930096,0.2014249523741591,24489,0.025659267889923638,773.7010836478753,0.11298725141955318,107699.41811761838,0.08116883116883117,1.0,0.40584415584415584,1.0,0.7573051948051948,0.933,0.8555194805194806,0.2108
E3_multiseed_multisplit,random_forest__unweighted__split789__model789,random_forest,unweighted,C,decision,no_origin_balance,test,stratified,789,789,False,1.0,773.7010836478753,ner_optimal,val,0.001290797995614565,0.0012908741900602688,0.0012908714849422776,5749,4448085,1232,953160,1232,953162,4453834,169.7270897999988,b2e6f6243676544cb68b25aac83ba18d5eb139e5,True,3.14.4,1.8.0,3.4.0,2026-08-27T20:11:58+00:00,0.8240651548913299,0.9878408237290963,0.00035886027031351817,0.0024575323332101107,1130,23579,102,929583,0.045732324254320285,0.9172077922077922,0.08712077406422265,0.20178408353104982,24709,0.02588972688428469,773.7010836478753,0.10752889112611544,102496.51053208325,0.08116883116883117,1.0,0.4042207792207792,0.996,0.7491883116883117,0.923,0.8547077922077922,0.2106
E3_multiseed_multisplit,random_forest__weighted__split123__model123,random_forest,weighted,D,algorithm,no_origin_balance,val,stratified,123,123,False,773.7010836478753,773.7010836478753,fixed,val,0.001290797995614565,0.0012908741900602688,0.0012908714849422776,5749,4448085,1232,953160,1232,953162,4453834,130.42530420000185,b2e6f6243676544cb68b25aac83ba18d5eb139e5,True,3.14.4,1.8.0,3.4.0,2026-08-27T17:48:52+00:00,0.7767412162687893,0.9847582786655517,0.0069062539886763944,0.5,954,902,278,952258,0.5140086206896551,0.7743506493506493,0.6178756476683938,0.6303259232767616,1856,0.0019446935850258593,773.7010836478753,0.22659563710624805,215990.9012541093,0.08116883116883117,1.0,0.4025974025974026,0.992,0.7232142857142857,0.891,0.8141233766233766,0.2006
E3_multiseed_multisplit,random_forest__weighted__split123__model123,random_forest,weighted,D,algorithm,no_origin_balance,test,stratified,123,123,False,773.7010836478753,773.7010836478753,fixed,val,0.001290797995614565,0.0012908741900602688,0.0012908714849422776,5749,4448085,1232,953160,1232,953162,4453834,130.42530420000185,b2e6f6243676544cb68b25aac83ba18d5eb139e5,True,3.14.4,1.8.0,3.4.0,2026-08-27T17:48:55+00:00,0.787039498853958,0.9858493379125235,0.006910223997525472,0.5,969,880,263,952282,0.5240670632774472,0.786525974025974,0.629016553067186,0.6414761175592486,1849,0.0019373550127096356,773.7010836478753,0.21439723227343807,204363.38499939116,0.08116883116883117,1.0,0.4034090909090909,0.994,0.7313311688311688,0.901,0.8189935064935064,0.2018
E3_multiseed_multisplit,random_forest__weighted__split123__model123,random_forest,weighted,E,algorithm+decision,no_origin_balance,val,stratified,123,123,False,773.7010836478753,773.7010836478753,ner_optimal,val,0.001290797995614565,0.0012908741900602688,0.0012908714849422776,5749,4448085,1232,953160,1232,953162,4453834,130.42530420000185,b2e6f6243676544cb68b25aac83ba18d5eb139e5,True,3.14.4,1.8.0,3.4.0,2026-08-27T17:48:57+00:00,0.7767412162687893,0.9847582786655517,0.0069062539886763944,0.19730862975120544,1123,39031,109,914129,0.027967325795686608,0.911525974025974,0.054269559754506355,0.1557045723563935,40154,0.04207285895103899,773.7010836478753,0.1294213726471567,123364.41811761838,0.08116883116883117,1.0,0.4025974025974026,0.992,0.7232142857142857,0.891,0.8141233766233766,0.2006
E3_multiseed_multisplit,random_forest__weighted__split123__model123,random_forest,weighted,E,algorithm+decision,no_origin_balance,test,stratified,123,123,False,773.7010836478753,773.7010836478753,ner_optimal,val,0.001290797995614565,0.0012908741900602688,0.0012908714849422776,5749,4448085,1232,953160,1232,953162,4453834,130.42530420000185,b2e6f6243676544cb68b25aac83ba18d5eb139e5,True,3.14.4,1.8.0,3.4.0,2026-08-27T17:49:00+00:00,0.787039498853958,0.9858493379125235,0.006910223997525472,0.19730862975120544,1130,39348,102,913814,0.027916399031572708,0.9172077922077922,0.054183649005034765,0.15606071442059818,40478,0.04241225322036811,773.7010836478753,0.1240721185527404,118265.51053208325,0.08116883116883117,1.0,0.4034090909090909,0.994,0.7313311688311688,0.901,0.8189935064935064,0.2018
E3_multiseed_multisplit,random_forest__weighted__split123__model42,random_forest,weighted,D,algorithm,no_origin_balance,val,stratified,123,42,False,773.7010836478753,773.7010836478753,fixed,val,0.001290797995614565,0.0012908741900602688,0.0012908714849422776,5749,4448085,1232,953160,1232,953162,4453834,123.03857650000282,b2e6f6243676544cb68b25aac83ba18d5eb139e5,True,3.14.4,1.8.0,3.4.0,2026-08-27T17:46:28+00:00,0.7812919832484962,0.9842780825455233,0.006843151582743574,0.5,960,743,272,952417,0.5637110980622431,0.7792207792207793,0.6541737649063032,0.6622640941353602,1703,0.001784382098760258,773.7010836478753,0.2215587006433835,211189.69475222207,0.08116883116883117,1.0,0.4017857142857143,0.99,0.7256493506493507,0.894,0.8189935064935064,0.2018
E3_multiseed_multisplit,random_forest__weighted__split123__model42,random_forest,weighted,D,algorithm,no_origin_balance,test,stratified,123,42,False,773.7010836478753,773.7010836478753,fixed,val,0.001290797995614565,0.0012908741900602688,0.0012908714849422776,5749,4448085,1232,953160,1232,953162,4453834,123.03857650000282,b2e6f6243676544cb68b25aac83ba18d5eb139e5,True,3.14.4,1.8.0,3.4.0,2026-08-27T17:46:30+00:00,0.7884614067650181,0.9853834607454335,0.006870657948093672,0.5,968,760,264,952402,0.5601851851851852,0.7857142857142857,0.654054054054054,0.6629338785286488,1728,0.0018105729918670905,773.7010836478753,0.21508302881702476,205017.08608303906,0.08116883116883117,1.0,0.4034090909090909,0.994,0.7353896103896104,0.906,0.825487012987013,0.2034
E3_multiseed_multisplit,random_forest__weighted__split123__model42,random_forest,weighted,E,algorithm+decision,no_origin_balance,val,stratified,123,42,False,773.7010836478753,773.7010836478753,ner_optimal,val,0.001290797995614565,0.0012908741900602688,0.0012908714849422776,5749,4448085,1232,953160,1232,953162,4453834,123.03857650000282,b2e6f6243676544cb68b25aac83ba18d5eb139e5,True,3.14.4,1.8.0,3.4.0,2026-08-27T17:46:32+00:00,0.7812919832484962,0.9842780825455233,0.006843151582743574,0.23447509109973907,1102,26764,130,926396,0.03954640063159406,0.8944805194805194,0.07574403739088598,0.18477415538111294,27866,0.029197646250178125,773.7010836478753,0.1335975411984196,127345.14087422378,0.08116883116883117,1.0,0.4017857142857143,0.99,0.7256493506493507,0.894,0.8189935064935064,0.2018
E3_multiseed_multisplit,random_forest__weighted__split123__model42,random_forest,weighted,E,algorithm+decision,no_origin_balance,test,stratified,123,42,False,773.7010836478753,773.7010836478753,ner_optimal,val,0.001290797995614565,0.0012908741900602688,0.0012908714849422776,5749,4448085,1232,953160,1232,953162,4453834,123.03857650000282,b2e6f6243676544cb68b25aac83ba18d5eb139e5,True,3.14.4,1.8.0,3.4.0,2026-08-27T17:46:34+00:00,0.7884614067650181,0.9853834607454335,0.006870657948093672,0.23447509109973907,1104,27029,128,926133,0.03924217111577152,0.8961038961038961,0.07519155457176911,0.18420735774960886,28133,0.029477343738539847,773.7010836478753,0.13225217556293412,126062.73870692801,0.08116883116883117,1.0,0.4034090909090909,0.994,0.7353896103896104,0.906,0.825487012987013,0.2034
E3_multiseed_multisplit,random_forest__weighted__split123__model456,random_forest,weighted,D,algorithm,no_origin_balance,val,stratified,123,456,False,773.7010836478753,773.7010836478753,fixed,val,0.001290797995614565,0.0012908741900602688,0.0012908714849422776,5749,4448085,1232,953160,1232,953162,4453834,159.0894913000011,b2e6f6243676544cb68b25aac83ba18d5eb139e5,True,3.14.4,1.8.0,3.4.0,2026-08-27T17:51:46+00:00,0.7772400067227079,0.9849634058998832,0.006854027313057113,0.5,966,1177,266,951983,0.4507699486700887,0.7840909090909091,0.5724444444444444,0.5938596703989122,2143,0.0022454085952103536,773.7010836478753,0.21714387933455462,206981.4882503348,0.08116883116883117,1.0,0.4017857142857143,0.99,0.724025974025974,0.892,0.814935064935065,0.2008
E3_multiseed_multisplit,random_forest__weighted__split123__model456,random_forest,weighted,D,algorithm,no_origin_balance,test,stratified,123,456,False,773.7010836478753,773.7010836478753,fixed,val,0.001290797995614565,0.0012908741900602688,0.0012908714849422776,5749,4448085,1232,953160,1232,953162,4453834,159.0894913000011,b2e6f6243676544cb68b25aac83ba18d5eb139e5,True,3.14.4,1.8.0,3.4.0,2026-08-27T17:51:49+00:00,0.7836183341761481,0.9850027610254557,0.0068710514958532625,0.5,977,1155,255,952007,0.45825515947467166,0.7930194805194806,0.5808561236623068,0.6021942726084863,2132,0.0022338782515397204,773.7010836478753,0.20819222774849788,198448.77633020817,0.08116883116883117,1.0,0.4017857142857143,0.99,0.7313311688311688,0.901,0.8141233766233766,0.2006
E3_multiseed_multisplit,random_forest__weighted__split123__model456,random_forest,weighted,E,algorithm+decision,no_origin_balance,val,stratified,123,456,False,773.7010836478753,773.7010836478753,ner_optimal,val,0.001290797995614565,0.0012908741900602688,0.0012908714849422776,5749,4448085,1232,953160,1232,953162,4453834,159.0894913000011,b2e6f6243676544cb68b25aac83ba18d5eb139e5,True,3.14.4,1.8.0,3.4.0,2026-08-27T17:51:53+00:00,0.7772400067227079,0.9849634058998832,0.006854027313057113,0.19095394015312195,1126,39754,106,913406,0.0275440313111546,0.913961038961039,0.05347644376899696,0.15467438042769932,40880,0.04283355267018164,773.7010836478753,0.12774480561490426,121766.31486667476,0.08116883116883117,1.0,0.4017857142857143,0.99,0.724025974025974,0.892,0.814935064935065,0.2008
E3_multiseed_multisplit,random_forest__weighted__split123__model456,random_forest,weighted,E,algorithm+decision,no_origin_balance,test,stratified,123,456,False,773.7010836478753,773.7010836478753,ner_optimal,val,0.001290797995614565,0.0012908741900602688,0.0012908714849422776,5749,4448085,1232,953160,1232,953162,4453834,159.0894913000011,b2e6f6243676544cb68b25aac83ba18d5eb139e5,True,3.14.4,1.8.0,3.4.0,2026-08-27T17:51:55+00:00,0.7836183341761481,0.9850027610254557,0.0068710514958532625,0.19095394015312195,1120,39978,112,913184,0.027251934400700763,0.9090909090909091,0.05291755256319395,0.15337904252560905,41098,0.043061880104024126,773.7010836478753,0.1328499334521572,126632.52136856201,0.08116883116883117,1.0,0.4017857142857143,0.99,0.7313311688311688,0.901,0.8141233766233766,0.2006
E3_multiseed_multisplit,random_forest__weighted__split123__model789,random_forest,weighted,D,algorithm,no_origin_balance,val,stratified,123,789,False,773.7010836478753,773.7010836478753,fixed,val,0.001290797995614565,0.0012908741900602688,0.0012908714849422776,5749,4448085,1232,953160,1232,953162,4453834,146.31680119999874,b2e6f6243676544cb68b25aac83ba18d5eb139e5,True,3.14.4,1.8.0,3.4.0,2026-08-27T17:54:27+00:00,0.7806822418296928,0.984172424087778,0.007104975955498576,0.5,964,819,268,952341,0.5406618059450364,0.7824675324675324,0.639469320066335,0.6498968034778,1783,0.0018682050981148207,773.7010836478753,0.2183916788497613,208170.89041763055,0.08116883116883117,1.0,0.4025974025974026,0.992,0.7280844155844156,0.897,0.8141233766233766,0.2006
E3_multiseed_multisplit,random_forest__weighted__split123__model789,random_forest,weighted,D,algorithm,no_origin_balance,test,stratified,123,789,False,773.7010836478753,773.7010836478753,fixed,val,0.001290797995614565,0.0012908741900602688,0.0012908714849422776,5749,4448085,1232,953160,1232,953162,4453834,146.31680119999874,b2e6f6243676544cb68b25aac83ba18d5eb139e5,True,3.14.4,1.8.0,3.4.0,2026-08-27T17:54:29+00:00,0.7872525291113277,0.9858814273630103,0.007123242452067424,0.5,968,828,264,952334,0.5389755011135857,0.7857142857142857,0.6393659180977543,0.6502269141744642,1796,0.0018818223920100084,773.7010836478753,0.2151543674856157,205085.08608303906,0.08116883116883117,1.0,0.4050324675324675,0.998,0.7305194805194806,0.9,0.8198051948051948,0.202
E3_multiseed_multisplit,random_forest__weighted__split123__model789,random_forest,weighted,E,algorithm+decision,no_origin_balance,val,stratified,123,789,False,773.7010836478753,773.7010836478753,ner_optimal,val,0.001290797995614565,0.0012908741900602688,0.0012908714849422776,5749,4448085,1232,953160,1232,953162,4453834,146.31680119999874,b2e6f6243676544cb68b25aac83ba18d5eb139e5,True,3.14.4,1.8.0,3.4.0,2026-08-27T17:54:30+00:00,0.7806822418296928,0.984172424087778,0.007104975955498576,0.18788273632526398,1133,47563,99,905597,0.023266798094299327,0.9196428571428571,0.04538535491107194,0.14191918033541642,48696,0.05102305970712244,773.7010836478753,0.13025539424230126,124159.40728113963,0.08116883116883117,1.0,0.4025974025974026,0.992,0.7280844155844156,0.897,0.8141233766233766,0.2006
E3_multiseed_multisplit,random_forest__weighted__split123__model789,random_forest,weighted,E,algorithm+decision,no_origin_balance,test,stratified,123,789,False,773.7010836478753,773.7010836478753,ner_optimal,val,0.001290797995614565,0.0012908741900602688,0.0012908714849422776,5749,4448085,1232,953160,1232,953162,4453834,146.31680119999874,b2e6f6243676544cb68b25aac83ba18d5eb139e5,True,3.14.4,1.8.0,3.4.0,2026-08-27T17:54:32+00:00,0.7872525291113277,0.9858814273630103,0.007123242452067424,0.18788273632526398,1136,47574,96,905588,0.023321699856292344,0.922077922077922,0.045492771615073486,0.14229529185496134,48710,0.051037621778846055,773.7010836478753,0.12783186938597899,121849.30403019601,0.08116883116883117,1.0,0.4050324675324675,0.998,0.7305194805194806,0.9,0.8198051948051948,0.202
E3_multiseed_multisplit,random_forest__weighted__split42__model123,random_forest,weighted,D,algorithm,no_origin_balance,val,stratified,42,123,False,773.7010836478753,773.7010836478753,fixed,val,0.001290797995614565,0.0012908741900602688,0.0012908714849422776,5749,4448085,1232,953160,1232,953162,4453834,120.60110859999986,b2e6f6243676544cb68b25aac83ba18d5eb139e5,True,3.14.4,1.8.0,3.4.0,2026-08-27T16:37:50+00:00,0.790301829817004,0.9819009226589015,0.005993183360194945,0.5,970,697,262,952463,0.5818836232753449,0.7873376623376623,0.6691962745774405,0.6763852977079038,1667,0.0017466617490507045,773.7010836478753,0.21339355901539472,203406.68391574328,0.08116883116883117,1.0,0.40584415584415584,1.0,0.7280844155844156,0.897,0.8181818181818182,0.2016
E3_multiseed_multisplit,random_forest__weighted__split42__model123,random_forest,weighted,D,algorithm,no_origin_balance,test,stratified,42,123,False,773.7010836478753,773.7010836478753,fixed,val,0.001290797995614565,0.0012908741900602688,0.0012908714849422776,5749,4448085,1232,953160,1232,953162,4453834,120.60110859999986,b2e6f6243676544cb68b25aac83ba18d5eb139e5,True,3.14.4,1.8.0,3.4.0,2026-08-27T16:37:53+00:00,0.7543450675820219,0.9806133231614027,0.005987992843768477,0.5,926,660,306,952502,0.5838587641866331,0.7516233766233766,0.6572036905606813,0.6619640830619311,1586,0.0016617874798039384,773.7010836478753,0.24906902810118245,237412.5315962498,0.08116883116883117,1.0,0.4042207792207792,0.996,0.7012987012987013,0.864,0.7881493506493507,0.1942
E3_multiseed_multisplit,random_forest__weighted__split42__model123,random_forest,weighted,E,algorithm+decision,no_origin_balance,val,stratified,42,123,False,773.7010836478753,773.7010836478753,ner_optimal,val,0.001290797995614565,0.0012908741900602688,0.0012908714849422776,5749,4448085,1232,953160,1232,953162,4453834,120.60110859999986,b2e6f6243676544cb68b25aac83ba18d5eb139e5,True,3.14.4,1.8.0,3.4.0,2026-08-27T16:37:55+00:00,0.790301829817004,0.9819009226589015,0.005993183360194945,0.18437863886356354,1113,32141,119,921019,0.03346965778552956,0.9034090909090909,0.06454793249434553,0.17028161168176903,33254,0.034843125256707935,773.7010836478753,0.1303099700788698,124211.42895409712,0.08116883116883117,1.0,0.40584415584415584,1.0,0.7280844155844156,0.897,0.8181818181818182,0.2016
E3_multiseed_multisplit,random_forest__weighted__split42__model123,random_forest,weighted,E,algorithm+decision,no_origin_balance,test,stratified,42,123,False,773.7010836478753,773.7010836478753,ner_optimal,val,0.001290797995614565,0.0012908741900602688,0.0012908714849422776,5749,4448085,1232,953160,1232,953162,4453834,120.60110859999986,b2e6f6243676544cb68b25aac83ba18d5eb139e5,True,3.14.4,1.8.0,3.4.0,2026-08-27T16:37:56+00:00,0.7543450675820219,0.9806133231614027,0.005987992843768477,0.18437863886356354,1091,32043,141,921119,0.03292690287921772,0.885551948051948,0.06349298725484491,0.1670962912935481,33134,0.034717318004932975,773.7010836478753,0.14806430132539633,141134.85279435042,0.08116883116883117,1.0,0.4042207792207792,0.996,0.7012987012987013,0.864,0.7881493506493507,0.1942
E3_multiseed_multisplit,random_forest__weighted__split42__model42,random_forest,weighted,D,algorithm,no_origin_balance,val,stratified,42,42,False,773.7010836478753,773.7010836478753,fixed,val,0.001290797995614565,0.0012908741900602688,0.0012908714849422776,5749,4448085,1232,953160,1232,953162,4453834,120.28755439999804,b2e6f6243676544cb68b25aac83ba18d5eb139e5,True,3.14.4,1.8.0,3.4.0,2026-08-27T16:35:39+00:00,0.7830125852471693,0.9823305743288351,0.006927985888318007,0.5,968,1012,264,952148,0.4888888888888889,0.7857142857142857,0.6027397260273972,0.6191852847042661,1980,0.002074619234025432,773.7010836478753,0.21534740153003823,205269.08608303906,0.08116883116883117,1.0,0.4050324675324675,0.998,0.726461038961039,0.895,0.8133116883116883,0.2004
E3_multiseed_multisplit,random_forest__weighted__split42__model42,random_forest,weighted,D,algorithm,no_origin_balance,test,stratified,42,42,False,773.7010836478753,773.7010836478753,fixed,val,0.001290797995614565,0.0012908741900602688,0.0012908714849422776,5749,4448085,1232,953160,1232,953162,4453834,120.28755439999804,b2e6f6243676544cb68b25aac83ba18d5eb139e5,True,3.14.4,1.8.0,3.4.0,2026-08-27T16:35:41+00:00,0.746743451938522,0.9817387970352787,0.006918718616512523,0.5,923,949,309,952213,0.4930555555555556,0.7491883116883117,0.5947164948453608,0.6071720031817885,1872,0.0019614540745226815,773.7010836478753,0.25180728237775885,240022.63484719343,0.08116883116883117,1.0,0.400974025974026,0.988,0.6996753246753247,0.862,0.7832792207792207,0.193
E3_multiseed_multisplit,random_forest__weighted__split42__model42,random_forest,weighted,E,algorithm+decision,no_origin_balance,val,stratified,42,42,False,773.7010836478753,773.7010836478753,ner_optimal,val,0.001290797995614565,0.0012908741900602688,0.0012908714849422776,5749,4448085,1232,953160,1232,953162,4453834,120.28755439999804,b2e6f6243676544cb68b25aac83ba18d5eb139e5,True,3.14.4,1.8.0,3.4.0,2026-08-27T16:35:42+00:00,0.7830125852471693,0.9823305743288351,0.006927985888318007,0.19290681183338165,1115,38842,117,914318,0.027904997872713166,0.9050324675324676,0.054140668625118356,0.15494255726990602,39957,0.04186644481512838,773.7010836478753,0.1357165996059031,129365.02678680138,0.08116883116883117,1.0,0.4050324675324675,0.998,0.726461038961039,0.895,0.8133116883116883,0.2004
E3_multiseed_multisplit,random_forest__weighted__split42__model42,random_forest,weighted,E,algorithm+decision,no_origin_balance,test,stratified,42,42,False,773.7010836478753,773.7010836478753,ner_optimal,val,0.001290797995614565,0.0012908741900602688,0.0012908714849422776,5749,4448085,1232,953160,1232,953162,4453834,120.28755439999804,b2e6f6243676544cb68b25aac83ba18d5eb139e5,True,3.14.4,1.8.0,3.4.0,2026-08-27T16:35:44+00:00,0.746743451938522,0.9817387970352787,0.006918718616512523,0.19290681183338165,1101,38585,131,914577,0.027742780829511666,0.8936688311688312,0.05381494696710494,0.15345231247106428,39686,0.04158240726576236,773.7010836478753,0.14681061776618845,139939.84195787166,0.08116883116883117,1.0,0.400974025974026,0.988,0.6996753246753247,0.862,0.7832792207792207,0.193
E3_multiseed_multisplit,random_forest__weighted__split42__model456,random_forest,weighted,D,algorithm,no_origin_balance,val,stratified,42,456,False,773.7010836478753,773.7010836478753,fixed,val,0.001290797995614565,0.0012908741900602688,0.0012908714849422776,5749,4448085,1232,953160,1232,953162,4453834,119.72394219999842,b2e6f6243676544cb68b25aac83ba18d5eb139e5,True,3.14.4,1.8.0,3.4.0,2026-08-27T16:40:03+00:00,0.7888339514473162,0.9832113897593133,0.006657386863460734,0.5,973,954,259,952206,0.5049299429164504,0.7897727272727273,0.6160177271288383,0.6309199914384304,1927,0.002019086496953034,773.7010836478753,0.21122811228368085,201342.58066479967,0.08116883116883117,1.0,0.40584415584415584,1.0,0.7280844155844156,0.897,0.8189935064935064,0.2018
E3_multiseed_multisplit,random_forest__weighted__split42__model456,random_forest,weighted,D,algorithm,no_origin_balance,test,stratified,42,456,False,773.7010836478753,773.7010836478753,fixed,val,0.001290797995614565,0.0012908741900602688,0.0012908714849422776,5749,4448085,1232,953160,1232,953162,4453834,119.72394219999842,b2e6f6243676544cb68b25aac83ba18d5eb139e5,True,3.14.4,1.8.0,3.4.0,2026-08-27T16:40:06+00:00,0.7497554939061769,0.981748718728044,0.006665639046532068,0.5,925,927,307,952235,0.4994600431965443,0.7508116883116883,0.5998702983138781,0.6117785689519811,1852,0.0019404983685982937,773.7010836478753,0.25016082559689695,238453.2326798977,0.08116883116883117,1.0,0.4017857142857143,0.99,0.7012987012987013,0.864,0.7824675324675324,0.1928
E3_multiseed_multisplit,random_forest__weighted__split42__model456,random_forest,weighted,E,algorithm+decision,no_origin_balance,val,stratified,42,456,False,773.7010836478753,773.7010836478753,ner_optimal,val,0.001290797995614565,0.0012908741900602688,0.0012908714849422776,5749,4448085,1232,953160,1232,953162,4453834,119.72394219999842,b2e6f6243676544cb68b25aac83ba18d5eb139e5,True,3.14.4,1.8.0,3.4.0,2026-08-27T16:40:09+00:00,0.7888339514473162,0.9832113897593133,0.006657386863460734,0.16639335453510284,1135,52778,97,900382,0.021052436332609947,0.9212662337662337,0.04116420346359598,0.13466965866619138,53913,0.05648936705253187,773.7010836478753,0.13410306404100905,127827.00511384389,0.08116883116883117,1.0,0.40584415584415584,1.0,0.7280844155844156,0.897,0.8189935064935064,0.2018
E3_multiseed_multisplit,random_forest__weighted__split42__model456,random_forest,weighted,E,algorithm+decision,no_origin_balance,test,stratified,42,456,False,773.7010836478753,773.7010836478753,ner_optimal,val,0.001290797995614565,0.0012908741900602688,0.0012908714849422776,5749,4448085,1232,953160,1232,953162,4453834,119.72394219999842,b2e6f6243676544cb68b25aac83ba18d5eb139e5,True,3.14.4,1.8.0,3.4.0,2026-08-27T16:40:11+00:00,0.7497554939061769,0.981748718728044,0.006665639046532068,0.16639335453510284,1112,52719,120,900443,0.02065724210956512,0.9025974025974026,0.040390098614314515,0.1318701193843762,53831,0.0564033302807855,773.7010836478753,0.15270999842385688,145563.130037745,0.08116883116883117,1.0,0.4017857142857143,0.99,0.7012987012987013,0.864,0.7824675324675324,0.1928
E3_multiseed_multisplit,random_forest__weighted__split42__model789,random_forest,weighted,D,algorithm,no_origin_balance,val,stratified,42,789,False,773.7010836478753,773.7010836478753,fixed,val,0.001290797995614565,0.0012908741900602688,0.0012908714849422776,5749,4448085,1232,953160,1232,953162,4453834,120.55147319999742,b2e6f6243676544cb68b25aac83ba18d5eb139e5,True,3.14.4,1.8.0,3.4.0,2026-08-27T16:42:18+00:00,0.7845244448499259,0.9828627949382861,0.006765836336966639,0.5,966,1047,266,952113,0.4798807749627422,0.7840909090909091,0.5953775038520801,0.612800405607697,2013,0.002109196221259189,773.7010836478753,0.21700749658577784,206851.4882503348,0.08116883116883117,1.0,0.4050324675324675,0.998,0.7224025974025974,0.89,0.8108766233766234,0.1998
E3_multiseed_multisplit,random_forest__weighted__split42__model789,random_forest,weighted,D,algorithm,no_origin_balance,test,stratified,42,789,False,773.7010836478753,773.7010836478753,fixed,val,0.001290797995614565,0.0012908741900602688,0.0012908714849422776,5749,4448085,1232,953160,1232,953162,4453834,120.55147319999742,b2e6f6243676544cb68b25aac83ba18d5eb139e5,True,3.14.4,1.8.0,3.4.0,2026-08-27T16:42:21+00:00,0.743144141522048,0.9817199653200774,0.006760706218669817,0.5,925,990,307,952172,0.4830287206266319,0.7508116883116883,0.5878614553543057,0.6015980783406321,1915,0.0020065088422601147,773.7010836478753,0.2502269187751503,238516.2326798977,0.08035714285714286,0.99,0.400974025974026,0.988,0.6988636363636364,0.861,0.7800324675324676,0.1922
E3_multiseed_multisplit,random_forest__weighted__split42__model789,random_forest,weighted,E,algorithm+decision,no_origin_balance,val,stratified,42,789,False,773.7010836478753,773.7010836478753,ner_optimal,val,0.001290797995614565,0.0012908741900602688,0.0012908714849422776,5749,4448085,1232,953160,1232,953162,4453834,120.55147319999742,b2e6f6243676544cb68b25aac83ba18d5eb139e5,True,3.14.4,1.8.0,3.4.0,2026-08-27T16:42:23+00:00,0.7845244448499259,0.9828627949382861,0.006765836336966639,0.1887541115283966,1118,34048,114,919112,0.03179207188761872,0.9074675324675324,0.0614319468102643,0.16615207192368772,35166,0.03684649494128199,773.7010836478753,0.12825215853517705,122249.92353585776,0.08116883116883117,1.0,0.4050324675324675,0.998,0.7224025974025974,0.89,0.8108766233766234,0.1998
E3_multiseed_multisplit,random_forest__weighted__split42__model789,random_forest,weighted,E,algorithm+decision,no_origin_balance,test,stratified,42,789,False,773.7010836478753,773.7010836478753,ner_optimal,val,0.001290797995614565,0.0012908741900602688,0.0012908714849422776,5749,4448085,1232,953160,1232,953162,4453834,120.55147319999742,b2e6f6243676544cb68b25aac83ba18d5eb139e5,True,3.14.4,1.8.0,3.4.0,2026-08-27T16:42:25+00:00,0.743144141522048,0.9817199653200774,0.006760706218669817,0.1887541115283966,1098,33921,134,919241,0.03135440760729889,0.8912337662337663,0.060577639237538276,0.16341223627905502,35019,0.03669239328830651,773.7010836478753,0.14435268931436904,137596.94520881528,0.08035714285714286,0.99,0.400974025974026,0.988,0.6988636363636364,0.861,0.7800324675324676,0.1922
E3_multiseed_multisplit,random_forest__weighted__split456__model123,random_forest,weighted,D,algorithm,no_origin_balance,val,stratified,456,123,False,773.7010836478753,773.7010836478753,fixed,val,0.001290797995614565,0.0012908741900602688,0.0012908714849422776,5749,4448085,1232,953160,1232,953162,4453834,158.38957510000182,b2e6f6243676544cb68b25aac83ba18d5eb139e5,True,3.14.4,1.8.0,3.4.0,2026-08-27T19:02:39+00:00,0.7571654683859838,0.9837645101761304,0.006484005519460986,0.5,930,885,302,952275,0.512396694214876,0.7548701298701299,0.6104364949130292,0.6213518954316213,1815,0.001901734297856646,773.7010836478753,0.2460583219196198,234542.7272616583,0.08116883116883117,1.0,0.4017857142857143,0.99,0.7021103896103896,0.865,0.7922077922077922,0.1952
E3_multiseed_multisplit,random_forest__weighted__split456__model123,random_forest,weighted,D,algorithm,no_origin_balance,test,stratified,456,123,False,773.7010836478753,773.7010836478753,fixed,val,0.001290797995614565,0.0012908741900602688,0.0012908714849422776,5749,4448085,1232,953160,1232,953162,4453834,158.38957510000182,b2e6f6243676544cb68b25aac83ba18d5eb139e5,True,3.14.4,1.8.0,3.4.0,2026-08-27T19:02:41+00:00,0.7756890629916643,0.9833712339839643,0.006524634098949492,0.5,961,923,271,952239,0.5100849256900213,0.7800324675324676,0.616816431322208,0.6302120332519631,1884,0.001974027498077314,773.7010836478753,0.22093584998384763,210595.99366857414,0.08116883116883117,1.0,0.4025974025974026,0.992,0.7215909090909091,0.889,0.8125,0.2002
E3_multiseed_multisplit,random_forest__weighted__split456__model123,random_forest,weighted,E,algorithm+decision,no_origin_balance,val,stratified,456,123,False,773.7010836478753,773.7010836478753,ner_optimal,val,0.001290797995614565,0.0012908741900602688,0.0012908714849422776,5749,4448085,1232,953160,1232,953162,4453834,158.38957510000182,b2e6f6243676544cb68b25aac83ba18d5eb139e5,True,3.14.4,1.8.0,3.4.0,2026-08-27T19:02:43+00:00,0.7571654683859838,0.9837645101761304,0.006484005519460986,0.198261559009552,1119,27087,113,926073,0.03967241012550521,0.9082792207792207,0.07602418642570827,0.18654453350326575,28206,0.029553893997435018,773.7010836478753,0.12013769857552524,114515.22245220988,0.08116883116883117,1.0,0.4017857142857143,0.99,0.7021103896103896,0.865,0.7922077922077922,0.1952
E3_multiseed_multisplit,random_forest__weighted__split456__model123,random_forest,weighted,E,algorithm+decision,no_origin_balance,test,stratified,456,123,False,773.7010836478753,773.7010836478753,ner_optimal,val,0.001290797995614565,0.0012908741900602688,0.0012908714849422776,5749,4448085,1232,953160,1232,953162,4453834,158.38957510000182,b2e6f6243676544cb68b25aac83ba18d5eb139e5,True,3.14.4,1.8.0,3.4.0,2026-08-27T19:02:45+00:00,0.7756890629916643,0.9833712339839643,0.006524634098949492,0.198261559009552,1096,27302,136,925860,0.038594267201915625,0.8896103896103896,0.07397907526155922,0.1819393655516526,28398,0.029755006842037985,773.7010836478753,0.1390320858288719,132525.34737611102,0.08116883116883117,1.0,0.4025974025974026,0.992,0.7215909090909091,0.889,0.8125,0.2002
E3_multiseed_multisplit,random_forest__weighted__split456__model42,random_forest,weighted,D,algorithm,no_origin_balance,val,stratified,456,42,False,773.7010836478753,773.7010836478753,fixed,val,0.001290797995614565,0.0012908741900602688,0.0012908714849422776,5749,4448085,1232,953160,1232,953162,4453834,156.03954639999938,b2e6f6243676544cb68b25aac83ba18d5eb139e5,True,3.14.4,1.8.0,3.4.0,2026-08-27T18:59:47+00:00,0.7569527030860385,0.9840117150648043,0.0065863780332762745,0.5,934,945,298,952215,0.4970729111229377,0.7581168831168831,0.6004500160720025,0.6132778137857149,1879,0.001968792697340296,773.7010836478753,0.2428745145569174,231507.9229270668,0.08116883116883117,1.0,0.4025974025974026,0.992,0.7061688311688312,0.87,0.7897727272727273,0.1946
E3_multiseed_multisplit,random_forest__weighted__split456__model42,random_forest,weighted,D,algorithm,no_origin_balance,test,stratified,456,42,False,773.7010836478753,773.7010836478753,fixed,val,0.001290797995614565,0.0012908741900602688,0.0012908714849422776,5749,4448085,1232,953160,1232,953162,4453834,156.03954639999938,b2e6f6243676544cb68b25aac83ba18d5eb139e5,True,3.14.4,1.8.0,3.4.0,2026-08-27T18:59:50+00:00,0.7720827964235308,0.9831475913989302,0.00663419813167262,0.5,956,968,276,952194,0.4968814968814969,0.775974025974026,0.605830164765526,0.6203530906547358,1924,0.002015938909926089,773.7010836478753,0.22504150095532735,214509.49908681356,0.08116883116883117,1.0,0.4025974025974026,0.992,0.7159090909090909,0.882,0.8084415584415584,0.1992
E3_multiseed_multisplit,random_forest__weighted__split456__model42,random_forest,weighted,E,algorithm+decision,no_origin_balance,val,stratified,456,42,False,773.7010836478753,773.7010836478753,ner_optimal,val,0.001290797995614565,0.0012908741900602688,0.0012908714849422776,5749,4448085,1232,953160,1232,953162,4453834,156.03954639999938,b2e6f6243676544cb68b25aac83ba18d5eb139e5,True,3.14.4,1.8.0,3.4.0,2026-08-27T18:59:52+00:00,0.7569527030860385,0.9840117150648043,0.0065863780332762745,0.17373357713222504,1141,46405,91,906755,0.02399781264459681,0.9261363636363636,0.04678338595268359,0.14480626005884223,47546,0.0498181040914006,773.7010836478753,0.12254703218661381,116811.79861195663,0.08116883116883117,1.0,0.4025974025974026,0.992,0.7061688311688312,0.87,0.7897727272727273,0.1946
E3_multiseed_multisplit,random_forest__weighted__split456__model42,random_forest,weighted,E,algorithm+decision,no_origin_balance,test,stratified,456,42,False,773.7010836478753,773.7010836478753,ner_optimal,val,0.001290797995614565,0.0012908741900602688,0.0012908714849422776,5749,4448085,1232,953160,1232,953162,4453834,156.03954639999938,b2e6f6243676544cb68b25aac83ba18d5eb139e5,True,3.14.4,1.8.0,3.4.0,2026-08-27T18:59:54+00:00,0.7720827964235308,0.9831475913989302,0.00663419813167262,0.17373357713222504,1115,46877,117,906285,0.023233038839806635,0.9050324675324676,0.045303104176824316,0.14061851477592638,47992,0.05028531193616054,773.7010836478753,0.1441461025783764,137400.02678680138,0.08116883116883117,1.0,0.4025974025974026,0.992,0.7159090909090909,0.882,0.8084415584415584,0.1992
E3_multiseed_multisplit,random_forest__weighted__split456__model456,random_forest,weighted,D,algorithm,no_origin_balance,val,stratified,456,456,False,773.7010836478753,773.7010836478753,fixed,val,0.001290797995614565,0.0012908741900602688,0.0012908714849422776,5749,4448085,1232,953160,1232,953162,4453834,146.2171770999994,b2e6f6243676544cb68b25aac83ba18d5eb139e5,True,3.14.4,1.8.0,3.4.0,2026-08-27T19:05:17+00:00,0.7605804514155832,0.9842121565014363,0.0062151276217445785,0.5,933,960,299,952200,0.4928684627575277,0.7573051948051948,0.59712,0.610342552600662,1893,0.001983461722227345,773.7010836478753,0.24370193933961842,232296.6240107147,0.08116883116883117,1.0,0.4042207792207792,0.996,0.7094155844155844,0.874,0.7987012987012987,0.1968
E3_multiseed_multisplit,random_forest__weighted__split456__model456,random_forest,weighted,D,algorithm,no_origin_balance,test,stratified,456,456,False,773.7010836478753,773.7010836478753,fixed,val,0.001290797995614565,0.0012908741900602688,0.0012908714849422776,5749,4448085,1232,953160,1232,953162,4453834,146.2171770999994,b2e6f6243676544cb68b25aac83ba18d5eb139e5,True,3.14.4,1.8.0,3.4.0,2026-08-27T19:05:19+00:00,0.7763820317570478,0.9837378678245972,0.006252525708780314,0.5,962,1006,270,952156,0.4888211382113821,0.7808441558441559,0.60125,0.6172164536980944,1968,0.002062041462959742,773.7010836478753,0.220211236811763,209905.2925849263,0.08116883116883117,1.0,0.4034090909090909,0.994,0.7248376623376623,0.893,0.8125,0.2002
E3_multiseed_multisplit,random_forest__weighted__split456__model456,random_forest,weighted,E,algorithm+decision,no_origin_balance,val,stratified,456,456,False,773.7010836478753,773.7010836478753,ner_optimal,val,0.001290797995614565,0.0012908741900602688,0.0012908714849422776,5749,4448085,1232,953160,1232,953162,4453834,146.2171770999994,b2e6f6243676544cb68b25aac83ba18d5eb139e5,True,3.14.4,1.8.0,3.4.0,2026-08-27T19:05:20+00:00,0.7605804514155832,0.9842121565014363,0.0062151276217445785,0.17666885256767273,1135,36563,97,916597,0.030107698021115178,0.9212662337662337,0.0583097867968148,0.1627539749738987,37698,0.03949949287085391,773.7010836478753,0.11709193887627295,111612.00511384389,0.08116883116883117,1.0,0.4042207792207792,0.996,0.7094155844155844,0.874,0.7987012987012987,0.1968
E3_multiseed_multisplit,random_forest__weighted__split456__model456,random_forest,weighted,E,algorithm+decision,no_origin_balance,test,stratified,456,456,False,773.7010836478753,773.7010836478753,ner_optimal,val,0.001290797995614565,0.0012908741900602688,0.0012908714849422776,5749,4448085,1232,953160,1232,953162,4453834,146.2171770999994,b2e6f6243676544cb68b25aac83ba18d5eb139e5,True,3.14.4,1.8.0,3.4.0,2026-08-27T19:05:22+00:00,0.7763820317570478,0.9837378678245972,0.006252525708780314,0.17666885256767273,1109,37207,123,915955,0.028943522288339074,0.9001623376623377,0.056083746333569336,0.1575069099958071,38316,0.04014694140994181,773.7010836478753,0.13887145413564794,132372.23328868864,0.08116883116883117,1.0,0.4034090909090909,0.994,0.7248376623376623,0.893,0.8125,0.2002
E3_multiseed_multisplit,random_forest__weighted__split456__model789,random_forest,weighted,D,algorithm,no_origin_balance,val,stratified,456,789,False,773.7010836478753,773.7010836478753,fixed,val,0.001290797995614565,0.0012908741900602688,0.0012908714849422776,5749,4448085,1232,953160,1232,953162,4453834,149.97549440000148,b2e6f6243676544cb68b25aac83ba18d5eb139e5,True,3.14.4,1.8.0,3.4.0,2026-08-27T19:07:59+00:00,0.7605376382915855,0.9841145147814543,0.006594464987075212,0.5,934,935,298,952225,0.49973247726056713,0.7581168831168831,0.6023863269912931,0.6149215756352295,1869,0.001958314822420976,773.7010836478753,0.24286402357624223,231497.9229270668,0.08116883116883117,1.0,0.4025974025974026,0.992,0.7061688311688312,0.87,0.7930194805194806,0.1954
E3_multiseed_multisplit,random_forest__weighted__split456__model789,random_forest,weighted,D,algorithm,no_origin_balance,test,stratified,456,789,False,773.7010836478753,773.7010836478753,fixed,val,0.001290797995614565,0.0012908741900602688,0.0012908714849422776,5749,4448085,1232,953160,1232,953162,4453834,149.97549440000148,b2e6f6243676544cb68b25aac83ba18d5eb139e5,True,3.14.4,1.8.0,3.4.0,2026-08-27T19:08:01+00:00,0.7745950497702909,0.9842572102357492,0.006643892867420332,0.5,961,984,271,952178,0.49408740359897174,0.7800324675324676,0.604973245199874,0.6202197152345502,1945,0.002037942401146696,773.7010836478753,0.22099984496596597,210656.99366857414,0.08116883116883117,1.0,0.4017857142857143,0.99,0.7207792207792207,0.888,0.8068181818181818,0.1988
E3_multiseed_multisplit,random_forest__weighted__split456__model789,random_forest,weighted,E,algorithm+decision,no_origin_balance,val,stratified,456,789,False,773.7010836478753,773.7010836478753,ner_optimal,val,0.001290797995614565,0.0012908741900602688,0.0012908714849422776,5749,4448085,1232,953160,1232,953162,4453834,149.97549440000148,b2e6f6243676544cb68b25aac83ba18d5eb139e5,True,3.14.4,1.8.0,3.4.0,2026-08-27T19:08:03+00:00,0.7605376382915855,0.9841145147814543,0.006594464987075212,0.19226059317588806,1131,32568,101,920592,0.03356182676043799,0.9180194805194806,0.064756233717901,0.17194969242353433,33699,0.03530939069061769,773.7010836478753,0.1161475453433086,110711.80944843538,0.08116883116883117,1.0,0.4025974025974026,0.992,0.7061688311688312,0.87,0.7930194805194806,0.1954
E3_multiseed_multisplit,random_forest__weighted__split456__model789,random_forest,weighted,E,algorithm+decision,no_origin_balance,test,stratified,456,789,False,773.7010836478753,773.7010836478753,ner_optimal,val,0.001290797995614565,0.0012908741900602688,0.0012908714849422776,5749,4448085,1232,953160,1232,953162,4453834,149.97549440000148,b2e6f6243676544cb68b25aac83ba18d5eb139e5,True,3.14.4,1.8.0,3.4.0,2026-08-27T19:08:04+00:00,0.7745950497702909,0.9842572102357492,0.006643892867420332,0.19226059317588806,1095,33037,137,920125,0.03208133130200398,0.8887987012987013,0.06192738378011537,0.16515064911074814,34132,0.03576300773055992,773.7010836478753,0.14586035155775182,139034.04845975892,0.08116883116883117,1.0,0.4017857142857143,0.99,0.7207792207792207,0.888,0.8068181818181818,0.1988
E3_multiseed_multisplit,random_forest__weighted__split789__model123,random_forest,weighted,D,algorithm,no_origin_balance,val,stratified,789,123,False,773.7010836478753,773.7010836478753,fixed,val,0.001290797995614565,0.0012908741900602688,0.0012908714849422776,5749,4448085,1232,953160,1232,953162,4453834,152.61701670000184,b2e6f6243676544cb68b25aac83ba18d5eb139e5,True,3.14.4,1.8.0,3.4.0,2026-08-27T20:17:17+00:00,0.7770678386590888,0.9840234225335495,0.007147528588683978,0.5,965,1132,267,952028,0.4601812112541726,0.7832792207792207,0.5797536797837188,0.5997370899567388,2097,0.0021972103705814802,773.7010836478753,0.21790835823320479,207710.18933398265,0.08116883116883117,1.0,0.4025974025974026,0.992,0.7224025974025974,0.89,0.810064935064935,0.1996
E3_multiseed_multisplit,random_forest__weighted__split789__model123,random_forest,weighted,D,algorithm,no_origin_balance,test,stratified,789,123,False,773.7010836478753,773.7010836478753,fixed,val,0.001290797995614565,0.0012908741900602688,0.0012908714849422776,5749,4448085,1232,953160,1232,953162,4453834,152.61701670000184,b2e6f6243676544cb68b25aac83ba18d5eb139e5,True,3.14.4,1.8.0,3.4.0,2026-08-27T20:17:19+00:00,0.7734860069331649,0.9832232708115164,0.007128871194274719,0.5,959,1137,273,952025,0.4575381679389313,0.7784090909090909,0.5763221153846154,0.5961403161854242,2096,0.0021961579808758226,773.7010836478753,0.22278373359367226,212357.39583586995,0.08116883116883117,1.0,0.4025974025974026,0.992,0.7183441558441559,0.885,0.8035714285714286,0.198
E3_multiseed_multisplit,random_forest__weighted__split789__model123,random_forest,weighted,E,algorithm+decision,no_origin_balance,val,stratified,789,123,False,773.7010836478753,773.7010836478753,ner_optimal,val,0.001290797995614565,0.0012908741900602688,0.0012908714849422776,5749,4448085,1232,953160,1232,953162,4453834,152.61701670000184,b2e6f6243676544cb68b25aac83ba18d5eb139e5,True,3.14.4,1.8.0,3.4.0,2026-08-27T20:17:20+00:00,0.7770678386590888,0.9840234225335495,0.007147528588683978,0.17077526450157166,1134,52555,98,900605,0.021121645029708133,0.9204545454545454,0.04129567924837494,0.1348434889223595,53689,0.0562546626543391,773.7010836478753,0.1346808034836418,128377.70619749176,0.08116883116883117,1.0,0.4025974025974026,0.992,0.7224025974025974,0.89,0.810064935064935,0.1996
E3_multiseed_multisplit,random_forest__weighted__split789__model123,random_forest,weighted,E,algorithm+decision,no_origin_balance,test,stratified,789,123,False,773.7010836478753,773.7010836478753,ner_optimal,val,0.001290797995614565,0.0012908741900602688,0.0012908714849422776,5749,4448085,1232,953160,1232,953162,4453834,152.61701670000184,b2e6f6243676544cb68b25aac83ba18d5eb139e5,True,3.14.4,1.8.0,3.4.0,2026-08-27T20:17:21+00:00,0.7734860069331649,0.9832232708115164,0.007128871194274719,0.17077526450157166,1137,52644,95,900518,0.021141295252970378,0.9228896103896104,0.04133568429280352,0.1350996114274775,53781,0.056350941015974536,773.7010836478753,0.13233910827658557,126145.60294654813,0.08116883116883117,1.0,0.4025974025974026,0.992,0.7183441558441559,0.885,0.8035714285714286,0.198
E3_multiseed_multisplit,random_forest__weighted__split789__model42,random_forest,weighted,D,algorithm,no_origin_balance,val,stratified,789,42,False,773.7010836478753,773.7010836478753,fixed,val,0.001290797995614565,0.0012908741900602688,0.0012908714849422776,5749,4448085,1232,953160,1232,953162,4453834,149.5565709999937,b2e6f6243676544cb68b25aac83ba18d5eb139e5,True,3.14.4,1.8.0,3.4.0,2026-08-27T20:14:34+00:00,0.7715761578831913,0.9852534135599806,0.007422715441842834,0.5,966,1731,266,951429,0.3581757508342603,0.7840909090909091,0.49172817510817,0.5291249691615351,2697,0.002825882865740702,773.7010836478753,0.21772507966395727,207535.4882503348,0.08035714285714286,0.99,0.4034090909090909,0.994,0.7159090909090909,0.882,0.8051948051948052,0.1984
E3_multiseed_multisplit,random_forest__weighted__split789__model42,random_forest,weighted,D,algorithm,no_origin_balance,test,stratified,789,42,False,773.7010836478753,773.7010836478753,fixed,val,0.001290797995614565,0.0012908741900602688,0.0012908714849422776,5749,4448085,1232,953160,1232,953162,4453834,149.5565709999937,b2e6f6243676544cb68b25aac83ba18d5eb139e5,True,3.14.4,1.8.0,3.4.0,2026-08-27T20:14:35+00:00,0.7710857316780422,0.9841490777504277,0.0073981596352800175,0.5,962,1668,270,951494,0.36577946768060837,0.7808441558441559,0.4981874676333506,0.5336250013595154,2630,0.002755675329056972,773.7010836478753,0.22090573973245714,210567.2925849263,0.08035714285714286,0.99,0.4042207792207792,0.996,0.7183441558441559,0.885,0.799512987012987,0.197
E3_multiseed_multisplit,random_forest__weighted__split789__model42,random_forest,weighted,E,algorithm+decision,no_origin_balance,val,stratified,789,42,False,773.7010836478753,773.7010836478753,ner_optimal,val,0.001290797995614565,0.0012908741900602688,0.0012908714849422776,5749,4448085,1232,953160,1232,953162,4453834,149.5565709999937,b2e6f6243676544cb68b25aac83ba18d5eb139e5,True,3.14.4,1.8.0,3.4.0,2026-08-27T20:14:37+00:00,0.7715761578831913,0.9852534135599806,0.007422715441842834,0.17820727825164795,1134,46560,98,906600,0.023776575669895585,0.9204545454545454,0.046355720884601236,0.14363011809326617,47694,0.04997317664020654,773.7010836478753,0.1283914605688966,122382.70619749176,0.08035714285714286,0.99,0.4034090909090909,0.994,0.7159090909090909,0.882,0.8051948051948052,0.1984
E3_multiseed_multisplit,random_forest__weighted__split789__model42,random_forest,weighted,E,algorithm+decision,no_origin_balance,test,stratified,789,42,False,773.7010836478753,773.7010836478753,ner_optimal,val,0.001290797995614565,0.0012908741900602688,0.0012908714849422776,5749,4448085,1232,953160,1232,953162,4453834,149.5565709999937,b2e6f6243676544cb68b25aac83ba18d5eb139e5,True,3.14.4,1.8.0,3.4.0,2026-08-27T20:14:38+00:00,0.7710857316780422,0.9841490777504277,0.0073981596352800175,0.17820727825164795,1141,46525,91,906637,0.02393739772584232,0.9261363636363636,0.04666857540185693,0.14461269583248088,47666,0.04994373392959302,773.7010836478753,0.12267292395471546,116931.79861195663,0.08035714285714286,0.99,0.4042207792207792,0.996,0.7183441558441559,0.885,0.799512987012987,0.197
E3_multiseed_multisplit,random_forest__weighted__split789__model456,random_forest,weighted,D,algorithm,no_origin_balance,val,stratified,789,456,False,773.7010836478753,773.7010836478753,fixed,val,0.001290797995614565,0.0012908741900602688,0.0012908714849422776,5749,4448085,1232,953160,1232,953162,4453834,146.12161280000146,b2e6f6243676544cb68b25aac83ba18d5eb139e5,True,3.14.4,1.8.0,3.4.0,2026-08-27T20:19:55+00:00,0.7763675827531619,0.9845464439917693,0.007155969627034846,0.5,971,1544,261,951616,0.3860834990059642,0.7881493506493507,0.5182812917000267,0.5508633129295011,2515,0.0026351855422090714,773.7010836478753,0.2134704567668906,203479.9828320954,0.08116883116883117,1.0,0.4017857142857143,0.99,0.713474025974026,0.879,0.8084415584415584,0.1992
E3_multiseed_multisplit,random_forest__weighted__split789__model456,random_forest,weighted,D,algorithm,no_origin_balance,test,stratified,789,456,False,773.7010836478753,773.7010836478753,fixed,val,0.001290797995614565,0.0012908741900602688,0.0012908714849422776,5749,4448085,1232,953160,1232,953162,4453834,146.12161280000146,b2e6f6243676544cb68b25aac83ba18d5eb139e5,True,3.14.4,1.8.0,3.4.0,2026-08-27T20:19:56+00:00,0.7684044221874352,0.9841947387413492,0.0071433067742345336,0.5,965,1542,267,951620,0.3849222177901875,0.7832792207792207,0.5161807970045467,0.5483243615201405,2507,0.0026267977376219884,773.7010836478753,0.21833848844088544,208120.18933398265,0.08116883116883117,1.0,0.4017857142857143,0.99,0.7159090909090909,0.882,0.7962662337662337,0.1962
E3_multiseed_multisplit,random_forest__weighted__split789__model456,random_forest,weighted,E,algorithm+decision,no_origin_balance,val,stratified,789,456,False,773.7010836478753,773.7010836478753,ner_optimal,val,0.001290797995614565,0.0012908741900602688,0.0012908714849422776,5749,4448085,1232,953160,1232,953162,4453834,146.12161280000146,b2e6f6243676544cb68b25aac83ba18d5eb139e5,True,3.14.4,1.8.0,3.4.0,2026-08-27T20:19:58+00:00,0.7763675827531619,0.9845464439917693,0.007155969627034846,0.20230013132095337,1116,33212,116,919948,0.03250990445117688,0.9058441558441559,0.06276715410573679,0.16794735653048973,34328,0.03596844902304294,773.7010836478753,0.12899848917411214,122961.3257031535,0.08116883116883117,1.0,0.4017857142857143,0.99,0.713474025974026,0.879,0.8084415584415584,0.1992
E3_multiseed_multisplit,random_forest__weighted__split789__model456,random_forest,weighted,E,algorithm+decision,no_origin_balance,test,stratified,789,456,False,773.7010836478753,773.7010836478753,ner_optimal,val,0.001290797995614565,0.0012908741900602688,0.0012908714849422776,5749,4448085,1232,953160,1232,953162,4453834,146.12161280000146,b2e6f6243676544cb68b25aac83ba18d5eb139e5,True,3.14.4,1.8.0,3.4.0,2026-08-27T20:19:59+00:00,0.7684044221874352,0.9841947387413492,0.0071433067742345336,0.20230013132095337,1124,33194,108,919968,0.03275249140392797,0.9123376623376623,0.06323488045007032,0.16922682268869202,34318,0.03595789579565672,773.7010836478753,0.1224860989153904,116753.7170339705,0.08116883116883117,1.0,0.4017857142857143,0.99,0.7159090909090909,0.882,0.7962662337662337,0.1962
E3_multiseed_multisplit,random_forest__weighted__split789__model789,random_forest,weighted,D,algorithm,no_origin_balance,val,stratified,789,789,False,773.7010836478753,773.7010836478753,fixed,val,0.001290797995614565,0.0012908741900602688,0.0012908714849422776,5749,4448085,1232,953160,1232,953162,4453834,165.59343369999988,b2e6f6243676544cb68b25aac83ba18d5eb139e5,True,3.14.4,1.8.0,3.4.0,2026-08-27T20:22:53+00:00,0.7753723281905085,0.9841522638742872,0.007110180310835667,0.5,962,1069,270,952091,0.4736582964057115,0.7808441558441559,0.5896414342629482,0.6075368576526619,2031,0.0021280563961139655,773.7010836478753,0.22027732999001637,209968.2925849263,0.08116883116883117,1.0,0.4017857142857143,0.99,0.7207792207792207,0.888,0.8035714285714286,0.198
E3_multiseed_multisplit,random_forest__weighted__split789__model789,random_forest,weighted,D,algorithm,no_origin_balance,test,stratified,789,789,False,773.7010836478753,773.7010836478753,fixed,val,0.001290797995614565,0.0012908741900602688,0.0012908714849422776,5749,4448085,1232,953160,1232,953162,4453834,165.59343369999988,b2e6f6243676544cb68b25aac83ba18d5eb139e5,True,3.14.4,1.8.0,3.4.0,2026-08-27T20:22:56+00:00,0.7697078918671916,0.9841491045750199,0.007085006759186765,0.5,957,1046,275,952116,0.4777833250124813,0.7767857142857143,0.5916537867078825,0.6085942526218505,2003,0.0020987139483274204,773.7010836478753,0.22431164229290512,213813.7980031657,0.07954545454545454,0.98,0.4017857142857143,0.99,0.7191558441558441,0.886,0.8027597402597403,0.1978
E3_multiseed_multisplit,random_forest__weighted__split789__model789,random_forest,weighted,E,algorithm+decision,no_origin_balance,val,stratified,789,789,False,773.7010836478753,773.7010836478753,ner_optimal,val,0.001290797995614565,0.0012908741900602688,0.0012908714849422776,5749,4448085,1232,953160,1232,953162,4453834,165.59343369999988,b2e6f6243676544cb68b25aac83ba18d5eb139e5,True,3.14.4,1.8.0,3.4.0,2026-08-27T20:22:58+00:00,0.7753723281905085,0.9841522638742872,0.007110180310835667,0.1941239982843399,1124,38383,108,914777,0.02845065431442529,0.9123376623376623,0.05518053953214365,0.15718769822643086,39507,0.04139494044375896,773.7010836478753,0.12792986878771948,121942.7170339705,0.08116883116883117,1.0,0.4017857142857143,0.99,0.7207792207792207,0.888,0.8035714285714286,0.198
E3_multiseed_multisplit,random_forest__weighted__split789__model789,random_forest,weighted,E,algorithm+decision,no_origin_balance,test,stratified,789,789,False,773.7010836478753,773.7010836478753,ner_optimal,val,0.001290797995614565,0.0012908741900602688,0.0012908714849422776,5749,4448085,1232,953160,1232,953162,4453834,165.59343369999988,b2e6f6243676544cb68b25aac83ba18d5eb139e5,True,3.14.4,1.8.0,3.4.0,2026-08-27T20:23:00+00:00,0.7697078918671916,0.9841491045750199,0.007085006759186765,0.1941239982843399,1124,38438,108,914724,0.02841110156210505,0.9123376623376623,0.05510614306025396,0.15707273349697567,39562,0.041452481889031154,773.7010836478753,0.12798756918143273,121997.7170339705,0.07954545454545454,0.98,0.4017857142857143,0.99,0.7191558441558441,0.886,0.8027597402597403,0.1978
E3_multiseed_multisplit,xgboost__instance_weighted__split123__model123,xgboost,instance_weighted,F,algorithm,no_origin_balance,val,stratified,123,123,False,773.7010836478753,773.7010836478753,ner_optimal,val,0.001290797995614565,0.0012908741900602688,0.0012908714849422776,5749,4448085,1232,953160,1232,953162,4453834,134.20341769999868,b2e6f6243676544cb68b25aac83ba18d5eb139e5,True,3.14.4,1.8.0,3.4.0,2026-08-27T18:28:36+00:00,0.819576251060872,0.9853320540615959,0.008595225153880495,0.2235172539949417,1120,32773,112,920387,0.033045171569350607,0.9090909090909091,0.06377224199288256,0.1697009935550479,33893,0.035512661464052506,773.7010836478753,0.12529118187572036,119427.52136856201,0.08116883116883117,1.0,0.40584415584415584,1.0,0.7483766233766234,0.922,0.851461038961039,0.2098
E3_multiseed_multisplit,xgboost__instance_weighted__split123__model123,xgboost,instance_weighted,F,algorithm,no_origin_balance,test,stratified,123,123,False,773.7010836478753,773.7010836478753,ner_optimal,val,0.001290797995614565,0.0012908741900602688,0.0012908714849422776,5749,4448085,1232,953160,1232,953162,4453834,134.20341769999868,b2e6f6243676544cb68b25aac83ba18d5eb139e5,True,3.14.4,1.8.0,3.4.0,2026-08-27T18:28:38+00:00,0.8258746273761903,0.9860388217213971,0.008668835071932288,0.2235172539949417,1130,32871,102,920291,0.033234316637745946,0.9172077922077922,0.06414441007010473,0.1709936299441334,34001,0.03562574785675518,773.7010836478753,0.11727711036945358,111788.51053208325,0.08116883116883117,1.0,0.4050324675324675,0.998,0.7564935064935064,0.932,0.8587662337662337,0.2116
E3_multiseed_multisplit,xgboost__instance_weighted__split123__model42,xgboost,instance_weighted,F,algorithm,no_origin_balance,val,stratified,123,42,False,773.7010836478753,773.7010836478753,ner_optimal,val,0.001290797995614565,0.0012908741900602688,0.0012908714849422776,5749,4448085,1232,953160,1232,953162,4453834,134.96722560000126,b2e6f6243676544cb68b25aac83ba18d5eb139e5,True,3.14.4,1.8.0,3.4.0,2026-08-27T18:26:11+00:00,0.8186867398451041,0.9850590234233851,0.00878392152099907,0.25677675008773804,1117,27414,115,925746,0.03915039781290526,0.9066558441558441,0.07505963780532876,0.18509695685053804,28531,0.029894424932312928,773.7010836478753,0.12210413026697887,116389.62461950563,0.08116883116883117,1.0,0.40584415584415584,1.0,0.747564935064935,0.921,0.8547077922077922,0.2106
E3_multiseed_multisplit,xgboost__instance_weighted__split123__model42,xgboost,instance_weighted,F,algorithm,no_origin_balance,test,stratified,123,42,False,773.7010836478753,773.7010836478753,ner_optimal,val,0.001290797995614565,0.0012908741900602688,0.0012908714849422776,5749,4448085,1232,953160,1232,953162,4453834,134.96722560000126,b2e6f6243676544cb68b25aac83ba18d5eb139e5,True,3.14.4,1.8.0,3.4.0,2026-08-27T18:26:13+00:00,0.8251221015545366,0.9859903326520557,0.00880498384614908,0.25677675008773804,1119,27691,113,925471,0.03884068031933356,0.9082792207792207,0.07449570601158378,0.18450597156078255,28810,0.030186694384080368,773.7010836478753,0.12077135380830357,115119.22245220988,0.08116883116883117,1.0,0.40584415584415584,1.0,0.7573051948051948,0.933,0.8628246753246753,0.2126
E3_multiseed_multisplit,xgboost__instance_weighted__split123__model456,xgboost,instance_weighted,F,algorithm,no_origin_balance,val,stratified,123,456,False,773.7010836478753,773.7010836478753,ner_optimal,val,0.001290797995614565,0.0012908741900602688,0.0012908714849422776,5749,4448085,1232,953160,1232,953162,4453834,129.14607109999997,b2e6f6243676544cb68b25aac83ba18d5eb139e5,True,3.14.4,1.8.0,3.4.0,2026-08-27T18:30:56+00:00,0.8174362742639546,0.9854197604427759,0.008966712382371926,0.18801696598529816,1130,42929,102,910231,0.025647427313375246,0.9172077922077922,0.049899538539665715,0.1492352903434652,44059,0.04616446910703359,773.7010836478753,0.12782893873250728,121846.51053208325,0.08116883116883117,1.0,0.40584415584415584,1.0,0.7516233766233766,0.926,0.851461038961039,0.2098
E3_multiseed_multisplit,xgboost__instance_weighted__split123__model456,xgboost,instance_weighted,F,algorithm,no_origin_balance,test,stratified,123,456,False,773.7010836478753,773.7010836478753,ner_optimal,val,0.001290797995614565,0.0012908741900602688,0.0012908714849422776,5749,4448085,1232,953160,1232,953162,4453834,129.14607109999997,b2e6f6243676544cb68b25aac83ba18d5eb139e5,True,3.14.4,1.8.0,3.4.0,2026-08-27T18:30:57+00:00,0.8248055614234127,0.9866398927035391,0.008995913406883122,0.18801696598529816,1137,42841,95,910321,0.02585383600891355,0.9228896103896104,0.050298606502986065,0.1503548924077928,43978,0.04607950175713594,773.7010836478753,0.12205479992074789,116342.60294654813,0.08116883116883117,1.0,0.40584415584415584,1.0,0.7573051948051948,0.933,0.8555194805194806,0.2108
E3_multiseed_multisplit,xgboost__instance_weighted__split123__model789,xgboost,instance_weighted,F,algorithm,no_origin_balance,val,stratified,123,789,False,773.7010836478753,773.7010836478753,ner_optimal,val,0.001290797995614565,0.0012908741900602688,0.0012908714849422776,5749,4448085,1232,953160,1232,953162,4453834,127.9563874000014,b2e6f6243676544cb68b25aac83ba18d5eb139e5,True,3.14.4,1.8.0,3.4.0,2026-08-27T18:33:14+00:00,0.8190493815901646,0.9858582369962279,0.008878638437318868,0.19858650863170624,1132,39895,100,913265,0.027591586028712797,0.9188311688311688,0.053574386521214414,0.155245397264502,41027,0.04298757743149565,773.7010836478753,0.12302259857229382,117265.1083647875,0.08116883116883117,1.0,0.40584415584415584,1.0,0.747564935064935,0.921,0.8563311688311688,0.211
E3_multiseed_multisplit,xgboost__instance_weighted__split123__model789,xgboost,instance_weighted,F,algorithm,no_origin_balance,test,stratified,123,789,False,773.7010836478753,773.7010836478753,ner_optimal,val,0.001290797995614565,0.0012908741900602688,0.0012908714849422776,5749,4448085,1232,953160,1232,953162,4453834,127.9563874000014,b2e6f6243676544cb68b25aac83ba18d5eb139e5,True,3.14.4,1.8.0,3.4.0,2026-08-27T18:33:16+00:00,0.8255313279344298,0.9862826955840788,0.00894605390501706,0.19858650863170624,1132,40082,100,913080,0.027466394914349494,0.9188311688311688,0.05333835932714508,0.15487401215076096,41214,0.04318342319838557,773.7010836478753,0.1232187799109189,117452.1083647875,0.08116883116883117,1.0,0.4050324675324675,0.998,0.7564935064935064,0.932,0.862012987012987,0.2124
E3_multiseed_multisplit,xgboost__instance_weighted__split42__model123,xgboost,instance_weighted,F,algorithm,no_origin_balance,val,stratified,42,123,False,773.7010836478753,773.7010836478753,ner_optimal,val,0.001290797995614565,0.0012908741900602688,0.0012908714849422776,5749,4448085,1232,953160,1232,953162,4453834,111.39450810000199,b2e6f6243676544cb68b25aac83ba18d5eb139e5,True,3.14.4,1.8.0,3.4.0,2026-08-27T17:15:47+00:00,0.8266631438031717,0.9839204103486529,0.008354594099377654,0.28880706429481506,1114,21637,118,931523,0.04896488066458617,0.9042207792207793,0.09289913688862944,0.2074895037453785,22751,0.02383821322894576,773.7010836478753,0.11847855566601663,112933.72787044925,0.08116883116883117,1.0,0.40584415584415584,1.0,0.7532467532467533,0.928,0.8636363636363636,0.2128
E3_multiseed_multisplit,xgboost__instance_weighted__split42__model123,xgboost,instance_weighted,F,algorithm,no_origin_balance,test,stratified,42,123,False,773.7010836478753,773.7010836478753,ner_optimal,val,0.001290797995614565,0.0012908741900602688,0.0012908714849422776,5749,4448085,1232,953160,1232,953162,4453834,111.39450810000199,b2e6f6243676544cb68b25aac83ba18d5eb139e5,True,3.14.4,1.8.0,3.4.0,2026-08-27T17:15:48+00:00,0.7971500351313472,0.9833503159116027,0.008294922765038794,0.28880706429481506,1087,21328,145,931834,0.04849431184474682,0.8823051948051948,0.09193555207848776,0.20388202928958885,22415,0.02348610741475743,773.7010836478753,0.1400699687787393,133514.6571289419,0.08116883116883117,1.0,0.40584415584415584,1.0,0.7362012987012987,0.907,0.836038961038961,0.206
E3_multiseed_multisplit,xgboost__instance_weighted__split42__model42,xgboost,instance_weighted,F,algorithm,no_origin_balance,val,stratified,42,42,False,773.7010836478753,773.7010836478753,ner_optimal,val,0.001290797995614565,0.0012908741900602688,0.0012908714849422776,5749,4448085,1232,953160,1232,953162,4453834,134.33309709999958,b2e6f6243676544cb68b25aac83ba18d5eb139e5,True,3.14.4,1.8.0,3.4.0,2026-08-27T17:13:46+00:00,0.8275252992773557,0.9846097991274956,0.008278381535659952,0.379707396030426,1100,13712,132,939448,0.07426411018093437,0.8928571428571429,0.13712291199202195,0.25517734077989057,14812,0.015519828330497322,773.7010836478753,0.12152808984460624,115840.54304151953,0.08116883116883117,1.0,0.40584415584415584,1.0,0.7548701298701299,0.93,0.859577922077922,0.2118
E3_multiseed_multisplit,xgboost__instance_weighted__split42__model42,xgboost,instance_weighted,F,algorithm,no_origin_balance,test,stratified,42,42,False,773.7010836478753,773.7010836478753,ner_optimal,val,0.001290797995614565,0.0012908741900602688,0.0012908714849422776,5749,4448085,1232,953160,1232,953162,4453834,134.33309709999958,b2e6f6243676544cb68b25aac83ba18d5eb139e5,True,3.14.4,1.8.0,3.4.0,2026-08-27T17:13:48+00:00,0.798192057109554,0.9831257493683976,0.008190204947738984,0.379707396030426,1069,13432,163,939730,0.0737190538583546,0.8676948051948052,0.1358927095913049,0.2505568853359584,14501,0.015193934580477245,773.7010836478753,0.14639668004804002,139545.27663460365,0.08116883116883117,1.0,0.4050324675324675,0.998,0.739448051948052,0.911,0.8368506493506493,0.2062
E3_multiseed_multisplit,xgboost__instance_weighted__split42__model456,xgboost,instance_weighted,F,algorithm,no_origin_balance,val,stratified,42,456,False,773.7010836478753,773.7010836478753,ner_optimal,val,0.001290797995614565,0.0012908741900602688,0.0012908714849422776,5749,4448085,1232,953160,1232,953162,4453834,105.62282570000025,b2e6f6243676544cb68b25aac83ba18d5eb139e5,True,3.14.4,1.8.0,3.4.0,2026-08-27T17:17:43+00:00,0.8308568967966977,0.9842732941328993,0.008271983769569358,0.3399273157119751,1106,16483,126,936677,0.06288020922167263,0.8977272727272727,0.11752829286435365,0.2350393001125846,17589,0.018429534195592588,773.7010836478753,0.11956501071955704,113969.33653963225,0.08116883116883117,1.0,0.40584415584415584,1.0,0.7573051948051948,0.933,0.8685064935064936,0.214
E3_multiseed_multisplit,xgboost__instance_weighted__split42__model456,xgboost,instance_weighted,F,algorithm,no_origin_balance,test,stratified,42,456,False,773.7010836478753,773.7010836478753,ner_optimal,val,0.001290797995614565,0.0012908741900602688,0.0012908714849422776,5749,4448085,1232,953160,1232,953162,4453834,105.62282570000025,b2e6f6243676544cb68b25aac83ba18d5eb139e5,True,3.14.4,1.8.0,3.4.0,2026-08-27T17:17:44+00:00,0.8006031054340386,0.983456747802945,0.008251522912553573,0.3399273157119751,1068,16260,164,936902,0.061634349030470915,0.8668831168831169,0.11508620689655172,0.22853801479715882,17328,0.018156023612889434,773.7010836478753,0.15017521769465733,143146.97771825152,0.08116883116883117,1.0,0.4050324675324675,0.998,0.734577922077922,0.905,0.836038961038961,0.206
E3_multiseed_multisplit,xgboost__instance_weighted__split42__model789,xgboost,instance_weighted,F,algorithm,no_origin_balance,val,stratified,42,789,False,773.7010836478753,773.7010836478753,ner_optimal,val,0.001290797995614565,0.0012908741900602688,0.0012908714849422776,5749,4448085,1232,953160,1232,953162,4453834,121.88990199999898,b2e6f6243676544cb68b25aac83ba18d5eb139e5,True,3.14.4,1.8.0,3.4.0,2026-08-27T17:19:54+00:00,0.8274708790275923,0.9839402486663636,0.008315925624080782,0.30642127990722656,1105,19525,127,933635,0.05356277266117305,0.8969155844155844,0.10108864696734059,0.21639056537536008,20630,0.02161585595855791,773.7010836478753,0.1235680553526223,117785.03762328012,0.08116883116883117,1.0,0.40584415584415584,1.0,0.7540584415584416,0.929,0.8612012987012987,0.2122
E3_multiseed_multisplit,xgboost__instance_weighted__split42__model789,xgboost,instance_weighted,F,algorithm,no_origin_balance,test,stratified,42,789,False,773.7010836478753,773.7010836478753,ner_optimal,val,0.001290797995614565,0.0012908741900602688,0.0012908714849422776,5749,4448085,1232,953160,1232,953162,4453834,121.88990199999898,b2e6f6243676544cb68b25aac83ba18d5eb139e5,True,3.14.4,1.8.0,3.4.0,2026-08-27T17:19:56+00:00,0.7966123564389672,0.9833734178463878,0.008238247814807587,0.30642127990722656,1086,19309,146,933853,0.053248345182642806,0.8814935064935064,0.10043001803301428,0.21383345946884758,20395,0.021369581116394278,773.7010836478753,0.13876352809211728,132269.35821258978,0.08116883116883117,1.0,0.40584415584415584,1.0,0.7321428571428571,0.902,0.8295454545454546,0.2044
E3_multiseed_multisplit,xgboost__instance_weighted__split456__model123,xgboost,instance_weighted,F,algorithm,no_origin_balance,val,stratified,456,123,False,773.7010836478753,773.7010836478753,ner_optimal,val,0.001290797995614565,0.0012908741900602688,0.0012908714849422776,5749,4448085,1232,953160,1232,953162,4453834,131.95374060000177,b2e6f6243676544cb68b25aac83ba18d5eb139e5,True,3.14.4,1.8.0,3.4.0,2026-08-27T19:42:04+00:00,0.8163774104611997,0.9859113178658494,0.008138672915404623,0.2533736824989319,1119,25051,113,928109,0.04275888421857088,0.9082792207792207,0.08167287059338735,0.19392225807147193,26170,0.02742059866386139,773.7010836478753,0.11800173491006717,112479.22245220988,0.08116883116883117,1.0,0.40584415584415584,1.0,0.7362012987012987,0.907,0.8555194805194806,0.2108
E3_multiseed_multisplit,xgboost__instance_weighted__split456__model123,xgboost,instance_weighted,F,algorithm,no_origin_balance,test,stratified,456,123,False,773.7010836478753,773.7010836478753,ner_optimal,val,0.001290797995614565,0.0012908741900602688,0.0012908714849422776,5749,4448085,1232,953160,1232,953162,4453834,131.95374060000177,b2e6f6243676544cb68b25aac83ba18d5eb139e5,True,3.14.4,1.8.0,3.4.0,2026-08-27T19:42:05+00:00,0.8157624301091065,0.9842727182562581,0.00817796907947317,0.2533736824989319,1104,25351,128,927811,0.04173124173124173,0.8961038961038961,0.07974861848520967,0.1901727464582139,26455,0.027719160011483727,773.7010836478753,0.13049178900564598,124384.73870692801,0.08116883116883117,1.0,0.4050324675324675,0.998,0.7483766233766234,0.922,0.8522727272727273,0.21
E3_multiseed_multisplit,xgboost__instance_weighted__split456__model42,xgboost,instance_weighted,F,algorithm,no_origin_balance,val,stratified,456,42,False,773.7010836478753,773.7010836478753,ner_optimal,val,0.001290797995614565,0.0012908741900602688,0.0012908714849422776,5749,4448085,1232,953160,1232,953162,4453834,128.0171139999984,b2e6f6243676544cb68b25aac83ba18d5eb139e5,True,3.14.4,1.8.0,3.4.0,2026-08-27T19:39:41+00:00,0.8155403526968713,0.9854249614440388,0.008169316965772097,0.2304188460111618,1122,28705,110,924455,0.03761692426325142,0.9107142857142857,0.0722495894909688,0.18171583413357786,29827,0.031252357521856844,773.7010836478753,0.11940007431369762,113812.11920126625,0.08116883116883117,1.0,0.40584415584415584,1.0,0.734577922077922,0.905,0.8555194805194806,0.2108
E3_multiseed_multisplit,xgboost__instance_weighted__split456__model42,xgboost,instance_weighted,F,algorithm,no_origin_balance,test,stratified,456,42,False,773.7010836478753,773.7010836478753,ner_optimal,val,0.001290797995614565,0.0012908741900602688,0.0012908714849422776,5749,4448085,1232,953160,1232,953162,4453834,128.0171139999984,b2e6f6243676544cb68b25aac83ba18d5eb139e5,True,3.14.4,1.8.0,3.4.0,2026-08-27T19:39:43+00:00,0.8125521480802687,0.9846002367322195,0.008232523888610926,0.2304188460111618,1108,29118,124,924044,0.03665718255806259,0.8993506493506493,0.07044313052323734,0.1781326893768865,30226,0.03167035836352701,773.7010836478753,0.13119698817921718,125056.9343723365,0.08116883116883117,1.0,0.4042207792207792,0.996,0.7443181818181818,0.917,0.8433441558441559,0.2078
E3_multiseed_multisplit,xgboost__instance_weighted__split456__model456,xgboost,instance_weighted,F,algorithm,no_origin_balance,val,stratified,456,456,False,773.7010836478753,773.7010836478753,ner_optimal,val,0.001290797995614565,0.0012908741900602688,0.0012908714849422776,5749,4448085,1232,953160,1232,953162,4453834,126.86392039999919,b2e6f6243676544cb68b25aac83ba18d5eb139e5,True,3.14.4,1.8.0,3.4.0,2026-08-27T19:44:20+00:00,0.8140206958710795,0.9852223280504275,0.008174925396912858,0.20587392151355743,1127,33746,105,919414,0.03231726550626559,0.9147727272727273,0.06242902645063011,0.16828061824639282,34873,0.036539493206145905,773.7010836478753,0.12063013611359309,114984.61378302689,0.08116883116883117,1.0,0.40584415584415584,1.0,0.7321428571428571,0.902,0.851461038961039,0.2098
E3_multiseed_multisplit,xgboost__instance_weighted__split456__model456,xgboost,instance_weighted,F,algorithm,no_origin_balance,test,stratified,456,456,False,773.7010836478753,773.7010836478753,ner_optimal,val,0.001290797995614565,0.0012908741900602688,0.0012908714849422776,5749,4448085,1232,953160,1232,953162,4453834,126.86392039999919,b2e6f6243676544cb68b25aac83ba18d5eb139e5,True,3.14.4,1.8.0,3.4.0,2026-08-27T19:44:22+00:00,0.811785437153867,0.9848071220371718,0.008204016404904577,0.20587392151355743,1114,34027,118,919135,0.031700862240687515,0.9042207792207793,0.06125422703653809,0.1655940792521557,35141,0.03682022309444527,773.7010836478753,0.1314768807225125,125323.72787044925,0.08116883116883117,1.0,0.4050324675324675,0.998,0.739448051948052,0.911,0.8465909090909091,0.2086
E3_multiseed_multisplit,xgboost__instance_weighted__split456__model789,xgboost,instance_weighted,F,algorithm,no_origin_balance,val,stratified,456,789,False,773.7010836478753,773.7010836478753,ner_optimal,val,0.001290797995614565,0.0012908741900602688,0.0012908714849422776,5749,4448085,1232,953160,1232,953162,4453834,132.04143079999994,b2e6f6243676544cb68b25aac83ba18d5eb139e5,True,3.14.4,1.8.0,3.4.0,2026-08-27T19:46:43+00:00,0.81538927880758,0.9860660973641743,0.008236046327114513,0.20854857563972473,1131,33908,101,919252,0.03227831844516111,0.9180194805194806,0.06236387196382785,0.1684841275261798,35039,0.03671342592980662,773.7010836478753,0.11755333675377706,112051.80944843538,0.08116883116883117,1.0,0.40584415584415584,1.0,0.7353896103896104,0.906,0.8555194805194806,0.2108
E3_multiseed_multisplit,xgboost__instance_weighted__split456__model789,xgboost,instance_weighted,F,algorithm,no_origin_balance,test,stratified,456,789,False,773.7010836478753,773.7010836478753,ner_optimal,val,0.001290797995614565,0.0012908741900602688,0.0012908714849422776,5749,4448085,1232,953160,1232,953162,4453834,132.04143079999994,b2e6f6243676544cb68b25aac83ba18d5eb139e5,True,3.14.4,1.8.0,3.4.0,2026-08-27T19:46:45+00:00,0.8151679794721233,0.9848331559424479,0.00830415525333083,0.20854857563972473,1108,34383,124,918779,0.031219182327914118,0.8993506493506493,0.06034365384091714,0.16381191067179643,35491,0.03718694794812205,773.7010836478753,0.13672048950467727,130321.9343723365,0.08116883116883117,1.0,0.4042207792207792,0.996,0.7491883116883117,0.923,0.8441558441558441,0.208
E3_multiseed_multisplit,xgboost__instance_weighted__split789__model123,xgboost,instance_weighted,F,algorithm,no_origin_balance,val,stratified,789,123,False,773.7010836478753,773.7010836478753,ner_optimal,val,0.001290797995614565,0.0012908741900602688,0.0012908714849422776,5749,4448085,1232,953160,1232,953162,4453834,89.09162320000178,b2e6f6243676544cb68b25aac83ba18d5eb139e5,True,3.14.4,1.8.0,3.4.0,2026-08-27T20:55:32+00:00,0.8186707986644193,0.9853157033739582,0.008413692365470325,0.23742833733558655,1119,29290,113,923870,0.03679831628794107,0.9082792207792207,0.07073101355835783,0.17940188356728912,30409,0.031862169842161295,773.7010836478753,0.12244886161825813,116718.22245220988,0.08116883116883117,1.0,0.40584415584415584,1.0,0.7491883116883117,0.923,0.8571428571428571,0.2112
E3_multiseed_multisplit,xgboost__instance_weighted__split789__model123,xgboost,instance_weighted,F,algorithm,no_origin_balance,test,stratified,789,123,False,773.7010836478753,773.7010836478753,ner_optimal,val,0.001290797995614565,0.0012908741900602688,0.0012908714849422776,5749,4448085,1232,953160,1232,953162,4453834,89.09162320000178,b2e6f6243676544cb68b25aac83ba18d5eb139e5,True,3.14.4,1.8.0,3.4.0,2026-08-27T20:55:34+00:00,0.8211865125543415,0.9863548835418255,0.008411126476454185,0.23742833733558655,1126,29504,106,923658,0.03676134508651649,0.913961038961039,0.0706798066662482,0.17988665886466595,30630,0.032093663623199646,773.7010836478753,0.11699155042288789,111516.31486667476,0.08116883116883117,1.0,0.40584415584415584,1.0,0.7426948051948052,0.915,0.8603896103896104,0.212
E3_multiseed_multisplit,xgboost__instance_weighted__split789__model42,xgboost,instance_weighted,F,algorithm,no_origin_balance,val,stratified,789,42,False,773.7010836478753,773.7010836478753,ner_optimal,val,0.001290797995614565,0.0012908741900602688,0.0012908714849422776,5749,4448085,1232,953160,1232,953162,4453834,90.89263429999846,b2e6f6243676544cb68b25aac83ba18d5eb139e5,True,3.14.4,1.8.0,3.4.0,2026-08-27T20:53:55+00:00,0.8195784652731306,0.9850242744332862,0.008799849184201406,0.31019118428230286,1109,20456,123,932704,0.05142592163227452,0.9001623376623377,0.09729350353116638,0.21230202645727594,21565,0.022595537263514362,773.7010836478753,0.1212980124067244,115621.23328868863,0.08116883116883117,1.0,0.40584415584415584,1.0,0.7491883116883117,0.923,0.8579545454545454,0.2114
E3_multiseed_multisplit,xgboost__instance_weighted__split789__model42,xgboost,instance_weighted,F,algorithm,no_origin_balance,test,stratified,789,42,False,773.7010836478753,773.7010836478753,ner_optimal,val,0.001290797995614565,0.0012908741900602688,0.0012908714849422776,5749,4448085,1232,953160,1232,953162,4453834,90.89263429999846,b2e6f6243676544cb68b25aac83ba18d5eb139e5,True,3.14.4,1.8.0,3.4.0,2026-08-27T20:53:56+00:00,0.8222828940361061,0.9865045311283398,0.008725745710583922,0.31019118428230286,1112,20577,120,932585,0.051270229148416245,0.9025974025974026,0.09702892543955324,0.21226445195371615,21689,0.022725415289702157,773.7010836478753,0.11898988833782864,113421.13003774501,0.08116883116883117,1.0,0.40584415584415584,1.0,0.7459415584415584,0.919,0.862012987012987,0.2124
E3_multiseed_multisplit,xgboost__instance_weighted__split789__model456,xgboost,instance_weighted,F,algorithm,no_origin_balance,val,stratified,789,456,False,773.7010836478753,773.7010836478753,ner_optimal,val,0.001290797995614565,0.0012908741900602688,0.0012908714849422776,5749,4448085,1232,953160,1232,953162,4453834,89.59043989999918,b2e6f6243676544cb68b25aac83ba18d5eb139e5,True,3.14.4,1.8.0,3.4.0,2026-08-27T20:57:10+00:00,0.8199630716561206,0.9851953837556333,0.008699990047255074,0.22206635773181915,1126,33758,106,919402,0.03227840843939915,0.913961038961039,0.062354635064791226,0.16809737622232823,34884,0.036551018868557154,773.7010836478753,0.12145441360209157,115770.31486667476,0.08116883116883117,1.0,0.40584415584415584,1.0,0.75,0.924,0.8547077922077922,0.2106
E3_multiseed_multisplit,xgboost__instance_weighted__split789__model456,xgboost,instance_weighted,F,algorithm,no_origin_balance,test,stratified,789,456,False,773.7010836478753,773.7010836478753,ner_optimal,val,0.001290797995614565,0.0012908741900602688,0.0012908714849422776,5749,4448085,1232,953160,1232,953162,4453834,89.59043989999918,b2e6f6243676544cb68b25aac83ba18d5eb139e5,True,3.14.4,1.8.0,3.4.0,2026-08-27T20:57:11+00:00,0.8236572022112875,0.9866385932010794,0.0086476427437244,0.22206635773181915,1128,33991,104,919171,0.032119365585580456,0.9155844155844156,0.062061566394322025,0.1678184259418981,35119,0.036797171817928444,773.7010836478753,0.12007547682844566,114455.91269937901,0.08116883116883117,1.0,0.40584415584415584,1.0,0.75,0.924,0.859577922077922,0.2118
E3_multiseed_multisplit,xgboost__instance_weighted__split789__model789,xgboost,instance_weighted,F,algorithm,no_origin_balance,val,stratified,789,789,False,773.7010836478753,773.7010836478753,ner_optimal,val,0.001290797995614565,0.0012908741900602688,0.0012908714849422776,5749,4448085,1232,953160,1232,953162,4453834,89.72955509999883,b2e6f6243676544cb68b25aac83ba18d5eb139e5,True,3.14.4,1.8.0,3.4.0,2026-08-27T20:58:48+00:00,0.8161791536880745,0.9846639700145736,0.008662648576561339,0.30773282051086426,1107,20641,125,932519,0.05090123229722273,0.898538961038961,0.09634464751958224,0.210990356476425,21748,0.022787282374537927,773.7010836478753,0.12311547217259107,117353.63545598437,0.08116883116883117,1.0,0.40584415584415584,1.0,0.7467532467532467,0.92,0.8498376623376623,0.2094
E3_multiseed_multisplit,xgboost__instance_weighted__split789__model789,xgboost,instance_weighted,F,algorithm,no_origin_balance,test,stratified,789,789,False,773.7010836478753,773.7010836478753,ner_optimal,val,0.001290797995614565,0.0012908741900602688,0.0012908714849422776,5749,4448085,1232,953160,1232,953162,4453834,89.72955509999883,b2e6f6243676544cb68b25aac83ba18d5eb139e5,True,3.14.4,1.8.0,3.4.0,2026-08-27T20:58:49+00:00,0.821016573243543,0.9860547142277255,0.008588400929576903,0.30773282051086426,1116,20697,116,932465,0.05116215101086508,0.9058441558441559,0.09685398134085485,0.21242416292079358,21813,0.022855340666433358,773.7010836478753,0.11586902685917705,110446.3257031535,0.08116883116883117,1.0,0.4050324675324675,0.998,0.7402597402597403,0.912,0.8555194805194806,0.2108
E3_multiseed_multisplit,xgboost__rus__split123__model123,xgboost,rus,G,data,no_origin_balance,val,stratified,123,123,False,773.7010836478753,773.7010836478753,ner_optimal,val,0.001290797995614565,0.0012908741900602688,0.0012908714849422776,5749,4448085,1232,953160,1232,953162,11498,1.0508851999984472,b2e6f6243676544cb68b25aac83ba18d5eb139e5,True,3.14.4,1.8.0,3.4.0,2026-08-27T18:33:37+00:00,0.7703695194112755,0.9866431032142979,0.03636216420914727,0.5677953958511353,1135,35501,97,917659,0.03098045638170106,0.9212662337662337,0.05994507235660716,0.16520874306226938,36636,0.03838674255442208,773.7010836478753,0.1159777967285733,110550.00511384389,0.08116883116883117,1.0,0.4050324675324675,0.998,0.685064935064935,0.844,0.8400974025974026,0.207
E3_multiseed_multisplit,xgboost__rus__split123__model123,xgboost,rus,G,data,no_origin_balance,test,stratified,123,123,False,773.7010836478753,773.7010836478753,ner_optimal,val,0.001290797995614565,0.0012908741900602688,0.0012908714849422776,5749,4448085,1232,953160,1232,953162,11498,1.0508851999984472,b2e6f6243676544cb68b25aac83ba18d5eb139e5,True,3.14.4,1.8.0,3.4.0,2026-08-27T18:33:38+00:00,0.7739986646458832,0.98694020210162,0.036261290623401915,0.5677953958511353,1137,35362,95,917800,0.031151538398312282,0.9228896103896104,0.06026874453367258,0.1658373962605678,36499,0.03824311552671119,773.7010836478753,0.11420859547381225,108863.60294654813,0.08116883116883117,1.0,0.4017857142857143,0.99,0.6891233766233766,0.849,0.8392857142857143,0.2068
E3_multiseed_multisplit,xgboost__rus__split123__model42,xgboost,rus,G,data,no_origin_balance,val,stratified,123,42,False,773.7010836478753,773.7010836478753,ner_optimal,val,0.001290797995614565,0.0012908741900602688,0.0012908714849422776,5749,4448085,1232,953160,1232,953162,11498,1.514447999998083,b2e6f6243676544cb68b25aac83ba18d5eb139e5,True,3.14.4,1.8.0,3.4.0,2026-08-27T18:33:26+00:00,0.7548513358534698,0.9866590626027001,0.03432590770155654,0.6680135130882263,1124,23597,108,929563,0.04546741636665184,0.9123376623376623,0.08661811736600779,0.200631272125454,24721,0.02590235458805187,773.7010836478753,0.11241790476146055,107156.7170339705,0.08116883116883117,1.0,0.40584415584415584,1.0,0.6663961038961039,0.821,0.8352272727272727,0.2058
E3_multiseed_multisplit,xgboost__rus__split123__model42,xgboost,rus,G,data,no_origin_balance,test,stratified,123,42,False,773.7010836478753,773.7010836478753,ner_optimal,val,0.001290797995614565,0.0012908741900602688,0.0012908714849422776,5749,4448085,1232,953160,1232,953162,11498,1.514447999998083,b2e6f6243676544cb68b25aac83ba18d5eb139e5,True,3.14.4,1.8.0,3.4.0,2026-08-27T18:33:27+00:00,0.7660144590122523,0.9864206944850437,0.03425651840120786,0.6680135130882263,1124,23530,108,929632,0.04559097915145615,0.9123376623376623,0.08684230858379047,0.20091238361297997,24654,0.025832098692992623,773.7010836478753,0.11234761519093713,107089.7170339705,0.08116883116883117,1.0,0.4034090909090909,0.994,0.676948051948052,0.834,0.8441558441558441,0.208
E3_multiseed_multisplit,xgboost__rus__split123__model456,xgboost,rus,G,data,no_origin_balance,val,stratified,123,456,False,773.7010836478753,773.7010836478753,ner_optimal,val,0.001290797995614565,0.0012908741900602688,0.0012908714849422776,5749,4448085,1232,953160,1232,953162,11498,0.8612843999981123,b2e6f6243676544cb68b25aac83ba18d5eb139e5,True,3.14.4,1.8.0,3.4.0,2026-08-27T16:10:46+00:00,0.7633762250177745,0.9870799460189292,0.03676864734329312,0.6055158972740173,1137,31534,95,921626,0.034801505922683725,0.9228896103896104,0.06707371029112467,0.17571248462393735,32671,0.03423226514891156,773.7010836478753,0.11019264807136946,105035.60294654813,0.08116883116883117,1.0,0.4042207792207792,0.996,0.6858766233766234,0.845,0.838474025974026,0.2066
E3_multiseed_multisplit,xgboost__rus__split123__model456,xgboost,rus,G,data,no_origin_balance,test,stratified,123,456,False,773.7010836478753,773.7010836478753,ner_optimal,val,0.001290797995614565,0.0012908741900602688,0.0012908714849422776,5749,4448085,1232,953160,1232,953162,11498,0.8612843999981123,b2e6f6243676544cb68b25aac83ba18d5eb139e5,True,3.14.4,1.8.0,3.4.0,2026-08-27T16:10:47+00:00,0.7685805690635975,0.9866464149114947,0.036760551271087676,0.6055158972740173,1134,31639,98,921523,0.03460165380038446,0.9204545454545454,0.066696074106749,0.17494669276977484,32773,0.03433906751299778,773.7010836478753,0.11273786830352335,107461.70619749176,0.08116883116883117,1.0,0.4025974025974026,0.992,0.6931818181818182,0.854,0.8425324675324676,0.2076
E3_multiseed_multisplit,xgboost__rus__split123__model789,xgboost,rus,G,data,no_origin_balance,val,stratified,123,789,False,773.7010836478753,773.7010836478753,ner_optimal,val,0.001290797995614565,0.0012908741900602688,0.0012908714849422776,5749,4448085,1232,953160,1232,953162,11498,1.2994228999996267,b2e6f6243676544cb68b25aac83ba18d5eb139e5,True,3.14.4,1.8.0,3.4.0,2026-08-27T18:33:48+00:00,0.7678498430636791,0.9862879044203205,0.037110277546805064,0.7049881815910339,1116,23223,116,929937,0.04585233575742635,0.9058441558441559,0.08728637910132572,0.20076845421814227,24339,0.02550209976613383,773.7010836478753,0.11851904857771689,112972.3257031535,0.08116883116883117,1.0,0.4042207792207792,0.996,0.6818181818181818,0.84,0.8441558441558441,0.208
E3_multiseed_multisplit,xgboost__rus__split123__model789,xgboost,rus,G,data,no_origin_balance,test,stratified,123,789,False,773.7010836478753,773.7010836478753,ner_optimal,val,0.001290797995614565,0.0012908741900602688,0.0012908714849422776,5749,4448085,1232,953160,1232,953162,11498,1.2994228999996267,b2e6f6243676544cb68b25aac83ba18d5eb139e5,True,3.14.4,1.8.0,3.4.0,2026-08-27T18:33:50+00:00,0.7660973766210406,0.9872024414425458,0.03696616328115327,0.7049881815910339,1120,23082,112,930080,0.046277167176266426,0.9090909090909091,0.0880710859479437,0.20209638646953154,24202,0.02535849973910146,773.7010836478753,0.1151243725034442,109736.52136856201,0.08116883116883117,1.0,0.40584415584415584,1.0,0.6801948051948052,0.838,0.8352272727272727,0.2058
E3_multiseed_multisplit,xgboost__rus__split42__model123,xgboost,rus,G,data,no_origin_balance,val,stratified,42,123,False,773.7010836478753,773.7010836478753,ner_optimal,val,0.001290797995614565,0.0012908741900602688,0.0012908714849422776,5749,4448085,1232,953160,1232,953162,11498,1.0427533000001858,b2e6f6243676544cb68b25aac83ba18d5eb139e5,True,3.14.4,1.8.0,3.4.0,2026-08-27T17:20:16+00:00,0.791130168502463,0.9858911248666772,0.03656406436932824,0.6829594373703003,1125,25409,107,927751,0.04239843220019598,0.9131493506493507,0.08103435856803284,0.19360689257694844,26534,0.02780199331092465,773.7010836478753,0.11350718214810723,108195.01595032263,0.08116883116883117,1.0,0.40584415584415584,1.0,0.7126623376623377,0.878,0.849025974025974,0.2092
E3_multiseed_multisplit,xgboost__rus__split42__model123,xgboost,rus,G,data,no_origin_balance,test,stratified,42,123,False,773.7010836478753,773.7010836478753,ner_optimal,val,0.001290797995614565,0.0012908741900602688,0.0012908714849422776,5749,4448085,1232,953160,1232,953162,11498,1.0427533000001858,b2e6f6243676544cb68b25aac83ba18d5eb139e5,True,3.14.4,1.8.0,3.4.0,2026-08-27T17:20:18+00:00,0.7582365636985648,0.9855016345697167,0.03658042773063562,0.6829594373703003,1105,25621,127,927541,0.04134550624859687,0.8969155844155844,0.0790471421417841,0.1893487561994863,26726,0.02800310982675918,773.7010836478753,0.12996335717218638,123881.03762328012,0.08116883116883117,1.0,0.4050324675324675,0.998,0.6818181818181818,0.84,0.8173701298701299,0.2014
E3_multiseed_multisplit,xgboost__rus__split42__model42,xgboost,rus,G,data,no_origin_balance,val,stratified,42,42,False,773.7010836478753,773.7010836478753,ner_optimal,val,0.001290797995614565,0.0012908741900602688,0.0012908714849422776,5749,4448085,1232,953160,1232,953162,11498,1.0026675000008254,b2e6f6243676544cb68b25aac83ba18d5eb139e5,True,3.14.4,1.8.0,3.4.0,2026-08-27T17:20:05+00:00,0.7701278533826301,0.9859152027561908,0.036657555937487867,0.7540422081947327,1117,20136,115,933024,0.0525572860302075,0.9066558441558441,0.0993551256393151,0.21548071343186528,21253,0.022268627566031568,773.7010836478753,0.1144687945316135,109111.62461950563,0.08116883116883117,1.0,0.40584415584415584,1.0,0.6858766233766234,0.845,0.8433441558441559,0.2078
E3_multiseed_multisplit,xgboost__rus__split42__model42,xgboost,rus,G,data,no_origin_balance,test,stratified,42,42,False,773.7010836478753,773.7010836478753,ner_optimal,val,0.001290797995614565,0.0012908741900602688,0.0012908714849422776,5749,4448085,1232,953160,1232,953162,11498,1.0026675000008254,b2e6f6243676544cb68b25aac83ba18d5eb139e5,True,3.14.4,1.8.0,3.4.0,2026-08-27T17:20:07+00:00,0.7416676282329409,0.985346427905838,0.036707335721964836,0.7540422081947327,1091,20061,141,933101,0.051579046898638424,0.885551948051948,0.09748034310221587,0.2108547777612082,21152,0.022162754585632348,773.7010836478753,0.13549400828044608,129152.8527943504,0.08116883116883117,1.0,0.4042207792207792,0.996,0.6712662337662337,0.827,0.8092532467532467,0.1994
E3_multiseed_multisplit,xgboost__rus__split42__model456,xgboost,rus,G,data,no_origin_balance,val,stratified,42,456,False,773.7010836478753,773.7010836478753,ner_optimal,val,0.001290797995614565,0.0012908741900602688,0.0012908714849422776,5749,4448085,1232,953160,1232,953162,11498,1.8460747999997693,b2e6f6243676544cb68b25aac83ba18d5eb139e5,True,3.14.4,1.8.0,3.4.0,2026-08-27T17:20:28+00:00,0.7750394540430615,0.9854181347839286,0.03713645343697667,0.7006787061691284,1119,24328,113,928832,0.043973749361417847,0.9082792207792207,0.08388620263128303,0.19675034047818463,25447,0.02666304830719453,773.7010836478753,0.1172432370072547,111756.22245220988,0.08116883116883117,1.0,0.4034090909090909,0.994,0.6939935064935064,0.855,0.8465909090909091,0.2086
E3_multiseed_multisplit,xgboost__rus__split42__model456,xgboost,rus,G,data,no_origin_balance,test,stratified,42,456,False,773.7010836478753,773.7010836478753,ner_optimal,val,0.001290797995614565,0.0012908741900602688,0.0012908714849422776,5749,4448085,1232,953160,1232,953162,11498,1.8460747999997693,b2e6f6243676544cb68b25aac83ba18d5eb139e5,True,3.14.4,1.8.0,3.4.0,2026-08-27T17:20:30+00:00,0.7487793614684178,0.9849479528486416,0.03707715013500608,0.7006787061691284,1089,24213,143,928949,0.04304007588332938,0.8839285714285714,0.0820833647395794,0.19188245027852646,25302,0.02651106356494278,773.7010836478753,0.14147324008013998,134852.25496164616,0.08116883116883117,1.0,0.4034090909090909,0.994,0.6696428571428571,0.825,0.8198051948051948,0.202
E3_multiseed_multisplit,xgboost__rus__split42__model789,xgboost,rus,G,data,no_origin_balance,val,stratified,42,789,False,773.7010836478753,773.7010836478753,ner_optimal,val,0.001290797995614565,0.0012908741900602688,0.0012908714849422776,5749,4448085,1232,953160,1232,953162,11498,2.3016930000012508,b2e6f6243676544cb68b25aac83ba18d5eb139e5,True,3.14.4,1.8.0,3.4.0,2026-08-27T17:20:41+00:00,0.7825791716801983,0.9856814059338097,0.034214299556217694,0.690742552280426,1120,21832,112,931328,0.04879749041477867,0.9090909090909091,0.0926232219649355,0.2076947196315192,22952,0.024048818514824096,773.7010836478753,0.11381299991905197,108486.52136856201,0.08116883116883117,1.0,0.40584415584415584,1.0,0.6972402597402597,0.859,0.8571428571428571,0.2112
E3_multiseed_multisplit,xgboost__rus__split42__model789,xgboost,rus,G,data,no_origin_balance,test,stratified,42,789,False,773.7010836478753,773.7010836478753,ner_optimal,val,0.001290797995614565,0.0012908741900602688,0.0012908714849422776,5749,4448085,1232,953160,1232,953162,11498,2.3016930000012508,b2e6f6243676544cb68b25aac83ba18d5eb139e5,True,3.14.4,1.8.0,3.4.0,2026-08-27T17:20:42+00:00,0.7454754336373203,0.9850637273621903,0.034178813915706624,0.690742552280426,1098,21788,134,931374,0.047976929126977194,0.8912337662337663,0.09105232606352102,0.20380641077725176,22886,0.023979614289276755,773.7010836478753,0.13162398246122423,125463.94520881528,0.08116883116883117,1.0,0.4042207792207792,0.996,0.6688311688311688,0.824,0.8189935064935064,0.2018
E3_multiseed_multisplit,xgboost__rus__split456__model123,xgboost,rus,G,data,no_origin_balance,val,stratified,456,123,False,773.7010836478753,773.7010836478753,ner_optimal,val,0.001290797995614565,0.0012908741900602688,0.0012908714849422776,5749,4448085,1232,953160,1232,953162,11498,0.92263549999916,b2e6f6243676544cb68b25aac83ba18d5eb139e5,True,3.14.4,1.8.0,3.4.0,2026-08-27T19:47:06+00:00,0.7635467186070696,0.985627822208479,0.0351777976961923,0.6021309494972229,1132,30838,100,922322,0.03540819518298405,0.9188311688311688,0.06818866333353413,0.17689678729596317,31970,0.0334977661170672,773.7010836478753,0.11352091737482142,108208.1083647875,0.08116883116883117,1.0,0.4050324675324675,0.998,0.676948051948052,0.834,0.8376623376623377,0.2064
E3_multiseed_multisplit,xgboost__rus__split456__model123,xgboost,rus,G,data,no_origin_balance,test,stratified,456,123,False,773.7010836478753,773.7010836478753,ner_optimal,val,0.001290797995614565,0.0012908741900602688,0.0012908714849422776,5749,4448085,1232,953160,1232,953162,11498,0.92263549999916,b2e6f6243676544cb68b25aac83ba18d5eb139e5,True,3.14.4,1.8.0,3.4.0,2026-08-27T19:47:07+00:00,0.7671738146052047,0.986338808798586,0.035342238181977514,0.6021309494972229,1131,31031,101,922131,0.035165723524656425,0.9180194805194806,0.06773671917110859,0.17618455081832346,32162,0.033698870697007735,773.7010836478753,0.1145350816135399,109174.80944843538,0.08116883116883117,1.0,0.4025974025974026,0.992,0.6964285714285714,0.858,0.825487012987013,0.2034
E3_multiseed_multisplit,xgboost__rus__split456__model42,xgboost,rus,G,data,no_origin_balance,val,stratified,456,42,False,773.7010836478753,773.7010836478753,ner_optimal,val,0.001290797995614565,0.0012908741900602688,0.0012908714849422776,5749,4448085,1232,953160,1232,953162,11498,1.9093511999999464,b2e6f6243676544cb68b25aac83ba18d5eb139e5,True,3.14.4,1.8.0,3.4.0,2026-08-27T19:46:55+00:00,0.7585182785748732,0.9863294119444386,0.03752882655357857,0.6012595295906067,1137,34132,95,919028,0.03223794266919958,0.9228896103896104,0.06229966302293088,0.1688370689327336,35269,0.03695441705295099,773.7010836478753,0.11291820485077028,107633.60294654813,0.08116883116883117,1.0,0.4042207792207792,0.996,0.6737012987012987,0.83,0.8425324675324676,0.2076
E3_multiseed_multisplit,xgboost__rus__split456__model42,xgboost,rus,G,data,no_origin_balance,test,stratified,456,42,False,773.7010836478753,773.7010836478753,ner_optimal,val,0.001290797995614565,0.0012908741900602688,0.0012908714849422776,5749,4448085,1232,953160,1232,953162,11498,1.9093511999999464,b2e6f6243676544cb68b25aac83ba18d5eb139e5,True,3.14.4,1.8.0,3.4.0,2026-08-27T19:46:57+00:00,0.7557692449308454,0.9855003384735543,0.037839133860951064,0.6012595295906067,1124,34373,108,918789,0.031664647716708454,0.9123376623376623,0.06120504233711781,0.16626475017071007,35497,0.03719323465989937,773.7010836478753,0.12372298553698916,117932.7170339705,0.08116883116883117,1.0,0.4034090909090909,0.994,0.6753246753246753,0.832,0.8238636363636364,0.203
E3_multiseed_multisplit,xgboost__rus__split456__model456,xgboost,rus,G,data,no_origin_balance,val,stratified,456,456,False,773.7010836478753,773.7010836478753,ner_optimal,val,0.001290797995614565,0.0012908741900602688,0.0012908714849422776,5749,4448085,1232,953160,1232,953162,11498,0.9454041999997571,b2e6f6243676544cb68b25aac83ba18d5eb139e5,True,3.14.4,1.8.0,3.4.0,2026-08-27T19:47:17+00:00,0.7741623309629336,0.9864479032287952,0.03532593337626154,0.6304555535316467,1130,28337,102,924823,0.03834798248888587,0.9172077922077922,0.07361803316068927,0.18421490278366226,29467,0.030875154024761313,773.7010836478753,0.11252049973134605,107254.51053208325,0.08116883116883117,1.0,0.4050324675324675,0.998,0.6891233766233766,0.849,0.8417207792207793,0.2074
E3_multiseed_multisplit,xgboost__rus__split456__model456,xgboost,rus,G,data,no_origin_balance,test,stratified,456,456,False,773.7010836478753,773.7010836478753,ner_optimal,val,0.001290797995614565,0.0012908741900602688,0.0012908714849422776,5749,4448085,1232,953160,1232,953162,11498,0.9454041999997571,b2e6f6243676544cb68b25aac83ba18d5eb139e5,True,3.14.4,1.8.0,3.4.0,2026-08-27T19:47:18+00:00,0.7767879582810124,0.9863740099017523,0.03555335070516935,0.6304555535316467,1125,28503,107,924659,0.03797083839611179,0.9131493506493507,0.0729099157485418,0.1828534516342436,29628,0.031043782756387823,773.7010836478753,0.1167530915689949,111289.01595032263,0.08116883116883117,1.0,0.4050324675324675,0.998,0.7012987012987013,0.864,0.8336038961038961,0.2054
E3_multiseed_multisplit,xgboost__rus__split456__model789,xgboost,rus,G,data,no_origin_balance,val,stratified,456,789,False,773.7010836478753,773.7010836478753,ner_optimal,val,0.001290797995614565,0.0012908741900602688,0.0012908714849422776,5749,4448085,1232,953160,1232,953162,11498,0.9078104000000167,b2e6f6243676544cb68b25aac83ba18d5eb139e5,True,3.14.4,1.8.0,3.4.0,2026-08-27T19:47:28+00:00,0.753986477690565,0.9865344940452346,0.03522712681887149,0.5489397048950195,1141,36210,91,916950,0.030548044229070172,0.9261363636363636,0.05914521939714382,0.16444761839388014,37351,0.039135910611153485,773.7010836478753,0.11185147738831071,106616.79861195663,0.08116883116883117,1.0,0.4042207792207792,0.996,0.6631493506493507,0.817,0.8344155844155844,0.2056
E3_multiseed_multisplit,xgboost__rus__split456__model789,xgboost,rus,G,data,no_origin_balance,test,stratified,456,789,False,773.7010836478753,773.7010836478753,ner_optimal,val,0.001290797995614565,0.0012908741900602688,0.0012908714849422776,5749,4448085,1232,953160,1232,953162,11498,0.9078104000000167,b2e6f6243676544cb68b25aac83ba18d5eb139e5,True,3.14.4,1.8.0,3.4.0,2026-08-27T19:47:30+00:00,0.7599301074865515,0.9857460066033937,0.03545781817343087,0.5489397048950195,1127,36370,105,916792,0.03005573779235672,0.9147727272727273,0.05819928219163934,0.1620090710890072,37497,0.03928880525233813,773.7010836478753,0.12338296944274928,117608.61378302689,0.08116883116883117,1.0,0.4017857142857143,0.99,0.6801948051948052,0.838,0.8368506493506493,0.2062
E3_multiseed_multisplit,xgboost__rus__split789__model123,xgboost,rus,G,data,no_origin_balance,val,stratified,789,123,False,773.7010836478753,773.7010836478753,ner_optimal,val,0.001290797995614565,0.0012908741900602688,0.0012908714849422776,5749,4448085,1232,953160,1232,953162,11498,1.0232576999987941,b2e6f6243676544cb68b25aac83ba18d5eb139e5,True,3.14.4,1.8.0,3.4.0,2026-08-27T20:59:05+00:00,0.7680225208695327,0.9864359624281882,0.03414022673007858,0.4881383180618286,1148,41739,84,911421,0.02676801828059785,0.9318181818181818,0.05204107074049729,0.15391203545604562,42887,0.04493646216648924,773.7010836478753,0.11197012242177627,106729.89102642151,0.08116883116883117,1.0,0.4025974025974026,0.992,0.672077922077922,0.828,0.8498376623376623,0.2094
E3_multiseed_multisplit,xgboost__rus__split789__model123,xgboost,rus,G,data,no_origin_balance,test,stratified,789,123,False,773.7010836478753,773.7010836478753,ner_optimal,val,0.001290797995614565,0.0012908741900602688,0.0012908714849422776,5749,4448085,1232,953160,1232,953162,11498,1.0232576999987941,b2e6f6243676544cb68b25aac83ba18d5eb139e5,True,3.14.4,1.8.0,3.4.0,2026-08-27T20:59:06+00:00,0.7600141252787941,0.9867906124221617,0.03414503533662012,0.4881383180618286,1151,41983,81,911179,0.026684286177957064,0.9342532467532467,0.0518865798133706,0.1538681758019287,43134,0.04519517096712678,773.7010836478753,0.10979103741518471,104652.78777547789,0.08116883116883117,1.0,0.400974025974026,0.988,0.6663961038961039,0.821,0.8449675324675324,0.2082
E3_multiseed_multisplit,xgboost__rus__split789__model42,xgboost,rus,G,data,no_origin_balance,val,stratified,789,42,False,773.7010836478753,773.7010836478753,ner_optimal,val,0.001290797995614565,0.0012908741900602688,0.0012908714849422776,5749,4448085,1232,953160,1232,953162,11498,1.2721882999976515,b2e6f6243676544cb68b25aac83ba18d5eb139e5,True,3.14.4,1.8.0,3.4.0,2026-08-27T20:58:56+00:00,0.7571527051443605,0.9867015668966876,0.035653862006621316,0.6277652978897095,1128,28682,104,924478,0.037839651123783964,0.9155844155844156,0.07267572965659429,0.1827762031166128,29810,0.031234545134494,773.7010836478753,0.11450581518801495,109146.91269937901,0.08116883116883117,1.0,0.4017857142857143,0.99,0.6704545454545454,0.826,0.8400974025974026,0.207
E3_multiseed_multisplit,xgboost__rus__split789__model42,xgboost,rus,G,data,no_origin_balance,test,stratified,789,42,False,773.7010836478753,773.7010836478753,ner_optimal,val,0.001290797995614565,0.0012908741900602688,0.0012908714849422776,5749,4448085,1232,953160,1232,953162,11498,1.2721882999976515,b2e6f6243676544cb68b25aac83ba18d5eb139e5,True,3.14.4,1.8.0,3.4.0,2026-08-27T20:58:57+00:00,0.7566572797514047,0.9874132716656797,0.035728976327535286,0.6277652978897095,1129,29015,103,924147,0.03745355626326964,0.9163961038961039,0.0719658337582866,0.18188855101031842,30144,0.03158443996923702,773.7010836478753,0.1140434765328087,108706.21161573112,0.08116883116883117,1.0,0.400974025974026,0.988,0.6712662337662337,0.827,0.8352272727272727,0.2058
E3_multiseed_multisplit,xgboost__rus__split789__model456,xgboost,rus,G,data,no_origin_balance,val,stratified,789,456,False,773.7010836478753,773.7010836478753,ner_optimal,val,0.001290797995614565,0.0012908741900602688,0.0012908714849422776,5749,4448085,1232,953160,1232,953162,11498,1.32712029999675,b2e6f6243676544cb68b25aac83ba18d5eb139e5,True,3.14.4,1.8.0,3.4.0,2026-08-27T20:59:13+00:00,0.7532861439978729,0.9856684611249362,0.037418517050750603,0.559230625629425,1137,37283,95,915877,0.029593961478396668,0.9228896103896104,0.05734893574094623,0.16143954469314645,38420,0.040255995440028836,773.7010836478753,0.11622391286150624,110784.60294654813,0.08116883116883117,1.0,0.400974025974026,0.988,0.6631493506493507,0.817,0.838474025974026,0.2066
E3_multiseed_multisplit,xgboost__rus__split789__model456,xgboost,rus,G,data,no_origin_balance,test,stratified,789,456,False,773.7010836478753,773.7010836478753,ner_optimal,val,0.001290797995614565,0.0012908741900602688,0.0012908714849422776,5749,4448085,1232,953160,1232,953162,11498,1.32712029999675,b2e6f6243676544cb68b25aac83ba18d5eb139e5,True,3.14.4,1.8.0,3.4.0,2026-08-27T20:59:14+00:00,0.7560800884406044,0.9871442576250036,0.037489054869993536,0.559230625629425,1143,37537,89,915625,0.029550155118924507,0.9277597402597403,0.057276007215874926,0.16175713292563232,38680,0.04052833525776566,773.7010836478753,0.1116202539005249,106396.39644466089,0.08116883116883117,1.0,0.39935064935064934,0.984,0.6655844155844156,0.82,0.8392857142857143,0.2068
E3_multiseed_multisplit,xgboost__rus__split789__model789,xgboost,rus,G,data,no_origin_balance,val,stratified,789,789,False,773.7010836478753,773.7010836478753,ner_optimal,val,0.001290797995614565,0.0012908741900602688,0.0012908714849422776,5749,4448085,1232,953160,1232,953162,11498,0.9077498999977252,b2e6f6243676544cb68b25aac83ba18d5eb139e5,True,3.14.4,1.8.0,3.4.0,2026-08-27T20:59:21+00:00,0.7571861771915985,0.9869830545375247,0.035087254825262794,0.5903264284133911,1130,31711,102,921449,0.03440820925063183,0.9172077922077922,0.06632817773603733,0.1741174960902084,32841,0.034410389022540004,773.7010836478753,0.11606015661113758,110628.51053208325,0.08116883116883117,1.0,0.400974025974026,0.988,0.6590909090909091,0.812,0.8474025974025974,0.2088
E3_multiseed_multisplit,xgboost__rus__split789__model789,xgboost,rus,G,data,no_origin_balance,test,stratified,789,789,False,773.7010836478753,773.7010836478753,ner_optimal,val,0.001290797995614565,0.0012908741900602688,0.0012908714849422776,5749,4448085,1232,953160,1232,953162,11498,0.9077498999977252,b2e6f6243676544cb68b25aac83ba18d5eb139e5,True,3.14.4,1.8.0,3.4.0,2026-08-27T20:59:23+00:00,0.7591230909814263,0.9881688373955428,0.03510907088630861,0.5903264284133911,1136,31880,96,921282,0.034407559970923186,0.922077922077922,0.06633964027096473,0.17459395308448622,33016,0.03459367933997909,773.7010836478753,0.11136732431441755,106155.30403019601,0.08116883116883117,1.0,0.40016233766233766,0.986,0.6558441558441559,0.808,0.8425324675324676,0.2076
E3_multiseed_multisplit,xgboost__unweighted__split123__model123,xgboost,unweighted,A,none,no_origin_balance,val,stratified,123,123,False,1.0,773.7010836478753,fixed,val,0.001290797995614565,0.0012908741900602688,0.0012908714849422776,5749,4448085,1232,953160,1232,953162,4453834,126.50996840000153,b2e6f6243676544cb68b25aac83ba18d5eb139e5,True,3.14.4,1.8.0,3.4.0,2026-08-27T18:08:39+00:00,0.8335051418881367,0.9867285976264598,0.00031773372623881285,0.5,935,28,297,953132,0.9709241952232607,0.7589285714285714,0.8519362186788155,0.8582524034576596,963,0.001009019354730551,773.7010836478753,0.24110080331731895,229817.22184341896,0.08035714285714286,0.99,0.4042207792207792,0.996,0.7694805194805194,0.948,0.8676948051948052,0.2138
E3_multiseed_multisplit,xgboost__unweighted__split123__model123,xgboost,unweighted,A,none,no_origin_balance,test,stratified,123,123,False,1.0,773.7010836478753,fixed,val,0.001290797995614565,0.0012908741900602688,0.0012908714849422776,5749,4448085,1232,953160,1232,953162,4453834,126.50996840000153,b2e6f6243676544cb68b25aac83ba18d5eb139e5,True,3.14.4,1.8.0,3.4.0,2026-08-27T18:08:42+00:00,0.841324853088602,0.9877173164946519,0.000298507412863171,0.5,957,32,275,953130,0.967644084934277,0.7767857142857143,0.8617739756866276,0.8668307615766208,989,0.001036259657960968,773.7010836478753,0.22324785685244614,212799.7980031657,0.08116883116883117,1.0,0.4042207792207792,0.996,0.7824675324675324,0.964,0.8717532467532467,0.2148
E3_multiseed_multisplit,xgboost__unweighted__split123__model123,xgboost,unweighted,B,decision,no_origin_balance,val,stratified,123,123,False,1.0,773.7010836478753,youden,val,0.001290797995614565,0.0012908741900602688,0.0012908714849422776,5749,4448085,1232,953160,1232,953162,4453834,126.50996840000153,b2e6f6243676544cb68b25aac83ba18d5eb139e5,True,3.14.4,1.8.0,3.4.0,2026-08-27T18:08:44+00:00,0.8335051418881367,0.9867285976264598,0.00031773372623881285,0.0012808406027033925,1127,26505,105,926655,0.040786045165026055,0.9147727272727273,0.07809035476718404,0.18993502137404328,27632,0.028952463977066027,773.7010836478753,0.11303361700672573,107743.61378302689,0.08035714285714286,0.99,0.4042207792207792,0.996,0.7694805194805194,0.948,0.8676948051948052,0.2138
E3_multiseed_multisplit,xgboost__unweighted__split123__model123,xgboost,unweighted,B,decision,no_origin_balance,test,stratified,123,123,False,1.0,773.7010836478753,youden,val,0.001290797995614565,0.0012908741900602688,0.0012908714849422776,5749,4448085,1232,953160,1232,953162,4453834,126.50996840000153,b2e6f6243676544cb68b25aac83ba18d5eb139e5,True,3.14.4,1.8.0,3.4.0,2026-08-27T18:08:46+00:00,0.841324853088602,0.9877173164946519,0.000298507412863171,0.0012808406027033925,1131,26512,101,926650,0.04091451723763701,0.9180194805194806,0.07833766233766233,0.1905919151346497,27643,0.02896392894339235,773.7010836478753,0.10979420744644507,104655.80944843538,0.08116883116883117,1.0,0.4042207792207792,0.996,0.7824675324675324,0.964,0.8717532467532467,0.2148
E3_multiseed_multisplit,xgboost__unweighted__split123__model123,xgboost,unweighted,C,decision,no_origin_balance,val,stratified,123,123,False,1.0,773.7010836478753,ner_optimal,val,0.001290797995614565,0.0012908741900602688,0.0012908714849422776,5749,4448085,1232,953160,1232,953162,4453834,126.50996840000153,b2e6f6243676544cb68b25aac83ba18d5eb139e5,True,3.14.4,1.8.0,3.4.0,2026-08-27T18:08:49+00:00,0.8335051418881367,0.9867285976264598,0.00031773372623881285,0.0012808406027033925,1127,26505,105,926655,0.040786045165026055,0.9147727272727273,0.07809035476718404,0.18993502137404328,27632,0.028952463977066027,773.7010836478753,0.11303361700672573,107743.61378302689,0.08035714285714286,0.99,0.4042207792207792,0.996,0.7694805194805194,0.948,0.8676948051948052,0.2138
E3_multiseed_multisplit,xgboost__unweighted__split123__model123,xgboost,unweighted,C,decision,no_origin_balance,test,stratified,123,123,False,1.0,773.7010836478753,ner_optimal,val,0.001290797995614565,0.0012908741900602688,0.0012908714849422776,5749,4448085,1232,953160,1232,953162,4453834,126.50996840000153,b2e6f6243676544cb68b25aac83ba18d5eb139e5,True,3.14.4,1.8.0,3.4.0,2026-08-27T18:08:51+00:00,0.841324853088602,0.9877173164946519,0.000298507412863171,0.0012808406027033925,1131,26512,101,926650,0.04091451723763701,0.9180194805194806,0.07833766233766233,0.1905919151346497,27643,0.02896392894339235,773.7010836478753,0.10979420744644507,104655.80944843538,0.08116883116883117,1.0,0.4042207792207792,0.996,0.7824675324675324,0.964,0.8717532467532467,0.2148
E3_multiseed_multisplit,xgboost__unweighted__split123__model42,xgboost,unweighted,A,none,no_origin_balance,val,stratified,123,42,False,1.0,773.7010836478753,fixed,val,0.001290797995614565,0.0012908741900602688,0.0012908714849422776,5749,4448085,1232,953160,1232,953162,4453834,122.47124740000072,b2e6f6243676544cb68b25aac83ba18d5eb139e5,True,3.14.4,1.8.0,3.4.0,2026-08-27T18:06:12+00:00,0.8361966184976114,0.988287822464633,0.00031788506654536303,0.5,932,30,300,953130,0.9688149688149689,0.7564935064935064,0.8495897903372835,0.8559402530646283,962,0.001007971567238619,773.7010836478753,0.24353796644851888,232140.32509436255,0.08116883116883117,1.0,0.40584415584415584,1.0,0.7694805194805194,0.948,0.8636363636363636,0.2128
E3_multiseed_multisplit,xgboost__unweighted__split123__model42,xgboost,unweighted,A,none,no_origin_balance,test,stratified,123,42,False,1.0,773.7010836478753,fixed,val,0.001290797995614565,0.0012908741900602688,0.0012908714849422776,5749,4448085,1232,953160,1232,953162,4453834,122.47124740000072,b2e6f6243676544cb68b25aac83ba18d5eb139e5,True,3.14.4,1.8.0,3.4.0,2026-08-27T18:06:14+00:00,0.8409199819693604,0.9880023524809576,0.00029674939206796426,0.5,957,24,275,953138,0.9755351681957186,0.7767857142857143,0.8648892905558065,0.8703638160446318,981,0.0010278773755912128,773.7010836478753,0.22323946406790604,212791.7980031657,0.08116883116883117,1.0,0.40584415584415584,1.0,0.7832792207792207,0.965,0.864448051948052,0.213
E3_multiseed_multisplit,xgboost__unweighted__split123__model42,xgboost,unweighted,B,decision,no_origin_balance,val,stratified,123,42,False,1.0,773.7010836478753,youden,val,0.001290797995614565,0.0012908741900602688,0.0012908714849422776,5749,4448085,1232,953160,1232,953162,4453834,122.47124740000072,b2e6f6243676544cb68b25aac83ba18d5eb139e5,True,3.14.4,1.8.0,3.4.0,2026-08-27T18:06:17+00:00,0.8361966184976114,0.988287822464633,0.00031788506654536303,0.0017570934724062681,1123,19744,109,933416,0.053817031676810276,0.911525974025974,0.10163355807955111,0.2187163225232075,20867,0.021864181594145802,773.7010836478753,0.10918741821901823,104077.41811761838,0.08116883116883117,1.0,0.40584415584415584,1.0,0.7694805194805194,0.948,0.8636363636363636,0.2128
E3_multiseed_multisplit,xgboost__unweighted__split123__model42,xgboost,unweighted,B,decision,no_origin_balance,test,stratified,123,42,False,1.0,773.7010836478753,youden,val,0.001290797995614565,0.0012908741900602688,0.0012908714849422776,5749,4448085,1232,953160,1232,953162,4453834,122.47124740000072,b2e6f6243676544cb68b25aac83ba18d5eb139e5,True,3.14.4,1.8.0,3.4.0,2026-08-27T18:06:18+00:00,0.8409199819693604,0.9880023524809576,0.00029674939206796426,0.0017570934724062681,1119,19665,113,933497,0.05383949191685912,0.9082792207792207,0.10165334302325581,0.2183645449164847,20784,0.021777169596623618,773.7010836478753,0.11235129271843788,107093.22245220988,0.08116883116883117,1.0,0.40584415584415584,1.0,0.7832792207792207,0.965,0.864448051948052,0.213
E3_multiseed_multisplit,xgboost__unweighted__split123__model42,xgboost,unweighted,C,decision,no_origin_balance,val,stratified,123,42,False,1.0,773.7010836478753,ner_optimal,val,0.001290797995614565,0.0012908741900602688,0.0012908714849422776,5749,4448085,1232,953160,1232,953162,4453834,122.47124740000072,b2e6f6243676544cb68b25aac83ba18d5eb139e5,True,3.14.4,1.8.0,3.4.0,2026-08-27T18:06:21+00:00,0.8361966184976114,0.988287822464633,0.00031788506654536303,0.0017570934724062681,1123,19744,109,933416,0.053817031676810276,0.911525974025974,0.10163355807955111,0.2187163225232075,20867,0.021864181594145802,773.7010836478753,0.10918741821901823,104077.41811761838,0.08116883116883117,1.0,0.40584415584415584,1.0,0.7694805194805194,0.948,0.8636363636363636,0.2128
E3_multiseed_multisplit,xgboost__unweighted__split123__model42,xgboost,unweighted,C,decision,no_origin_balance,test,stratified,123,42,False,1.0,773.7010836478753,ner_optimal,val,0.001290797995614565,0.0012908741900602688,0.0012908714849422776,5749,4448085,1232,953160,1232,953162,4453834,122.47124740000072,b2e6f6243676544cb68b25aac83ba18d5eb139e5,True,3.14.4,1.8.0,3.4.0,2026-08-27T18:06:24+00:00,0.8409199819693604,0.9880023524809576,0.00029674939206796426,0.0017570934724062681,1119,19665,113,933497,0.05383949191685912,0.9082792207792207,0.10165334302325581,0.2183645449164847,20784,0.021777169596623618,773.7010836478753,0.11235129271843788,107093.22245220988,0.08116883116883117,1.0,0.40584415584415584,1.0,0.7832792207792207,0.965,0.864448051948052,0.213
E3_multiseed_multisplit,xgboost__unweighted__split123__model456,xgboost,unweighted,A,none,no_origin_balance,val,stratified,123,456,False,1.0,773.7010836478753,fixed,val,0.001290797995614565,0.0012908741900602688,0.0012908714849422776,5749,4448085,1232,953160,1232,953162,4453834,126.70060759999978,b2e6f6243676544cb68b25aac83ba18d5eb139e5,True,3.14.4,1.8.0,3.4.0,2026-08-27T18:11:08+00:00,0.8326264526083129,0.9881039842079634,0.00031896635002457986,0.5,935,26,297,953134,0.9729448491155047,0.7589285714285714,0.8527131782945736,0.8591464962452369,961,0.001006923779746687,773.7010836478753,0.24109870512118392,229815.22184341896,0.08035714285714286,0.99,0.4042207792207792,0.996,0.7686688311688312,0.947,0.8668831168831169,0.2136
E3_multiseed_multisplit,xgboost__unweighted__split123__model456,xgboost,unweighted,A,none,no_origin_balance,test,stratified,123,456,False,1.0,773.7010836478753,fixed,val,0.001290797995614565,0.0012908741900602688,0.0012908714849422776,5749,4448085,1232,953160,1232,953162,4453834,126.70060759999978,b2e6f6243676544cb68b25aac83ba18d5eb139e5,True,3.14.4,1.8.0,3.4.0,2026-08-27T18:11:09+00:00,0.8426204388549638,0.9876291938776465,0.00029829728893115124,0.5,956,28,276,953134,0.9715447154471545,0.775974025974026,0.8628158844765343,0.8681245867956998,984,0.001031020731479871,773.7010836478753,0.2240553487718644,213569.49908681356,0.08035714285714286,0.99,0.4042207792207792,0.996,0.7824675324675324,0.964,0.8741883116883117,0.2154
E3_multiseed_multisplit,xgboost__unweighted__split123__model456,xgboost,unweighted,B,decision,no_origin_balance,val,stratified,123,456,False,1.0,773.7010836478753,youden,val,0.001290797995614565,0.0012908741900602688,0.0012908714849422776,5749,4448085,1232,953160,1232,953162,4453834,126.70060759999978,b2e6f6243676544cb68b25aac83ba18d5eb139e5,True,3.14.4,1.8.0,3.4.0,2026-08-27T18:11:12+00:00,0.8326264526083129,0.9881039842079634,0.00031896635002457986,0.0015902656596153975,1126,22165,106,930995,0.04834485423554163,0.913961038961039,0.09183215756636627,0.20726719365397833,23291,0.02440401847458906,773.7010836478753,0.10929221970540419,104177.31486667476,0.08035714285714286,0.99,0.4042207792207792,0.996,0.7686688311688312,0.947,0.8668831168831169,0.2136
E3_multiseed_multisplit,xgboost__unweighted__split123__model456,xgboost,unweighted,B,decision,no_origin_balance,test,stratified,123,456,False,1.0,773.7010836478753,youden,val,0.001290797995614565,0.0012908741900602688,0.0012908714849422776,5749,4448085,1232,953160,1232,953162,4453834,126.70060759999978,b2e6f6243676544cb68b25aac83ba18d5eb139e5,True,3.14.4,1.8.0,3.4.0,2026-08-27T18:11:14+00:00,0.8426204388549638,0.9876291938776465,0.00029829728893115124,0.0015902656596153975,1127,22151,105,931011,0.04841481226909528,0.9147727272727273,0.0919624643002856,0.20751597026964966,23278,0.024390346125394754,773.7010836478753,0.10846584402077068,103389.61378302689,0.08035714285714286,0.99,0.4042207792207792,0.996,0.7824675324675324,0.964,0.8741883116883117,0.2154
E3_multiseed_multisplit,xgboost__unweighted__split123__model456,xgboost,unweighted,C,decision,no_origin_balance,val,stratified,123,456,False,1.0,773.7010836478753,ner_optimal,val,0.001290797995614565,0.0012908741900602688,0.0012908714849422776,5749,4448085,1232,953160,1232,953162,4453834,126.70060759999978,b2e6f6243676544cb68b25aac83ba18d5eb139e5,True,3.14.4,1.8.0,3.4.0,2026-08-27T18:11:16+00:00,0.8326264526083129,0.9881039842079634,0.00031896635002457986,0.0015902656596153975,1126,22165,106,930995,0.04834485423554163,0.913961038961039,0.09183215756636627,0.20726719365397833,23291,0.02440401847458906,773.7010836478753,0.10929221970540419,104177.31486667476,0.08035714285714286,0.99,0.4042207792207792,0.996,0.7686688311688312,0.947,0.8668831168831169,0.2136
E3_multiseed_multisplit,xgboost__unweighted__split123__model456,xgboost,unweighted,C,decision,no_origin_balance,test,stratified,123,456,False,1.0,773.7010836478753,ner_optimal,val,0.001290797995614565,0.0012908741900602688,0.0012908714849422776,5749,4448085,1232,953160,1232,953162,4453834,126.70060759999978,b2e6f6243676544cb68b25aac83ba18d5eb139e5,True,3.14.4,1.8.0,3.4.0,2026-08-27T18:11:18+00:00,0.8426204388549638,0.9876291938776465,0.00029829728893115124,0.0015902656596153975,1127,22151,105,931011,0.04841481226909528,0.9147727272727273,0.0919624643002856,0.20751597026964966,23278,0.024390346125394754,773.7010836478753,0.10846584402077068,103389.61378302689,0.08035714285714286,0.99,0.4042207792207792,0.996,0.7824675324675324,0.964,0.8741883116883117,0.2154
E3_multiseed_multisplit,xgboost__unweighted__split123__model789,xgboost,unweighted,A,none,no_origin_balance,val,stratified,123,789,False,1.0,773.7010836478753,fixed,val,0.001290797995614565,0.0012908741900602688,0.0012908714849422776,5749,4448085,1232,953160,1232,953162,4453834,129.21677120000095,b2e6f6243676544cb68b25aac83ba18d5eb139e5,True,3.14.4,1.8.0,3.4.0,2026-08-27T18:13:38+00:00,0.833925949935589,0.9868530699558216,0.0003207659640266212,0.5,931,31,301,953129,0.9677754677754677,0.7556818181818182,0.8486782133090246,0.855020636914752,962,0.001007971567238619,773.7010836478753,0.24435070385827473,232915.02617801045,0.08116883116883117,1.0,0.4042207792207792,0.996,0.7702922077922078,0.949,0.8668831168831169,0.2136
E3_multiseed_multisplit,xgboost__unweighted__split123__model789,xgboost,unweighted,A,none,no_origin_balance,test,stratified,123,789,False,1.0,773.7010836478753,fixed,val,0.001290797995614565,0.0012908741900602688,0.0012908714849422776,5749,4448085,1232,953160,1232,953162,4453834,129.21677120000095,b2e6f6243676544cb68b25aac83ba18d5eb139e5,True,3.14.4,1.8.0,3.4.0,2026-08-27T18:13:42+00:00,0.843971650147884,0.9874286051134464,0.00029795614836052676,0.5,961,33,271,953129,0.9668008048289738,0.7800324675324676,0.8634321653189577,0.8682631133761589,994,0.001041498584442065,773.7010836478753,0.22000215270376036,209705.99366857414,0.08116883116883117,1.0,0.4050324675324675,0.998,0.7816558441558441,0.963,0.872564935064935,0.215
E3_multiseed_multisplit,xgboost__unweighted__split123__model789,xgboost,unweighted,B,decision,no_origin_balance,val,stratified,123,789,False,1.0,773.7010836478753,youden,val,0.001290797995614565,0.0012908741900602688,0.0012908714849422776,5749,4448085,1232,953160,1232,953162,4453834,129.21677120000095,b2e6f6243676544cb68b25aac83ba18d5eb139e5,True,3.14.4,1.8.0,3.4.0,2026-08-27T18:13:46+00:00,0.833925949935589,0.9868530699558216,0.0003207659640266212,0.0015989815583452582,1124,21868,108,931292,0.048886569241475296,0.9123376623376623,0.0928005284015852,0.20826987864966381,22992,0.02409073001450138,773.7010836478753,0.11060401420272921,105427.7170339705,0.08116883116883117,1.0,0.4042207792207792,0.996,0.7702922077922078,0.949,0.8668831168831169,0.2136
E3_multiseed_multisplit,xgboost__unweighted__split123__model789,xgboost,unweighted,B,decision,no_origin_balance,test,stratified,123,789,False,1.0,773.7010836478753,youden,val,0.001290797995614565,0.0012908741900602688,0.0012908714849422776,5749,4448085,1232,953160,1232,953162,4453834,129.21677120000095,b2e6f6243676544cb68b25aac83ba18d5eb139e5,True,3.14.4,1.8.0,3.4.0,2026-08-27T18:13:50+00:00,0.843971650147884,0.9874286051134464,0.00029795614836052676,0.0015989815583452582,1127,21894,105,931268,0.0489553016810738,0.9147727272727273,0.0929369562528347,0.20870538876376143,23021,0.024121065304266373,773.7010836478753,0.10819622581741964,103132.61378302689,0.08116883116883117,1.0,0.4050324675324675,0.998,0.7816558441558441,0.963,0.872564935064935,0.215
E3_multiseed_multisplit,xgboost__unweighted__split123__model789,xgboost,unweighted,C,decision,no_origin_balance,val,stratified,123,789,False,1.0,773.7010836478753,ner_optimal,val,0.001290797995614565,0.0012908741900602688,0.0012908714849422776,5749,4448085,1232,953160,1232,953162,4453834,129.21677120000095,b2e6f6243676544cb68b25aac83ba18d5eb139e5,True,3.14.4,1.8.0,3.4.0,2026-08-27T18:13:54+00:00,0.833925949935589,0.9868530699558216,0.0003207659640266212,0.0015989815583452582,1124,21868,108,931292,0.048886569241475296,0.9123376623376623,0.0928005284015852,0.20826987864966381,22992,0.02409073001450138,773.7010836478753,0.11060401420272921,105427.7170339705,0.08116883116883117,1.0,0.4042207792207792,0.996,0.7702922077922078,0.949,0.8668831168831169,0.2136
E3_multiseed_multisplit,xgboost__unweighted__split123__model789,xgboost,unweighted,C,decision,no_origin_balance,test,stratified,123,789,False,1.0,773.7010836478753,ner_optimal,val,0.001290797995614565,0.0012908741900602688,0.0012908714849422776,5749,4448085,1232,953160,1232,953162,4453834,129.21677120000095,b2e6f6243676544cb68b25aac83ba18d5eb139e5,True,3.14.4,1.8.0,3.4.0,2026-08-27T18:13:56+00:00,0.843971650147884,0.9874286051134464,0.00029795614836052676,0.0015989815583452582,1127,21894,105,931268,0.0489553016810738,0.9147727272727273,0.0929369562528347,0.20870538876376143,23021,0.024121065304266373,773.7010836478753,0.10819622581741964,103132.61378302689,0.08116883116883117,1.0,0.4050324675324675,0.998,0.7816558441558441,0.963,0.872564935064935,0.215
E3_multiseed_multisplit,xgboost__unweighted__split42__model123,xgboost,unweighted,A,none,no_origin_balance,val,stratified,42,123,False,1.0,773.7010836478753,fixed,val,0.001290797995614565,0.0012908741900602688,0.0012908714849422776,5749,4448085,1232,953160,1232,953162,4453834,116.41548170000169,b2e6f6243676544cb68b25aac83ba18d5eb139e5,True,3.14.4,1.8.0,3.4.0,2026-08-27T16:57:33+00:00,0.8474097658263081,0.9855193211895851,0.00029021984398531375,0.5,955,18,277,953142,0.9815005138746146,0.7751623376623377,0.8662131519274376,0.8721115138230755,973,0.0010194972296498712,773.7010836478753,0.22485654610287756,214333.20017046144,0.08116883116883117,1.0,0.40584415584415584,1.0,0.7857142857142857,0.968,0.872564935064935,0.215
E3_multiseed_multisplit,xgboost__unweighted__split42__model123,xgboost,unweighted,A,none,no_origin_balance,test,stratified,42,123,False,1.0,773.7010836478753,fixed,val,0.001290797995614565,0.0012908741900602688,0.0012908714849422776,5749,4448085,1232,953160,1232,953162,4453834,116.41548170000169,b2e6f6243676544cb68b25aac83ba18d5eb139e5,True,3.14.4,1.8.0,3.4.0,2026-08-27T16:57:34+00:00,0.815903493251223,0.983279323990032,0.00033965786577981616,0.5,910,26,322,953136,0.9722222222222222,0.7386363636363636,0.8394833948339483,0.8472559975075861,936,0.0009807270372613407,773.7010836478753,0.26139091291339167,249157.7489346158,0.08116883116883117,1.0,0.4050324675324675,0.998,0.7556818181818182,0.931,0.8474025974025974,0.2088
E3_multiseed_multisplit,xgboost__unweighted__split42__model123,xgboost,unweighted,B,decision,no_origin_balance,val,stratified,42,123,False,1.0,773.7010836478753,youden,val,0.001290797995614565,0.0012908741900602688,0.0012908714849422776,5749,4448085,1232,953160,1232,953162,4453834,116.41548170000169,b2e6f6243676544cb68b25aac83ba18d5eb139e5,True,3.14.4,1.8.0,3.4.0,2026-08-27T16:57:36+00:00,0.8474097658263081,0.9855193211895851,0.00029021984398531375,0.001330084283836186,1127,26846,105,926314,0.040288849962463805,0.9147727272727273,0.07717856531415854,0.18873236981689911,27973,0.029309759511814852,773.7010836478753,0.11339135944774793,108084.61378302689,0.08116883116883117,1.0,0.40584415584415584,1.0,0.7857142857142857,0.968,0.872564935064935,0.215
E3_multiseed_multisplit,xgboost__unweighted__split42__model123,xgboost,unweighted,B,decision,no_origin_balance,test,stratified,42,123,False,1.0,773.7010836478753,youden,val,0.001290797995614565,0.0012908741900602688,0.0012908714849422776,5749,4448085,1232,953160,1232,953162,4453834,116.41548170000169,b2e6f6243676544cb68b25aac83ba18d5eb139e5,True,3.14.4,1.8.0,3.4.0,2026-08-27T16:57:38+00:00,0.815903493251223,0.983279323990032,0.00033965786577981616,0.001330084283836186,1105,26759,127,926403,0.03965690496698249,0.8969155844155844,0.0759554577948859,0.18530104811000248,27864,0.029195489493856835,773.7010836478753,0.13115723077301708,125019.03762328012,0.08116883116883117,1.0,0.4050324675324675,0.998,0.7556818181818182,0.931,0.8474025974025974,0.2088
E3_multiseed_multisplit,xgboost__unweighted__split42__model123,xgboost,unweighted,C,decision,no_origin_balance,val,stratified,42,123,False,1.0,773.7010836478753,ner_optimal,val,0.001290797995614565,0.0012908741900602688,0.0012908714849422776,5749,4448085,1232,953160,1232,953162,4453834,116.41548170000169,b2e6f6243676544cb68b25aac83ba18d5eb139e5,True,3.14.4,1.8.0,3.4.0,2026-08-27T16:57:39+00:00,0.8474097658263081,0.9855193211895851,0.00029021984398531375,0.001330084283836186,1127,26846,105,926314,0.040288849962463805,0.9147727272727273,0.07717856531415854,0.18873236981689911,27973,0.029309759511814852,773.7010836478753,0.11339135944774793,108084.61378302689,0.08116883116883117,1.0,0.40584415584415584,1.0,0.7857142857142857,0.968,0.872564935064935,0.215
E3_multiseed_multisplit,xgboost__unweighted__split42__model123,xgboost,unweighted,C,decision,no_origin_balance,test,stratified,42,123,False,1.0,773.7010836478753,ner_optimal,val,0.001290797995614565,0.0012908741900602688,0.0012908714849422776,5749,4448085,1232,953160,1232,953162,4453834,116.41548170000169,b2e6f6243676544cb68b25aac83ba18d5eb139e5,True,3.14.4,1.8.0,3.4.0,2026-08-27T16:57:41+00:00,0.815903493251223,0.983279323990032,0.00033965786577981616,0.001330084283836186,1105,26759,127,926403,0.03965690496698249,0.8969155844155844,0.0759554577948859,0.18530104811000248,27864,0.029195489493856835,773.7010836478753,0.13115723077301708,125019.03762328012,0.08116883116883117,1.0,0.4050324675324675,0.998,0.7556818181818182,0.931,0.8474025974025974,0.2088
E3_multiseed_multisplit,xgboost__unweighted__split42__model42,xgboost,unweighted,A,none,no_origin_balance,val,stratified,42,42,False,1.0,773.7010836478753,fixed,val,0.001290797995614565,0.0012908741900602688,0.0012908714849422776,5749,4448085,1232,953160,1232,953162,4453834,129.19114780000018,b2e6f6243676544cb68b25aac83ba18d5eb139e5,True,3.14.4,1.8.0,3.4.0,2026-08-27T16:55:20+00:00,0.8481750124473958,0.9855091044048695,0.0002872703457763005,0.5,958,16,274,953144,0.9835728952772074,0.7775974025974026,0.8685403445149592,0.8744047984218761,974,0.0010205450171418035,773.7010836478753,0.22241938297167763,212010.09691951782,0.08116883116883117,1.0,0.40584415584415584,1.0,0.7857142857142857,0.968,0.8733766233766234,0.2152
E3_multiseed_multisplit,xgboost__unweighted__split42__model42,xgboost,unweighted,A,none,no_origin_balance,test,stratified,42,42,False,1.0,773.7010836478753,fixed,val,0.001290797995614565,0.0012908741900602688,0.0012908714849422776,5749,4448085,1232,953160,1232,953162,4453834,129.19114780000018,b2e6f6243676544cb68b25aac83ba18d5eb139e5,True,3.14.4,1.8.0,3.4.0,2026-08-27T16:55:22+00:00,0.817257678698113,0.9851784403883104,0.00033685471755567106,0.5,913,24,319,953138,0.9743863393810032,0.7410714285714286,0.8418626094974643,0.849598380869905,937,0.0009817748225575602,773.7010836478753,0.2589537497821917,246834.64568367216,0.08116883116883117,1.0,0.40584415584415584,1.0,0.7589285714285714,0.935,0.8474025974025974,0.2088
E3_multiseed_multisplit,xgboost__unweighted__split42__model42,xgboost,unweighted,B,decision,no_origin_balance,val,stratified,42,42,False,1.0,773.7010836478753,youden,val,0.001290797995614565,0.0012908741900602688,0.0012908714849422776,5749,4448085,1232,953160,1232,953162,4453834,129.19114780000018,b2e6f6243676544cb68b25aac83ba18d5eb139e5,True,3.14.4,1.8.0,3.4.0,2026-08-27T16:55:24+00:00,0.8481750124473958,0.9855091044048695,0.0002872703457763005,0.0019162173848599195,1114,17992,118,935168,0.058306291217418614,0.9042207792207793,0.10954862818369554,0.22695696083590122,19106,0.020019027820853484,773.7010836478753,0.11465459320992887,109288.72787044925,0.08116883116883117,1.0,0.40584415584415584,1.0,0.7857142857142857,0.968,0.8733766233766234,0.2152
E3_multiseed_multisplit,xgboost__unweighted__split42__model42,xgboost,unweighted,B,decision,no_origin_balance,test,stratified,42,42,False,1.0,773.7010836478753,youden,val,0.001290797995614565,0.0012908741900602688,0.0012908714849422776,5749,4448085,1232,953160,1232,953162,4453834,129.19114780000018,b2e6f6243676544cb68b25aac83ba18d5eb139e5,True,3.14.4,1.8.0,3.4.0,2026-08-27T16:55:25+00:00,0.817257678698113,0.9851784403883104,0.00033685471755567106,0.0019162173848599195,1093,17683,139,935479,0.05821261184490839,0.8871753246753247,0.1092562974810076,0.224579138029712,18776,0.0196732167218151,773.7010836478753,0.13137587645252166,125227.45062705466,0.08116883116883117,1.0,0.40584415584415584,1.0,0.7589285714285714,0.935,0.8474025974025974,0.2088
E3_multiseed_multisplit,xgboost__unweighted__split42__model42,xgboost,unweighted,C,decision,no_origin_balance,val,stratified,42,42,False,1.0,773.7010836478753,ner_optimal,val,0.001290797995614565,0.0012908741900602688,0.0012908714849422776,5749,4448085,1232,953160,1232,953162,4453834,129.19114780000018,b2e6f6243676544cb68b25aac83ba18d5eb139e5,True,3.14.4,1.8.0,3.4.0,2026-08-27T16:55:27+00:00,0.8481750124473958,0.9855091044048695,0.0002872703457763005,0.0019162173848599195,1114,17992,118,935168,0.058306291217418614,0.9042207792207793,0.10954862818369554,0.22695696083590122,19106,0.020019027820853484,773.7010836478753,0.11465459320992887,109288.72787044925,0.08116883116883117,1.0,0.40584415584415584,1.0,0.7857142857142857,0.968,0.8733766233766234,0.2152
E3_multiseed_multisplit,xgboost__unweighted__split42__model42,xgboost,unweighted,C,decision,no_origin_balance,test,stratified,42,42,False,1.0,773.7010836478753,ner_optimal,val,0.001290797995614565,0.0012908741900602688,0.0012908714849422776,5749,4448085,1232,953160,1232,953162,4453834,129.19114780000018,b2e6f6243676544cb68b25aac83ba18d5eb139e5,True,3.14.4,1.8.0,3.4.0,2026-08-27T16:55:28+00:00,0.817257678698113,0.9851784403883104,0.00033685471755567106,0.0019162173848599195,1093,17683,139,935479,0.05821261184490839,0.8871753246753247,0.1092562974810076,0.224579138029712,18776,0.0196732167218151,773.7010836478753,0.13137587645252166,125227.45062705466,0.08116883116883117,1.0,0.40584415584415584,1.0,0.7589285714285714,0.935,0.8474025974025974,0.2088
E3_multiseed_multisplit,xgboost__unweighted__split42__model456,xgboost,unweighted,A,none,no_origin_balance,val,stratified,42,456,False,1.0,773.7010836478753,fixed,val,0.001290797995614565,0.0012908741900602688,0.0012908714849422776,5749,4448085,1232,953160,1232,953162,4453834,116.69495609999649,b2e6f6243676544cb68b25aac83ba18d5eb139e5,True,3.14.4,1.8.0,3.4.0,2026-08-27T16:59:45+00:00,0.8465799790035372,0.9854134736819373,0.0002919498991541392,0.5,951,15,281,953145,0.984472049689441,0.7719155844155844,0.8653321201091901,0.8715998654200762,966,0.001012162717206347,773.7010836478753,0.22810015205542827,217425.00450505293,0.08116883116883117,1.0,0.40584415584415584,1.0,0.7832792207792207,0.965,0.8717532467532467,0.2148
E3_multiseed_multisplit,xgboost__unweighted__split42__model456,xgboost,unweighted,A,none,no_origin_balance,test,stratified,42,456,False,1.0,773.7010836478753,fixed,val,0.001290797995614565,0.0012908741900602688,0.0012908714849422776,5749,4448085,1232,953160,1232,953162,4453834,116.69495609999649,b2e6f6243676544cb68b25aac83ba18d5eb139e5,True,3.14.4,1.8.0,3.4.0,2026-08-27T16:59:46+00:00,0.8166811773286371,0.9844508799583461,0.0003353482341250233,0.5,914,23,318,953139,0.9754535752401281,0.7418831168831169,0.8427846934071,0.8505301721358527,937,0.0009817748225575602,773.7010836478753,0.2581410123724359,246059.94460002432,0.08116883116883117,1.0,0.40584415584415584,1.0,0.7589285714285714,0.935,0.8433441558441559,0.2078
E3_multiseed_multisplit,xgboost__unweighted__split42__model456,xgboost,unweighted,B,decision,no_origin_balance,val,stratified,42,456,False,1.0,773.7010836478753,youden,val,0.001290797995614565,0.0012908741900602688,0.0012908714849422776,5749,4448085,1232,953160,1232,953162,4453834,116.69495609999649,b2e6f6243676544cb68b25aac83ba18d5eb139e5,True,3.14.4,1.8.0,3.4.0,2026-08-27T16:59:48+00:00,0.8465799790035372,0.9854134736819373,0.0002919498991541392,0.002198119880631566,1113,15727,119,937433,0.06609263657957244,0.9034090909090909,0.12317397078353254,0.2418793042621315,16840,0.01764474136413549,773.7010836478753,0.11309007439869843,107797.42895409712,0.08116883116883117,1.0,0.40584415584415584,1.0,0.7832792207792207,0.965,0.8717532467532467,0.2148
E3_multiseed_multisplit,xgboost__unweighted__split42__model456,xgboost,unweighted,B,decision,no_origin_balance,test,stratified,42,456,False,1.0,773.7010836478753,youden,val,0.001290797995614565,0.0012908741900602688,0.0012908714849422776,5749,4448085,1232,953160,1232,953162,4453834,116.69495609999649,b2e6f6243676544cb68b25aac83ba18d5eb139e5,True,3.14.4,1.8.0,3.4.0,2026-08-27T16:59:49+00:00,0.8166811773286371,0.9844508799583461,0.0003353482341250233,0.002198119880631566,1087,15585,145,937577,0.06519913627639155,0.8823051948051948,0.12142537980339589,0.2373300937064689,16672,0.01746867645856952,773.7010836478753,0.1340449985770076,127771.65712894191,0.08116883116883117,1.0,0.40584415584415584,1.0,0.7589285714285714,0.935,0.8433441558441559,0.2078
E3_multiseed_multisplit,xgboost__unweighted__split42__model456,xgboost,unweighted,C,decision,no_origin_balance,val,stratified,42,456,False,1.0,773.7010836478753,ner_optimal,val,0.001290797995614565,0.0012908741900602688,0.0012908714849422776,5749,4448085,1232,953160,1232,953162,4453834,116.69495609999649,b2e6f6243676544cb68b25aac83ba18d5eb139e5,True,3.14.4,1.8.0,3.4.0,2026-08-27T16:59:51+00:00,0.8465799790035372,0.9854134736819373,0.0002919498991541392,0.002198119880631566,1113,15727,119,937433,0.06609263657957244,0.9034090909090909,0.12317397078353254,0.2418793042621315,16840,0.01764474136413549,773.7010836478753,0.11309007439869843,107797.42895409712,0.08116883116883117,1.0,0.40584415584415584,1.0,0.7832792207792207,0.965,0.8717532467532467,0.2148
E3_multiseed_multisplit,xgboost__unweighted__split42__model456,xgboost,unweighted,C,decision,no_origin_balance,test,stratified,42,456,False,1.0,773.7010836478753,ner_optimal,val,0.001290797995614565,0.0012908741900602688,0.0012908714849422776,5749,4448085,1232,953160,1232,953162,4453834,116.69495609999649,b2e6f6243676544cb68b25aac83ba18d5eb139e5,True,3.14.4,1.8.0,3.4.0,2026-08-27T16:59:52+00:00,0.8166811773286371,0.9844508799583461,0.0003353482341250233,0.002198119880631566,1087,15585,145,937577,0.06519913627639155,0.8823051948051948,0.12142537980339589,0.2373300937064689,16672,0.01746867645856952,773.7010836478753,0.1340449985770076,127771.65712894191,0.08116883116883117,1.0,0.40584415584415584,1.0,0.7589285714285714,0.935,0.8433441558441559,0.2078
E3_multiseed_multisplit,xgboost__unweighted__split42__model789,xgboost,unweighted,A,none,no_origin_balance,val,stratified,42,789,False,1.0,773.7010836478753,fixed,val,0.001290797995614565,0.0012908741900602688,0.0012908714849422776,5749,4448085,1232,953160,1232,953162,4453834,117.24004099999729,b2e6f6243676544cb68b25aac83ba18d5eb139e5,True,3.14.4,1.8.0,3.4.0,2026-08-27T17:01:58+00:00,0.8457322911806469,0.9847488027520761,0.00029054771036506164,0.5,954,16,278,953144,0.9835051546391752,0.7743506493506493,0.8664850136239782,0.8725454512513872,970,0.0010163538671740752,773.7010836478753,0.22566613621843085,215104.9012541093,0.08116883116883117,1.0,0.4042207792207792,0.996,0.786525974025974,0.969,0.8741883116883117,0.2154
E3_multiseed_multisplit,xgboost__unweighted__split42__model789,xgboost,unweighted,A,none,no_origin_balance,test,stratified,42,789,False,1.0,773.7010836478753,fixed,val,0.001290797995614565,0.0012908741900602688,0.0012908714849422776,5749,4448085,1232,953160,1232,953162,4453834,117.24004099999729,b2e6f6243676544cb68b25aac83ba18d5eb139e5,True,3.14.4,1.8.0,3.4.0,2026-08-27T17:02:00+00:00,0.817807052643664,0.9851738887234034,0.0003385238324735385,0.5,908,25,324,953137,0.9732047159699893,0.737012987012987,0.8387990762124712,0.846751764165248,933,0.0009775836813726826,773.7010836478753,0.2630132404387008,250704.15110191156,0.08116883116883117,1.0,0.40584415584415584,1.0,0.760551948051948,0.937,0.8449675324675324,0.2082
E3_multiseed_multisplit,xgboost__unweighted__split42__model789,xgboost,unweighted,B,decision,no_origin_balance,val,stratified,42,789,False,1.0,773.7010836478753,youden,val,0.001290797995614565,0.0012908741900602688,0.0012908714849422776,5749,4448085,1232,953160,1232,953162,4453834,117.24004099999729,b2e6f6243676544cb68b25aac83ba18d5eb139e5,True,3.14.4,1.8.0,3.4.0,2026-08-27T17:02:02+00:00,0.8457322911806469,0.9847488027520761,0.00029054771036506164,0.0013564806431531906,1127,25297,105,927863,0.042650620647895855,0.9147727272727273,0.0815013017066821,0.19437892684085756,26424,0.027686736686812128,773.7010836478753,0.11176630654116906,106535.61378302689,0.08116883116883117,1.0,0.4042207792207792,0.996,0.786525974025974,0.969,0.8741883116883117,0.2154
E3_multiseed_multisplit,xgboost__unweighted__split42__model789,xgboost,unweighted,B,decision,no_origin_balance,test,stratified,42,789,False,1.0,773.7010836478753,youden,val,0.001290797995614565,0.0012908741900602688,0.0012908714849422776,5749,4448085,1232,953160,1232,953162,4453834,117.24004099999729,b2e6f6243676544cb68b25aac83ba18d5eb139e5,True,3.14.4,1.8.0,3.4.0,2026-08-27T17:02:03+00:00,0.817807052643664,0.9851738887234034,0.0003385238324735385,0.0013564806431531906,1110,25301,122,927861,0.04202794290257847,0.900974025974026,0.08030966248236443,0.19140408545263699,26411,0.027673057458450074,773.7010836478753,0.1255692042321404,119692.53220504076,0.08116883116883117,1.0,0.40584415584415584,1.0,0.760551948051948,0.937,0.8449675324675324,0.2082
E3_multiseed_multisplit,xgboost__unweighted__split42__model789,xgboost,unweighted,C,decision,no_origin_balance,val,stratified,42,789,False,1.0,773.7010836478753,ner_optimal,val,0.001290797995614565,0.0012908741900602688,0.0012908714849422776,5749,4448085,1232,953160,1232,953162,4453834,117.24004099999729,b2e6f6243676544cb68b25aac83ba18d5eb139e5,True,3.14.4,1.8.0,3.4.0,2026-08-27T17:02:05+00:00,0.8457322911806469,0.9847488027520761,0.00029054771036506164,0.0013564806431531906,1127,25297,105,927863,0.042650620647895855,0.9147727272727273,0.0815013017066821,0.19437892684085756,26424,0.027686736686812128,773.7010836478753,0.11176630654116906,106535.61378302689,0.08116883116883117,1.0,0.4042207792207792,0.996,0.786525974025974,0.969,0.8741883116883117,0.2154
E3_multiseed_multisplit,xgboost__unweighted__split42__model789,xgboost,unweighted,C,decision,no_origin_balance,test,stratified,42,789,False,1.0,773.7010836478753,ner_optimal,val,0.001290797995614565,0.0012908741900602688,0.0012908714849422776,5749,4448085,1232,953160,1232,953162,4453834,117.24004099999729,b2e6f6243676544cb68b25aac83ba18d5eb139e5,True,3.14.4,1.8.0,3.4.0,2026-08-27T17:02:06+00:00,0.817807052643664,0.9851738887234034,0.0003385238324735385,0.0013564806431531906,1110,25301,122,927861,0.04202794290257847,0.900974025974026,0.08030966248236443,0.19140408545263699,26411,0.027673057458450074,773.7010836478753,0.1255692042321404,119692.53220504076,0.08116883116883117,1.0,0.40584415584415584,1.0,0.760551948051948,0.937,0.8449675324675324,0.2082
E3_multiseed_multisplit,xgboost__unweighted__split456__model123,xgboost,unweighted,A,none,no_origin_balance,val,stratified,456,123,False,1.0,773.7010836478753,fixed,val,0.001290797995614565,0.0012908741900602688,0.0012908714849422776,5749,4448085,1232,953160,1232,953162,4453834,120.22480429999996,b2e6f6243676544cb68b25aac83ba18d5eb139e5,True,3.14.4,1.8.0,3.4.0,2026-08-27T19:23:40+00:00,0.8351924864948236,0.987328631798507,0.0003169843946742216,0.5,927,20,305,953140,0.9788806758183738,0.752435064935065,0.8508490133088573,0.858069294103548,947,0.0009922547548596385,773.7010836478753,0.24758591702628532,235998.83051260194,0.08116883116883117,1.0,0.4050324675324675,0.998,0.773538961038961,0.953,0.8660714285714286,0.2134
E3_multiseed_multisplit,xgboost__unweighted__split456__model123,xgboost,unweighted,A,none,no_origin_balance,test,stratified,456,123,False,1.0,773.7010836478753,fixed,val,0.001290797995614565,0.0012908741900602688,0.0012908714849422776,5749,4448085,1232,953160,1232,953162,4453834,120.22480429999996,b2e6f6243676544cb68b25aac83ba18d5eb139e5,True,3.14.4,1.8.0,3.4.0,2026-08-27T19:23:42+00:00,0.8374490119526069,0.9869648658237652,0.00030546176139141507,0.5,933,17,299,953145,0.9821052631578947,0.7573051948051948,0.8551787351054079,0.8622635421584738,950,0.000995396031408412,773.7010836478753,0.24271263986195293,231353.6240107147,0.08116883116883117,1.0,0.4050324675324675,0.998,0.7775974025974026,0.958,0.8660714285714286,0.2134
E3_multiseed_multisplit,xgboost__unweighted__split456__model123,xgboost,unweighted,B,decision,no_origin_balance,val,stratified,456,123,False,1.0,773.7010836478753,youden,val,0.001290797995614565,0.0012908741900602688,0.0012908714849422776,5749,4448085,1232,953160,1232,953162,4453834,120.22480429999996,b2e6f6243676544cb68b25aac83ba18d5eb139e5,True,3.14.4,1.8.0,3.4.0,2026-08-27T19:23:44+00:00,0.8351924864948236,0.987328631798507,0.0003169843946742216,0.0010284666204825044,1140,33255,92,919905,0.033144352376798955,0.9253246753246753,0.06399640721924384,0.17153385372558697,34395,0.03603865078500239,773.7010836478753,0.10956308091049577,104435.4996956045,0.08116883116883117,1.0,0.4050324675324675,0.998,0.773538961038961,0.953,0.8660714285714286,0.2134
E3_multiseed_multisplit,xgboost__unweighted__split456__model123,xgboost,unweighted,B,decision,no_origin_balance,test,stratified,456,123,False,1.0,773.7010836478753,youden,val,0.001290797995614565,0.0012908741900602688,0.0012908714849422776,5749,4448085,1232,953160,1232,953162,4453834,120.22480429999996,b2e6f6243676544cb68b25aac83ba18d5eb139e5,True,3.14.4,1.8.0,3.4.0,2026-08-27T19:23:45+00:00,0.8374490119526069,0.9869648658237652,0.00030546176139141507,0.0010284666204825044,1129,33605,103,919557,0.03250417458398111,0.9163961038961039,0.06278151587610521,0.16894388128942223,34734,0.036393774478883985,773.7010836478753,0.118858836662697,113296.21161573112,0.08116883116883117,1.0,0.4050324675324675,0.998,0.7775974025974026,0.958,0.8660714285714286,0.2134
E3_multiseed_multisplit,xgboost__unweighted__split456__model123,xgboost,unweighted,C,decision,no_origin_balance,val,stratified,456,123,False,1.0,773.7010836478753,ner_optimal,val,0.001290797995614565,0.0012908741900602688,0.0012908714849422776,5749,4448085,1232,953160,1232,953162,4453834,120.22480429999996,b2e6f6243676544cb68b25aac83ba18d5eb139e5,True,3.14.4,1.8.0,3.4.0,2026-08-27T19:23:47+00:00,0.8351924864948236,0.987328631798507,0.0003169843946742216,0.0010284666204825044,1140,33255,92,919905,0.033144352376798955,0.9253246753246753,0.06399640721924384,0.17153385372558697,34395,0.03603865078500239,773.7010836478753,0.10956308091049577,104435.4996956045,0.08116883116883117,1.0,0.4050324675324675,0.998,0.773538961038961,0.953,0.8660714285714286,0.2134
E3_multiseed_multisplit,xgboost__unweighted__split456__model123,xgboost,unweighted,C,decision,no_origin_balance,test,stratified,456,123,False,1.0,773.7010836478753,ner_optimal,val,0.001290797995614565,0.0012908741900602688,0.0012908714849422776,5749,4448085,1232,953160,1232,953162,4453834,120.22480429999996,b2e6f6243676544cb68b25aac83ba18d5eb139e5,True,3.14.4,1.8.0,3.4.0,2026-08-27T19:23:48+00:00,0.8374490119526069,0.9869648658237652,0.00030546176139141507,0.0010284666204825044,1129,33605,103,919557,0.03250417458398111,0.9163961038961039,0.06278151587610521,0.16894388128942223,34734,0.036393774478883985,773.7010836478753,0.118858836662697,113296.21161573112,0.08116883116883117,1.0,0.4050324675324675,0.998,0.7775974025974026,0.958,0.8660714285714286,0.2134
E3_multiseed_multisplit,xgboost__unweighted__split456__model42,xgboost,unweighted,A,none,no_origin_balance,val,stratified,456,42,False,1.0,773.7010836478753,fixed,val,0.001290797995614565,0.0012908741900602688,0.0012908714849422776,5749,4448085,1232,953160,1232,953162,4453834,123.59485679999852,b2e6f6243676544cb68b25aac83ba18d5eb139e5,True,3.14.4,1.8.0,3.4.0,2026-08-27T19:21:22+00:00,0.8343378873323852,0.9880553357921401,0.0003190951834477485,0.5,924,22,308,953138,0.9767441860465116,0.75,0.8484848484848485,0.8557413882606308,946,0.0009912069673677065,773.7010836478753,0.25002308015748526,238321.93376354556,0.08116883116883117,1.0,0.4050324675324675,0.998,0.775974025974026,0.956,0.8693181818181818,0.2142
E3_multiseed_multisplit,xgboost__unweighted__split456__model42,xgboost,unweighted,A,none,no_origin_balance,test,stratified,456,42,False,1.0,773.7010836478753,fixed,val,0.001290797995614565,0.0012908741900602688,0.0012908714849422776,5749,4448085,1232,953160,1232,953162,4453834,123.59485679999852,b2e6f6243676544cb68b25aac83ba18d5eb139e5,True,3.14.4,1.8.0,3.4.0,2026-08-27T19:21:24+00:00,0.8345775848474781,0.9877191099102354,0.00031553811449550653,0.5,931,27,301,953135,0.9718162839248434,0.7556818181818182,0.8502283105022831,0.8568067506446511,958,0.0010037783137781672,773.7010836478753,0.24434650746600467,232911.02617801045,0.08116883116883117,1.0,0.4050324675324675,0.998,0.7727272727272727,0.952,0.8612012987012987,0.2122
E3_multiseed_multisplit,xgboost__unweighted__split456__model42,xgboost,unweighted,B,decision,no_origin_balance,val,stratified,456,42,False,1.0,773.7010836478753,youden,val,0.001290797995614565,0.0012908741900602688,0.0012908714849422776,5749,4448085,1232,953160,1232,953162,4453834,123.59485679999852,b2e6f6243676544cb68b25aac83ba18d5eb139e5,True,3.14.4,1.8.0,3.4.0,2026-08-27T19:21:26+00:00,0.8343378873323852,0.9880553357921401,0.0003190951834477485,0.0010040823835879564,1140,34509,92,918651,0.03197845661869898,0.9253246753246753,0.06182044955397088,0.16835571457261692,35649,0.037352576299885164,773.7010836478753,0.11087864988715805,105689.4996956045,0.08116883116883117,1.0,0.4050324675324675,0.998,0.775974025974026,0.956,0.8693181818181818,0.2142
E3_multiseed_multisplit,xgboost__unweighted__split456__model42,xgboost,unweighted,B,decision,no_origin_balance,test,stratified,456,42,False,1.0,773.7010836478753,youden,val,0.001290797995614565,0.0012908741900602688,0.0012908714849422776,5749,4448085,1232,953160,1232,953162,4453834,123.59485679999852,b2e6f6243676544cb68b25aac83ba18d5eb139e5,True,3.14.4,1.8.0,3.4.0,2026-08-27T19:21:28+00:00,0.8345775848474781,0.9877191099102354,0.00031553811449550653,0.0010040823835879564,1129,34775,103,918387,0.03144496434937612,0.9163961038961039,0.060803532959931066,0.16604257352843024,35904,0.03761968327546066,773.7010836478753,0.12008628140168814,114466.21161573112,0.08116883116883117,1.0,0.4050324675324675,0.998,0.7727272727272727,0.952,0.8612012987012987,0.2122
E3_multiseed_multisplit,xgboost__unweighted__split456__model42,xgboost,unweighted,C,decision,no_origin_balance,val,stratified,456,42,False,1.0,773.7010836478753,ner_optimal,val,0.001290797995614565,0.0012908741900602688,0.0012908714849422776,5749,4448085,1232,953160,1232,953162,4453834,123.59485679999852,b2e6f6243676544cb68b25aac83ba18d5eb139e5,True,3.14.4,1.8.0,3.4.0,2026-08-27T19:21:30+00:00,0.8343378873323852,0.9880553357921401,0.0003190951834477485,0.0010040823835879564,1140,34509,92,918651,0.03197845661869898,0.9253246753246753,0.06182044955397088,0.16835571457261692,35649,0.037352576299885164,773.7010836478753,0.11087864988715805,105689.4996956045,0.08116883116883117,1.0,0.4050324675324675,0.998,0.775974025974026,0.956,0.8693181818181818,0.2142
E3_multiseed_multisplit,xgboost__unweighted__split456__model42,xgboost,unweighted,C,decision,no_origin_balance,test,stratified,456,42,False,1.0,773.7010836478753,ner_optimal,val,0.001290797995614565,0.0012908741900602688,0.0012908714849422776,5749,4448085,1232,953160,1232,953162,4453834,123.59485679999852,b2e6f6243676544cb68b25aac83ba18d5eb139e5,True,3.14.4,1.8.0,3.4.0,2026-08-27T19:21:31+00:00,0.8345775848474781,0.9877191099102354,0.00031553811449550653,0.0010040823835879564,1129,34775,103,918387,0.03144496434937612,0.9163961038961039,0.060803532959931066,0.16604257352843024,35904,0.03761968327546066,773.7010836478753,0.12008628140168814,114466.21161573112,0.08116883116883117,1.0,0.4050324675324675,0.998,0.7727272727272727,0.952,0.8612012987012987,0.2122
E3_multiseed_multisplit,xgboost__unweighted__split456__model456,xgboost,unweighted,A,none,no_origin_balance,val,stratified,456,456,False,1.0,773.7010836478753,fixed,val,0.001290797995614565,0.0012908741900602688,0.0012908714849422776,5749,4448085,1232,953160,1232,953162,4453834,119.56349369999953,b2e6f6243676544cb68b25aac83ba18d5eb139e5,True,3.14.4,1.8.0,3.4.0,2026-08-27T19:25:57+00:00,0.8344992256989111,0.9869530356270844,0.0003205830146375064,0.5,922,26,310,953134,0.9725738396624473,0.7483766233766234,0.8458715596330275,0.8529839860301099,948,0.0009933025423515705,773.7010836478753,0.25165065317313196,239873.3359308413,0.08116883116883117,1.0,0.40584415584415584,1.0,0.7694805194805194,0.948,0.8636363636363636,0.2128
E3_multiseed_multisplit,xgboost__unweighted__split456__model456,xgboost,unweighted,A,none,no_origin_balance,test,stratified,456,456,False,1.0,773.7010836478753,fixed,val,0.001290797995614565,0.0012908741900602688,0.0012908714849422776,5749,4448085,1232,953160,1232,953162,4453834,119.56349369999953,b2e6f6243676544cb68b25aac83ba18d5eb139e5,True,3.14.4,1.8.0,3.4.0,2026-08-27T19:25:59+00:00,0.8357479352888872,0.9866169385169039,0.00031188833292359567,0.5,925,17,307,953145,0.9819532908704883,0.7508116883116883,0.8509659613615456,0.8584886418164921,942,0.000987013749038657,773.7010836478753,0.2492061463554594,237543.2326798977,0.08116883116883117,1.0,0.4042207792207792,0.996,0.773538961038961,0.953,0.8628246753246753,0.2126
E3_multiseed_multisplit,xgboost__unweighted__split456__model456,xgboost,unweighted,B,decision,no_origin_balance,val,stratified,456,456,False,1.0,773.7010836478753,youden,val,0.001290797995614565,0.0012908741900602688,0.0012908714849422776,5749,4448085,1232,953160,1232,953162,4453834,119.56349369999953,b2e6f6243676544cb68b25aac83ba18d5eb139e5,True,3.14.4,1.8.0,3.4.0,2026-08-27T19:26:01+00:00,0.8344992256989111,0.9869530356270844,0.0003205830146375064,0.0010286488104611635,1142,34395,90,918765,0.0321355207248783,0.926948051948052,0.062117544670782454,0.16894106185961685,35537,0.03723522410078878,773.7010836478753,0.10913567608408486,104028.09752830876,0.08116883116883117,1.0,0.40584415584415584,1.0,0.7694805194805194,0.948,0.8636363636363636,0.2128
E3_multiseed_multisplit,xgboost__unweighted__split456__model456,xgboost,unweighted,B,decision,no_origin_balance,test,stratified,456,456,False,1.0,773.7010836478753,youden,val,0.001290797995614565,0.0012908741900602688,0.0012908714849422776,5749,4448085,1232,953160,1232,953162,4453834,119.56349369999953,b2e6f6243676544cb68b25aac83ba18d5eb139e5,True,3.14.4,1.8.0,3.4.0,2026-08-27T19:26:02+00:00,0.8357479352888872,0.9866169385169039,0.00031188833292359567,0.0010286488104611635,1135,34538,97,918624,0.03181678019790878,0.9212662337662337,0.06150928058528655,0.1675272975708816,35673,0.03737764487203398,773.7010836478753,0.11496751528955752,109587.00511384389,0.08116883116883117,1.0,0.4042207792207792,0.996,0.773538961038961,0.953,0.8628246753246753,0.2126
E3_multiseed_multisplit,xgboost__unweighted__split456__model456,xgboost,unweighted,C,decision,no_origin_balance,val,stratified,456,456,False,1.0,773.7010836478753,ner_optimal,val,0.001290797995614565,0.0012908741900602688,0.0012908714849422776,5749,4448085,1232,953160,1232,953162,4453834,119.56349369999953,b2e6f6243676544cb68b25aac83ba18d5eb139e5,True,3.14.4,1.8.0,3.4.0,2026-08-27T19:26:04+00:00,0.8344992256989111,0.9869530356270844,0.0003205830146375064,0.0010286488104611635,1142,34395,90,918765,0.0321355207248783,0.926948051948052,0.062117544670782454,0.16894106185961685,35537,0.03723522410078878,773.7010836478753,0.10913567608408486,104028.09752830876,0.08116883116883117,1.0,0.40584415584415584,1.0,0.7694805194805194,0.948,0.8636363636363636,0.2128
E3_multiseed_multisplit,xgboost__unweighted__split456__model456,xgboost,unweighted,C,decision,no_origin_balance,test,stratified,456,456,False,1.0,773.7010836478753,ner_optimal,val,0.001290797995614565,0.0012908741900602688,0.0012908714849422776,5749,4448085,1232,953160,1232,953162,4453834,119.56349369999953,b2e6f6243676544cb68b25aac83ba18d5eb139e5,True,3.14.4,1.8.0,3.4.0,2026-08-27T19:26:05+00:00,0.8357479352888872,0.9866169385169039,0.00031188833292359567,0.0010286488104611635,1135,34538,97,918624,0.03181678019790878,0.9212662337662337,0.06150928058528655,0.1675272975708816,35673,0.03737764487203398,773.7010836478753,0.11496751528955752,109587.00511384389,0.08116883116883117,1.0,0.4042207792207792,0.996,0.773538961038961,0.953,0.8628246753246753,0.2126
E3_multiseed_multisplit,xgboost__unweighted__split456__model789,xgboost,unweighted,A,none,no_origin_balance,val,stratified,456,789,False,1.0,773.7010836478753,fixed,val,0.001290797995614565,0.0012908741900602688,0.0012908714849422776,5749,4448085,1232,953160,1232,953162,4453834,120.73930049999763,b2e6f6243676544cb68b25aac83ba18d5eb139e5,True,3.14.4,1.8.0,3.4.0,2026-08-27T19:28:14+00:00,0.8329604192670411,0.9861513546123815,0.00032065472818504527,0.5,928,22,304,953138,0.9768421052631578,0.7532467532467533,0.8505957836846929,0.8576365408390669,950,0.0009953981173354345,773.7010836478753,0.24677632691073204,235227.12942895407,0.08116883116883117,1.0,0.4034090909090909,0.994,0.7702922077922078,0.949,0.8668831168831169,0.2136
E3_multiseed_multisplit,xgboost__unweighted__split456__model789,xgboost,unweighted,A,none,no_origin_balance,test,stratified,456,789,False,1.0,773.7010836478753,fixed,val,0.001290797995614565,0.0012908741900602688,0.0012908714849422776,5749,4448085,1232,953160,1232,953162,4453834,120.73930049999763,b2e6f6243676544cb68b25aac83ba18d5eb139e5,True,3.14.4,1.8.0,3.4.0,2026-08-27T19:28:15+00:00,0.8334657815065373,0.985109008976738,0.0003126146666965481,0.5,934,19,298,953143,0.9800629590766002,0.7581168831168831,0.8549199084668192,0.8618270097618318,953,0.0009985393872970702,773.7010836478753,0.24190304974639962,230581.9229270668,0.08116883116883117,1.0,0.4050324675324675,0.998,0.7743506493506493,0.954,0.8636363636363636,0.2128
E3_multiseed_multisplit,xgboost__unweighted__split456__model789,xgboost,unweighted,B,decision,no_origin_balance,val,stratified,456,789,False,1.0,773.7010836478753,youden,val,0.001290797995614565,0.0012908741900602688,0.0012908714849422776,5749,4448085,1232,953160,1232,953162,4453834,120.73930049999763,b2e6f6243676544cb68b25aac83ba18d5eb139e5,True,3.14.4,1.8.0,3.4.0,2026-08-27T19:28:17+00:00,0.8329604192670411,0.9861513546123815,0.00032065472818504527,0.0016510800924152136,1122,20662,110,932498,0.05150569225119354,0.9107142857142857,0.09749739311783108,0.21374190287666717,21784,0.02282500272424748,773.7010836478753,0.1109621785566842,105769.11920126625,0.08116883116883117,1.0,0.4034090909090909,0.994,0.7702922077922078,0.949,0.8668831168831169,0.2136
E3_multiseed_multisplit,xgboost__unweighted__split456__model789,xgboost,unweighted,B,decision,no_origin_balance,test,stratified,456,789,False,1.0,773.7010836478753,youden,val,0.001290797995614565,0.0012908741900602688,0.0012908714849422776,5749,4448085,1232,953160,1232,953162,4453834,120.73930049999763,b2e6f6243676544cb68b25aac83ba18d5eb139e5,True,3.14.4,1.8.0,3.4.0,2026-08-27T19:28:19+00:00,0.8334657815065373,0.985109008976738,0.0003126146666965481,0.0016510800924152136,1110,20805,122,932357,0.05065023956194387,0.900974025974026,0.09590875707435088,0.21074621577305355,21915,0.022962214766647737,773.7010836478753,0.1208524593205984,115196.53220504076,0.08116883116883117,1.0,0.4050324675324675,0.998,0.7743506493506493,0.954,0.8636363636363636,0.2128
E3_multiseed_multisplit,xgboost__unweighted__split456__model789,xgboost,unweighted,C,decision,no_origin_balance,val,stratified,456,789,False,1.0,773.7010836478753,ner_optimal,val,0.001290797995614565,0.0012908741900602688,0.0012908714849422776,5749,4448085,1232,953160,1232,953162,4453834,120.73930049999763,b2e6f6243676544cb68b25aac83ba18d5eb139e5,True,3.14.4,1.8.0,3.4.0,2026-08-27T19:28:21+00:00,0.8329604192670411,0.9861513546123815,0.00032065472818504527,0.0016510800924152136,1122,20662,110,932498,0.05150569225119354,0.9107142857142857,0.09749739311783108,0.21374190287666717,21784,0.02282500272424748,773.7010836478753,0.1109621785566842,105769.11920126625,0.08116883116883117,1.0,0.4034090909090909,0.994,0.7702922077922078,0.949,0.8668831168831169,0.2136
E3_multiseed_multisplit,xgboost__unweighted__split456__model789,xgboost,unweighted,C,decision,no_origin_balance,test,stratified,456,789,False,1.0,773.7010836478753,ner_optimal,val,0.001290797995614565,0.0012908741900602688,0.0012908714849422776,5749,4448085,1232,953160,1232,953162,4453834,120.73930049999763,b2e6f6243676544cb68b25aac83ba18d5eb139e5,True,3.14.4,1.8.0,3.4.0,2026-08-27T19:28:22+00:00,0.8334657815065373,0.985109008976738,0.0003126146666965481,0.0016510800924152136,1110,20805,122,932357,0.05065023956194387,0.900974025974026,0.09590875707435088,0.21074621577305355,21915,0.022962214766647737,773.7010836478753,0.1208524593205984,115196.53220504076,0.08116883116883117,1.0,0.4050324675324675,0.998,0.7743506493506493,0.954,0.8636363636363636,0.2128
E3_multiseed_multisplit,xgboost__unweighted__split789__model123,xgboost,unweighted,A,none,no_origin_balance,val,stratified,789,123,False,1.0,773.7010836478753,fixed,val,0.001290797995614565,0.0012908741900602688,0.0012908714849422776,5749,4448085,1232,953160,1232,953162,4453834,148.92647769999894,b2e6f6243676544cb68b25aac83ba18d5eb139e5,True,3.14.4,1.8.0,3.4.0,2026-08-27T20:40:53+00:00,0.8395627065244873,0.9858537287521534,0.00030361378908058765,0.5,949,27,283,953133,0.9723360655737705,0.7702922077922078,0.8596014492753623,0.8652899606712442,976,0.0010226405921256675,773.7010836478753,0.22973611785561504,218984.40667234868,0.08116883116883117,1.0,0.40584415584415584,1.0,0.7784090909090909,0.959,0.8628246753246753,0.2126
E3_multiseed_multisplit,xgboost__unweighted__split789__model123,xgboost,unweighted,A,none,no_origin_balance,test,stratified,789,123,False,1.0,773.7010836478753,fixed,val,0.001290797995614565,0.0012908741900602688,0.0012908714849422776,5749,4448085,1232,953160,1232,953162,4453834,148.92647769999894,b2e6f6243676544cb68b25aac83ba18d5eb139e5,True,3.14.4,1.8.0,3.4.0,2026-08-27T20:40:56+00:00,0.842337079612535,0.9883282448756957,0.00029999393801773735,0.5,946,22,286,953140,0.9772727272727273,0.7678571428571429,0.86,0.8661137106779944,968,0.001014256166740361,773.7010836478753,0.23216593730034243,221300.50992329232,0.08116883116883117,1.0,0.40584415584415584,1.0,0.7816558441558441,0.963,0.8693181818181818,0.2142
E3_multiseed_multisplit,xgboost__unweighted__split789__model123,xgboost,unweighted,B,decision,no_origin_balance,val,stratified,789,123,False,1.0,773.7010836478753,youden,val,0.001290797995614565,0.0012908741900602688,0.0012908714849422776,5749,4448085,1232,953160,1232,953162,4453834,148.92647769999894,b2e6f6243676544cb68b25aac83ba18d5eb139e5,True,3.14.4,1.8.0,3.4.0,2026-08-27T20:41:00+00:00,0.8395627065244873,0.9858537287521534,0.00030361378908058765,0.0010364372283220291,1137,33633,95,919527,0.03270060396893874,0.9228896103896104,0.06316315760235543,0.17009846771480847,34770,0.0364315710944769,773.7010836478753,0.11239470491508091,107134.60294654813,0.08116883116883117,1.0,0.40584415584415584,1.0,0.7784090909090909,0.959,0.8628246753246753,0.2126
E3_multiseed_multisplit,xgboost__unweighted__split789__model123,xgboost,unweighted,B,decision,no_origin_balance,test,stratified,789,123,False,1.0,773.7010836478753,youden,val,0.001290797995614565,0.0012908741900602688,0.0012908714849422776,5749,4448085,1232,953160,1232,953162,4453834,148.92647769999894,b2e6f6243676544cb68b25aac83ba18d5eb139e5,True,3.14.4,1.8.0,3.4.0,2026-08-27T20:41:03+00:00,0.842337079612535,0.9883282448756957,0.00029999393801773735,0.0010364372283220291,1141,33718,91,919444,0.032731862646662266,0.9261363636363636,0.06322905987642348,0.17049378215404043,34859,0.036524747640911404,773.7010836478753,0.10923712500406633,104124.79861195663,0.08116883116883117,1.0,0.40584415584415584,1.0,0.7816558441558441,0.963,0.8693181818181818,0.2142
E3_multiseed_multisplit,xgboost__unweighted__split789__model123,xgboost,unweighted,C,decision,no_origin_balance,val,stratified,789,123,False,1.0,773.7010836478753,ner_optimal,val,0.001290797995614565,0.0012908741900602688,0.0012908714849422776,5749,4448085,1232,953160,1232,953162,4453834,148.92647769999894,b2e6f6243676544cb68b25aac83ba18d5eb139e5,True,3.14.4,1.8.0,3.4.0,2026-08-27T20:41:06+00:00,0.8395627065244873,0.9858537287521534,0.00030361378908058765,0.0010364372283220291,1137,33633,95,919527,0.03270060396893874,0.9228896103896104,0.06316315760235543,0.17009846771480847,34770,0.0364315710944769,773.7010836478753,0.11239470491508091,107134.60294654813,0.08116883116883117,1.0,0.40584415584415584,1.0,0.7784090909090909,0.959,0.8628246753246753,0.2126
E3_multiseed_multisplit,xgboost__unweighted__split789__model123,xgboost,unweighted,C,decision,no_origin_balance,test,stratified,789,123,False,1.0,773.7010836478753,ner_optimal,val,0.001290797995614565,0.0012908741900602688,0.0012908714849422776,5749,4448085,1232,953160,1232,953162,4453834,148.92647769999894,b2e6f6243676544cb68b25aac83ba18d5eb139e5,True,3.14.4,1.8.0,3.4.0,2026-08-27T20:41:07+00:00,0.842337079612535,0.9883282448756957,0.00029999393801773735,0.0010364372283220291,1141,33718,91,919444,0.032731862646662266,0.9261363636363636,0.06322905987642348,0.17049378215404043,34859,0.036524747640911404,773.7010836478753,0.10923712500406633,104124.79861195663,0.08116883116883117,1.0,0.40584415584415584,1.0,0.7816558441558441,0.963,0.8693181818181818,0.2142
E3_multiseed_multisplit,xgboost__unweighted__split789__model42,xgboost,unweighted,A,none,no_origin_balance,val,stratified,789,42,False,1.0,773.7010836478753,fixed,val,0.001290797995614565,0.0012908741900602688,0.0012908714849422776,5749,4448085,1232,953160,1232,953162,4453834,149.2375247000018,b2e6f6243676544cb68b25aac83ba18d5eb139e5,True,3.14.4,1.8.0,3.4.0,2026-08-27T20:37:59+00:00,0.835460681734356,0.9866583187509435,0.0003141954018357934,0.5,940,32,292,953128,0.9670781893004116,0.762987012987013,0.852994555353902,0.8588375661996211,972,0.0010184494421579392,773.7010836478753,0.23704655815114742,225952.71642517956,0.08116883116883117,1.0,0.4042207792207792,0.996,0.7751623376623377,0.955,0.8660714285714286,0.2134
E3_multiseed_multisplit,xgboost__unweighted__split789__model42,xgboost,unweighted,A,none,no_origin_balance,test,stratified,789,42,False,1.0,773.7010836478753,fixed,val,0.001290797995614565,0.0012908741900602688,0.0012908714849422776,5749,4448085,1232,953160,1232,953162,4453834,149.2375247000018,b2e6f6243676544cb68b25aac83ba18d5eb139e5,True,3.14.4,1.8.0,3.4.0,2026-08-27T20:38:03+00:00,0.8392160059802548,0.9884062665435349,0.000301934520122492,0.5,949,27,283,953135,0.9723360655737705,0.7702922077922078,0.8596014492753623,0.8652899609817688,976,0.001022638449110116,773.7010836478753,0.22973611785561504,218984.40667234868,0.08116883116883117,1.0,0.4034090909090909,0.994,0.7824675324675324,0.964,0.8685064935064936,0.214
E3_multiseed_multisplit,xgboost__unweighted__split789__model42,xgboost,unweighted,B,decision,no_origin_balance,val,stratified,789,42,False,1.0,773.7010836478753,youden,val,0.001290797995614565,0.0012908741900602688,0.0012908714849422776,5749,4448085,1232,953160,1232,953162,4453834,149.2375247000018,b2e6f6243676544cb68b25aac83ba18d5eb139e5,True,3.14.4,1.8.0,3.4.0,2026-08-27T20:38:08+00:00,0.835460681734356,0.9866583187509435,0.0003141954018357934,0.0011638585710898042,1127,29160,105,924000,0.03721068445207515,0.9147727272727273,0.07151242107934896,0.18110900090051657,30287,0.03173433976814558,773.7010836478753,0.11581897237597484,110398.61378302689,0.08116883116883117,1.0,0.4042207792207792,0.996,0.7751623376623377,0.955,0.8660714285714286,0.2134
E3_multiseed_multisplit,xgboost__unweighted__split789__model42,xgboost,unweighted,B,decision,no_origin_balance,test,stratified,789,42,False,1.0,773.7010836478753,youden,val,0.001290797995614565,0.0012908741900602688,0.0012908714849422776,5749,4448085,1232,953160,1232,953162,4453834,149.2375247000018,b2e6f6243676544cb68b25aac83ba18d5eb139e5,True,3.14.4,1.8.0,3.4.0,2026-08-27T20:38:11+00:00,0.8392160059802548,0.9884062665435349,0.000301934520122492,0.0011638585710898042,1133,29206,99,923956,0.03734467187448499,0.9196428571428571,0.07177472997371005,0.181945683507444,30339,0.031788758101999805,773.7010836478753,0.11099710101695061,105802.40728113963,0.08116883116883117,1.0,0.4034090909090909,0.994,0.7824675324675324,0.964,0.8685064935064936,0.214
E3_multiseed_multisplit,xgboost__unweighted__split789__model42,xgboost,unweighted,C,decision,no_origin_balance,val,stratified,789,42,False,1.0,773.7010836478753,ner_optimal,val,0.001290797995614565,0.0012908741900602688,0.0012908714849422776,5749,4448085,1232,953160,1232,953162,4453834,149.2375247000018,b2e6f6243676544cb68b25aac83ba18d5eb139e5,True,3.14.4,1.8.0,3.4.0,2026-08-27T20:38:13+00:00,0.835460681734356,0.9866583187509435,0.0003141954018357934,0.0011638585710898042,1127,29160,105,924000,0.03721068445207515,0.9147727272727273,0.07151242107934896,0.18110900090051657,30287,0.03173433976814558,773.7010836478753,0.11581897237597484,110398.61378302689,0.08116883116883117,1.0,0.4042207792207792,0.996,0.7751623376623377,0.955,0.8660714285714286,0.2134
E3_multiseed_multisplit,xgboost__unweighted__split789__model42,xgboost,unweighted,C,decision,no_origin_balance,test,stratified,789,42,False,1.0,773.7010836478753,ner_optimal,val,0.001290797995614565,0.0012908741900602688,0.0012908714849422776,5749,4448085,1232,953160,1232,953162,4453834,149.2375247000018,b2e6f6243676544cb68b25aac83ba18d5eb139e5,True,3.14.4,1.8.0,3.4.0,2026-08-27T20:38:15+00:00,0.8392160059802548,0.9884062665435349,0.000301934520122492,0.0011638585710898042,1133,29206,99,923956,0.03734467187448499,0.9196428571428571,0.07177472997371005,0.181945683507444,30339,0.031788758101999805,773.7010836478753,0.11099710101695061,105802.40728113963,0.08116883116883117,1.0,0.4034090909090909,0.994,0.7824675324675324,0.964,0.8685064935064936,0.214
E3_multiseed_multisplit,xgboost__unweighted__split789__model456,xgboost,unweighted,A,none,no_origin_balance,val,stratified,789,456,False,1.0,773.7010836478753,fixed,val,0.001290797995614565,0.0012908741900602688,0.0012908714849422776,5749,4448085,1232,953160,1232,953162,4453834,108.03850899999816,b2e6f6243676544cb68b25aac83ba18d5eb139e5,True,3.14.4,1.8.0,3.4.0,2026-08-27T20:43:04+00:00,0.8363258948291843,0.9858508086975764,0.0003105171599029048,0.5,950,36,282,953124,0.9634888438133874,0.7711038961038961,0.8566275924256087,0.8617920538009685,986,0.0010331184670449877,773.7010836478753,0.2289338714265344,218219.70558870083,0.08116883116883117,1.0,0.4042207792207792,0.996,0.775974025974026,0.956,0.8660714285714286,0.2134
E3_multiseed_multisplit,xgboost__unweighted__split789__model456,xgboost,unweighted,A,none,no_origin_balance,test,stratified,789,456,False,1.0,773.7010836478753,fixed,val,0.001290797995614565,0.0012908741900602688,0.0012908714849422776,5749,4448085,1232,953160,1232,953162,4453834,108.03850899999816,b2e6f6243676544cb68b25aac83ba18d5eb139e5,True,3.14.4,1.8.0,3.4.0,2026-08-27T20:43:06+00:00,0.8405271506468719,0.9869180036872216,0.0003024989720323509,0.5,946,25,286,953137,0.9742533470648815,0.7678571428571429,0.8588288697231049,0.864772519620873,971,0.001017399522629019,773.7010836478753,0.23216908459454497,221303.50992329232,0.08116883116883117,1.0,0.4050324675324675,0.998,0.7767857142857143,0.957,0.8685064935064936,0.214
E3_multiseed_multisplit,xgboost__unweighted__split789__model456,xgboost,unweighted,B,decision,no_origin_balance,val,stratified,789,456,False,1.0,773.7010836478753,youden,val,0.001290797995614565,0.0012908741900602688,0.0012908714849422776,5749,4448085,1232,953160,1232,953162,4453834,108.03850899999816,b2e6f6243676544cb68b25aac83ba18d5eb139e5,True,3.14.4,1.8.0,3.4.0,2026-08-27T20:43:07+00:00,0.8363258948291843,0.9858508086975764,0.0003105171599029048,0.0009388300240971148,1138,37492,94,915668,0.029458969712658555,0.9237012987012987,0.05709698459685916,0.16112653279822908,38630,0.04047603081333456,773.7010836478753,0.11563148604592831,110219.90186290025,0.08116883116883117,1.0,0.4042207792207792,0.996,0.775974025974026,0.956,0.8660714285714286,0.2134
E3_multiseed_multisplit,xgboost__unweighted__split789__model456,xgboost,unweighted,B,decision,no_origin_balance,test,stratified,789,456,False,1.0,773.7010836478753,youden,val,0.001290797995614565,0.0012908741900602688,0.0012908714849422776,5749,4448085,1232,953160,1232,953162,4453834,108.03850899999816,b2e6f6243676544cb68b25aac83ba18d5eb139e5,True,3.14.4,1.8.0,3.4.0,2026-08-27T20:43:09+00:00,0.8405271506468719,0.9869180036872216,0.0003024989720323509,0.0009388300240971148,1148,37560,84,915602,0.029657951844579932,0.9318181818181818,0.057486229344016024,0.16243540835271641,38708,0.0405576732460598,773.7010836478753,0.10758594159763614,102550.89102642151,0.08116883116883117,1.0,0.4050324675324675,0.998,0.7767857142857143,0.957,0.8685064935064936,0.214
E3_multiseed_multisplit,xgboost__unweighted__split789__model456,xgboost,unweighted,C,decision,no_origin_balance,val,stratified,789,456,False,1.0,773.7010836478753,ner_optimal,val,0.001290797995614565,0.0012908741900602688,0.0012908714849422776,5749,4448085,1232,953160,1232,953162,4453834,108.03850899999816,b2e6f6243676544cb68b25aac83ba18d5eb139e5,True,3.14.4,1.8.0,3.4.0,2026-08-27T20:43:10+00:00,0.8363258948291843,0.9858508086975764,0.0003105171599029048,0.0009388300240971148,1138,37492,94,915668,0.029458969712658555,0.9237012987012987,0.05709698459685916,0.16112653279822908,38630,0.04047603081333456,773.7010836478753,0.11563148604592831,110219.90186290025,0.08116883116883117,1.0,0.4042207792207792,0.996,0.775974025974026,0.956,0.8660714285714286,0.2134
E3_multiseed_multisplit,xgboost__unweighted__split789__model456,xgboost,unweighted,C,decision,no_origin_balance,test,stratified,789,456,False,1.0,773.7010836478753,ner_optimal,val,0.001290797995614565,0.0012908741900602688,0.0012908714849422776,5749,4448085,1232,953160,1232,953162,4453834,108.03850899999816,b2e6f6243676544cb68b25aac83ba18d5eb139e5,True,3.14.4,1.8.0,3.4.0,2026-08-27T20:43:12+00:00,0.8405271506468719,0.9869180036872216,0.0003024989720323509,0.0009388300240971148,1148,37560,84,915602,0.029657951844579932,0.9318181818181818,0.057486229344016024,0.16243540835271641,38708,0.0405576732460598,773.7010836478753,0.10758594159763614,102550.89102642151,0.08116883116883117,1.0,0.4050324675324675,0.998,0.7767857142857143,0.957,0.8685064935064936,0.214
E3_multiseed_multisplit,xgboost__unweighted__split789__model789,xgboost,unweighted,A,none,no_origin_balance,val,stratified,789,789,False,1.0,773.7010836478753,fixed,val,0.001290797995614565,0.0012908741900602688,0.0012908714849422776,5749,4448085,1232,953160,1232,953162,4453834,104.62674569999945,b2e6f6243676544cb68b25aac83ba18d5eb139e5,True,3.14.4,1.8.0,3.4.0,2026-08-27T20:45:03+00:00,0.8353412130258256,0.9838475980341264,0.000306136311430526,0.5,950,32,282,953128,0.9674134419551935,0.7711038961038961,0.8581752484191508,0.8635483357721411,982,0.0010289273170772596,773.7010836478753,0.22892967503426434,218215.70558870083,0.08116883116883117,1.0,0.4042207792207792,0.996,0.7792207792207793,0.96,0.8636363636363636,0.2128
E3_multiseed_multisplit,xgboost__unweighted__split789__model789,xgboost,unweighted,A,none,no_origin_balance,test,stratified,789,789,False,1.0,773.7010836478753,fixed,val,0.001290797995614565,0.0012908741900602688,0.0012908714849422776,5749,4448085,1232,953160,1232,953162,4453834,104.62674569999945,b2e6f6243676544cb68b25aac83ba18d5eb139e5,True,3.14.4,1.8.0,3.4.0,2026-08-27T20:45:05+00:00,0.8398015516993577,0.9864414605513836,0.00030457974854605606,0.5,939,23,293,953139,0.9760914760914761,0.7621753246753247,0.8559708295350957,0.862377566427268,962,0.0010079694549630445,773.7010836478753,0.2378488045802281,226717.41750882744,0.08116883116883117,1.0,0.4042207792207792,0.996,0.7775974025974026,0.958,0.8628246753246753,0.2126
E3_multiseed_multisplit,xgboost__unweighted__split789__model789,xgboost,unweighted,B,decision,no_origin_balance,val,stratified,789,789,False,1.0,773.7010836478753,youden,val,0.001290797995614565,0.0012908741900602688,0.0012908714849422776,5749,4448085,1232,953160,1232,953162,4453834,104.62674569999945,b2e6f6243676544cb68b25aac83ba18d5eb139e5,True,3.14.4,1.8.0,3.4.0,2026-08-27T20:45:06+00:00,0.8353412130258256,0.9838475980341264,0.000306136311430526,0.0011961391428485513,1123,28448,109,924712,0.03797639579317574,0.911525974025974,0.07291497581404409,0.18269951509607274,29571,0.030984123923922247,773.7010836478753,0.11831876779865826,112781.41811761838,0.08116883116883117,1.0,0.4042207792207792,0.996,0.7792207792207793,0.96,0.8636363636363636,0.2128
E3_multiseed_multisplit,xgboost__unweighted__split789__model789,xgboost,unweighted,B,decision,no_origin_balance,test,stratified,789,789,False,1.0,773.7010836478753,youden,val,0.001290797995614565,0.0012908741900602688,0.0012908714849422776,5749,4448085,1232,953160,1232,953162,4453834,104.62674569999945,b2e6f6243676544cb68b25aac83ba18d5eb139e5,True,3.14.4,1.8.0,3.4.0,2026-08-27T20:45:08+00:00,0.8398015516993577,0.9864414605513836,0.00030457974854605606,0.0011961391428485513,1133,28618,99,924544,0.03808275352089006,0.9196428571428571,0.07313688151566988,0.18380390398080174,29751,0.031172660347822807,773.7010836478753,0.11038023135325249,105214.40728113963,0.08116883116883117,1.0,0.4042207792207792,0.996,0.7775974025974026,0.958,0.8628246753246753,0.2126
E3_multiseed_multisplit,xgboost__unweighted__split789__model789,xgboost,unweighted,C,decision,no_origin_balance,val,stratified,789,789,False,1.0,773.7010836478753,ner_optimal,val,0.001290797995614565,0.0012908741900602688,0.0012908714849422776,5749,4448085,1232,953160,1232,953162,4453834,104.62674569999945,b2e6f6243676544cb68b25aac83ba18d5eb139e5,True,3.14.4,1.8.0,3.4.0,2026-08-27T20:45:09+00:00,0.8353412130258256,0.9838475980341264,0.000306136311430526,0.0011961391428485513,1123,28448,109,924712,0.03797639579317574,0.911525974025974,0.07291497581404409,0.18269951509607274,29571,0.030984123923922247,773.7010836478753,0.11831876779865826,112781.41811761838,0.08116883116883117,1.0,0.4042207792207792,0.996,0.7792207792207793,0.96,0.8636363636363636,0.2128
E3_multiseed_multisplit,xgboost__unweighted__split789__model789,xgboost,unweighted,C,decision,no_origin_balance,test,stratified,789,789,False,1.0,773.7010836478753,ner_optimal,val,0.001290797995614565,0.0012908741900602688,0.0012908714849422776,5749,4448085,1232,953160,1232,953162,4453834,104.62674569999945,b2e6f6243676544cb68b25aac83ba18d5eb139e5,True,3.14.4,1.8.0,3.4.0,2026-08-27T20:45:11+00:00,0.8398015516993577,0.9864414605513836,0.00030457974854605606,0.0011961391428485513,1133,28618,99,924544,0.03808275352089006,0.9196428571428571,0.07313688151566988,0.18380390398080174,29751,0.031172660347822807,773.7010836478753,0.11038023135325249,105214.40728113963,0.08116883116883117,1.0,0.4042207792207792,0.996,0.7775974025974026,0.958,0.8628246753246753,0.2126
E3_multiseed_multisplit,xgboost__weighted__split123__model123,xgboost,weighted,D,algorithm,no_origin_balance,val,stratified,123,123,False,773.7010836478753,773.7010836478753,fixed,val,0.001290797995614565,0.0012908741900602688,0.0012908714849422776,5749,4448085,1232,953160,1232,953162,4453834,131.35881789999985,b2e6f6243676544cb68b25aac83ba18d5eb139e5,True,3.14.4,1.8.0,3.4.0,2026-08-27T18:18:42+00:00,0.817820381339185,0.9858842190099861,0.012871712540530702,0.5,1087,12736,145,940424,0.0786370541850539,0.8823051948051948,0.14440385254068416,0.2611459080182622,13823,0.014483566500976538,773.7010836478753,0.13105611818266083,124922.65712894191,0.08116883116883117,1.0,0.40584415584415584,1.0,0.7426948051948052,0.915,0.8506493506493507,0.2096
E3_multiseed_multisplit,xgboost__weighted__split123__model123,xgboost,weighted,D,algorithm,no_origin_balance,test,stratified,123,123,False,773.7010836478753,773.7010836478753,fixed,val,0.001290797995614565,0.0012908741900602688,0.0012908714849422776,5749,4448085,1232,953160,1232,953162,4453834,131.35881789999985,b2e6f6243676544cb68b25aac83ba18d5eb139e5,True,3.14.4,1.8.0,3.4.0,2026-08-27T18:18:43+00:00,0.8283351647239205,0.9863297761494434,0.012865969506893378,0.5,1095,12800,137,940362,0.07880532565671104,0.8887987012987013,0.14477424472796985,0.26240480678679534,13895,0.0145589766909683,773.7010836478753,0.12462975396547522,118797.04845975891,0.08116883116883117,1.0,0.40584415584415584,1.0,0.7508116883116883,0.925,0.8636363636363636,0.2128
E3_multiseed_multisplit,xgboost__weighted__split123__model123,xgboost,weighted,E,algorithm+decision,no_origin_balance,val,stratified,123,123,False,773.7010836478753,773.7010836478753,ner_optimal,val,0.001290797995614565,0.0012908741900602688,0.0012908714849422776,5749,4448085,1232,953160,1232,953162,4453834,131.35881789999985,b2e6f6243676544cb68b25aac83ba18d5eb139e5,True,3.14.4,1.8.0,3.4.0,2026-08-27T18:18:46+00:00,0.817820381339185,0.9858842190099861,0.012871712540530702,0.3716185986995697,1110,23172,122,929988,0.04571287373362985,0.900974025974026,0.08701105275535001,0.1998994991274574,24282,0.025442375879093707,773.7010836478753,0.12333567444640356,117563.53220504076,0.08116883116883117,1.0,0.40584415584415584,1.0,0.7426948051948052,0.915,0.8506493506493507,0.2096
E3_multiseed_multisplit,xgboost__weighted__split123__model123,xgboost,weighted,E,algorithm+decision,no_origin_balance,test,stratified,123,123,False,773.7010836478753,773.7010836478753,ner_optimal,val,0.001290797995614565,0.0012908741900602688,0.0012908714849422776,5749,4448085,1232,953160,1232,953162,4453834,131.35881789999985,b2e6f6243676544cb68b25aac83ba18d5eb139e5,True,3.14.4,1.8.0,3.4.0,2026-08-27T18:18:48+00:00,0.8283351647239205,0.9863297761494434,0.012865969506893378,0.3716185986995697,1118,23086,114,930076,0.046190712278962154,0.9074675324675324,0.08790690360119516,0.20171654761676958,24204,0.0253605953096939,773.7010836478753,0.11675194551909088,111287.92353585776,0.08116883116883117,1.0,0.40584415584415584,1.0,0.7508116883116883,0.925,0.8636363636363636,0.2128
E3_multiseed_multisplit,xgboost__weighted__split123__model42,xgboost,weighted,D,algorithm,no_origin_balance,val,stratified,123,42,False,773.7010836478753,773.7010836478753,fixed,val,0.001290797995614565,0.0012908741900602688,0.0012908714849422776,5749,4448085,1232,953160,1232,953162,4453834,128.5329477999985,b2e6f6243676544cb68b25aac83ba18d5eb139e5,True,3.14.4,1.8.0,3.4.0,2026-08-27T18:16:14+00:00,0.8170538573609969,0.9857141762867518,0.013222632500197997,0.5,1084,13195,148,939965,0.0759156803697738,0.8798701298701299,0.1397717748694475,0.2561418936559056,14279,0.014961357597297546,773.7010836478753,0.13397271913071457,127702.76037988553,0.08116883116883117,1.0,0.40584415584415584,1.0,0.7451298701298701,0.918,0.8538961038961039,0.2104
E3_multiseed_multisplit,xgboost__weighted__split123__model42,xgboost,weighted,D,algorithm,no_origin_balance,test,stratified,123,42,False,773.7010836478753,773.7010836478753,fixed,val,0.001290797995614565,0.0012908741900602688,0.0012908714849422776,5749,4448085,1232,953160,1232,953162,4453834,128.5329477999985,b2e6f6243676544cb68b25aac83ba18d5eb139e5,True,3.14.4,1.8.0,3.4.0,2026-08-27T18:16:16+00:00,0.8248751773828585,0.9862922651508499,0.013224345035951062,0.5,1099,13191,133,939971,0.07690692792162351,0.8920454545454546,0.14160546321350342,0.25964572398959845,14290,0.014972851882974956,773.7010836478753,0.12179319806311986,116093.2441251674,0.08116883116883117,1.0,0.4050324675324675,0.998,0.7516233766233766,0.926,0.8555194805194806,0.2108
E3_multiseed_multisplit,xgboost__weighted__split123__model42,xgboost,weighted,E,algorithm+decision,no_origin_balance,val,stratified,123,42,False,773.7010836478753,773.7010836478753,ner_optimal,val,0.001290797995614565,0.0012908741900602688,0.0012908714849422776,5749,4448085,1232,953160,1232,953162,4453834,128.5329477999985,b2e6f6243676544cb68b25aac83ba18d5eb139e5,True,3.14.4,1.8.0,3.4.0,2026-08-27T18:16:18+00:00,0.8170538573609969,0.9857141762867518,0.013222632500197997,0.28961873054504395,1120,35902,112,917258,0.030252282426665226,0.9090909090909091,0.05855596800334605,0.16203762867741436,37022,0.03879118852630785,773.7010836478753,0.128573809728971,122556.52136856201,0.08116883116883117,1.0,0.40584415584415584,1.0,0.7451298701298701,0.918,0.8538961038961039,0.2104
E3_multiseed_multisplit,xgboost__weighted__split123__model42,xgboost,weighted,E,algorithm+decision,no_origin_balance,test,stratified,123,42,False,773.7010836478753,773.7010836478753,ner_optimal,val,0.001290797995614565,0.0012908741900602688,0.0012908714849422776,5749,4448085,1232,953160,1232,953162,4453834,128.5329477999985,b2e6f6243676544cb68b25aac83ba18d5eb139e5,True,3.14.4,1.8.0,3.4.0,2026-08-27T18:16:21+00:00,0.8248751773828585,0.9862922651508499,0.013224345035951062,0.28961873054504395,1131,35758,101,917404,0.030659546206186127,0.9180194805194806,0.059337373101440154,0.16400895334112411,36889,0.038651751792236747,773.7010836478753,0.11949416817867758,113901.80944843538,0.08116883116883117,1.0,0.4050324675324675,0.998,0.7516233766233766,0.926,0.8555194805194806,0.2108
E3_multiseed_multisplit,xgboost__weighted__split123__model456,xgboost,weighted,D,algorithm,no_origin_balance,val,stratified,123,456,False,773.7010836478753,773.7010836478753,fixed,val,0.001290797995614565,0.0012908741900602688,0.0012908714849422776,5749,4448085,1232,953160,1232,953162,4453834,137.0250866000024,b2e6f6243676544cb68b25aac83ba18d5eb139e5,True,3.14.4,1.8.0,3.4.0,2026-08-27T18:21:13+00:00,0.8173290889803898,0.9857823717812466,0.013396637633643403,0.5,1078,13420,154,939740,0.07435508345978756,0.875,0.13706293706293707,0.2527306007651561,14498,0.015190823058030663,773.7010836478753,0.13907889606603507,132569.9668817728,0.08116883116883117,1.0,0.40584415584415584,1.0,0.7435064935064936,0.916,0.8538961038961039,0.2104
E3_multiseed_multisplit,xgboost__weighted__split123__model456,xgboost,weighted,D,algorithm,no_origin_balance,test,stratified,123,456,False,773.7010836478753,773.7010836478753,fixed,val,0.001290797995614565,0.0012908741900602688,0.0012908714849422776,5749,4448085,1232,953160,1232,953162,4453834,137.0250866000024,b2e6f6243676544cb68b25aac83ba18d5eb139e5,True,3.14.4,1.8.0,3.4.0,2026-08-27T18:21:16+00:00,0.8246323655951001,0.9865340215739073,0.01334716416139098,0.5,1101,13331,131,939831,0.07628880266075388,0.8936688311688312,0.14057711950970378,0.25881913523756267,14432,0.015121637395038108,773.7010836478753,0.12031669516919517,114685.84195787166,0.08116883116883117,1.0,0.40584415584415584,1.0,0.75,0.924,0.8612012987012987,0.2122
E3_multiseed_multisplit,xgboost__weighted__split123__model456,xgboost,weighted,E,algorithm+decision,no_origin_balance,val,stratified,123,456,False,773.7010836478753,773.7010836478753,ner_optimal,val,0.001290797995614565,0.0012908741900602688,0.0012908714849422776,5749,4448085,1232,953160,1232,953162,4453834,137.0250866000024,b2e6f6243676544cb68b25aac83ba18d5eb139e5,True,3.14.4,1.8.0,3.4.0,2026-08-27T18:21:18+00:00,0.8173290889803898,0.9857823717812466,0.013396637633643403,0.3958902955055237,1104,21653,128,931507,0.0485125455903678,0.8961038961038961,0.09204218600191755,0.20554858604882129,22757,0.02384449995389735,773.7010836478753,0.12661222435197997,120686.73870692801,0.08116883116883117,1.0,0.40584415584415584,1.0,0.7435064935064936,0.916,0.8538961038961039,0.2104
E3_multiseed_multisplit,xgboost__weighted__split123__model456,xgboost,weighted,E,algorithm+decision,no_origin_balance,test,stratified,123,456,False,773.7010836478753,773.7010836478753,ner_optimal,val,0.001290797995614565,0.0012908741900602688,0.0012908714849422776,5749,4448085,1232,953160,1232,953162,4453834,137.0250866000024,b2e6f6243676544cb68b25aac83ba18d5eb139e5,True,3.14.4,1.8.0,3.4.0,2026-08-27T18:21:20+00:00,0.8246323655951001,0.9865340215739073,0.01334716416139098,0.3958902955055237,1113,21463,119,931699,0.04930014174344437,0.9034090909090909,0.09349798387096774,0.20812394133789575,22576,0.023654800847448747,773.7010836478753,0.11910770091395755,113533.42895409712,0.08116883116883117,1.0,0.40584415584415584,1.0,0.75,0.924,0.8612012987012987,0.2122
E3_multiseed_multisplit,xgboost__weighted__split123__model789,xgboost,weighted,D,algorithm,no_origin_balance,val,stratified,123,789,False,773.7010836478753,773.7010836478753,fixed,val,0.001290797995614565,0.0012908741900602688,0.0012908714849422776,5749,4448085,1232,953160,1232,953162,4453834,132.4010387999988,b2e6f6243676544cb68b25aac83ba18d5eb139e5,True,3.14.4,1.8.0,3.4.0,2026-08-27T18:23:42+00:00,0.821911805868138,0.9858750803206613,0.013039572785824922,0.5,1082,12739,150,940421,0.07828666521959338,0.8782467532467533,0.1437587191921876,0.25994379709713833,13821,0.014481470925992675,773.7010836478753,0.1351177070353049,128794.16254718127,0.08116883116883117,1.0,0.40584415584415584,1.0,0.7467532467532467,0.92,0.8587662337662337,0.2116
E3_multiseed_multisplit,xgboost__weighted__split123__model789,xgboost,weighted,D,algorithm,no_origin_balance,test,stratified,123,789,False,773.7010836478753,773.7010836478753,fixed,val,0.001290797995614565,0.0012908741900602688,0.0012908714849422776,5749,4448085,1232,953160,1232,953162,4453834,132.4010387999988,b2e6f6243676544cb68b25aac83ba18d5eb139e5,True,3.14.4,1.8.0,3.4.0,2026-08-27T18:23:44+00:00,0.8251705528729397,0.9868003195181905,0.013094518326259887,0.5,1097,12923,135,940239,0.0782453637660485,0.890422077922078,0.14384998688696565,0.2616957466274316,14020,0.014689949852995723,773.7010836478753,0.12313541640440277,117372.64629246315,0.08116883116883117,1.0,0.40584415584415584,1.0,0.7548701298701299,0.93,0.8636363636363636,0.2128
E3_multiseed_multisplit,xgboost__weighted__split123__model789,xgboost,weighted,E,algorithm+decision,no_origin_balance,val,stratified,123,789,False,773.7010836478753,773.7010836478753,ner_optimal,val,0.001290797995614565,0.0012908741900602688,0.0012908714849422776,5749,4448085,1232,953160,1232,953162,4453834,132.4010387999988,b2e6f6243676544cb68b25aac83ba18d5eb139e5,True,3.14.4,1.8.0,3.4.0,2026-08-27T18:23:46+00:00,0.821911805868138,0.9858750803206613,0.013039572785824922,0.35652032494544983,1114,25069,118,928091,0.04254669060077149,0.9042207792207793,0.08126937807769469,0.19297921399827442,26183,0.027434219901256506,773.7010836478753,0.12207906023372396,116365.72787044925,0.08116883116883117,1.0,0.40584415584415584,1.0,0.7467532467532467,0.92,0.8587662337662337,0.2116
E3_multiseed_multisplit,xgboost__weighted__split123__model789,xgboost,weighted,E,algorithm+decision,no_origin_balance,test,stratified,123,789,False,773.7010836478753,773.7010836478753,ner_optimal,val,0.001290797995614565,0.0012908741900602688,0.0012908714849422776,5749,4448085,1232,953160,1232,953162,4453834,132.4010387999988,b2e6f6243676544cb68b25aac83ba18d5eb139e5,True,3.14.4,1.8.0,3.4.0,2026-08-27T18:23:47+00:00,0.8251705528729397,0.9868003195181905,0.013094518326259887,0.35652032494544983,1121,25233,111,927929,0.04253623738331942,0.9099025974025974,0.0812731095483216,0.19357714055007721,26354,0.02761333369656557,773.7010836478753,0.11656929413497805,111113.82028491412,0.08116883116883117,1.0,0.40584415584415584,1.0,0.7548701298701299,0.93,0.8636363636363636,0.2128
E3_multiseed_multisplit,xgboost__weighted__split42__model123,xgboost,weighted,D,algorithm,no_origin_balance,val,stratified,42,123,False,773.7010836478753,773.7010836478753,fixed,val,0.001290797995614565,0.0012908741900602688,0.0012908714849422776,5749,4448085,1232,953160,1232,953162,4453834,118.35718139999881,b2e6f6243676544cb68b25aac83ba18d5eb139e5,True,3.14.4,1.8.0,3.4.0,2026-08-27T17:06:25+00:00,0.825712515574784,0.9848858818145847,0.012681293147858997,0.5,1096,12858,136,940302,0.07854378672781998,0.8896103896103896,0.14434347425260108,0.2620822862828392,13954,0.014620826662419635,773.7010836478753,0.1238789133417027,118081.34737611104,0.08116883116883117,1.0,0.40584415584415584,1.0,0.7532467532467533,0.928,0.859577922077922,0.2118
E3_multiseed_multisplit,xgboost__weighted__split42__model123,xgboost,weighted,D,algorithm,no_origin_balance,test,stratified,42,123,False,773.7010836478753,773.7010836478753,fixed,val,0.001290797995614565,0.0012908741900602688,0.0012908714849422776,5749,4448085,1232,953160,1232,953162,4453834,118.35718139999881,b2e6f6243676544cb68b25aac83ba18d5eb139e5,True,3.14.4,1.8.0,3.4.0,2026-08-27T17:06:27+00:00,0.793669041176051,0.9834178819495587,0.012651515803544107,0.5,1064,12811,168,940351,0.07668468468468469,0.8636363636363636,0.14086185212153307,0.2550394745437076,13875,0.014538020985043913,773.7010836478753,0.1498036317065555,142792.78205284302,0.08116883116883117,1.0,0.40584415584415584,1.0,0.734577922077922,0.905,0.8336038961038961,0.2054
E3_multiseed_multisplit,xgboost__weighted__split42__model123,xgboost,weighted,E,algorithm+decision,no_origin_balance,val,stratified,42,123,False,773.7010836478753,773.7010836478753,ner_optimal,val,0.001290797995614565,0.0012908741900602688,0.0012908714849422776,5749,4448085,1232,953160,1232,953162,4453834,118.35718139999881,b2e6f6243676544cb68b25aac83ba18d5eb139e5,True,3.14.4,1.8.0,3.4.0,2026-08-27T17:06:29+00:00,0.825712515574784,0.9848858818145847,0.012681293147858997,0.4094126522541046,1111,19085,121,934075,0.05501089324618736,0.9017857142857143,0.10369609856262833,0.21998261961254192,20196,0.021161116187059407,773.7010836478753,0.11823632233278639,112702.83112139288,0.08116883116883117,1.0,0.40584415584415584,1.0,0.7532467532467533,0.928,0.859577922077922,0.2118
E3_multiseed_multisplit,xgboost__weighted__split42__model123,xgboost,weighted,E,algorithm+decision,no_origin_balance,test,stratified,42,123,False,773.7010836478753,773.7010836478753,ner_optimal,val,0.001290797995614565,0.0012908741900602688,0.0012908714849422776,5749,4448085,1232,953160,1232,953162,4453834,118.35718139999881,b2e6f6243676544cb68b25aac83ba18d5eb139e5,True,3.14.4,1.8.0,3.4.0,2026-08-27T17:06:30+00:00,0.793669041176051,0.9834178819495587,0.012651515803544107,0.4094126522541046,1076,19190,156,933972,0.05309385177143985,0.8733766233766234,0.10010233510093962,0.21250764408605735,20266,0.021234416813181976,773.7010836478753,0.14675556853896626,139887.36904906854,0.08116883116883117,1.0,0.40584415584415584,1.0,0.734577922077922,0.905,0.8336038961038961,0.2054
E3_multiseed_multisplit,xgboost__weighted__split42__model42,xgboost,weighted,D,algorithm,no_origin_balance,val,stratified,42,42,False,773.7010836478753,773.7010836478753,fixed,val,0.001290797995614565,0.0012908741900602688,0.0012908714849422776,5749,4448085,1232,953160,1232,953162,4453834,120.65797569999995,b2e6f6243676544cb68b25aac83ba18d5eb139e5,True,3.14.4,1.8.0,3.4.0,2026-08-27T17:04:15+00:00,0.8295754179105274,0.984692076285008,0.012421195353591756,0.5,1096,12620,136,940540,0.07990667833187519,0.8896103896103896,0.14664169119614665,0.2643882191090263,13716,0.01437145323933981,773.7010836478753,0.12362922800163442,117843.34737611104,0.08116883116883117,1.0,0.40584415584415584,1.0,0.752435064935065,0.927,0.8668831168831169,0.2136
E3_multiseed_multisplit,xgboost__weighted__split42__model42,xgboost,weighted,D,algorithm,no_origin_balance,test,stratified,42,42,False,773.7010836478753,773.7010836478753,fixed,val,0.001290797995614565,0.0012908741900602688,0.0012908714849422776,5749,4448085,1232,953160,1232,953162,4453834,120.65797569999995,b2e6f6243676544cb68b25aac83ba18d5eb139e5,True,3.14.4,1.8.0,3.4.0,2026-08-27T17:04:16+00:00,0.7977492432799025,0.9838178992079051,0.01236912362804475,0.5,1068,12299,164,940863,0.07989825690132416,0.8668831168831169,0.14631139119117748,0.2609265485949957,13367,0.014005746054564467,773.7010836478753,0.1460197402492352,139185.97771825152,0.08116883116883117,1.0,0.40584415584415584,1.0,0.7329545454545454,0.903,0.836038961038961,0.206
E3_multiseed_multisplit,xgboost__weighted__split42__model42,xgboost,weighted,E,algorithm+decision,no_origin_balance,val,stratified,42,42,False,773.7010836478753,773.7010836478753,ner_optimal,val,0.001290797995614565,0.0012908741900602688,0.0012908714849422776,5749,4448085,1232,953160,1232,953162,4453834,120.65797569999995,b2e6f6243676544cb68b25aac83ba18d5eb139e5,True,3.14.4,1.8.0,3.4.0,2026-08-27T17:04:18+00:00,0.8295754179105274,0.984692076285008,0.012421195353591756,0.4471830129623413,1103,15841,129,937319,0.06509678942398489,0.8952922077922078,0.12136883802816902,0.23890973832220105,16944,0.017753711263296425,773.7010836478753,0.12132655469527817,115648.43979057591,0.08116883116883117,1.0,0.40584415584415584,1.0,0.752435064935065,0.927,0.8668831168831169,0.2136
E3_multiseed_multisplit,xgboost__weighted__split42__model42,xgboost,weighted,E,algorithm+decision,no_origin_balance,test,stratified,42,42,False,773.7010836478753,773.7010836478753,ner_optimal,val,0.001290797995614565,0.0012908741900602688,0.0012908714849422776,5749,4448085,1232,953160,1232,953162,4453834,120.65797569999995,b2e6f6243676544cb68b25aac83ba18d5eb139e5,True,3.14.4,1.8.0,3.4.0,2026-08-27T17:04:19+00:00,0.7977492432799025,0.9838178992079051,0.01236912362804475,0.4471830129623413,1077,15670,155,937492,0.06431002567624051,0.8741883116883117,0.1198064408476556,0.23456347257981738,16747,0.017547260355785976,773.7010836478753,0.14225105502962937,135593.66796542064,0.08116883116883117,1.0,0.40584415584415584,1.0,0.7329545454545454,0.903,0.836038961038961,0.206
E3_multiseed_multisplit,xgboost__weighted__split42__model456,xgboost,weighted,D,algorithm,no_origin_balance,val,stratified,42,456,False,773.7010836478753,773.7010836478753,fixed,val,0.001290797995614565,0.0012908741900602688,0.0012908714849422776,5749,4448085,1232,953160,1232,953162,4453834,134.12493929999982,b2e6f6243676544cb68b25aac83ba18d5eb139e5,True,3.14.4,1.8.0,3.4.0,2026-08-27T17:08:53+00:00,0.8298166409377623,0.9842630198667944,0.012776108441611563,0.5,1102,12939,130,940221,0.07848443843031123,0.8944805194805194,0.14430694689975773,0.26270821305059766,14041,0.014711984174217723,773.7010836478753,0.11909376041504145,113520.14087422378,0.08116883116883117,1.0,0.40584415584415584,1.0,0.7508116883116883,0.925,0.8652597402597403,0.2132
E3_multiseed_multisplit,xgboost__weighted__split42__model456,xgboost,weighted,D,algorithm,no_origin_balance,test,stratified,42,456,False,773.7010836478753,773.7010836478753,fixed,val,0.001290797995614565,0.0012908741900602688,0.0012908714849422776,5749,4448085,1232,953160,1232,953162,4453834,134.12493929999982,b2e6f6243676544cb68b25aac83ba18d5eb139e5,True,3.14.4,1.8.0,3.4.0,2026-08-27T17:08:55+00:00,0.7979451040239316,0.9842289017753814,0.012745085016728218,0.5,1062,12832,170,940330,0.07643587159925147,0.862012987012987,0.1404204680682269,0.2543743538003036,13894,0.01455792890567208,773.7010836478753,0.15144903938934992,144361.18422013876,0.08116883116883117,1.0,0.40584415584415584,1.0,0.7337662337662337,0.904,0.838474025974026,0.2066
E3_multiseed_multisplit,xgboost__weighted__split42__model456,xgboost,weighted,E,algorithm+decision,no_origin_balance,val,stratified,42,456,False,773.7010836478753,773.7010836478753,ner_optimal,val,0.001290797995614565,0.0012908741900602688,0.0012908714849422776,5749,4448085,1232,953160,1232,953162,4453834,134.12493929999982,b2e6f6243676544cb68b25aac83ba18d5eb139e5,True,3.14.4,1.8.0,3.4.0,2026-08-27T17:08:59+00:00,0.8298166409377623,0.9842630198667944,0.012776108441611563,0.468712717294693,1106,14824,126,938336,0.06942875078468298,0.8977272727272727,0.1288894068290409,0.24724451705192896,15930,0.016691254746477337,773.7010836478753,0.11782455702555167,112310.33653963225,0.08116883116883117,1.0,0.40584415584415584,1.0,0.7508116883116883,0.925,0.8652597402597403,0.2132
E3_multiseed_multisplit,xgboost__weighted__split42__model456,xgboost,weighted,E,algorithm+decision,no_origin_balance,test,stratified,42,456,False,773.7010836478753,773.7010836478753,ner_optimal,val,0.001290797995614565,0.0012908741900602688,0.0012908714849422776,5749,4448085,1232,953160,1232,953162,4453834,134.12493929999982,b2e6f6243676544cb68b25aac83ba18d5eb139e5,True,3.14.4,1.8.0,3.4.0,2026-08-27T17:09:00+00:00,0.7979451040239316,0.9842289017753814,0.012745085016728218,0.468712717294693,1067,14720,165,938442,0.06758725533666941,0.8660714285714286,0.1253892708149715,0.23946207254454446,15787,0.01654138647141537,773.7010836478753,0.1493712949823744,142380.6788018994,0.08116883116883117,1.0,0.40584415584415584,1.0,0.7337662337662337,0.904,0.838474025974026,0.2066
E3_multiseed_multisplit,xgboost__weighted__split42__model789,xgboost,weighted,D,algorithm,no_origin_balance,val,stratified,42,789,False,773.7010836478753,773.7010836478753,fixed,val,0.001290797995614565,0.0012908741900602688,0.0012908714849422776,5749,4448085,1232,953160,1232,953162,4453834,128.71469720000096,b2e6f6243676544cb68b25aac83ba18d5eb139e5,True,3.14.4,1.8.0,3.4.0,2026-08-27T17:11:17+00:00,0.829281208012597,0.9847550435278032,0.012574509040302296,0.5,1088,12682,144,940478,0.07901234567901234,0.8831168831168831,0.14504732702306358,0.261902081814705,13770,0.01442803376390414,773.7010836478753,0.13018777857532676,124094.95604529403,0.08116883116883117,1.0,0.40584415584415584,1.0,0.752435064935065,0.927,0.8660714285714286,0.2134
E3_multiseed_multisplit,xgboost__weighted__split42__model789,xgboost,weighted,D,algorithm,no_origin_balance,test,stratified,42,789,False,773.7010836478753,773.7010836478753,fixed,val,0.001290797995614565,0.0012908741900602688,0.0012908714849422776,5749,4448085,1232,953160,1232,953162,4453834,128.71469720000096,b2e6f6243676544cb68b25aac83ba18d5eb139e5,True,3.14.4,1.8.0,3.4.0,2026-08-27T17:11:19+00:00,0.7969956877581315,0.9839253802388479,0.01248779613381599,0.5,1068,12389,164,940773,0.07936389982908523,0.8668831168831169,0.14541493634692626,0.2600362323259106,13457,0.014100046731224211,773.7010836478753,0.14611415907531144,139275.97771825152,0.08116883116883117,1.0,0.40584415584415584,1.0,0.7329545454545454,0.903,0.8336038961038961,0.2054
E3_multiseed_multisplit,xgboost__weighted__split42__model789,xgboost,weighted,E,algorithm+decision,no_origin_balance,val,stratified,42,789,False,773.7010836478753,773.7010836478753,ner_optimal,val,0.001290797995614565,0.0012908741900602688,0.0012908714849422776,5749,4448085,1232,953160,1232,953162,4453834,128.71469720000096,b2e6f6243676544cb68b25aac83ba18d5eb139e5,True,3.14.4,1.8.0,3.4.0,2026-08-27T17:11:21+00:00,0.829281208012597,0.9847550435278032,0.012574509040302296,0.43006810545921326,1099,17170,133,935990,0.060156549345886476,0.8920454545454546,0.11271216860673812,0.2290295878747142,18269,0.019142029690106373,773.7010836478753,0.12596755927375722,120072.2441251674,0.08116883116883117,1.0,0.40584415584415584,1.0,0.752435064935065,0.927,0.8660714285714286,0.2134
E3_multiseed_multisplit,xgboost__weighted__split42__model789,xgboost,weighted,E,algorithm+decision,no_origin_balance,test,stratified,42,789,False,773.7010836478753,773.7010836478753,ner_optimal,val,0.001290797995614565,0.0012908741900602688,0.0012908714849422776,5749,4448085,1232,953160,1232,953162,4453834,128.71469720000096,b2e6f6243676544cb68b25aac83ba18d5eb139e5,True,3.14.4,1.8.0,3.4.0,2026-08-27T17:11:23+00:00,0.7969956877581315,0.9839253802388479,0.01248779613381599,0.43006810545921326,1077,16862,155,936300,0.060036791348458664,0.8741883116883117,0.11235720619685984,0.2264500148955422,17939,0.018796220428879476,773.7010836478753,0.14350157992610582,136785.66796542064,0.08116883116883117,1.0,0.40584415584415584,1.0,0.7329545454545454,0.903,0.8336038961038961,0.2054
E3_multiseed_multisplit,xgboost__weighted__split456__model123,xgboost,weighted,D,algorithm,no_origin_balance,val,stratified,456,123,False,773.7010836478753,773.7010836478753,fixed,val,0.001290797995614565,0.0012908741900602688,0.0012908714849422776,5749,4448085,1232,953160,1232,953162,4453834,119.25846770000135,b2e6f6243676544cb68b25aac83ba18d5eb139e5,True,3.14.4,1.8.0,3.4.0,2026-08-27T19:32:50+00:00,0.814871422700566,0.9853238759501546,0.01219086222680812,0.5,1083,12088,149,941072,0.0822261028016096,0.8790584415584416,0.15038533638825244,0.26664884112794746,13171,0.01380040905623685,773.7010836478753,0.13362305588166512,127369.4614635334,0.08116883116883117,1.0,0.40584415584415584,1.0,0.7378246753246753,0.909,0.8530844155844156,0.2102
E3_multiseed_multisplit,xgboost__weighted__split456__model123,xgboost,weighted,D,algorithm,no_origin_balance,test,stratified,456,123,False,773.7010836478753,773.7010836478753,fixed,val,0.001290797995614565,0.0012908741900602688,0.0012908714849422776,5749,4448085,1232,953160,1232,953162,4453834,119.25846770000135,b2e6f6243676544cb68b25aac83ba18d5eb139e5,True,3.14.4,1.8.0,3.4.0,2026-08-27T19:32:51+00:00,0.8168826112947853,0.9856835334058447,0.012237757523931202,0.5,1086,12075,146,941087,0.08251652609984043,0.8814935064935064,0.1509066907524491,0.26750264375275695,13161,0.013789902283543275,773.7010836478753,0.1311743526717225,125035.35821258978,0.08116883116883117,1.0,0.4050324675324675,0.998,0.7459415584415584,0.919,0.8498376623376623,0.2094
E3_multiseed_multisplit,xgboost__weighted__split456__model123,xgboost,weighted,E,algorithm+decision,no_origin_balance,val,stratified,456,123,False,773.7010836478753,773.7010836478753,ner_optimal,val,0.001290797995614565,0.0012908741900602688,0.0012908714849422776,5749,4448085,1232,953160,1232,953162,4453834,119.25846770000135,b2e6f6243676544cb68b25aac83ba18d5eb139e5,True,3.14.4,1.8.0,3.4.0,2026-08-27T19:32:53+00:00,0.814871422700566,0.9853238759501546,0.01219086222680812,0.3193224370479584,1125,27889,107,925271,0.038774384779761494,0.9131493506493507,0.07439000198373338,0.18485151277112344,29014,0.0304005062909161,773.7010836478753,0.11610894535554143,110675.01595032263,0.08116883116883117,1.0,0.40584415584415584,1.0,0.7378246753246753,0.909,0.8530844155844156,0.2102
E3_multiseed_multisplit,xgboost__weighted__split456__model123,xgboost,weighted,E,algorithm+decision,no_origin_balance,test,stratified,456,123,False,773.7010836478753,773.7010836478753,ner_optimal,val,0.001290797995614565,0.0012908741900602688,0.0012908714849422776,5749,4448085,1232,953160,1232,953162,4453834,119.25846770000135,b2e6f6243676544cb68b25aac83ba18d5eb139e5,True,3.14.4,1.8.0,3.4.0,2026-08-27T19:32:55+00:00,0.8168826112947853,0.9856835334058447,0.012237757523931202,0.3193224370479584,1112,27900,120,925262,0.03832896732386599,0.9025974025974026,0.07353524666049464,0.1826484320095329,29012,0.030398347013916683,773.7010836478753,0.12667243348623214,120744.13003774501,0.08116883116883117,1.0,0.4050324675324675,0.998,0.7459415584415584,0.919,0.8498376623376623,0.2094
E3_multiseed_multisplit,xgboost__weighted__split456__model42,xgboost,weighted,D,algorithm,no_origin_balance,val,stratified,456,42,False,773.7010836478753,773.7010836478753,fixed,val,0.001290797995614565,0.0012908741900602688,0.0012908714849422776,5749,4448085,1232,953160,1232,953162,4453834,127.86503810000067,b2e6f6243676544cb68b25aac83ba18d5eb139e5,True,3.14.4,1.8.0,3.4.0,2026-08-27T19:30:37+00:00,0.8157361345264008,0.9859755705628251,0.012345565308510923,0.5,1086,12069,146,941091,0.08255416191562144,0.8814935064935064,0.15096962535622438,0.2675647219458654,13155,0.013783644456365938,773.7010836478753,0.13116805808331744,125029.35821258978,0.08116883116883117,1.0,0.40584415584415584,1.0,0.7378246753246753,0.909,0.8563311688311688,0.211
E3_multiseed_multisplit,xgboost__weighted__split456__model42,xgboost,weighted,D,algorithm,no_origin_balance,test,stratified,456,42,False,773.7010836478753,773.7010836478753,fixed,val,0.001290797995614565,0.0012908741900602688,0.0012908714849422776,5749,4448085,1232,953160,1232,953162,4453834,127.86503810000067,b2e6f6243676544cb68b25aac83ba18d5eb139e5,True,3.14.4,1.8.0,3.4.0,2026-08-27T19:30:39+00:00,0.817585978020491,0.9859947880890609,0.012403794347631732,0.5,1084,11992,148,941170,0.08289996940960538,0.8798701298701299,0.15152362314788928,0.26788403887529444,13076,0.013700840533364627,773.7010836478753,0.1327106541554955,126499.76037988553,0.08116883116883117,1.0,0.4050324675324675,0.998,0.7483766233766234,0.922,0.8506493506493507,0.2096
E3_multiseed_multisplit,xgboost__weighted__split456__model42,xgboost,weighted,E,algorithm+decision,no_origin_balance,val,stratified,456,42,False,773.7010836478753,773.7010836478753,ner_optimal,val,0.001290797995614565,0.0012908741900602688,0.0012908714849422776,5749,4448085,1232,953160,1232,953162,4453834,127.86503810000067,b2e6f6243676544cb68b25aac83ba18d5eb139e5,True,3.14.4,1.8.0,3.4.0,2026-08-27T19:30:41+00:00,0.8157361345264008,0.9859755705628251,0.012345565308510923,0.21911723911762238,1150,48686,82,904474,0.023075688257484548,0.9334415584415584,0.04503798856426725,0.14241188959214224,49836,0.05221753744792496,773.7010836478753,0.11763483007341796,112129.48885912576,0.08116883116883117,1.0,0.40584415584415584,1.0,0.7378246753246753,0.909,0.8563311688311688,0.211
E3_multiseed_multisplit,xgboost__weighted__split456__model42,xgboost,weighted,E,algorithm+decision,no_origin_balance,test,stratified,456,42,False,773.7010836478753,773.7010836478753,ner_optimal,val,0.001290797995614565,0.0012908741900602688,0.0012908714849422776,5749,4448085,1232,953160,1232,953162,4453834,127.86503810000067,b2e6f6243676544cb68b25aac83ba18d5eb139e5,True,3.14.4,1.8.0,3.4.0,2026-08-27T19:30:42+00:00,0.817585978020491,0.9859947880890609,0.012403794347631732,0.21911723911762238,1135,49134,97,904028,0.022578527521932006,0.9212662337662337,0.044076814042445775,0.13979856540792968,50269,0.05267111905565207,773.7010836478753,0.13028015068298882,124183.00511384389,0.08116883116883117,1.0,0.4050324675324675,0.998,0.7483766233766234,0.922,0.8506493506493507,0.2096
E3_multiseed_multisplit,xgboost__weighted__split456__model456,xgboost,weighted,D,algorithm,no_origin_balance,val,stratified,456,456,False,773.7010836478753,773.7010836478753,fixed,val,0.001290797995614565,0.0012908741900602688,0.0012908714849422776,5749,4448085,1232,953160,1232,953162,4453834,126.2732775000004,b2e6f6243676544cb68b25aac83ba18d5eb139e5,True,3.14.4,1.8.0,3.4.0,2026-08-27T19:35:09+00:00,0.8148930811487043,0.9854903416278211,0.012562994862953026,0.5,1087,12301,145,940859,0.08119211233940843,0.8823051948051948,0.14870041039671683,0.2654325371748342,13388,0.014027778941986101,773.7010836478753,0.13059976052329234,124487.65712894191,0.08116883116883117,1.0,0.40584415584415584,1.0,0.7443181818181818,0.917,0.8547077922077922,0.2106
E3_multiseed_multisplit,xgboost__weighted__split456__model456,xgboost,weighted,D,algorithm,no_origin_balance,test,stratified,456,456,False,773.7010836478753,773.7010836478753,fixed,val,0.001290797995614565,0.0012908741900602688,0.0012908714849422776,5749,4448085,1232,953160,1232,953162,4453834,126.2732775000004,b2e6f6243676544cb68b25aac83ba18d5eb139e5,True,3.14.4,1.8.0,3.4.0,2026-08-27T19:35:10+00:00,0.8153872171997595,0.9858914461352517,0.012626086201148641,0.5,1082,12388,150,940774,0.08032665181885672,0.8782467532467533,0.14719085838661405,0.26337179085478907,13470,0.014113667940075063,773.7010836478753,0.13474947361360756,128443.16254718127,0.08116883116883117,1.0,0.4050324675324675,0.998,0.7483766233766234,0.922,0.8530844155844156,0.2102
E3_multiseed_multisplit,xgboost__weighted__split456__model456,xgboost,weighted,E,algorithm+decision,no_origin_balance,val,stratified,456,456,False,773.7010836478753,773.7010836478753,ner_optimal,val,0.001290797995614565,0.0012908741900602688,0.0012908714849422776,5749,4448085,1232,953160,1232,953162,4453834,126.2732775000004,b2e6f6243676544cb68b25aac83ba18d5eb139e5,True,3.14.4,1.8.0,3.4.0,2026-08-27T19:35:12+00:00,0.8148930811487043,0.9854903416278211,0.012562994862953026,0.28557848930358887,1129,33949,103,919211,0.03218541536005474,0.9163961038961039,0.06218672541999449,0.1680760204411279,35078,0.03675428964199197,773.7010836478753,0.11921972639792175,113640.21161573112,0.08116883116883117,1.0,0.40584415584415584,1.0,0.7443181818181818,0.917,0.8547077922077922,0.2106
E3_multiseed_multisplit,xgboost__weighted__split456__model456,xgboost,weighted,E,algorithm+decision,no_origin_balance,test,stratified,456,456,False,773.7010836478753,773.7010836478753,ner_optimal,val,0.001290797995614565,0.0012908741900602688,0.0012908714849422776,5749,4448085,1232,953160,1232,953162,4453834,126.2732775000004,b2e6f6243676544cb68b25aac83ba18d5eb139e5,True,3.14.4,1.8.0,3.4.0,2026-08-27T19:35:14+00:00,0.8153872171997595,0.9858914461352517,0.012626086201148641,0.28557848930358887,1113,34335,119,918827,0.03139810426540284,0.9034090909090909,0.06068702290076336,0.16468752378692764,35448,0.03714189318038462,773.7010836478753,0.13261169123899505,126405.42895409712,0.08116883116883117,1.0,0.4050324675324675,0.998,0.7483766233766234,0.922,0.8530844155844156,0.2102
E3_multiseed_multisplit,xgboost__weighted__split456__model789,xgboost,weighted,D,algorithm,no_origin_balance,val,stratified,456,789,False,773.7010836478753,773.7010836478753,fixed,val,0.001290797995614565,0.0012908741900602688,0.0012908714849422776,5749,4448085,1232,953160,1232,953162,4453834,117.68581690000065,b2e6f6243676544cb68b25aac83ba18d5eb139e5,True,3.14.4,1.8.0,3.4.0,2026-08-27T19:37:19+00:00,0.8159580596078956,0.9859666141107937,0.012651748798309732,0.5,1091,12534,141,940626,0.08007339449541284,0.885551948051948,0.14686679679612305,0.2640557446261262,13625,0.014276104577573995,773.7010836478753,0.12759744712626978,121625.8527943504,0.08116883116883117,1.0,0.40584415584415584,1.0,0.7402597402597403,0.912,0.8522727272727273,0.21
E3_multiseed_multisplit,xgboost__weighted__split456__model789,xgboost,weighted,D,algorithm,no_origin_balance,test,stratified,456,789,False,773.7010836478753,773.7010836478753,fixed,val,0.001290797995614565,0.0012908741900602688,0.0012908714849422776,5749,4448085,1232,953160,1232,953162,4453834,117.68581690000065,b2e6f6243676544cb68b25aac83ba18d5eb139e5,True,3.14.4,1.8.0,3.4.0,2026-08-27T19:37:21+00:00,0.8155826642678626,0.9855284732127546,0.012753766014056625,0.5,1084,12680,148,940482,0.07875617553036908,0.8798701298701299,0.144571885836223,0.26098114693742236,13764,0.014421716817163562,773.7010836478753,0.13343243362594498,127187.76037988553,0.08116883116883117,1.0,0.4042207792207792,0.996,0.7491883116883117,0.923,0.851461038961039,0.2098
E3_multiseed_multisplit,xgboost__weighted__split456__model789,xgboost,weighted,E,algorithm+decision,no_origin_balance,val,stratified,456,789,False,773.7010836478753,773.7010836478753,ner_optimal,val,0.001290797995614565,0.0012908741900602688,0.0012908714849422776,5749,4448085,1232,953160,1232,953162,4453834,117.68581690000065,b2e6f6243676544cb68b25aac83ba18d5eb139e5,True,3.14.4,1.8.0,3.4.0,2026-08-27T19:37:23+00:00,0.8159580596078956,0.9859666141107937,0.012651748798309732,0.26016855239868164,1140,39394,92,913766,0.028124537425371292,0.9253246753246753,0.054589857779054736,0.15739425261393772,40534,0.04247101819797316,773.7010836478753,0.11600349394696292,110574.4996956045,0.08116883116883117,1.0,0.40584415584415584,1.0,0.7402597402597403,0.912,0.8522727272727273,0.21
E3_multiseed_multisplit,xgboost__weighted__split456__model789,xgboost,weighted,E,algorithm+decision,no_origin_balance,test,stratified,456,789,False,773.7010836478753,773.7010836478753,ner_optimal,val,0.001290797995614565,0.0012908741900602688,0.0012908714849422776,5749,4448085,1232,953160,1232,953162,4453834,117.68581690000065,b2e6f6243676544cb68b25aac83ba18d5eb139e5,True,3.14.4,1.8.0,3.4.0,2026-08-27T19:37:24+00:00,0.8155826642678626,0.9855284732127546,0.012753766014056625,0.26016855239868164,1122,39861,110,913301,0.027377205182636703,0.9107142857142857,0.05315646097358759,0.15389368051919736,40983,0.042941384794958896,773.7010836478753,0.13110381235488147,124968.11920126625,0.08116883116883117,1.0,0.4042207792207792,0.996,0.7491883116883117,0.923,0.851461038961039,0.2098
E3_multiseed_multisplit,xgboost__weighted__split789__model123,xgboost,weighted,D,algorithm,no_origin_balance,val,stratified,789,123,False,773.7010836478753,773.7010836478753,fixed,val,0.001290797995614565,0.0012908741900602688,0.0012908714849422776,5749,4448085,1232,953160,1232,953162,4453834,91.3749633999978,b2e6f6243676544cb68b25aac83ba18d5eb139e5,True,3.14.4,1.8.0,3.4.0,2026-08-27T20:48:54+00:00,0.8253483927069777,0.9852188144472822,0.013168172302789643,0.5,1102,13094,130,940066,0.07762750070442379,0.8944805194805194,0.14285714285714285,0.26124337839998496,14196,0.014874391235467188,773.7010836478753,0.11925637061550609,113675.14087422378,0.08116883116883117,1.0,0.40584415584415584,1.0,0.7548701298701299,0.93,0.8603896103896104,0.212
E3_multiseed_multisplit,xgboost__weighted__split789__model123,xgboost,weighted,D,algorithm,no_origin_balance,test,stratified,789,123,False,773.7010836478753,773.7010836478753,fixed,val,0.001290797995614565,0.0012908741900602688,0.0012908714849422776,5749,4448085,1232,953160,1232,953162,4453834,91.3749633999978,b2e6f6243676544cb68b25aac83ba18d5eb139e5,True,3.14.4,1.8.0,3.4.0,2026-08-27T20:48:55+00:00,0.8253448223980756,0.9873302972414141,0.01314204741653509,0.5,1101,13134,131,940028,0.0773445732349842,0.8936688311688312,0.1423676213874701,0.2606378146670666,14235,0.01491522369168289,773.7010836478753,0.12011002284989496,114488.84195787166,0.08116883116883117,1.0,0.40584415584415584,1.0,0.7459415584415584,0.919,0.8603896103896104,0.212
E3_multiseed_multisplit,xgboost__weighted__split789__model123,xgboost,weighted,E,algorithm+decision,no_origin_balance,val,stratified,789,123,False,773.7010836478753,773.7010836478753,ner_optimal,val,0.001290797995614565,0.0012908741900602688,0.0012908714849422776,5749,4448085,1232,953160,1232,953162,4453834,91.3749633999978,b2e6f6243676544cb68b25aac83ba18d5eb139e5,True,3.14.4,1.8.0,3.4.0,2026-08-27T20:48:57+00:00,0.8253483927069777,0.9852188144472822,0.013168172302789643,0.419091135263443,1113,19031,119,934129,0.055252184273232724,0.9034090909090909,0.10413547904191617,0.2206799033460971,20144,0.02110663123747894,773.7010836478753,0.116556294413764,111101.42895409712,0.08116883116883117,1.0,0.40584415584415584,1.0,0.7548701298701299,0.93,0.8603896103896104,0.212
E3_multiseed_multisplit,xgboost__weighted__split789__model123,xgboost,weighted,E,algorithm+decision,no_origin_balance,test,stratified,789,123,False,773.7010836478753,773.7010836478753,ner_optimal,val,0.001290797995614565,0.0012908741900602688,0.0012908714849422776,5749,4448085,1232,953160,1232,953162,4453834,91.3749633999978,b2e6f6243676544cb68b25aac83ba18d5eb139e5,True,3.14.4,1.8.0,3.4.0,2026-08-27T20:48:58+00:00,0.8253448223980756,0.9873302972414141,0.01314204741653509,0.419091135263443,1115,19258,117,933904,0.05472929858145585,0.9050324675324676,0.10321684795186299,0.21980715512784726,20373,0.021346529839877452,773.7010836478753,0.11517106305171301,109781.02678680138,0.08116883116883117,1.0,0.40584415584415584,1.0,0.7459415584415584,0.919,0.8603896103896104,0.212
E3_multiseed_multisplit,xgboost__weighted__split789__model42,xgboost,weighted,D,algorithm,no_origin_balance,val,stratified,789,42,False,773.7010836478753,773.7010836478753,fixed,val,0.001290797995614565,0.0012908741900602688,0.0012908714849422776,5749,4448085,1232,953160,1232,953162,4453834,112.08169389999966,b2e6f6243676544cb68b25aac83ba18d5eb139e5,True,3.14.4,1.8.0,3.4.0,2026-08-27T20:47:09+00:00,0.8234745117022036,0.9853865306645073,0.013459540532755308,0.5,1089,13512,143,939648,0.07458393260735566,0.8839285714285714,0.13756079075348954,0.2544351076883333,14601,0.015298745169699663,773.7010836478753,0.1302468416596749,124151.25496164615,0.08116883116883117,1.0,0.40584415584415584,1.0,0.7532467532467533,0.928,0.8571428571428571,0.2112
E3_multiseed_multisplit,xgboost__weighted__split789__model42,xgboost,weighted,D,algorithm,no_origin_balance,test,stratified,789,42,False,773.7010836478753,773.7010836478753,fixed,val,0.001290797995614565,0.0012908741900602688,0.0012908714849422776,5749,4448085,1232,953160,1232,953162,4453834,112.08169389999966,b2e6f6243676544cb68b25aac83ba18d5eb139e5,True,3.14.4,1.8.0,3.4.0,2026-08-27T20:47:11+00:00,0.824915587634431,0.9869374387428507,0.013408752690867599,0.5,1093,13482,139,939680,0.07499142367066895,0.8871753246753247,0.13829316125767066,0.25561827491296224,14575,0.01527147069239748,773.7010836478753,0.12696861547089625,121026.45062705466,0.08116883116883117,1.0,0.40584415584415584,1.0,0.7508116883116883,0.925,0.859577922077922,0.2118
E3_multiseed_multisplit,xgboost__weighted__split789__model42,xgboost,weighted,E,algorithm+decision,no_origin_balance,val,stratified,789,42,False,773.7010836478753,773.7010836478753,ner_optimal,val,0.001290797995614565,0.0012908741900602688,0.0012908714849422776,5749,4448085,1232,953160,1232,953162,4453834,112.08169389999966,b2e6f6243676544cb68b25aac83ba18d5eb139e5,True,3.14.4,1.8.0,3.4.0,2026-08-27T20:47:14+00:00,0.8234745117022036,0.9853865306645073,0.013459540532755308,0.32886412739753723,1128,30105,104,923055,0.03611564691192008,0.9155844155844156,0.0694902202371785,0.1784002338864649,31233,0.03272554673551329,773.7010836478753,0.11599868173808707,110569.91269937901,0.08116883116883117,1.0,0.40584415584415584,1.0,0.7532467532467533,0.928,0.8571428571428571,0.2112
E3_multiseed_multisplit,xgboost__weighted__split789__model42,xgboost,weighted,E,algorithm+decision,no_origin_balance,test,stratified,789,42,False,773.7010836478753,773.7010836478753,ner_optimal,val,0.001290797995614565,0.0012908741900602688,0.0012908714849422776,5749,4448085,1232,953160,1232,953162,4453834,112.08169389999966,b2e6f6243676544cb68b25aac83ba18d5eb139e5,True,3.14.4,1.8.0,3.4.0,2026-08-27T20:47:16+00:00,0.824915587634431,0.9869374387428507,0.013408752690867599,0.32886412739753723,1123,30364,109,922798,0.03566551275129418,0.911525974025974,0.068645129741129,0.17683321104251884,31487,0.032991615622059656,773.7010836478753,0.12032883969601468,114697.41811761838,0.08116883116883117,1.0,0.40584415584415584,1.0,0.7508116883116883,0.925,0.859577922077922,0.2118
E3_multiseed_multisplit,xgboost__weighted__split789__model456,xgboost,weighted,D,algorithm,no_origin_balance,val,stratified,789,456,False,773.7010836478753,773.7010836478753,fixed,val,0.001290797995614565,0.0012908741900602688,0.0012908714849422776,5749,4448085,1232,953160,1232,953162,4453834,88.4442046999975,b2e6f6243676544cb68b25aac83ba18d5eb139e5,True,3.14.4,1.8.0,3.4.0,2026-08-27T20:50:33+00:00,0.8212188429169021,0.9855499579185136,0.012992300495080383,0.5,1090,12824,142,940336,0.07833836423745867,0.8847402597402597,0.14393239139046612,0.2610049275826878,13914,0.014578915162742354,773.7010836478753,0.1287133738775371,122689.55387799827,0.08116883116883117,1.0,0.40584415584415584,1.0,0.75,0.924,0.8571428571428571,0.2112
E3_multiseed_multisplit,xgboost__weighted__split789__model456,xgboost,weighted,D,algorithm,no_origin_balance,test,stratified,789,456,False,773.7010836478753,773.7010836478753,fixed,val,0.001290797995614565,0.0012908741900602688,0.0012908714849422776,5749,4448085,1232,953160,1232,953162,4453834,88.4442046999975,b2e6f6243676544cb68b25aac83ba18d5eb139e5,True,3.14.4,1.8.0,3.4.0,2026-08-27T20:50:34+00:00,0.824542498861577,0.9870892987195292,0.012939998767166755,0.5,1104,12788,128,940374,0.07947019867549669,0.8961038961038961,0.14599312351229835,0.26462656577924226,13892,0.014555833335079642,773.7010836478753,0.11731196998347022,111821.73870692801,0.08116883116883117,1.0,0.40584415584415584,1.0,0.7459415584415584,0.919,0.859577922077922,0.2118
E3_multiseed_multisplit,xgboost__weighted__split789__model456,xgboost,weighted,E,algorithm+decision,no_origin_balance,val,stratified,789,456,False,773.7010836478753,773.7010836478753,ner_optimal,val,0.001290797995614565,0.0012908741900602688,0.0012908714849422776,5749,4448085,1232,953160,1232,953162,4453834,88.4442046999975,b2e6f6243676544cb68b25aac83ba18d5eb139e5,True,3.14.4,1.8.0,3.4.0,2026-08-27T20:50:36+00:00,0.8212188429169021,0.9855499579185136,0.012992300495080383,0.30662283301353455,1128,32514,104,920646,0.03352951667558409,0.9155844155844156,0.0646900269541779,0.17162688400735301,33642,0.035249666803577565,773.7010836478753,0.11852595898272779,112978.91269937901,0.08116883116883117,1.0,0.40584415584415584,1.0,0.75,0.924,0.8571428571428571,0.2112
E3_multiseed_multisplit,xgboost__weighted__split789__model456,xgboost,weighted,E,algorithm+decision,no_origin_balance,test,stratified,789,456,False,773.7010836478753,773.7010836478753,ner_optimal,val,0.001290797995614565,0.0012908741900602688,0.0012908714849422776,5749,4448085,1232,953160,1232,953162,4453834,88.4442046999975,b2e6f6243676544cb68b25aac83ba18d5eb139e5,True,3.14.4,1.8.0,3.4.0,2026-08-27T20:50:37+00:00,0.824542498861577,0.9870892987195292,0.012939998767166755,0.30662283301353455,1128,32560,104,920602,0.0334837330800285,0.9155844155844156,0.06460481099656358,0.17150456982518403,33688,0.03529779105903851,773.7010836478753,0.11857421749383343,113024.91269937901,0.08116883116883117,1.0,0.40584415584415584,1.0,0.7459415584415584,0.919,0.859577922077922,0.2118
E3_multiseed_multisplit,xgboost__weighted__split789__model789,xgboost,weighted,D,algorithm,no_origin_balance,val,stratified,789,789,False,773.7010836478753,773.7010836478753,fixed,val,0.001290797995614565,0.0012908741900602688,0.0012908714849422776,5749,4448085,1232,953160,1232,953162,4453834,89.70778150000115,b2e6f6243676544cb68b25aac83ba18d5eb139e5,True,3.14.4,1.8.0,3.4.0,2026-08-27T20:52:13+00:00,0.8223170747205508,0.9867680251758607,0.012726228621621767,0.5,1091,12461,141,940699,0.0805047225501771,0.885551948051948,0.14759199134199133,0.2647789493909309,13552,0.014199616090662956,773.7010836478753,0.12752086296734128,121552.8527943504,0.08116883116883117,1.0,0.40584415584415584,1.0,0.752435064935065,0.927,0.8563311688311688,0.211
E3_multiseed_multisplit,xgboost__weighted__split789__model789,xgboost,weighted,D,algorithm,no_origin_balance,test,stratified,789,789,False,773.7010836478753,773.7010836478753,fixed,val,0.001290797995614565,0.0012908741900602688,0.0012908714849422776,5749,4448085,1232,953160,1232,953162,4453834,89.70778150000115,b2e6f6243676544cb68b25aac83ba18d5eb139e5,True,3.14.4,1.8.0,3.4.0,2026-08-27T20:52:14+00:00,0.8234770459056854,0.9871747869912795,0.012711426846669545,0.5,1099,12623,133,940539,0.08009036583588398,0.8920454545454546,0.14698408452587935,0.2650647743314083,13722,0.014377709834722347,773.7010836478753,0.12119731036077203,115525.2441251674,0.08116883116883117,1.0,0.4050324675324675,0.998,0.7467532467532467,0.92,0.8563311688311688,0.211
E3_multiseed_multisplit,xgboost__weighted__split789__model789,xgboost,weighted,E,algorithm+decision,no_origin_balance,val,stratified,789,789,False,773.7010836478753,773.7010836478753,ner_optimal,val,0.001290797995614565,0.0012908741900602688,0.0012908714849422776,5749,4448085,1232,953160,1232,953162,4453834,89.70778150000115,b2e6f6243676544cb68b25aac83ba18d5eb139e5,True,3.14.4,1.8.0,3.4.0,2026-08-27T20:52:16+00:00,0.8223170747205508,0.9867680251758607,0.012726228621621767,0.40696465969085693,1112,19428,120,933732,0.054138266796494645,0.9025974025974026,0.10214954988058056,0.21828469685314822,20540,0.021521555084284025,773.7010836478753,0.1177844746582553,112272.13003774501,0.08116883116883117,1.0,0.40584415584415584,1.0,0.752435064935065,0.927,0.8563311688311688,0.211
E3_multiseed_multisplit,xgboost__weighted__split789__model789,xgboost,weighted,E,algorithm+decision,no_origin_balance,test,stratified,789,789,False,773.7010836478753,773.7010836478753,ner_optimal,val,0.001290797995614565,0.0012908741900602688,0.0012908714849422776,5749,4448085,1232,953160,1232,953162,4453834,89.70778150000115,b2e6f6243676544cb68b25aac83ba18d5eb139e5,True,3.14.4,1.8.0,3.4.0,2026-08-27T20:52:17+00:00,0.8234770459056854,0.9871747869912795,0.012711426846669545,0.40696465969085693,1107,19573,125,933589,0.05352998065764023,0.898538961038961,0.10104052573932092,0.21652252389296164,20680,0.0216681999258168,773.7010836478753,0.12199503543648635,116285.63545598437,0.08116883116883117,1.0,0.4050324675324675,0.998,0.7467532467532467,0.92,0.8563311688311688,0.211
