cell_id,learner,csl_variant,split_seed,model_seed,R_level,R_eval,log2_distance_from_class_ratio,test_n_flagged_B,test_n_flagged_C,test_ner_B,test_ner_C,test_precision_B,test_precision_C,test_recall_B,test_recall_C,threshold_B,threshold_C,val_ner_B,val_ner_C,threshold_gap,delta_ner_test,delta_ner_val,rules_agree
decision_tree__unweighted__split42__model42,decision_tree,unweighted,42,42,R_x0.015625,12.089079431998051,-5.999939858606356,22812.0,1547.0,1.589543217086118,0.311163911084112,0.0469928108013326,0.5830639948287007,0.8701298701298701,0.7321428571428571,0.0039267013780772,0.0773229375481605,1.5831002612035248,0.2807046659103683,-0.0733962361700833,1.2783793060020059,1.3023955952931565,False
decision_tree__unweighted__split42__model42,decision_tree,unweighted,42,42,R_x0.0625,48.356317727992206,-3.999939858606356,22812.0,1991.0,0.4947884016741268,0.272052571612438,0.0469928108013326,0.4615770969362129,0.8701298701298701,0.7459415584415584,0.0039267013780772,0.0293020773679018,0.4797848055606215,0.2433077693217427,-0.0253753759898246,0.2227358300616888,0.23647703623887878,False
decision_tree__unweighted__split42__model42,decision_tree,unweighted,42,42,R_x0.25,193.4252709119688,-1.999939858606356,22812.0,22812.0,0.2210996978211291,0.2210996978211291,0.0469928108013326,0.0469928108013326,0.8701298701298701,0.8701298701298701,0.0039267013780772,0.0039267013780772,0.2039559416498956,0.2039559416498956,0.0,0.0,0.0,True
decision_tree__unweighted__split42__model42,decision_tree,unweighted,42,42,val_class_ratio,773.6688311688312,0.0,22812.0,22812.0,0.1526784726457394,0.1526784726457394,0.0469928108013326,0.0469928108013326,0.8701298701298701,0.8701298701298701,0.0039267013780772,0.0039267013780772,0.1349996838949375,0.1349996838949375,0.0,0.0,0.0,True
decision_tree__unweighted__split42__model42,decision_tree,unweighted,42,42,R_x1,773.7010836478753,6.014139364405448e-05,22812.0,22812.0,0.1526775218578796,0.1526775218578796,0.0469928108013326,0.0469928108013326,0.8701298701298701,0.8701298701298701,0.0039267013780772,0.0039267013780772,0.1349987256722141,0.1349987256722141,0.0,0.0,0.0,True
decision_tree__unweighted__split42__model42,decision_tree,unweighted,42,42,R_x4,3094.804334591501,2.000060141393644,22812.0,343295.0,0.1355719778670673,0.0913383092394028,0.0469928108013326,0.0035829243070828,0.8701298701298701,0.9983766233766234,0.0039267013780772,0.0001944541727425,0.1177594216777938,0.0913223104938732,0.0037322472053347,0.044233668627664494,0.0264371111839206,False
decision_tree__unweighted__split42__model42,decision_tree,unweighted,42,42,R_x16,12379.217338366005,4.000060141393644,22812.0,343295.0,0.1312955918693642,0.0240521097773831,0.0469928108013326,0.0035829243070828,0.8701298701298701,0.9983766233766234,0.0039267013780772,0.0001944541727425,0.1134495956791887,0.0240481100910007,0.0037322472053347,0.1072434820919811,0.089401485588188,False
decision_tree__unweighted__split42__model42,decision_tree,unweighted,42,42,R_x64,49516.86935346402,6.000060141393644,22812.0,343295.0,0.1302264953699384,0.0072305599118782,0.0469928108013326,0.0035829243070828,0.8701298701298701,0.9983766233766234,0.0039267013780772,0.0001944541727425,0.1123721391795374,0.0072295599902826,0.0037322472053347,0.12299593545806022,0.10514257918925479,False
decision_tree__unweighted__split42__model123,decision_tree,unweighted,42,123,R_x0.015625,12.089079431998051,-5.999939858606356,22812.0,1547.0,1.589543217086118,0.311163911084112,0.0469928108013326,0.5830639948287007,0.8701298701298701,0.7321428571428571,0.0039267013780772,0.0773229375481605,1.5831002612035248,0.2807046659103683,-0.0733962361700833,1.2783793060020059,1.3023955952931565,False
decision_tree__unweighted__split42__model123,decision_tree,unweighted,42,123,R_x0.0625,48.356317727992206,-3.999939858606356,22812.0,1991.0,0.4947884016741268,0.272052571612438,0.0469928108013326,0.4615770969362129,0.8701298701298701,0.7459415584415584,0.0039267013780772,0.0293020773679018,0.4797848055606215,0.2433077693217427,-0.0253753759898246,0.2227358300616888,0.23647703623887878,False
decision_tree__unweighted__split42__model123,decision_tree,unweighted,42,123,R_x0.25,193.4252709119688,-1.999939858606356,22812.0,22812.0,0.2210996978211291,0.2210996978211291,0.0469928108013326,0.0469928108013326,0.8701298701298701,0.8701298701298701,0.0039267013780772,0.0039267013780772,0.2039559416498956,0.2039559416498956,0.0,0.0,0.0,True
decision_tree__unweighted__split42__model123,decision_tree,unweighted,42,123,val_class_ratio,773.6688311688312,0.0,22812.0,22812.0,0.1526784726457394,0.1526784726457394,0.0469928108013326,0.0469928108013326,0.8701298701298701,0.8701298701298701,0.0039267013780772,0.0039267013780772,0.1349996838949375,0.1349996838949375,0.0,0.0,0.0,True
decision_tree__unweighted__split42__model123,decision_tree,unweighted,42,123,R_x1,773.7010836478753,6.014139364405448e-05,22812.0,22812.0,0.1526775218578796,0.1526775218578796,0.0469928108013326,0.0469928108013326,0.8701298701298701,0.8701298701298701,0.0039267013780772,0.0039267013780772,0.1349987256722141,0.1349987256722141,0.0,0.0,0.0,True
decision_tree__unweighted__split42__model123,decision_tree,unweighted,42,123,R_x4,3094.804334591501,2.000060141393644,22812.0,343295.0,0.1355719778670673,0.0913383092394028,0.0469928108013326,0.0035829243070828,0.8701298701298701,0.9983766233766234,0.0039267013780772,0.0001944541727425,0.1177594216777938,0.0913223104938732,0.0037322472053347,0.044233668627664494,0.0264371111839206,False
decision_tree__unweighted__split42__model123,decision_tree,unweighted,42,123,R_x16,12379.217338366005,4.000060141393644,22812.0,343295.0,0.1312955918693642,0.0240521097773831,0.0469928108013326,0.0035829243070828,0.8701298701298701,0.9983766233766234,0.0039267013780772,0.0001944541727425,0.1134495956791887,0.0240481100910007,0.0037322472053347,0.1072434820919811,0.089401485588188,False
decision_tree__unweighted__split42__model123,decision_tree,unweighted,42,123,R_x64,49516.86935346402,6.000060141393644,22812.0,343295.0,0.1302264953699384,0.0072305599118782,0.0469928108013326,0.0035829243070828,0.8701298701298701,0.9983766233766234,0.0039267013780772,0.0001944541727425,0.1123721391795374,0.0072295599902826,0.0037322472053347,0.12299593545806022,0.10514257918925479,False
decision_tree__unweighted__split42__model456,decision_tree,unweighted,42,456,R_x0.015625,12.089079431998051,-5.999939858606356,22812.0,1547.0,1.589543217086118,0.311163911084112,0.0469928108013326,0.5830639948287007,0.8701298701298701,0.7321428571428571,0.0039267013780772,0.0773229375481605,1.5831002612035248,0.2807046659103683,-0.0733962361700833,1.2783793060020059,1.3023955952931565,False
decision_tree__unweighted__split42__model456,decision_tree,unweighted,42,456,R_x0.0625,48.356317727992206,-3.999939858606356,22812.0,1991.0,0.4947884016741268,0.272052571612438,0.0469928108013326,0.4615770969362129,0.8701298701298701,0.7459415584415584,0.0039267013780772,0.0293020773679018,0.4797848055606215,0.2433077693217427,-0.0253753759898246,0.2227358300616888,0.23647703623887878,False
decision_tree__unweighted__split42__model456,decision_tree,unweighted,42,456,R_x0.25,193.4252709119688,-1.999939858606356,22812.0,22812.0,0.2210996978211291,0.2210996978211291,0.0469928108013326,0.0469928108013326,0.8701298701298701,0.8701298701298701,0.0039267013780772,0.0039267013780772,0.2039559416498956,0.2039559416498956,0.0,0.0,0.0,True
decision_tree__unweighted__split42__model456,decision_tree,unweighted,42,456,val_class_ratio,773.6688311688312,0.0,22812.0,22812.0,0.1526784726457394,0.1526784726457394,0.0469928108013326,0.0469928108013326,0.8701298701298701,0.8701298701298701,0.0039267013780772,0.0039267013780772,0.1349996838949375,0.1349996838949375,0.0,0.0,0.0,True
decision_tree__unweighted__split42__model456,decision_tree,unweighted,42,456,R_x1,773.7010836478753,6.014139364405448e-05,22812.0,22812.0,0.1526775218578796,0.1526775218578796,0.0469928108013326,0.0469928108013326,0.8701298701298701,0.8701298701298701,0.0039267013780772,0.0039267013780772,0.1349987256722141,0.1349987256722141,0.0,0.0,0.0,True
decision_tree__unweighted__split42__model456,decision_tree,unweighted,42,456,R_x4,3094.804334591501,2.000060141393644,22812.0,343295.0,0.1355719778670673,0.0913383092394028,0.0469928108013326,0.0035829243070828,0.8701298701298701,0.9983766233766234,0.0039267013780772,0.0001944541727425,0.1177594216777938,0.0913223104938732,0.0037322472053347,0.044233668627664494,0.0264371111839206,False
decision_tree__unweighted__split42__model456,decision_tree,unweighted,42,456,R_x16,12379.217338366005,4.000060141393644,22812.0,343295.0,0.1312955918693642,0.0240521097773831,0.0469928108013326,0.0035829243070828,0.8701298701298701,0.9983766233766234,0.0039267013780772,0.0001944541727425,0.1134495956791887,0.0240481100910007,0.0037322472053347,0.1072434820919811,0.089401485588188,False
decision_tree__unweighted__split42__model456,decision_tree,unweighted,42,456,R_x64,49516.86935346402,6.000060141393644,22812.0,343295.0,0.1302264953699384,0.0072305599118782,0.0469928108013326,0.0035829243070828,0.8701298701298701,0.9983766233766234,0.0039267013780772,0.0001944541727425,0.1123721391795374,0.0072295599902826,0.0037322472053347,0.12299593545806022,0.10514257918925479,False
decision_tree__unweighted__split42__model789,decision_tree,unweighted,42,789,R_x0.015625,12.089079431998051,-5.999939858606356,22812.0,1547.0,1.589543217086118,0.311163911084112,0.0469928108013326,0.5830639948287007,0.8701298701298701,0.7321428571428571,0.0039267013780772,0.0773229375481605,1.5831002612035248,0.2807046659103683,-0.0733962361700833,1.2783793060020059,1.3023955952931565,False
decision_tree__unweighted__split42__model789,decision_tree,unweighted,42,789,R_x0.0625,48.356317727992206,-3.999939858606356,22812.0,1991.0,0.4947884016741268,0.272052571612438,0.0469928108013326,0.4615770969362129,0.8701298701298701,0.7459415584415584,0.0039267013780772,0.0293020773679018,0.4797848055606215,0.2433077693217427,-0.0253753759898246,0.2227358300616888,0.23647703623887878,False
decision_tree__unweighted__split42__model789,decision_tree,unweighted,42,789,R_x0.25,193.4252709119688,-1.999939858606356,22812.0,22812.0,0.2210996978211291,0.2210996978211291,0.0469928108013326,0.0469928108013326,0.8701298701298701,0.8701298701298701,0.0039267013780772,0.0039267013780772,0.2039559416498956,0.2039559416498956,0.0,0.0,0.0,True
decision_tree__unweighted__split42__model789,decision_tree,unweighted,42,789,val_class_ratio,773.6688311688312,0.0,22812.0,22812.0,0.1526784726457394,0.1526784726457394,0.0469928108013326,0.0469928108013326,0.8701298701298701,0.8701298701298701,0.0039267013780772,0.0039267013780772,0.1349996838949375,0.1349996838949375,0.0,0.0,0.0,True
decision_tree__unweighted__split42__model789,decision_tree,unweighted,42,789,R_x1,773.7010836478753,6.014139364405448e-05,22812.0,22812.0,0.1526775218578796,0.1526775218578796,0.0469928108013326,0.0469928108013326,0.8701298701298701,0.8701298701298701,0.0039267013780772,0.0039267013780772,0.1349987256722141,0.1349987256722141,0.0,0.0,0.0,True
decision_tree__unweighted__split42__model789,decision_tree,unweighted,42,789,R_x4,3094.804334591501,2.000060141393644,22812.0,343295.0,0.1355719778670673,0.0913383092394028,0.0469928108013326,0.0035829243070828,0.8701298701298701,0.9983766233766234,0.0039267013780772,0.0001944541727425,0.1177594216777938,0.0913223104938732,0.0037322472053347,0.044233668627664494,0.0264371111839206,False
decision_tree__unweighted__split42__model789,decision_tree,unweighted,42,789,R_x16,12379.217338366005,4.000060141393644,22812.0,343295.0,0.1312955918693642,0.0240521097773831,0.0469928108013326,0.0035829243070828,0.8701298701298701,0.9983766233766234,0.0039267013780772,0.0001944541727425,0.1134495956791887,0.0240481100910007,0.0037322472053347,0.1072434820919811,0.089401485588188,False
decision_tree__unweighted__split42__model789,decision_tree,unweighted,42,789,R_x64,49516.86935346402,6.000060141393644,22812.0,343295.0,0.1302264953699384,0.0072305599118782,0.0469928108013326,0.0035829243070828,0.8701298701298701,0.9983766233766234,0.0039267013780772,0.0001944541727425,0.1123721391795374,0.0072295599902826,0.0037322472053347,0.12299593545806022,0.10514257918925479,False
decision_tree__unweighted__split123__model42,decision_tree,unweighted,123,42,R_x0.015625,12.089079431998051,-5.999939858606356,5352.0,1659.0,0.469968907804059,0.2685905025155269,0.1890881913303438,0.5780590717299579,0.8214285714285714,0.7784090909090909,0.0151061173528432,0.0399999991059303,0.4875574815559184,0.2868624610222705,-0.0248938817530871,0.20137840528853207,0.2006950205336479,False
decision_tree__unweighted__split123__model42,decision_tree,unweighted,123,42,R_x0.0625,48.356317727992206,-3.999939858606356,5352.0,1935.0,0.2514207983795861,0.2321743073478247,0.1890881913303438,0.4992248062015504,0.8214285714285714,0.7840909090909091,0.0151061173528432,0.0263446755707263,0.2692107989604081,0.2499870744935646,-0.011238558217883101,0.019246491031761376,0.019223724466843506,False
decision_tree__unweighted__split123__model42,decision_tree,unweighted,123,42,R_x0.25,193.4252709119688,-1.999939858606356,5352.0,5352.0,0.1967837710234679,0.1967837710234679,0.1890881913303438,0.1890881913303438,0.8214285714285714,0.8214285714285714,0.0151061173528432,0.0151061173528432,0.2146241283115305,0.2146241283115305,0.0,0.0,0.0,True
decision_tree__unweighted__split123__model42,decision_tree,unweighted,123,42,val_class_ratio,773.6688311688312,0.0,5352.0,5352.0,0.1831247039921344,0.1831247039921344,0.1890881913303438,0.1890881913303438,0.8214285714285714,0.8214285714285714,0.0151061173528432,0.0151061173528432,0.2009776502820692,0.2009776502820692,0.0,0.0,0.0,True
decision_tree__unweighted__split123__model42,decision_tree,unweighted,123,42,R_x1,773.7010836478753,6.014139364405448e-05,5352.0,5352.0,0.1831245141844384,0.1831245141844384,0.1890881913303438,0.1890881913303438,0.8214285714285714,0.8214285714285714,0.0151061173528432,0.0151061173528432,0.2009774606493111,0.2009774606493111,0.0,0.0,0.0,True
decision_tree__unweighted__split123__model42,decision_tree,unweighted,123,42,R_x4,3094.804334591501,2.000060141393644,5352.0,8181.0,0.179709699974681,0.1796397239967249,0.1890881913303438,0.1238234934604571,0.8214285714285714,0.8222402597402597,0.0151061173528432,0.0005885382415726,0.1975657937337563,0.1959057499960672,0.0145175791112706,6.997597795610488e-05,0.0016600437376891042,False
decision_tree__unweighted__split123__model42,decision_tree,unweighted,123,42,R_x16,12379.217338366005,4.000060141393644,5352.0,861086.0,0.1788559964222416,0.0563794481090001,0.1890881913303438,0.0014307513999763,0.8214285714285714,1.0,0.0151061173528432,0.000277483544778,0.1967128770048676,0.0580451164982234,0.014828633808065199,0.12247654831324149,0.1386677605066442,False
decision_tree__unweighted__split123__model42,decision_tree,unweighted,123,42,R_x64,49516.86935346402,6.000060141393644,5352.0,931599.0,0.1786425705341318,0.0152507222152906,0.1890881913303438,0.0013224574092501,0.8214285714285714,1.0,0.0151061173528432,2.748813494690694e-05,0.1964996478226454,0.0152536728036055,0.015078629217896293,0.16339184831884118,0.18124597501903988,False
decision_tree__unweighted__split123__model123,decision_tree,unweighted,123,123,R_x0.015625,12.089079431998051,-5.999939858606356,5351.0,1658.0,0.4699017655277381,0.268523360239206,0.1891235283124649,0.5784077201447527,0.8214285714285714,0.7784090909090909,0.0151061173528432,0.0399999991059303,0.4874231970032766,0.2867281764696287,-0.0248938817530871,0.20137840528853213,0.20069502053364785,False
decision_tree__unweighted__split123__model123,decision_tree,unweighted,123,123,R_x0.0625,48.356317727992206,-3.999939858606356,5351.0,1934.0,0.2514040128105059,0.2321575217787444,0.1891235283124649,0.499482936918304,0.8214285714285714,0.7840909090909091,0.0151061173528432,0.0263446755707263,0.2691772278222477,0.2499535033554041,-0.011238558217883101,0.019246491031761487,0.01922372446684359,False
decision_tree__unweighted__split123__model123,decision_tree,unweighted,123,123,R_x0.25,193.4252709119688,-1.999939858606356,5351.0,5351.0,0.1967795746311978,0.1967795746311978,0.1891235283124649,0.1891235283124649,0.8214285714285714,0.8214285714285714,0.0151061173528432,0.0151061173528432,0.2146157355269904,0.2146157355269904,0.0,0.0,0.0,True
decision_tree__unweighted__split123__model123,decision_tree,unweighted,123,123,val_class_ratio,773.6688311688312,0.0,5351.0,5351.0,0.1831236548503324,0.1831236548503324,0.1891235283124649,0.1891235283124649,0.8214285714285714,0.8214285714285714,0.0151061173528432,0.0151061173528432,0.2009755519984652,0.2009755519984652,0.0,0.0,0.0,True
decision_tree__unweighted__split123__model123,decision_tree,unweighted,123,123,R_x1,773.7010836478753,6.014139364405448e-05,5351.0,5351.0,0.1831234650863708,0.1831234650863708,0.1891235283124649,0.1891235283124649,0.8214285714285714,0.8214285714285714,0.0151061173528432,0.0151061173528432,0.2009753624531761,0.2009753624531761,0.0,0.0,0.0,True
decision_tree__unweighted__split123__model123,decision_tree,unweighted,123,123,R_x4,3094.804334591501,2.000060141393644,5351.0,8180.0,0.1797094377001641,0.179639461722208,0.1891235283124649,0.1238386308068459,0.8214285714285714,0.8222402597402597,0.0151061173528432,0.0005885382415726,0.1975652691847225,0.1959052254470334,0.0145175791112706,6.997597795610488e-05,0.0016600437376891042,False
decision_tree__unweighted__split123__model123,decision_tree,unweighted,123,123,R_x16,12379.217338366005,4.000060141393644,5351.0,861085.0,0.1788559308536124,0.0563793825403709,0.1891235283124649,0.0014307530615444,0.8214285714285714,1.0,0.0151061173528432,0.000277483544778,0.1967127458676091,0.058044985360965,0.014828633808065199,0.1224765483132415,0.1386677605066441,False
decision_tree__unweighted__split123__model123,decision_tree,unweighted,123,123,R_x64,49516.86935346402,6.000060141393644,5351.0,931598.0,0.1786425541419745,0.0152507058231333,0.1891235283124649,0.0013224588288081,0.8214285714285714,1.0,0.0151061173528432,2.748813494690694e-05,0.1964996150383308,0.0152536400192909,0.015078629217896293,0.1633918483188412,0.1812459750190399,False
decision_tree__unweighted__split123__model456,decision_tree,unweighted,123,456,R_x0.015625,12.089079431998051,-5.999939858606356,5351.0,1658.0,0.4699017655277381,0.268523360239206,0.1891235283124649,0.5784077201447527,0.8214285714285714,0.7784090909090909,0.0151061173528432,0.0399999991059303,0.4874231970032766,0.2867281764696287,-0.0248938817530871,0.20137840528853213,0.20069502053364785,False
decision_tree__unweighted__split123__model456,decision_tree,unweighted,123,456,R_x0.0625,48.356317727992206,-3.999939858606356,5351.0,1934.0,0.2514040128105059,0.2321575217787444,0.1891235283124649,0.499482936918304,0.8214285714285714,0.7840909090909091,0.0151061173528432,0.0263446755707263,0.2691772278222477,0.2499535033554041,-0.011238558217883101,0.019246491031761487,0.01922372446684359,False
decision_tree__unweighted__split123__model456,decision_tree,unweighted,123,456,R_x0.25,193.4252709119688,-1.999939858606356,5351.0,5351.0,0.1967795746311978,0.1967795746311978,0.1891235283124649,0.1891235283124649,0.8214285714285714,0.8214285714285714,0.0151061173528432,0.0151061173528432,0.2146157355269904,0.2146157355269904,0.0,0.0,0.0,True
decision_tree__unweighted__split123__model456,decision_tree,unweighted,123,456,val_class_ratio,773.6688311688312,0.0,5351.0,5351.0,0.1831236548503324,0.1831236548503324,0.1891235283124649,0.1891235283124649,0.8214285714285714,0.8214285714285714,0.0151061173528432,0.0151061173528432,0.2009755519984652,0.2009755519984652,0.0,0.0,0.0,True
decision_tree__unweighted__split123__model456,decision_tree,unweighted,123,456,R_x1,773.7010836478753,6.014139364405448e-05,5351.0,5351.0,0.1831234650863708,0.1831234650863708,0.1891235283124649,0.1891235283124649,0.8214285714285714,0.8214285714285714,0.0151061173528432,0.0151061173528432,0.2009753624531761,0.2009753624531761,0.0,0.0,0.0,True
decision_tree__unweighted__split123__model456,decision_tree,unweighted,123,456,R_x4,3094.804334591501,2.000060141393644,5351.0,8180.0,0.1797094377001641,0.179639461722208,0.1891235283124649,0.1238386308068459,0.8214285714285714,0.8222402597402597,0.0151061173528432,0.0005885382415726,0.1975652691847225,0.1959052254470334,0.0145175791112706,6.997597795610488e-05,0.0016600437376891042,False
decision_tree__unweighted__split123__model456,decision_tree,unweighted,123,456,R_x16,12379.217338366005,4.000060141393644,5351.0,861085.0,0.1788559308536124,0.0563793825403709,0.1891235283124649,0.0014307530615444,0.8214285714285714,1.0,0.0151061173528432,0.000277483544778,0.1967127458676091,0.058044985360965,0.014828633808065199,0.1224765483132415,0.1386677605066441,False
decision_tree__unweighted__split123__model456,decision_tree,unweighted,123,456,R_x64,49516.86935346402,6.000060141393644,5351.0,931598.0,0.1786425541419745,0.0152507058231333,0.1891235283124649,0.0013224588288081,0.8214285714285714,1.0,0.0151061173528432,2.748813494690694e-05,0.1964996150383308,0.0152536400192909,0.015078629217896293,0.1633918483188412,0.1812459750190399,False
decision_tree__unweighted__split123__model789,decision_tree,unweighted,123,789,R_x0.015625,12.089079431998051,-5.999939858606356,5345.0,1658.0,0.4694989118698128,0.268523360239206,0.1893358278765201,0.5784077201447527,0.8214285714285714,0.7784090909090909,0.0151061173528432,0.0399999991059303,0.4876917661085601,0.2867281764696287,-0.0248938817530871,0.20097555163060682,0.20096358963893135,False
decision_tree__unweighted__split123__model789,decision_tree,unweighted,123,789,R_x0.0625,48.356317727992206,-3.999939858606356,5345.0,1934.0,0.2513032993960246,0.2321575217787444,0.1893358278765201,0.499482936918304,0.8214285714285714,0.7840909090909091,0.0151061173528432,0.0263446755707263,0.2692443700985685,0.2499535033554041,-0.011238558217883101,0.019145777617280174,0.01929086674316441,False
decision_tree__unweighted__split123__model789,decision_tree,unweighted,123,789,R_x0.25,193.4252709119688,-1.999939858606356,5345.0,5345.0,0.1967543962775775,0.1967543962775775,0.1893358278765201,0.1893358278765201,0.8214285714285714,0.8214285714285714,0.0151061173528432,0.0151061173528432,0.2146325210960706,0.2146325210960706,0.0,0.0,0.0,True
decision_tree__unweighted__split123__model789,decision_tree,unweighted,123,789,val_class_ratio,773.6688311688312,0.0,5345.0,5345.0,0.1831173599995203,0.1831173599995203,0.1893358278765201,0.1893358278765201,0.8214285714285714,0.8214285714285714,0.0151061173528432,0.0151061173528432,0.2009797485656732,0.2009797485656732,0.0,0.0,0.0,True
decision_tree__unweighted__split123__model789,decision_tree,unweighted,123,789,R_x1,773.7010836478753,6.014139364405448e-05,5345.0,5345.0,0.1831171704979658,0.1831171704979658,0.1893358278765201,0.1893358278765201,0.8214285714285714,0.8214285714285714,0.0151061173528432,0.0151061173528432,0.2009795588454462,0.2009795588454462,0.0,0.0,0.0,True
decision_tree__unweighted__split123__model789,decision_tree,unweighted,123,789,R_x4,3094.804334591501,2.000060141393644,5345.0,8174.0,0.1797078640530628,0.1796378880751067,0.1893358278765201,0.1239295326645461,0.8214285714285714,0.8222402597402597,0.0151061173528432,0.0005885382415726,0.1975663182827901,0.1959062745451009,0.0145175791112706,6.997597795610488e-05,0.0016600437376891874,False
decision_tree__unweighted__split123__model789,decision_tree,unweighted,123,789,R_x16,12379.217338366005,4.000060141393644,5345.0,861079.0,0.1788555374418371,0.0563789891285956,0.1893358278765201,0.0014307630310343,0.8214285714285714,1.0,0.0151061173528432,0.000277483544778,0.196713008142126,0.0580452476354819,0.014828633808065199,0.1224765483132415,0.1386677605066441,False
decision_tree__unweighted__split123__model789,decision_tree,unweighted,123,789,R_x64,49516.86935346402,6.000060141393644,5345.0,931592.0,0.1786424557890306,0.0152506074701895,0.1893358278765201,0.0013224673462202,0.8214285714285714,1.0,0.0151061173528432,2.748813494690694e-05,0.19649968060696,0.0152537055879201,0.015078629217896293,0.1633918483188411,0.18124597501903988,False
decision_tree__unweighted__split456__model42,decision_tree,unweighted,456,42,R_x0.015625,12.089079431998051,-5.999939858606356,5518.0,1490.0,0.4916604927294358,0.280971883693546,0.1812250815512867,0.625503355704698,0.8116883116883117,0.7564935064935064,0.0140526974573731,0.0566037744283676,0.4911353165105442,0.2876668170160151,-0.0425510769709945,0.21068860903588982,0.2034684994945291,False
decision_tree__unweighted__split456__model42,decision_tree,unweighted,456,42,R_x0.0625,48.356317727992206,-3.999939858606356,5518.0,2029.0,0.2641488894161251,0.2528070500990417,0.1812250815512867,0.4647609659931001,0.8116883116883117,0.765422077922078,0.0140526974573731,0.0199228785932064,0.2652351278289347,0.2522135741853962,-0.005870181135833298,0.01134183931708338,0.01302155364353852,False
decision_tree__unweighted__split456__model42,decision_tree,unweighted,456,42,R_x0.25,193.4252709119688,-1.999939858606356,5518.0,5518.0,0.2072709885877974,0.2072709885877974,0.1812250815512867,0.1812250815512867,0.8116883116883117,0.8116883116883117,0.0140526974573731,0.0140526974573731,0.2087600806585323,0.2087600806585323,0.0,0.0,0.0,True
decision_tree__unweighted__split456__model42,decision_tree,unweighted,456,42,val_class_ratio,773.6688311688312,0.0,5518.0,5518.0,0.1930517109731511,0.1930517109731511,0.1812250815512867,0.1812250815512867,0.8116883116883117,0.8116883116883117,0.0140526974573731,0.0140526974573731,0.1946415150588636,0.1946415150588636,0.0,0.0,0.0,True
decision_tree__unweighted__split456__model42,decision_tree,unweighted,456,42,R_x1,773.7010836478753,6.014139364405448e-05,5518.0,5518.0,0.1930515133807155,0.1930515133807155,0.1812250815512867,0.1812250815512867,0.8116883116883117,0.8116883116883117,0.0140526974573731,0.0140526974573731,0.1946413188659317,0.1946413188659317,0.0,0.0,0.0,True
decision_tree__unweighted__split456__model42,decision_tree,unweighted,456,42,R_x4,3094.804334591501,2.000060141393644,5518.0,5518.0,0.189496644578945,0.189496644578945,0.1812250815512867,0.1812250815512867,0.8116883116883117,0.8116883116883117,0.0140526974573731,0.0140526974573731,0.1911116284177816,0.1911116284177816,0.0,0.0,0.0,True
decision_tree__unweighted__split456__model42,decision_tree,unweighted,456,42,R_x16,12379.217338366005,4.000060141393644,5518.0,861508.0,0.1886079273785024,0.0588423797114834,0.1812250815512867,0.0014265682965219,0.8116883116883117,0.997564935064935,0.0140526974573731,0.0002730664564296,0.190229205805744,0.0580394120274813,0.013779631000943501,0.129765547667019,0.1321897937782627,False
decision_tree__unweighted__split456__model42,decision_tree,unweighted,456,42,R_x64,49516.86935346402,6.000060141393644,5518.0,931817.0,0.1883857480783918,0.0152542957055831,0.1812250815512867,0.001322148018334,0.8116883116883117,1.0,0.0140526974573731,3.619712970248656e-06,0.1900086001527346,0.0152576069213587,0.014049077744402852,0.17313145237280872,0.1747509932313759,False
decision_tree__unweighted__split456__model123,decision_tree,unweighted,456,123,R_x0.015625,12.089079431998051,-5.999939858606356,5517.0,1490.0,0.491593350453115,0.280971883693546,0.181257930034439,0.625503355704698,0.8116883116883117,0.7564935064935064,0.0140526974573731,0.0566037744283676,0.4911353165105442,0.2884785053277034,-0.0425510769709945,0.210621466759569,0.2026568111828408,False
decision_tree__unweighted__split456__model123,decision_tree,unweighted,456,123,R_x0.0625,48.356317727992206,-3.999939858606356,5517.0,2028.0,0.2641321038470449,0.2527902645299614,0.181257930034439,0.4649901380670611,0.8116883116883117,0.765422077922078,0.0140526974573731,0.0199228785932064,0.2652351278289347,0.2530252624970845,-0.005870181135833298,0.01134183931708349,0.0122098653318502,False
decision_tree__unweighted__split456__model123,decision_tree,unweighted,456,123,R_x0.25,193.4252709119688,-1.999939858606356,5517.0,5517.0,0.2072667921955274,0.2072667921955274,0.181257930034439,0.181257930034439,0.8116883116883117,0.8116883116883117,0.0140526974573731,0.0140526974573731,0.2087600806585323,0.2087600806585323,0.0,0.0,0.0,True
decision_tree__unweighted__split456__model123,decision_tree,unweighted,456,123,val_class_ratio,773.6688311688312,0.0,5517.0,5517.0,0.1930506618313492,0.1930506618313492,0.181257930034439,0.181257930034439,0.8116883116883117,0.8116883116883117,0.0140526974573731,0.0140526974573731,0.1946415150588636,0.1946415150588636,0.0,0.0,0.0,True
decision_tree__unweighted__split456__model123,decision_tree,unweighted,456,123,R_x1,773.7010836478753,6.014139364405448e-05,5517.0,5517.0,0.193050464282648,0.193050464282648,0.181257930034439,0.181257930034439,0.8116883116883117,0.8116883116883117,0.0140526974573731,0.0140526974573731,0.1946413188659317,0.1946413188659317,0.0,0.0,0.0,True
decision_tree__unweighted__split456__model123,decision_tree,unweighted,456,123,R_x4,3094.804334591501,2.000060141393644,5517.0,5517.0,0.1894963823044282,0.1894963823044282,0.181257930034439,0.181257930034439,0.8116883116883117,0.8116883116883117,0.0140526974573731,0.0140526974573731,0.1911116284177816,0.1911116284177816,0.0,0.0,0.0,True
decision_tree__unweighted__split456__model123,decision_tree,unweighted,456,123,R_x16,12379.217338366005,4.000060141393644,5517.0,861507.0,0.1886078618098732,0.0588423141428542,0.181257930034439,0.0014265699524205,0.8116883116883117,0.997564935064935,0.0140526974573731,0.0002730664564296,0.190229205805744,0.0580394120274813,0.013779631000943501,0.129765547667019,0.1321897937782627,False
decision_tree__unweighted__split456__model123,decision_tree,unweighted,456,123,R_x64,49516.86935346402,6.000060141393644,5517.0,931816.0,0.1883857316862345,0.0152542793134258,0.181257930034439,0.0013221494372279,0.8116883116883117,1.0,0.0140526974573731,3.619712970248656e-06,0.1900086001527346,0.0152576069213587,0.014049077744402852,0.1731314523728087,0.1747509932313759,False
decision_tree__unweighted__split456__model456,decision_tree,unweighted,456,456,R_x0.015625,12.089079431998051,-5.999939858606356,5518.0,1491.0,0.4916604927294358,0.2810390259698668,0.1812250815512867,0.6250838363514419,0.8116883116883117,0.7564935064935064,0.0140526974573731,0.0566037744283676,0.4910681742342233,0.2884785053277034,-0.0425510769709945,0.210621466759569,0.20258966890651986,False
decision_tree__unweighted__split456__model456,decision_tree,unweighted,456,456,R_x0.0625,48.356317727992206,-3.999939858606356,5518.0,2029.0,0.2641488894161251,0.2528070500990417,0.1812250815512867,0.4647609659931001,0.8116883116883117,0.765422077922078,0.0140526974573731,0.0199228785932064,0.2652183422598544,0.2530084769280043,-0.005870181135833298,0.01134183931708338,0.01220986533185009,False
decision_tree__unweighted__split456__model456,decision_tree,unweighted,456,456,R_x0.25,193.4252709119688,-1.999939858606356,5518.0,5518.0,0.2072709885877974,0.2072709885877974,0.1812250815512867,0.1812250815512867,0.8116883116883117,0.8116883116883117,0.0140526974573731,0.0140526974573731,0.2087558842662622,0.2087558842662622,0.0,0.0,0.0,True
decision_tree__unweighted__split456__model456,decision_tree,unweighted,456,456,val_class_ratio,773.6688311688312,0.0,5518.0,5518.0,0.1930517109731511,0.1930517109731511,0.1812250815512867,0.1812250815512867,0.8116883116883117,0.8116883116883117,0.0140526974573731,0.0140526974573731,0.1946404659170616,0.1946404659170616,0.0,0.0,0.0,True
decision_tree__unweighted__split456__model456,decision_tree,unweighted,456,456,R_x1,773.7010836478753,6.014139364405448e-05,5518.0,5518.0,0.1930515133807155,0.1930515133807155,0.1812250815512867,0.1812250815512867,0.8116883116883117,0.8116883116883117,0.0140526974573731,0.0140526974573731,0.1946402697678642,0.1946402697678642,0.0,0.0,0.0,True
decision_tree__unweighted__split456__model456,decision_tree,unweighted,456,456,R_x4,3094.804334591501,2.000060141393644,5518.0,5518.0,0.189496644578945,0.189496644578945,0.1812250815512867,0.1812250815512867,0.8116883116883117,0.8116883116883117,0.0140526974573731,0.0140526974573731,0.1911113661432647,0.1911113661432647,0.0,0.0,0.0,True
decision_tree__unweighted__split456__model456,decision_tree,unweighted,456,456,R_x16,12379.217338366005,4.000060141393644,5518.0,861508.0,0.1886079273785024,0.0588423797114834,0.1812250815512867,0.0014265682965219,0.8116883116883117,0.997564935064935,0.0140526974573731,0.0002730664564296,0.1902291402371148,0.0580393464588521,0.013779631000943501,0.129765547667019,0.13218979377826268,False
decision_tree__unweighted__split456__model456,decision_tree,unweighted,456,456,R_x64,49516.86935346402,6.000060141393644,5518.0,931817.0,0.1883857480783918,0.0152542957055831,0.1812250815512867,0.001322148018334,0.8116883116883117,1.0,0.0140526974573731,3.619712970248656e-06,0.1900085837605773,0.0152575905292014,0.014049077744402852,0.17313145237280872,0.1747509932313759,False
decision_tree__unweighted__split456__model789,decision_tree,unweighted,456,789,R_x0.015625,12.089079431998051,-5.999939858606356,5518.0,1490.0,0.4916604927294358,0.280971883693546,0.1812250815512867,0.625503355704698,0.8116883116883117,0.7564935064935064,0.0140526974573731,0.0566037744283676,0.4911353165105442,0.2876668170160151,-0.0425510769709945,0.21068860903588982,0.2034684994945291,False
decision_tree__unweighted__split456__model789,decision_tree,unweighted,456,789,R_x0.0625,48.356317727992206,-3.999939858606356,5518.0,2029.0,0.2641488894161251,0.2528070500990417,0.1812250815512867,0.4647609659931001,0.8116883116883117,0.765422077922078,0.0140526974573731,0.0199228785932064,0.2652351278289347,0.2522135741853962,-0.005870181135833298,0.01134183931708338,0.01302155364353852,False
decision_tree__unweighted__split456__model789,decision_tree,unweighted,456,789,R_x0.25,193.4252709119688,-1.999939858606356,5518.0,5518.0,0.2072709885877974,0.2072709885877974,0.1812250815512867,0.1812250815512867,0.8116883116883117,0.8116883116883117,0.0140526974573731,0.0140526974573731,0.2087600806585323,0.2087600806585323,0.0,0.0,0.0,True
decision_tree__unweighted__split456__model789,decision_tree,unweighted,456,789,val_class_ratio,773.6688311688312,0.0,5518.0,5518.0,0.1930517109731511,0.1930517109731511,0.1812250815512867,0.1812250815512867,0.8116883116883117,0.8116883116883117,0.0140526974573731,0.0140526974573731,0.1946415150588636,0.1946415150588636,0.0,0.0,0.0,True
decision_tree__unweighted__split456__model789,decision_tree,unweighted,456,789,R_x1,773.7010836478753,6.014139364405448e-05,5518.0,5518.0,0.1930515133807155,0.1930515133807155,0.1812250815512867,0.1812250815512867,0.8116883116883117,0.8116883116883117,0.0140526974573731,0.0140526974573731,0.1946413188659317,0.1946413188659317,0.0,0.0,0.0,True
decision_tree__unweighted__split456__model789,decision_tree,unweighted,456,789,R_x4,3094.804334591501,2.000060141393644,5518.0,5518.0,0.189496644578945,0.189496644578945,0.1812250815512867,0.1812250815512867,0.8116883116883117,0.8116883116883117,0.0140526974573731,0.0140526974573731,0.1911116284177816,0.1911116284177816,0.0,0.0,0.0,True
decision_tree__unweighted__split456__model789,decision_tree,unweighted,456,789,R_x16,12379.217338366005,4.000060141393644,5518.0,861508.0,0.1886079273785024,0.0588423797114834,0.1812250815512867,0.0014265682965219,0.8116883116883117,0.997564935064935,0.0140526974573731,0.0002730664564296,0.190229205805744,0.0580394120274813,0.013779631000943501,0.129765547667019,0.1321897937782627,False
decision_tree__unweighted__split456__model789,decision_tree,unweighted,456,789,R_x64,49516.86935346402,6.000060141393644,5518.0,931817.0,0.1883857480783918,0.0152542957055831,0.1812250815512867,0.001322148018334,0.8116883116883117,1.0,0.0140526974573731,3.619712970248656e-06,0.1900086001527346,0.0152576069213587,0.014049077744402852,0.17313145237280872,0.1747509932313759,False
decision_tree__unweighted__split789__model42,decision_tree,unweighted,789,42,R_x0.015625,12.089079431998051,-5.999939858606356,5679.0,1054.0,0.4963185851010336,0.2850934135619904,0.177319950695545,0.8481973434535104,0.8173701298701299,0.7256493506493507,0.0129506699740886,0.1400000005960464,0.4963066231093581,0.2836103024870934,-0.12704933062195778,0.2112251715390432,0.21269632062226468,False
decision_tree__unweighted__split789__model42,decision_tree,unweighted,789,42,R_x0.0625,48.356317727992206,-3.999939858606356,5679.0,1820.0,0.261052048872661,0.2434995489958958,0.177319950695545,0.521978021978022,0.8173701298701299,0.7711038961038961,0.0129506699740886,0.0384615398943424,0.2598315259072096,0.2442381140354255,-0.025510869920253802,0.017552499876765187,0.01559341187178409,False
decision_tree__unweighted__split789__model42,decision_tree,unweighted,789,42,R_x0.25,193.4252709119688,-1.999939858606356,5679.0,5679.0,0.2022354148155678,0.2022354148155678,0.177319950695545,0.177319950695545,0.8173701298701299,0.8173701298701299,0.0129506699740886,0.0129506699740886,0.2007127516066724,0.2007127516066724,0.0,0.0,0.0,True
decision_tree__unweighted__split789__model42,decision_tree,unweighted,789,42,val_class_ratio,773.6688311688312,0.0,5679.0,5679.0,0.1875314606288419,0.1875314606288419,0.177319950695545,0.177319950695545,0.8173701298701299,0.8173701298701299,0.0129506699740886,0.0129506699740886,0.1859332634087134,0.1859332634087134,0.0,0.0,0.0,True
decision_tree__unweighted__split789__model42,decision_tree,unweighted,789,42,R_x1,773.7010836478753,6.014139364405448e-05,5679.0,5679.0,0.1875312563012945,0.1875312563012945,0.177319950695545,0.177319950695545,0.8173701298701299,0.8173701298701299,0.0129506699740886,0.0129506699740886,0.1859330580315382,0.1859330580315382,0.0,0.0,0.0,True
decision_tree__unweighted__split789__model42,decision_tree,unweighted,789,42,R_x4,3094.804334591501,2.000060141393644,5679.0,5679.0,0.1838552166727262,0.1838552166727262,0.177319950695545,0.177319950695545,0.8173701298701299,0.8173701298701299,0.0129506699740886,0.0129506699740886,0.1822381346377546,0.1822381346377546,0.0,0.0,0.0,True
decision_tree__unweighted__split789__model42,decision_tree,unweighted,789,42,R_x16,12379.217338366005,4.000060141393644,5679.0,860878.0,0.1829362067655841,0.0604245792357101,0.177319950695545,0.0014252890653495,0.8173701298701299,0.9959415584415584,0.0129506699740886,0.000273554585874,0.1813144037893087,0.0580417724981332,0.012677115388214599,0.12251162752987399,0.1232726312911755,False
decision_tree__unweighted__split789__model42,decision_tree,unweighted,789,42,R_x64,49516.86935346402,6.000060141393644,5679.0,931511.0,0.1827064542887986,0.0152492797054478,0.177319950695545,0.0013225823420227,0.8173701298701299,1.0,0.0129506699740886,6.362497060763417e-06,0.1810834710771972,0.0152507713917625,0.012944307477027836,0.1674571745833508,0.16583269968543468,False
decision_tree__unweighted__split789__model123,decision_tree,unweighted,789,123,R_x0.015625,12.089079431998051,-5.999939858606356,5679.0,1054.0,0.4963185851010336,0.2850934135619904,0.177319950695545,0.8481973434535104,0.8173701298701299,0.7256493506493507,0.0129506699740886,0.1400000005960464,0.496373765385679,0.2836774447634143,-0.12704933062195778,0.2112251715390432,0.21269632062226473,False
decision_tree__unweighted__split789__model123,decision_tree,unweighted,789,123,R_x0.0625,48.356317727992206,-3.999939858606356,5679.0,1820.0,0.261052048872661,0.2434995489958958,0.177319950695545,0.521978021978022,0.8173701298701299,0.7711038961038961,0.0129506699740886,0.0384615398943424,0.2598483114762898,0.2442548996045058,-0.025510869920253802,0.017552499876765187,0.01559341187178398,False
decision_tree__unweighted__split789__model123,decision_tree,unweighted,789,123,R_x0.25,193.4252709119688,-1.999939858606356,5679.0,5679.0,0.2022354148155678,0.2022354148155678,0.177319950695545,0.177319950695545,0.8173701298701299,0.8173701298701299,0.0129506699740886,0.0129506699740886,0.2007169479989425,0.2007169479989425,0.0,0.0,0.0,True
decision_tree__unweighted__split789__model123,decision_tree,unweighted,789,123,val_class_ratio,773.6688311688312,0.0,5679.0,5679.0,0.1875314606288419,0.1875314606288419,0.177319950695545,0.177319950695545,0.8173701298701299,0.8173701298701299,0.0129506699740886,0.0129506699740886,0.1859343125505154,0.1859343125505154,0.0,0.0,0.0,True
decision_tree__unweighted__split789__model123,decision_tree,unweighted,789,123,R_x1,773.7010836478753,6.014139364405448e-05,5679.0,5679.0,0.1875312563012945,0.1875312563012945,0.177319950695545,0.177319950695545,0.8173701298701299,0.8173701298701299,0.0129506699740886,0.0129506699740886,0.1859341071296057,0.1859341071296057,0.0,0.0,0.0,True
decision_tree__unweighted__split789__model123,decision_tree,unweighted,789,123,R_x4,3094.804334591501,2.000060141393644,5679.0,5679.0,0.1838552166727262,0.1838552166727262,0.177319950695545,0.177319950695545,0.8173701298701299,0.8173701298701299,0.0129506699740886,0.0129506699740886,0.1822383969122715,0.1822383969122715,0.0,0.0,0.0,True
decision_tree__unweighted__split789__model123,decision_tree,unweighted,789,123,R_x16,12379.217338366005,4.000060141393644,5679.0,860878.0,0.1829362067655841,0.0604245792357101,0.177319950695545,0.0014252890653495,0.8173701298701299,0.9959415584415584,0.0129506699740886,0.000273554585874,0.1813144693579379,0.0580417724981332,0.012677115388214599,0.12251162752987399,0.12327269685980471,False
decision_tree__unweighted__split789__model123,decision_tree,unweighted,789,123,R_x64,49516.86935346402,6.000060141393644,5679.0,931511.0,0.1827064542887986,0.0152492797054478,0.177319950695545,0.0013225823420227,0.8173701298701299,1.0,0.0129506699740886,6.362497060763417e-06,0.1810834874693545,0.0152507713917625,0.012944307477027836,0.1674571745833508,0.16583271607759198,False
decision_tree__unweighted__split789__model456,decision_tree,unweighted,789,456,R_x0.015625,12.089079431998051,-5.999939858606356,5683.0,1054.0,0.4965871542063171,0.2850934135619904,0.1771951434101706,0.8481973434535104,0.8173701298701299,0.7256493506493507,0.0129506699740886,0.1400000005960464,0.4962394808330372,0.2836774447634143,-0.12704933062195778,0.2114937406443267,0.21256203606962293,False
decision_tree__unweighted__split789__model456,decision_tree,unweighted,789,456,R_x0.0625,48.356317727992206,-3.999939858606356,5683.0,1824.0,0.2611191911489818,0.2435666912722167,0.1771951434101706,0.5208333333333334,0.8173701298701299,0.7711038961038961,0.0129506699740886,0.0384615398943424,0.2598147403381294,0.2442213284663453,-0.025510869920253802,0.017552499876765104,0.01559341187178409,False
decision_tree__unweighted__split789__model456,decision_tree,unweighted,789,456,R_x0.25,193.4252709119688,-1.999939858606356,5683.0,5683.0,0.202252200384648,0.202252200384648,0.1771951434101706,0.1771951434101706,0.8173701298701299,0.8173701298701299,0.0129506699740886,0.0129506699740886,0.2007085552144024,0.2007085552144024,0.0,0.0,0.0,True
decision_tree__unweighted__split789__model456,decision_tree,unweighted,789,456,val_class_ratio,773.6688311688312,0.0,5683.0,5683.0,0.1875356571960499,0.1875356571960499,0.1771951434101706,0.1771951434101706,0.8173701298701299,0.8173701298701299,0.0129506699740886,0.0129506699740886,0.1859322142669114,0.1859322142669114,0.0,0.0,0.0,True
decision_tree__unweighted__split789__model456,decision_tree,unweighted,789,456,R_x1,773.7010836478753,6.014139364405448e-05,5683.0,5683.0,0.1875354526935645,0.1875354526935645,0.1771951434101706,0.1771951434101706,0.8173701298701299,0.8173701298701299,0.0129506699740886,0.0129506699740886,0.1859320089334706,0.1859320089334706,0.0,0.0,0.0,True
decision_tree__unweighted__split789__model456,decision_tree,unweighted,789,456,R_x4,3094.804334591501,2.000060141393644,5683.0,5683.0,0.1838562657707937,0.1838562657707937,0.1771951434101706,0.1771951434101706,0.8173701298701299,0.8173701298701299,0.0129506699740886,0.0129506699740886,0.1822378723632377,0.1822378723632377,0.0,0.0,0.0,True
decision_tree__unweighted__split789__model456,decision_tree,unweighted,789,456,R_x16,12379.217338366005,4.000060141393644,5683.0,860882.0,0.182936469040101,0.060424841510227,0.1771951434101706,0.0014252824428899,0.8173701298701299,0.9959415584415584,0.0129506699740886,0.000273554585874,0.1813143382206795,0.0580416413608748,0.012677115388214599,0.12251162752987399,0.12327269685980469,False
decision_tree__unweighted__split789__model456,decision_tree,unweighted,789,456,R_x64,49516.86935346402,6.000060141393644,5683.0,931515.0,0.1827065198574278,0.015249345274077,0.1771951434101706,0.0013225766627483,0.8173701298701299,1.0,0.0129506699740886,6.362497060763417e-06,0.1810834546850399,0.0152507386074479,0.012944307477027836,0.1674571745833508,0.16583271607759198,False
decision_tree__unweighted__split789__model789,decision_tree,unweighted,789,789,R_x0.015625,12.089079431998051,-5.999939858606356,5683.0,1054.0,0.4965871542063171,0.2850934135619904,0.1771951434101706,0.8481973434535104,0.8173701298701299,0.7256493506493507,0.0129506699740886,0.1400000005960464,0.4962394808330372,0.2836774447634143,-0.12704933062195778,0.2114937406443267,0.21256203606962293,False
decision_tree__unweighted__split789__model789,decision_tree,unweighted,789,789,R_x0.0625,48.356317727992206,-3.999939858606356,5683.0,1824.0,0.2611191911489818,0.2435666912722167,0.1771951434101706,0.5208333333333334,0.8173701298701299,0.7711038961038961,0.0129506699740886,0.0384615398943424,0.2598147403381294,0.2442213284663453,-0.025510869920253802,0.017552499876765104,0.01559341187178409,False
decision_tree__unweighted__split789__model789,decision_tree,unweighted,789,789,R_x0.25,193.4252709119688,-1.999939858606356,5683.0,5683.0,0.202252200384648,0.202252200384648,0.1771951434101706,0.1771951434101706,0.8173701298701299,0.8173701298701299,0.0129506699740886,0.0129506699740886,0.2007085552144024,0.2007085552144024,0.0,0.0,0.0,True
decision_tree__unweighted__split789__model789,decision_tree,unweighted,789,789,val_class_ratio,773.6688311688312,0.0,5683.0,5683.0,0.1875356571960499,0.1875356571960499,0.1771951434101706,0.1771951434101706,0.8173701298701299,0.8173701298701299,0.0129506699740886,0.0129506699740886,0.1859322142669114,0.1859322142669114,0.0,0.0,0.0,True
decision_tree__unweighted__split789__model789,decision_tree,unweighted,789,789,R_x1,773.7010836478753,6.014139364405448e-05,5683.0,5683.0,0.1875354526935645,0.1875354526935645,0.1771951434101706,0.1771951434101706,0.8173701298701299,0.8173701298701299,0.0129506699740886,0.0129506699740886,0.1859320089334706,0.1859320089334706,0.0,0.0,0.0,True
decision_tree__unweighted__split789__model789,decision_tree,unweighted,789,789,R_x4,3094.804334591501,2.000060141393644,5683.0,5683.0,0.1838562657707937,0.1838562657707937,0.1771951434101706,0.1771951434101706,0.8173701298701299,0.8173701298701299,0.0129506699740886,0.0129506699740886,0.1822378723632377,0.1822378723632377,0.0,0.0,0.0,True
decision_tree__unweighted__split789__model789,decision_tree,unweighted,789,789,R_x16,12379.217338366005,4.000060141393644,5683.0,860882.0,0.182936469040101,0.060424841510227,0.1771951434101706,0.0014252824428899,0.8173701298701299,0.9959415584415584,0.0129506699740886,0.000273554585874,0.1813143382206795,0.0580416413608748,0.012677115388214599,0.12251162752987399,0.12327269685980469,False
decision_tree__unweighted__split789__model789,decision_tree,unweighted,789,789,R_x64,49516.86935346402,6.000060141393644,5683.0,931515.0,0.1827065198574278,0.015249345274077,0.1771951434101706,0.0013225766627483,0.8173701298701299,1.0,0.0129506699740886,6.362497060763417e-06,0.1810834546850399,0.0152507386074479,0.012944307477027836,0.1674571745833508,0.16583271607759198,False
decision_tree__weighted__split42__model42,decision_tree,weighted,42,42,R_x0.015625,12.089079431998051,-5.999939858606356,30058.0,1466.0,2.054964217195012,0.3074830478781389,0.0364628385122097,0.6139154160982264,0.8896103896103896,0.7305194805194806,0.4773277640342712,0.9929994344711304,2.061539530600727,0.2643412447976921,-0.5156716704368591,1.7474811693168733,1.797198285803035,False
decision_tree__weighted__split42__model42,decision_tree,weighted,42,42,R_x0.0625,48.356317727992206,-3.999939858606356,30058.0,3719.0,0.5965332620909609,0.2513496021369474,0.0364628385122097,0.2632428072062382,0.8896103896103896,0.7946428571428571,0.4773277640342712,0.933255672454834,0.5908718956371947,0.2195594734284614,-0.4559279084205628,0.3451836599540135,0.3713124222087333,False
decision_tree__weighted__split42__model42,decision_tree,weighted,42,42,R_x0.25,193.4252709119688,-1.999939858606356,30058.0,9105.0,0.231925523314948,0.2084534076931931,0.0364628385122097,0.1116968698517298,0.8896103896103896,0.825487012987013,0.4773277640342712,0.7662674784660339,0.2232049868963116,0.1767849743605388,-0.28893971443176275,0.023472115621754913,0.0464200125357728,False
decision_tree__weighted__split42__model42,decision_tree,weighted,42,42,val_class_ratio,773.6688311688312,0.0,30058.0,30058.0,0.140774855259307,0.140774855259307,0.0364628385122097,0.0364628385122097,0.8896103896103896,0.8896103896103896,0.4773277640342712,0.4773277640342712,0.1312895369769346,0.1312895369769346,0.0,0.0,0.0,True
decision_tree__weighted__split42__model42,decision_tree,weighted,42,42,R_x1,773.7010836478753,6.014139364405448e-05,30058.0,30058.0,0.1407735886209447,0.1407735886209447,0.0364628385122097,0.0364628385122097,0.8896103896103896,0.8896103896103896,0.4773277640342712,0.4773277640342712,0.1312882597110908,0.1312882597110908,0.0,0.0,0.0,True
decision_tree__weighted__split42__model42,decision_tree,weighted,42,42,R_x4,3094.804334591501,2.000060141393644,30058.0,154208.0,0.1179856049474439,0.0758475322870257,0.0364628385122097,0.0077038804731272,0.8896103896103896,0.9642857142857144,0.4773277640342712,0.1637566238641739,0.1083090779147856,0.0742600872724615,0.3135711401700973,0.04213807266041819,0.0340489906423241,False
decision_tree__weighted__split42__model42,decision_tree,weighted,42,42,R_x16,12379.217338366005,4.000060141393644,30058.0,332487.0,0.1122886090290687,0.0306492289556353,0.0364628385122097,0.0036723240307139,0.8896103896103896,0.9910714285714286,0.4773277640342712,0.125840350985527,0.1025642824657093,0.0282108200204802,0.3514874130487442,0.08163938007343341,0.0743534624452291,False
decision_tree__weighted__split42__model42,decision_tree,weighted,42,42,R_x64,49516.86935346402,6.000060141393644,30058.0,332487.0,0.1108643600494749,0.0143587358103374,0.0364628385122097,0.0036723240307139,0.8896103896103896,0.9910714285714286,0.4773277640342712,0.125840350985527,0.1011280836034403,0.0119228348752499,0.3514874130487442,0.0965056242391375,0.08920524872819041,False
decision_tree__weighted__split42__model123,decision_tree,weighted,42,123,R_x0.015625,12.089079431998051,-5.999939858606356,30044.0,1466.0,2.05402422532652,0.3074830478781389,0.0364798295832778,0.6139154160982264,0.8896103896103896,0.7305194805194806,0.4773277640342712,0.9929994344711304,2.06268693029402,0.2643412447976921,-0.5156716704368591,1.7465411774483812,1.7983456854963278,False
decision_tree__weighted__split42__model123,decision_tree,weighted,42,123,R_x0.0625,48.356317727992206,-3.999939858606356,30044.0,3654.0,0.5962982641238378,0.2510870140275015,0.0364798295832778,0.2676518883415435,0.8896103896103896,0.7938311688311688,0.4773277640342712,0.9503350853919984,0.5917675117942841,0.2200582169234633,-0.4730073213577272,0.3452112500963363,0.37170929487082083,False
decision_tree__weighted__split42__model123,decision_tree,weighted,42,123,R_x0.25,193.4252709119688,-1.999939858606356,30044.0,9091.0,0.2318667738231672,0.2083946582014123,0.0364798295832778,0.1118688813111868,0.8896103896103896,0.825487012987013,0.4773277640342712,0.7662674784660339,0.2240376571693502,0.1776176446335774,-0.28893971443176275,0.023472115621754913,0.0464200125357728,False
decision_tree__weighted__split42__model123,decision_tree,weighted,42,123,val_class_ratio,773.6688311688312,0.0,30044.0,30044.0,0.1407601672740789,0.1407601672740789,0.0364798295832778,0.0364798295832778,0.8896103896103896,0.8896103896103896,0.4773277640342712,0.4773277640342712,0.132106470997633,0.132106470997633,0.0,0.0,0.0,True
decision_tree__weighted__split42__model123,decision_tree,weighted,42,123,R_x1,773.7010836478753,6.014139364405448e-05,30044.0,30044.0,0.1407589012479995,0.1407589012479995,0.0364798295832778,0.0364798295832778,0.8896103896103896,0.8896103896103896,0.4773277640342712,0.4773277640342712,0.1321051935131167,0.1321051935131167,0.0,0.0,0.0,True
decision_tree__weighted__split42__model123,decision_tree,weighted,42,123,R_x4,3094.804334591501,2.000060141393644,30044.0,154194.0,0.1179819331042077,0.0758438604437894,0.0364798295832778,0.0077045799447449,0.8896103896103896,0.9642857142857144,0.4773277640342712,0.1637566238641739,0.1091220775990583,0.0750730869567342,0.3135711401700973,0.0421380726604183,0.0340489906423241,False
decision_tree__weighted__split42__model123,decision_tree,weighted,42,123,R_x16,12379.217338366005,4.000060141393644,30044.0,332473.0,0.1122876910682597,0.0306483109948263,0.0364798295832778,0.0036724786674406,0.8896103896103896,0.9910714285714286,0.4773277640342712,0.125840350985527,0.1033762986205437,0.0290228361753146,0.3514874130487442,0.0816393800734334,0.07435346244522911,False
decision_tree__weighted__split42__model123,decision_tree,weighted,42,123,R_x64,49516.86935346402,6.000060141393644,30044.0,332473.0,0.1108641305592727,0.0143585063201351,0.0364798295832778,0.0036724786674406,0.8896103896103896,0.9910714285714286,0.4773277640342712,0.125840350985527,0.1019398538759151,0.0127346051477247,0.3514874130487442,0.0965056242391376,0.0892052487281904,False
decision_tree__weighted__split42__model456,decision_tree,weighted,42,456,R_x0.015625,12.089079431998051,-5.999939858606356,30048.0,1466.0,2.054292794431804,0.3074830478781389,0.0364749733759318,0.6139154160982264,0.8896103896103896,0.7305194805194806,0.4773277640342712,0.9929994344711304,2.0614052460480856,0.2643412447976921,-0.5156716704368591,1.7468097465536652,1.7970640012503936,False
decision_tree__weighted__split42__model456,decision_tree,weighted,42,456,R_x0.0625,48.356317727992206,-3.999939858606356,30048.0,3709.0,0.5963654064001587,0.2511817464461452,0.0364749733759318,0.2639525478565651,0.8896103896103896,0.7946428571428571,0.4773277640342712,0.933255672454834,0.5908383244990343,0.219525902290301,-0.4559279084205628,0.34518365995401346,0.3713124222087333,False
decision_tree__weighted__split42__model456,decision_tree,weighted,42,456,R_x0.25,193.4252709119688,-1.999939858606356,30048.0,9095.0,0.2318835593922474,0.2084114437704925,0.0364749733759318,0.1118196811434854,0.8896103896103896,0.825487012987013,0.4773277640342712,0.7662674784660339,0.2231965941117715,0.1767765815759987,-0.28893971443176275,0.023472115621754885,0.0464200125357728,False
decision_tree__weighted__split42__model456,decision_tree,weighted,42,456,val_class_ratio,773.6688311688312,0.0,30048.0,30048.0,0.1407643638412869,0.1407643638412869,0.0364749733759318,0.0364749733759318,0.8896103896103896,0.8896103896103896,0.4773277640342712,0.4773277640342712,0.1312874386933306,0.1312874386933306,0.0,0.0,0.0,True
decision_tree__weighted__split42__model456,decision_tree,weighted,42,456,R_x1,773.7010836478753,6.014139364405448e-05,30048.0,30048.0,0.1407630976402696,0.1407630976402696,0.0364749733759318,0.0364749733759318,0.8896103896103896,0.8896103896103896,0.4773277640342712,0.4773277640342712,0.1312861615149558,0.1312861615149558,0.0,0.0,0.0,True
decision_tree__weighted__split42__model456,decision_tree,weighted,42,456,R_x4,3094.804334591501,2.000060141393644,30048.0,154198.0,0.1179829822022752,0.0758449095418569,0.0364749733759318,0.0077043800827507,0.8896103896103896,0.9642857142857144,0.4773277640342712,0.1637566238641739,0.1083085533657519,0.0742595627234277,0.3135711401700973,0.0421380726604183,0.03404899064232421,False
decision_tree__weighted__split42__model456,decision_tree,weighted,42,456,R_x16,12379.217338366005,4.000060141393644,30048.0,332477.0,0.1122879533427766,0.0306485732693431,0.0364749733759318,0.0036724344841898,0.8896103896103896,0.9910714285714286,0.4773277640342712,0.125840350985527,0.1025641513284509,0.0282106888832218,0.3514874130487442,0.08163938007343349,0.0743534624452291,False
decision_tree__weighted__split42__model456,decision_tree,weighted,42,456,R_x64,49516.86935346402,6.000060141393644,30048.0,332477.0,0.1108641961279019,0.0143585718887643,0.0364749733759318,0.0036724344841898,0.8896103896103896,0.9910714285714286,0.4773277640342712,0.125840350985527,0.1011280508191257,0.0119228020909353,0.3514874130487442,0.0965056242391376,0.0892052487281904,False
decision_tree__weighted__split42__model789,decision_tree,weighted,42,789,R_x0.015625,12.089079431998051,-5.999939858606356,30044.0,1466.0,2.05402422532652,0.3074830478781389,0.0364798295832778,0.6139154160982264,0.8896103896103896,0.7305194805194806,0.4773277640342712,0.9929994344711304,2.06268693029402,0.2643412447976921,-0.5156716704368591,1.7465411774483812,1.7983456854963278,False
decision_tree__weighted__split42__model789,decision_tree,weighted,42,789,R_x0.0625,48.356317727992206,-3.999939858606356,30044.0,3654.0,0.5962982641238378,0.2510870140275015,0.0364798295832778,0.2676518883415435,0.8896103896103896,0.7938311688311688,0.4773277640342712,0.9503350853919984,0.5917675117942841,0.2200582169234633,-0.4730073213577272,0.3452112500963363,0.37170929487082083,False
decision_tree__weighted__split42__model789,decision_tree,weighted,42,789,R_x0.25,193.4252709119688,-1.999939858606356,30044.0,9091.0,0.2318667738231672,0.2083946582014123,0.0364798295832778,0.1118688813111868,0.8896103896103896,0.825487012987013,0.4773277640342712,0.7662674784660339,0.2240376571693502,0.1776176446335774,-0.28893971443176275,0.023472115621754913,0.0464200125357728,False
decision_tree__weighted__split42__model789,decision_tree,weighted,42,789,val_class_ratio,773.6688311688312,0.0,30044.0,30044.0,0.1407601672740789,0.1407601672740789,0.0364798295832778,0.0364798295832778,0.8896103896103896,0.8896103896103896,0.4773277640342712,0.4773277640342712,0.132106470997633,0.132106470997633,0.0,0.0,0.0,True
decision_tree__weighted__split42__model789,decision_tree,weighted,42,789,R_x1,773.7010836478753,6.014139364405448e-05,30044.0,30044.0,0.1407589012479995,0.1407589012479995,0.0364798295832778,0.0364798295832778,0.8896103896103896,0.8896103896103896,0.4773277640342712,0.4773277640342712,0.1321051935131167,0.1321051935131167,0.0,0.0,0.0,True
decision_tree__weighted__split42__model789,decision_tree,weighted,42,789,R_x4,3094.804334591501,2.000060141393644,30044.0,154194.0,0.1179819331042077,0.0758438604437894,0.0364798295832778,0.0077045799447449,0.8896103896103896,0.9642857142857144,0.4773277640342712,0.1637566238641739,0.1091220775990583,0.0750730869567342,0.3135711401700973,0.0421380726604183,0.0340489906423241,False
decision_tree__weighted__split42__model789,decision_tree,weighted,42,789,R_x16,12379.217338366005,4.000060141393644,30044.0,332473.0,0.1122876910682597,0.0306483109948263,0.0364798295832778,0.0036724786674406,0.8896103896103896,0.9910714285714286,0.4773277640342712,0.125840350985527,0.1033762986205437,0.0290228361753146,0.3514874130487442,0.0816393800734334,0.07435346244522911,False
decision_tree__weighted__split42__model789,decision_tree,weighted,42,789,R_x64,49516.86935346402,6.000060141393644,30044.0,332473.0,0.1108641305592727,0.0143585063201351,0.0364798295832778,0.0036724786674406,0.8896103896103896,0.9910714285714286,0.4773277640342712,0.125840350985527,0.1019398538759151,0.0127346051477247,0.3514874130487442,0.0965056242391376,0.0892052487281904,False
decision_tree__weighted__split123__model42,decision_tree,weighted,123,42,R_x0.015625,12.089079431998051,-5.999939858606356,46228.0,1550.0,3.1011074488432704,0.2735756226286794,0.0246820109024833,0.6096774193548387,0.9261363636363636,0.7670454545454546,0.4168910980224609,0.992050290107727,3.095571877205769,0.2764314842091828,-0.5751591920852661,2.827531826214591,2.8191403929965864,False
decision_tree__weighted__split123__model42,decision_tree,weighted,123,42,R_x0.0625,48.356317727992206,-3.999939858606356,46228.0,3781.0,0.8306745894835449,0.2283645648776336,0.0246820109024833,0.2665961385876752,0.9261363636363636,0.8181818181818182,0.4168910980224609,0.9500635266304016,0.8262468654053384,0.2304075807280158,-0.5331724286079407,0.6023100246059113,0.5958392846773226,False
decision_tree__weighted__split123__model42,decision_tree,weighted,123,42,R_x0.25,193.4252709119688,-1.999939858606356,46228.0,6401.0,0.2630663746436135,0.1726298218762129,0.0246820109024833,0.1635681924699265,0.9261363636363636,0.8498376623376623,0.4168910980224609,0.9019586443901062,0.2589156124552307,0.1691480706623366,-0.4850675463676453,0.09043655276740059,0.08976754179289409,False
decision_tree__weighted__split123__model42,decision_tree,weighted,123,42,val_class_ratio,773.6688311688312,0.0,46228.0,46228.0,0.121166292790679,0.121166292790679,0.0246820109024833,0.0246820109024833,0.9261363636363636,0.9261363636363636,0.4168910980224609,0.4168910980224609,0.1170847701125933,0.1170847701125933,0.0,0.0,0.0,True
decision_tree__weighted__split123__model42,decision_tree,weighted,123,42,R_x1,773.7010836478753,6.014139364405448e-05,46228.0,46228.0,0.1211643209336306,0.1211643209336306,0.0246820109024833,0.0246820109024833,0.9261363636363636,0.9261363636363636,0.4168910980224609,0.4168910980224609,0.1170827992177037,0.1170827992177037,0.0,0.0,0.0,True
decision_tree__weighted__split123__model42,decision_tree,weighted,123,42,R_x4,3094.804334591501,2.000060141393644,46228.0,120501.0,0.0856888075061349,0.0783743533534766,0.0246820109024833,0.0097426577372801,0.9261363636363636,0.952922077922078,0.4168910980224609,0.2842114865779876,0.081624595908322,0.0743038471672586,0.13267961144447327,0.007314454152658301,0.007320748741063393,False
decision_tree__weighted__split123__model42,decision_tree,weighted,123,42,R_x16,12379.217338366005,4.000060141393644,46228.0,334049.0,0.0768199291492609,0.0315634010347939,0.0246820109024833,0.0036521588150241,0.9261363636363636,0.9902597402597404,0.4168910980224609,0.1245075613260269,0.0727600450809766,0.0291543012768999,0.29238353669643397,0.045256528114467,0.043605743804076696,False
decision_tree__weighted__split123__model42,decision_tree,weighted,123,42,R_x64,49516.86935346402,6.000060141393644,46228.0,334049.0,0.0746027095600425,0.0151960450638932,0.0246820109024833,0.0036521588150241,0.9261363636363636,0.9902597402597404,0.4168910980224609,0.1245075613260269,0.0705439073741402,0.0127674714231211,0.29238353669643397,0.0594066644961493,0.0577764359510191,False
decision_tree__weighted__split123__model123,decision_tree,weighted,123,123,R_x0.015625,12.089079431998051,-5.999939858606356,46220.0,1550.0,3.1005703106327034,0.2735756226286794,0.0246862829943747,0.6096774193548387,0.9261363636363636,0.7670454545454546,0.4168910980224609,0.992050290107727,3.0956390194820904,0.2764314842091828,-0.5751591920852661,2.826994688004024,2.819207535272908,False
decision_tree__weighted__split123__model123,decision_tree,weighted,123,123,R_x0.0625,48.356317727992206,-3.999939858606356,46220.0,3781.0,0.8305403049309031,0.2283645648776336,0.0246862829943747,0.2665961385876752,0.9261363636363636,0.8181818181818182,0.4168910980224609,0.9500635266304016,0.8262636509744187,0.2304075807280158,-0.5331724286079407,0.6021757400532696,0.5958560702464029,False
decision_tree__weighted__split123__model123,decision_tree,weighted,123,123,R_x0.25,193.4252709119688,-1.999939858606356,46220.0,6393.0,0.263032803505453,0.1725962507380525,0.0246862829943747,0.1637728765837635,0.9261363636363636,0.8498376623376623,0.4168910980224609,0.9019586443901062,0.2589198088475007,0.1691522670546067,-0.4850675463676453,0.09043655276740051,0.089767541792894,False
decision_tree__weighted__split123__model123,decision_tree,weighted,123,123,val_class_ratio,773.6688311688312,0.0,46220.0,46220.0,0.121157899656263,0.121157899656263,0.0246862829943747,0.0246862829943747,0.9261363636363636,0.9261363636363636,0.4168910980224609,0.4168910980224609,0.1170858192543953,0.1170858192543953,0.0,0.0,0.0,True
decision_tree__weighted__split123__model123,decision_tree,weighted,123,123,R_x1,773.7010836478753,6.014139364405448e-05,46220.0,46220.0,0.1211559281490905,0.1211559281490905,0.0246862829943747,0.0246862829943747,0.9261363636363636,0.9261363636363636,0.4168910980224609,0.4168910980224609,0.1170838483157712,0.1170838483157712,0.0,0.0,0.0,True
decision_tree__weighted__split123__model123,decision_tree,weighted,123,123,R_x4,3094.804334591501,2.000060141393644,46220.0,120493.0,0.0856867093099998,0.0783722551573415,0.0246862829943747,0.0097433045903081,0.9261363636363636,0.952922077922078,0.4168910980224609,0.2842114865779876,0.0816248581828389,0.0743041094417755,0.13267961144447327,0.007314454152658301,0.007320748741063407,False
decision_tree__weighted__split123__model123,decision_tree,weighted,123,123,R_x16,12379.217338366005,4.000060141393644,46220.0,334041.0,0.0768194046002272,0.0315628764857602,0.0246862829943747,0.0036522462811451,0.9261363636363636,0.9902597402597404,0.4168910980224609,0.1245075613260269,0.0727601106496058,0.0291543668455292,0.29238353669643397,0.045256528114466996,0.0436057438040766,False
decision_tree__weighted__split123__model123,decision_tree,weighted,123,123,R_x64,49516.86935346402,6.000060141393644,46220.0,334041.0,0.074602578422784,0.0151959139266348,0.0246862829943747,0.0036522462811451,0.9261363636363636,0.9902597402597404,0.4168910980224609,0.1245075613260269,0.0705439237662975,0.0127674878152784,0.29238353669643397,0.0594066644961492,0.057776435951019105,False
decision_tree__weighted__split123__model456,decision_tree,weighted,123,456,R_x0.015625,12.089079431998051,-5.999939858606356,46219.0,1550.0,3.1005031683563824,0.2735756226286794,0.0246868171098466,0.6096774193548387,0.9261363636363636,0.7670454545454546,0.4168910980224609,0.992050290107727,3.095303308100486,0.2763643419328618,-0.5751591920852661,2.826927545727703,2.8189389661676243,False
decision_tree__weighted__split123__model456,decision_tree,weighted,123,456,R_x0.0625,48.356317727992206,-3.999939858606356,46219.0,3781.0,0.8305235193618229,0.2283645648776336,0.0246868171098466,0.2665961385876752,0.9261363636363636,0.8181818181818182,0.4168910980224609,0.9500635266304016,0.8261797231290176,0.2303907951589355,-0.5331724286079407,0.6021589544841893,0.5957889279700821,False
decision_tree__weighted__split123__model456,decision_tree,weighted,123,456,R_x0.25,193.4252709119688,-1.999939858606356,46219.0,6392.0,0.263028607113183,0.1725920543457824,0.0246868171098466,0.1637984981226533,0.9261363636363636,0.8498376623376623,0.4168910980224609,0.9019586443901062,0.2588988268861504,0.1691312850932564,-0.4850675463676453,0.09043655276740059,0.089767541792894,False
decision_tree__weighted__split123__model456,decision_tree,weighted,123,456,val_class_ratio,773.6688311688312,0.0,46219.0,46219.0,0.121156850514461,0.121156850514461,0.0246868171098466,0.0246868171098466,0.9261363636363636,0.9261363636363636,0.4168910980224609,0.4168910980224609,0.1170805735453853,0.1170805735453853,0.0,0.0,0.0,True
decision_tree__weighted__split123__model456,decision_tree,weighted,123,456,R_x1,773.7010836478753,6.014139364405448e-05,46219.0,46219.0,0.121154879051023,0.121154879051023,0.0246868171098466,0.0246868171098466,0.9261363636363636,0.9261363636363636,0.4168910980224609,0.4168910980224609,0.1170786028254337,0.1170786028254337,0.0,0.0,0.0,True
decision_tree__weighted__split123__model456,decision_tree,weighted,123,456,R_x4,3094.804334591501,2.000060141393644,46219.0,120492.0,0.085686447035483,0.0783719928828247,0.0246868171098466,0.0097433854529761,0.9261363636363636,0.952922077922078,0.4168910980224609,0.2842114865779876,0.0816235468102545,0.0743027980691911,0.13267961144447327,0.007314454152658301,0.007320748741063393,False
decision_tree__weighted__split123__model456,decision_tree,weighted,123,456,R_x16,12379.217338366005,4.000060141393644,46219.0,334040.0,0.076819339031598,0.0315628109171309,0.0246868171098466,0.0036522572147048,0.9261363636363636,0.9902597402597404,0.4168910980224609,0.1245075613260269,0.0727597828064597,0.0291540390023831,0.29238353669643397,0.0452565281144671,0.0436057438040766,False
decision_tree__weighted__split123__model456,decision_tree,weighted,123,456,R_x64,49516.86935346402,6.000060141393644,46219.0,334040.0,0.0746025620306267,0.0151958975344775,0.0246868171098466,0.0036522572147048,0.9261363636363636,0.9902597402597404,0.4168910980224609,0.1245075613260269,0.070543841805511,0.0127674058544918,0.29238353669643397,0.0594066644961492,0.0577764359510192,False
decision_tree__weighted__split123__model789,decision_tree,weighted,123,789,R_x0.015625,12.089079431998051,-5.999939858606356,46221.0,1550.0,3.1006374529090244,0.2735756226286794,0.0246857489020142,0.6096774193548387,0.9261363636363636,0.7670454545454546,0.4168910980224609,0.992050290107727,3.095303308100486,0.2764314842091828,-0.5751591920852661,2.827061830280345,2.8188718238913033,False
decision_tree__weighted__split123__model789,decision_tree,weighted,123,789,R_x0.0625,48.356317727992206,-3.999939858606356,46221.0,3781.0,0.8305570904999833,0.2283645648776336,0.0246857489020142,0.2665961385876752,0.9261363636363636,0.8181818181818182,0.4168910980224609,0.9500635266304016,0.8261797231290176,0.2304075807280158,-0.5331724286079407,0.6021925256223497,0.5957721424010017,False
decision_tree__weighted__split123__model789,decision_tree,weighted,123,789,R_x0.25,193.4252709119688,-1.999939858606356,46221.0,6394.0,0.2630369998977231,0.1726004471303225,0.0246857489020142,0.1637472630591179,0.9261363636363636,0.8498376623376623,0.4168910980224609,0.9019586443901062,0.2588988268861504,0.1691312850932564,-0.4850675463676453,0.09043655276740062,0.089767541792894,False
decision_tree__weighted__split123__model789,decision_tree,weighted,123,789,val_class_ratio,773.6688311688312,0.0,46221.0,46221.0,0.121158948798065,0.121158948798065,0.0246857489020142,0.0246857489020142,0.9261363636363636,0.9261363636363636,0.4168910980224609,0.4168910980224609,0.1170805735453853,0.1170805735453853,0.0,0.0,0.0,True
decision_tree__weighted__split123__model789,decision_tree,weighted,123,789,R_x1,773.7010836478753,6.014139364405448e-05,46221.0,46221.0,0.121156977247158,0.121156977247158,0.0246857489020142,0.0246857489020142,0.9261363636363636,0.9261363636363636,0.4168910980224609,0.4168910980224609,0.1170786028254337,0.1170786028254337,0.0,0.0,0.0,True
decision_tree__weighted__split123__model789,decision_tree,weighted,123,789,R_x4,3094.804334591501,2.000060141393644,46221.0,120494.0,0.0856869715845167,0.0783725174318584,0.0246857489020142,0.0097432237289823,0.9261363636363636,0.952922077922078,0.4168910980224609,0.2842114865779876,0.0816235468102545,0.0743027980691911,0.13267961144447327,0.007314454152658301,0.007320748741063393,False
decision_tree__weighted__split123__model789,decision_tree,weighted,123,789,R_x16,12379.217338366005,4.000060141393644,46221.0,334042.0,0.0768194701688564,0.0315629420543894,0.0246857489020142,0.0036522353476508,0.9261363636363636,0.9902597402597404,0.4168910980224609,0.1245075613260269,0.0727597828064597,0.0291540390023831,0.29238353669643397,0.045256528114467,0.0436057438040766,False
decision_tree__weighted__split123__model789,decision_tree,weighted,123,789,R_x64,49516.86935346402,6.000060141393644,46221.0,334042.0,0.0746025948149413,0.0151959303187921,0.0246857489020142,0.0036522353476508,0.9261363636363636,0.9902597402597404,0.4168910980224609,0.1245075613260269,0.070543841805511,0.0127674058544918,0.29238353669643397,0.0594066644961492,0.0577764359510192,False
decision_tree__weighted__split456__model42,decision_tree,weighted,456,42,R_x0.015625,12.089079431998051,-5.999939858606356,31570.0,1564.0,2.144179710760058,0.2718791227331442,0.0351599619892302,0.6061381074168798,0.900974025974026,0.7694805194805194,0.6332982182502747,0.98222678899765,2.1037820573687176,0.2923056150779937,-0.3489285707473754,1.872300588026914,1.811476442290724,False
decision_tree__weighted__split456__model42,decision_tree,weighted,456,42,R_x0.0625,48.356317727992206,-3.999939858606356,31570.0,3946.0,0.6103144082094951,0.2352765531797127,0.0351599619892302,0.254181449569184,0.900974025974026,0.8141233766233766,0.6332982182502747,0.9354525804519652,0.581952007848673,0.2279545728054376,-0.30215436220169056,0.37503785502978243,0.35399743504323533,False
decision_tree__weighted__split456__model42,decision_tree,weighted,456,42,R_x0.25,193.4252709119688,-1.999939858606356,31570.0,13456.0,0.2268480825718542,0.1851017905583264,0.0351599619892302,0.0793697978596908,0.900974025974026,0.8668831168831169,0.6332982182502747,0.765509307384491,0.2014944954686617,0.1680899071510323,-0.1322110891342163,0.04174629201352781,0.03340458831762938,False
decision_tree__weighted__split456__model42,decision_tree,weighted,456,42,val_class_ratio,773.6688311688312,0.0,31570.0,31570.0,0.1309828333150755,0.1309828333150755,0.0351599619892302,0.0351599619892302,0.900974025974026,0.900974025974026,0.6332982182502747,0.6332982182502747,0.1063814390737467,0.1063814390737467,0.0,0.0,0.0,True
decision_tree__weighted__split456__model42,decision_tree,weighted,456,42,R_x1,773.7010836478753,6.014139364405448e-05,31570.0,31570.0,0.130981501162444,0.130981501162444,0.0351599619892302,0.0351599619892302,0.900974025974026,0.900974025974026,0.6332982182502747,0.6332982182502747,0.1063801173736589,0.1063801173736589,0.0,0.0,0.0,True
decision_tree__weighted__split456__model42,decision_tree,weighted,456,42,R_x4,3094.804334591501,2.000060141393644,31570.0,119369.0,0.1070148558100915,0.0748296562555494,0.0351599619892302,0.0098685588385594,0.900974025974026,0.9561688311688312,0.6332982182502747,0.2398849129676818,0.0826015228499082,0.0647977472525208,0.3934133052825929,0.032185199554542104,0.017803775597387397,False
decision_tree__weighted__split456__model42,decision_tree,weighted,456,42,R_x16,12379.217338366005,4.000060141393644,31570.0,334999.0,0.1010231944720033,0.0283786757112824,0.0351599619892302,0.0036537422499768,0.900974025974026,0.9935064935064936,0.6332982182502747,0.1254535764455795,0.0766568742189705,0.0267422509306911,0.5078446418046951,0.0726445187607209,0.04991462328827939,False
decision_tree__weighted__split456__model42,decision_tree,weighted,456,42,R_x64,49516.86935346402,6.000060141393644,31570.0,334999.0,0.0995252791374813,0.0119647987979504,0.0351599619892302,0.0036537422499768,0.900974025974026,0.9935064935064936,0.6332982182502747,0.1254535764455795,0.0751707120612361,0.0103381601352701,0.5078446418046951,0.0875604803395309,0.064832551925966,False
decision_tree__weighted__split456__model123,decision_tree,weighted,456,123,R_x0.015625,12.089079431998051,-5.999939858606356,31570.0,1566.0,2.144179710760058,0.272013407285786,0.0351599619892302,0.6053639846743295,0.900974025974026,0.7694805194805194,0.6332982182502747,0.98222678899765,2.1037820573687176,0.2924398996306355,-0.3489285707473754,1.8721663034742722,1.8113421577380822,False
decision_tree__weighted__split456__model123,decision_tree,weighted,456,123,R_x0.0625,48.356317727992206,-3.999939858606356,31570.0,3948.0,0.6103144082094951,0.2353101243178731,0.0351599619892302,0.2540526849037487,0.900974025974026,0.8141233766233766,0.6332982182502747,0.9354525804519652,0.581952007848673,0.2279881439435981,-0.30215436220169056,0.375004283891622,0.35396386390507484,False
decision_tree__weighted__split456__model123,decision_tree,weighted,456,123,R_x0.25,193.4252709119688,-1.999939858606356,31570.0,13456.0,0.2268480825718542,0.1851017905583264,0.0351599619892302,0.0793697978596908,0.900974025974026,0.8668831168831169,0.6332982182502747,0.765509307384491,0.2014944954686617,0.1680899071510323,-0.1322110891342163,0.04174629201352781,0.03340458831762938,False
decision_tree__weighted__split456__model123,decision_tree,weighted,456,123,val_class_ratio,773.6688311688312,0.0,31570.0,31570.0,0.1309828333150755,0.1309828333150755,0.0351599619892302,0.0351599619892302,0.900974025974026,0.900974025974026,0.6332982182502747,0.6332982182502747,0.1063814390737467,0.1063814390737467,0.0,0.0,0.0,True
decision_tree__weighted__split456__model123,decision_tree,weighted,456,123,R_x1,773.7010836478753,6.014139364405448e-05,31570.0,31570.0,0.130981501162444,0.130981501162444,0.0351599619892302,0.0351599619892302,0.900974025974026,0.900974025974026,0.6332982182502747,0.6332982182502747,0.1063801173736589,0.1063801173736589,0.0,0.0,0.0,True
decision_tree__weighted__split456__model123,decision_tree,weighted,456,123,R_x4,3094.804334591501,2.000060141393644,31570.0,119369.0,0.1070148558100915,0.0748296562555494,0.0351599619892302,0.0098685588385594,0.900974025974026,0.9561688311688312,0.6332982182502747,0.2398849129676818,0.0826015228499082,0.0647977472525208,0.3934133052825929,0.032185199554542104,0.017803775597387397,False
decision_tree__weighted__split456__model123,decision_tree,weighted,456,123,R_x16,12379.217338366005,4.000060141393644,31570.0,334999.0,0.1010231944720033,0.0283786757112824,0.0351599619892302,0.0036537422499768,0.900974025974026,0.9935064935064936,0.6332982182502747,0.1254535764455795,0.0766568742189705,0.0267422509306911,0.5078446418046951,0.0726445187607209,0.04991462328827939,False
decision_tree__weighted__split456__model123,decision_tree,weighted,456,123,R_x64,49516.86935346402,6.000060141393644,31570.0,334999.0,0.0995252791374813,0.0119647987979504,0.0351599619892302,0.0036537422499768,0.900974025974026,0.9935064935064936,0.6332982182502747,0.1254535764455795,0.0751707120612361,0.0103381601352701,0.5078446418046951,0.0875604803395309,0.064832551925966,False
decision_tree__weighted__split456__model456,decision_tree,weighted,456,456,R_x0.015625,12.089079431998051,-5.999939858606356,31570.0,1564.0,2.144179710760058,0.2718791227331442,0.0351599619892302,0.6061381074168798,0.900974025974026,0.7694805194805194,0.6332982182502747,0.98222678899765,2.1037820573687176,0.2923056150779937,-0.3489285707473754,1.872300588026914,1.811476442290724,False
decision_tree__weighted__split456__model456,decision_tree,weighted,456,456,R_x0.0625,48.356317727992206,-3.999939858606356,31570.0,3946.0,0.6103144082094951,0.2352765531797127,0.0351599619892302,0.254181449569184,0.900974025974026,0.8141233766233766,0.6332982182502747,0.9354525804519652,0.581952007848673,0.2279545728054376,-0.30215436220169056,0.37503785502978243,0.35399743504323533,False
decision_tree__weighted__split456__model456,decision_tree,weighted,456,456,R_x0.25,193.4252709119688,-1.999939858606356,31570.0,13456.0,0.2268480825718542,0.1851017905583264,0.0351599619892302,0.0793697978596908,0.900974025974026,0.8668831168831169,0.6332982182502747,0.765509307384491,0.2014944954686617,0.1680899071510323,-0.1322110891342163,0.04174629201352781,0.03340458831762938,False
decision_tree__weighted__split456__model456,decision_tree,weighted,456,456,val_class_ratio,773.6688311688312,0.0,31570.0,31570.0,0.1309828333150755,0.1309828333150755,0.0351599619892302,0.0351599619892302,0.900974025974026,0.900974025974026,0.6332982182502747,0.6332982182502747,0.1063814390737467,0.1063814390737467,0.0,0.0,0.0,True
decision_tree__weighted__split456__model456,decision_tree,weighted,456,456,R_x1,773.7010836478753,6.014139364405448e-05,31570.0,31570.0,0.130981501162444,0.130981501162444,0.0351599619892302,0.0351599619892302,0.900974025974026,0.900974025974026,0.6332982182502747,0.6332982182502747,0.1063801173736589,0.1063801173736589,0.0,0.0,0.0,True
decision_tree__weighted__split456__model456,decision_tree,weighted,456,456,R_x4,3094.804334591501,2.000060141393644,31570.0,119369.0,0.1070148558100915,0.0748296562555494,0.0351599619892302,0.0098685588385594,0.900974025974026,0.9561688311688312,0.6332982182502747,0.2398849129676818,0.0826015228499082,0.0647977472525208,0.3934133052825929,0.032185199554542104,0.017803775597387397,False
decision_tree__weighted__split456__model456,decision_tree,weighted,456,456,R_x16,12379.217338366005,4.000060141393644,31570.0,334999.0,0.1010231944720033,0.0283786757112824,0.0351599619892302,0.0036537422499768,0.900974025974026,0.9935064935064936,0.6332982182502747,0.1254535764455795,0.0766568742189705,0.0267422509306911,0.5078446418046951,0.0726445187607209,0.04991462328827939,False
decision_tree__weighted__split456__model456,decision_tree,weighted,456,456,R_x64,49516.86935346402,6.000060141393644,31570.0,334999.0,0.0995252791374813,0.0119647987979504,0.0351599619892302,0.0036537422499768,0.900974025974026,0.9935064935064936,0.6332982182502747,0.1254535764455795,0.0751707120612361,0.0103381601352701,0.5078446418046951,0.0875604803395309,0.064832551925966,False
decision_tree__weighted__split456__model789,decision_tree,weighted,456,789,R_x0.015625,12.089079431998051,-5.999939858606356,31569.0,1563.0,2.144112568483737,0.2718119804568233,0.0351610757388577,0.6065259117082533,0.900974025974026,0.7694805194805194,0.6332982182502747,0.98222678899765,2.1037820573687176,0.2923056150779937,-0.3489285707473754,1.872300588026914,1.811476442290724,False
decision_tree__weighted__split456__model789,decision_tree,weighted,456,789,R_x0.0625,48.356317727992206,-3.999939858606356,31569.0,3945.0,0.6102976226404149,0.2352597676106324,0.0351610757388577,0.2542458808618504,0.900974025974026,0.8141233766233766,0.6332982182502747,0.9354525804519652,0.581952007848673,0.2279545728054376,-0.30215436220169056,0.3750378550297825,0.35399743504323533,False
decision_tree__weighted__split456__model789,decision_tree,weighted,456,789,R_x0.25,193.4252709119688,-1.999939858606356,31569.0,13455.0,0.2268438861795841,0.1850975941660564,0.0351610757388577,0.0793756967670011,0.900974025974026,0.8668831168831169,0.6332982182502747,0.765509307384491,0.2014944954686617,0.1680899071510323,-0.1322110891342163,0.0417462920135277,0.03340458831762938,False
decision_tree__weighted__split456__model789,decision_tree,weighted,456,789,val_class_ratio,773.6688311688312,0.0,31569.0,31569.0,0.1309817841732735,0.1309817841732735,0.0351610757388577,0.0351610757388577,0.900974025974026,0.900974025974026,0.6332982182502747,0.6332982182502747,0.1063814390737467,0.1063814390737467,0.0,0.0,0.0,True
decision_tree__weighted__split456__model789,decision_tree,weighted,456,789,R_x1,773.7010836478753,6.014139364405448e-05,31569.0,31569.0,0.1309804520643765,0.1309804520643765,0.0351610757388577,0.0351610757388577,0.900974025974026,0.900974025974026,0.6332982182502747,0.6332982182502747,0.1063801173736589,0.1063801173736589,0.0,0.0,0.0,True
decision_tree__weighted__split456__model789,decision_tree,weighted,456,789,R_x4,3094.804334591501,2.000060141393644,31569.0,119368.0,0.1070145935355746,0.0748293939810325,0.0351610757388577,0.009868641511963,0.900974025974026,0.9561688311688312,0.6332982182502747,0.2398849129676818,0.0826015228499082,0.0647977472525208,0.3934133052825929,0.032185199554542104,0.017803775597387397,False
decision_tree__weighted__split456__model789,decision_tree,weighted,456,789,R_x16,12379.217338366005,4.000060141393644,31569.0,334998.0,0.1010231289033741,0.0283786101426532,0.0351610757388577,0.0036537531567352,0.900974025974026,0.9935064935064936,0.6332982182502747,0.1254535764455795,0.0766568742189705,0.0267422509306911,0.5078446418046951,0.0726445187607209,0.04991462328827939,False
decision_tree__weighted__split456__model789,decision_tree,weighted,456,789,R_x64,49516.86935346402,6.000060141393644,31569.0,334998.0,0.099525262745324,0.0119647824057931,0.0351610757388577,0.0036537531567352,0.900974025974026,0.9935064935064936,0.6332982182502747,0.1254535764455795,0.0751707120612361,0.0103381601352701,0.5078446418046951,0.0875604803395309,0.064832551925966,False
decision_tree__weighted__split789__model42,decision_tree,weighted,789,42,R_x0.015625,12.089079431998051,-5.999939858606356,47805.0,1437.0,3.2008390044852377,0.2703826983444656,0.024014224453509,0.6541405706332637,0.9318181818181818,0.762987012987013,0.456003189086914,0.9952120780944824,3.2035845054964502,0.2764494271966959,-0.5392088890075684,2.9304563061407722,2.9271350782997545,False
decision_tree__weighted__split789__model42,decision_tree,weighted,789,42,R_x0.0625,48.356317727992206,-3.999939858606356,47805.0,3811.0,0.851346114757673,0.223897288665429,0.024014224453509,0.2660718971398583,0.9318181818181818,0.823051948051948,0.456003189086914,0.9527446031570436,0.8581201523481385,0.2207116966991589,-0.49674141407012956,0.627448826092244,0.6374084556489796,False
decision_tree__weighted__split789__model42,decision_tree,weighted,789,42,R_x0.25,193.4252709119688,-1.999939858606356,47805.0,6810.0,0.2639728923257819,0.171082607498832,0.024014224453509,0.1543318649045521,0.9318181818181818,0.8530844155844156,0.456003189086914,0.893326461315155,0.2717540640610605,0.1704345784856759,-0.437323272228241,0.09289028482694991,0.10131948557538462,False
decision_tree__weighted__split789__model42,decision_tree,weighted,789,42,val_class_ratio,773.6688311688312,0.0,47805.0,47805.0,0.1171316272380102,0.1171316272380102,0.024014224453509,0.024014224453509,0.9318181818181818,0.9318181818181818,0.456003189086914,0.456003189086914,0.1251645790107328,0.1251645790107328,0.0,0.0,0.0,True
decision_tree__weighted__split789__model42,decision_tree,weighted,789,42,R_x1,773.7010836478753,6.014139364405448e-05,47805.0,47805.0,0.1171295867178091,0.1171295867178091,0.024014224453509,0.024014224453509,0.9318181818181818,0.9318181818181818,0.456003189086914,0.456003189086914,0.1251625419892911,0.1251625419892911,0.0,0.0,0.0,True
decision_tree__weighted__split789__model42,decision_tree,weighted,789,42,R_x4,3094.804334591501,2.000060141393644,47805.0,151689.0,0.0804187603158159,0.0703151592617778,0.024014224453509,0.0078713683919071,0.9318181818181818,0.969155844155844,0.456003189086914,0.2642211616039276,0.0885146614713487,0.0720222014560386,0.1917820274829864,0.010103601054038097,0.0164924600153101,False
decision_tree__weighted__split789__model42,decision_tree,weighted,789,42,R_x16,12379.217338366005,4.000060141393644,47805.0,335792.0,0.0712410537153176,0.0292424255145711,0.024014224453509,0.0036421356077571,0.9318181818181818,0.9926948051948052,0.456003189086914,0.1311598271131515,0.0793526913418631,0.0284956501458102,0.3248433619737625,0.0419986282007465,0.050857041196052895,False
decision_tree__weighted__split789__model42,decision_tree,weighted,789,42,R_x64,49516.86935346402,6.000060141393644,47805.0,335792.0,0.068946627065193,0.0127895024825388,0.024014224453509,0.0036421356077571,0.9318181818181818,0.9926948051948052,0.456003189086914,0.1311598271131515,0.0770621988094917,0.0119940424065824,0.3248433619737625,0.0561571245826542,0.06506815640290929,False
decision_tree__weighted__split789__model123,decision_tree,weighted,789,123,R_x0.015625,12.089079431998051,-5.999939858606356,47804.0,1437.0,3.2007718622089167,0.2703826983444656,0.0240147268011045,0.6541405706332637,0.9318181818181818,0.762987012987013,0.456003189086914,0.9952120780944824,3.2029802250095623,0.2764494271966959,-0.5392088890075684,2.9303891638644513,2.9265307978128665,False
decision_tree__weighted__split789__model123,decision_tree,weighted,789,123,R_x0.0625,48.356317727992206,-3.999939858606356,47804.0,3811.0,0.8513293291885928,0.223897288665429,0.0240147268011045,0.2660718971398583,0.9318181818181818,0.823051948051948,0.456003189086914,0.9527446031570436,0.8579690822264165,0.2207116966991589,-0.49674141407012956,0.6274320405231638,0.6372573855272576,False
decision_tree__weighted__split789__model123,decision_tree,weighted,789,123,R_x0.25,193.4252709119688,-1.999939858606356,47804.0,6809.0,0.2639686959335118,0.171078411106562,0.0240147268011045,0.154354530768101,0.9318181818181818,0.8530844155844156,0.456003189086914,0.893326461315155,0.27171629653063,0.1703968109552454,-0.437323272228241,0.0928902848269498,0.10131948557538462,False
decision_tree__weighted__split789__model123,decision_tree,weighted,789,123,val_class_ratio,773.6688311688312,0.0,47804.0,47804.0,0.1171305780962082,0.1171305780962082,0.0240147268011045,0.0240147268011045,0.9318181818181818,0.9318181818181818,0.456003189086914,0.456003189086914,0.1251551367345148,0.1251551367345148,0.0,0.0,0.0,True
decision_tree__weighted__split789__model123,decision_tree,weighted,789,123,R_x1,773.7010836478753,6.014139364405448e-05,47804.0,47804.0,0.1171285376197415,0.1171285376197415,0.0240147268011045,0.0240147268011045,0.9318181818181818,0.9318181818181818,0.456003189086914,0.456003189086914,0.1251531001066834,0.1251531001066834,0.0,0.0,0.0,True
decision_tree__weighted__split789__model123,decision_tree,weighted,789,123,R_x4,3094.804334591501,2.000060141393644,47804.0,151688.0,0.080418498041299,0.0703148969872609,0.0240147268011045,0.0078714202837403,0.9318181818181818,0.969155844155844,0.456003189086914,0.2642211616039276,0.0885123010006968,0.0720198409853867,0.1917820274829864,0.010103601054038097,0.0164924600153101,False
decision_tree__weighted__split789__model123,decision_tree,weighted,789,123,R_x16,12379.217338366005,4.000060141393644,47804.0,335791.0,0.0712409881466883,0.0292423599459419,0.0240147268011045,0.0036421464541932,0.9318181818181818,0.9926948051948052,0.456003189086914,0.1311598271131515,0.0793521012242001,0.0284950600281472,0.3248433619737625,0.0419986282007464,0.0508570411960529,False
decision_tree__weighted__split789__model123,decision_tree,weighted,789,123,R_x64,49516.86935346402,6.000060141393644,47804.0,335791.0,0.0689466106730357,0.0127894860903815,0.0240147268011045,0.0036421464541932,0.9318181818181818,0.9926948051948052,0.456003189086914,0.1311598271131515,0.077062051280076,0.0119938948771666,0.3248433619737625,0.056157124582654205,0.0650681564029094,False
decision_tree__weighted__split789__model456,decision_tree,weighted,789,456,R_x0.015625,12.089079431998051,-5.999939858606356,47804.0,1437.0,3.2007718622089167,0.2703826983444656,0.0240147268011045,0.6541405706332637,0.9318181818181818,0.762987012987013,0.456003189086914,0.9952120780944824,3.2029802250095623,0.2764494271966959,-0.5392088890075684,2.9303891638644513,2.9265307978128665,False
decision_tree__weighted__split789__model456,decision_tree,weighted,789,456,R_x0.0625,48.356317727992206,-3.999939858606356,47804.0,3811.0,0.8513293291885928,0.223897288665429,0.0240147268011045,0.2660718971398583,0.9318181818181818,0.823051948051948,0.456003189086914,0.9527446031570436,0.8579690822264165,0.2207116966991589,-0.49674141407012956,0.6274320405231638,0.6372573855272576,False
decision_tree__weighted__split789__model456,decision_tree,weighted,789,456,R_x0.25,193.4252709119688,-1.999939858606356,47804.0,6809.0,0.2639686959335118,0.171078411106562,0.0240147268011045,0.154354530768101,0.9318181818181818,0.8530844155844156,0.456003189086914,0.893326461315155,0.27171629653063,0.1703968109552454,-0.437323272228241,0.0928902848269498,0.10131948557538462,False
decision_tree__weighted__split789__model456,decision_tree,weighted,789,456,val_class_ratio,773.6688311688312,0.0,47804.0,47804.0,0.1171305780962082,0.1171305780962082,0.0240147268011045,0.0240147268011045,0.9318181818181818,0.9318181818181818,0.456003189086914,0.456003189086914,0.1251551367345148,0.1251551367345148,0.0,0.0,0.0,True
decision_tree__weighted__split789__model456,decision_tree,weighted,789,456,R_x1,773.7010836478753,6.014139364405448e-05,47804.0,47804.0,0.1171285376197415,0.1171285376197415,0.0240147268011045,0.0240147268011045,0.9318181818181818,0.9318181818181818,0.456003189086914,0.456003189086914,0.1251531001066834,0.1251531001066834,0.0,0.0,0.0,True
decision_tree__weighted__split789__model456,decision_tree,weighted,789,456,R_x4,3094.804334591501,2.000060141393644,47804.0,151688.0,0.080418498041299,0.0703148969872609,0.0240147268011045,0.0078714202837403,0.9318181818181818,0.969155844155844,0.456003189086914,0.2642211616039276,0.0885123010006968,0.0720198409853867,0.1917820274829864,0.010103601054038097,0.0164924600153101,False
decision_tree__weighted__split789__model456,decision_tree,weighted,789,456,R_x16,12379.217338366005,4.000060141393644,47804.0,335791.0,0.0712409881466883,0.0292423599459419,0.0240147268011045,0.0036421464541932,0.9318181818181818,0.9926948051948052,0.456003189086914,0.1311598271131515,0.0793521012242001,0.0284950600281472,0.3248433619737625,0.0419986282007464,0.0508570411960529,False
decision_tree__weighted__split789__model456,decision_tree,weighted,789,456,R_x64,49516.86935346402,6.000060141393644,47804.0,335791.0,0.0689466106730357,0.0127894860903815,0.0240147268011045,0.0036421464541932,0.9318181818181818,0.9926948051948052,0.456003189086914,0.1311598271131515,0.077062051280076,0.0119938948771666,0.3248433619737625,0.056157124582654205,0.0650681564029094,False
decision_tree__weighted__split789__model789,decision_tree,weighted,789,789,R_x0.015625,12.089079431998051,-5.999939858606356,47805.0,1437.0,3.2008390044852377,0.2703826983444656,0.024014224453509,0.6541405706332637,0.9318181818181818,0.762987012987013,0.456003189086914,0.9952120780944824,3.2035845054964502,0.2764494271966959,-0.5392088890075684,2.9304563061407722,2.9271350782997545,False
decision_tree__weighted__split789__model789,decision_tree,weighted,789,789,R_x0.0625,48.356317727992206,-3.999939858606356,47805.0,3811.0,0.851346114757673,0.223897288665429,0.024014224453509,0.2660718971398583,0.9318181818181818,0.823051948051948,0.456003189086914,0.9527446031570436,0.8581201523481385,0.2207116966991589,-0.49674141407012956,0.627448826092244,0.6374084556489796,False
decision_tree__weighted__split789__model789,decision_tree,weighted,789,789,R_x0.25,193.4252709119688,-1.999939858606356,47805.0,6810.0,0.2639728923257819,0.171082607498832,0.024014224453509,0.1543318649045521,0.9318181818181818,0.8530844155844156,0.456003189086914,0.893326461315155,0.2717540640610605,0.1704345784856759,-0.437323272228241,0.09289028482694991,0.10131948557538462,False
decision_tree__weighted__split789__model789,decision_tree,weighted,789,789,val_class_ratio,773.6688311688312,0.0,47805.0,47805.0,0.1171316272380102,0.1171316272380102,0.024014224453509,0.024014224453509,0.9318181818181818,0.9318181818181818,0.456003189086914,0.456003189086914,0.1251645790107328,0.1251645790107328,0.0,0.0,0.0,True
decision_tree__weighted__split789__model789,decision_tree,weighted,789,789,R_x1,773.7010836478753,6.014139364405448e-05,47805.0,47805.0,0.1171295867178091,0.1171295867178091,0.024014224453509,0.024014224453509,0.9318181818181818,0.9318181818181818,0.456003189086914,0.456003189086914,0.1251625419892911,0.1251625419892911,0.0,0.0,0.0,True
decision_tree__weighted__split789__model789,decision_tree,weighted,789,789,R_x4,3094.804334591501,2.000060141393644,47805.0,151689.0,0.0804187603158159,0.0703151592617778,0.024014224453509,0.0078713683919071,0.9318181818181818,0.969155844155844,0.456003189086914,0.2642211616039276,0.0885146614713487,0.0720222014560386,0.1917820274829864,0.010103601054038097,0.0164924600153101,False
decision_tree__weighted__split789__model789,decision_tree,weighted,789,789,R_x16,12379.217338366005,4.000060141393644,47805.0,335792.0,0.0712410537153176,0.0292424255145711,0.024014224453509,0.0036421356077571,0.9318181818181818,0.9926948051948052,0.456003189086914,0.1311598271131515,0.0793526913418631,0.0284956501458102,0.3248433619737625,0.0419986282007465,0.050857041196052895,False
decision_tree__weighted__split789__model789,decision_tree,weighted,789,789,R_x64,49516.86935346402,6.000060141393644,47805.0,335792.0,0.068946627065193,0.0127895024825388,0.024014224453509,0.0036421356077571,0.9318181818181818,0.9926948051948052,0.456003189086914,0.1311598271131515,0.0770621988094917,0.0119940424065824,0.3248433619737625,0.0561571245826542,0.06506815640290929,False
logistic_regression__unweighted__split42__model42,logistic_regression,unweighted,42,42,R_x0.015625,12.089079431998051,-5.999939858606356,58144.0,1332.0,4.026847587568223,0.53928556396566,0.017164281783159,0.46996996996997,0.810064935064935,0.5081168831168831,0.002015677280724,0.1125920638442039,4.007844396339892,0.5028938744923277,-0.1105763865634799,3.4875620236025626,3.5049505218475643,False
logistic_regression__unweighted__split42__model42,logistic_regression,unweighted,42,42,R_x0.0625,48.356317727992206,-3.999939858606356,58144.0,5387.0,1.1491631955933543,0.4409003381126192,0.017164281783159,0.1455355485427882,0.810064935064935,0.6363636363636364,0.002015677280724,0.0212046448141336,1.12371434583822,0.4026286649023022,-0.0191889675334096,0.7082628574807351,0.7210856809359177,False
logistic_regression__unweighted__split42__model42,logistic_regression,unweighted,42,42,R_x0.25,193.4252709119688,-1.999939858606356,58144.0,12143.0,0.4297420975996372,0.3452165224112924,0.017164281783159,0.0712344560652227,0.810064935064935,0.7021103896103896,0.002015677280724,0.0094500230625271,0.4026818332128016,0.3113899860333969,-0.0074343457818031,0.0845255751883448,0.0912918471794047,False
logistic_regression__unweighted__split42__model42,logistic_regression,unweighted,42,42,val_class_ratio,773.6688311688312,0.0,58144.0,58144.0,0.2498893223524974,0.2498893223524974,0.017164281783159,0.017164281783159,0.810064935064935,0.810064935064935,0.002015677280724,0.002015677280724,0.2224262099057516,0.2224262099057516,0.0,0.0,0.0,True
logistic_regression__unweighted__split42__model42,logistic_regression,unweighted,42,42,R_x1,773.7010836478753,6.014139364405448e-05,58144.0,58144.0,0.2498868231012079,0.2498868231012079,0.017164281783159,0.017164281783159,0.810064935064935,0.810064935064935,0.002015677280724,0.002015677280724,0.2224237050564471,0.2224237050564471,0.0,0.0,0.0,True
logistic_regression__unweighted__split42__model42,logistic_regression,unweighted,42,42,R_x4,3094.804334591501,2.000060141393644,58144.0,338949.0,0.2049230044766006,0.1210525864648463,0.017164281783159,0.0035167532578647,0.810064935064935,0.9675324675324676,0.002015677280724,0.0001511915033916,0.1773591730173585,0.1195941805125862,0.0018644857773324,0.08387041801175431,0.05776499250477231,False
logistic_regression__unweighted__split42__model42,logistic_regression,unweighted,42,42,R_x16,12379.217338366005,4.000060141393644,58144.0,486277.0,0.1936820498204488,0.0407330284433195,0.017164281783159,0.0025109145610423,0.810064935064935,0.9910714285714286,0.002015677280724,3.1794028473086655e-05,0.1660930400075863,0.0359182384962509,0.0019838832522509134,0.1529490213771293,0.1301748015113354,False
logistic_regression__unweighted__split42__model42,logistic_regression,unweighted,42,42,R_x64,49516.86935346402,6.000060141393644,58144.0,543350.0,0.1908718111564108,0.0113215976453562,0.017164281783159,0.0022618938069384,0.810064935064935,0.997564935064935,0.002015677280724,1.7119282347266562e-05,0.1632765067551433,0.0105207117653318,0.0019985579983767335,0.1795502135110546,0.1527557949898115,False
logistic_regression__unweighted__split123__model42,logistic_regression,unweighted,123,42,R_x0.015625,12.089079431998051,-5.999939858606356,94277.0,1617.0,6.375562366125865,0.5144795833166519,0.0115192464758106,0.4180581323438466,0.8814935064935064,0.5487012987012987,0.0011921977857127,0.0972658321261406,6.368473838492934,0.5090723152359549,-0.0960736343404279,5.861082782809214,5.859401523256979,False
logistic_regression__unweighted__split123__model42,logistic_regression,unweighted,123,42,R_x0.0625,48.356317727992206,-3.999939858606356,94277.0,5970.0,1.682770461661336,0.3984924703979703,0.0115192464758106,0.1418760469011725,0.8814935064935064,0.6875,0.0011921977857127,0.0189998745918273,1.690738589493363,0.4113619844014217,-0.0178076768061146,1.2842779912633655,1.2793766050919415,False
logistic_regression__unweighted__split123__model42,logistic_regression,unweighted,123,42,R_x0.25,193.4252709119688,-1.999939858606356,94277.0,18861.0,0.5095724855452042,0.3162959564044374,0.0115192464758106,0.0495731933619638,0.8814935064935064,0.7589285714285714,0.0011921977857127,0.006490250583738,0.5213047772434707,0.3270930798116163,-0.0052980527980253,0.19327652914076676,0.1942116974318544,False
logistic_regression__unweighted__split123__model42,logistic_regression,unweighted,123,42,val_class_ratio,773.6688311688312,0.0,94277.0,94277.0,0.2162770671772308,0.2162770671772308,0.0115192464758106,0.0115192464758106,0.8814935064935064,0.8814935064935064,0.0011921977857127,0.0011921977857127,0.228950386765444,0.228950386765444,0.0,0.0,0.0,True
logistic_regression__unweighted__split123__model42,logistic_regression,unweighted,123,42,R_x1,773.7010836478753,6.014139364405448e-05,94277.0,94277.0,0.2162729915161711,0.2162729915161711,0.0115192464758106,0.0115192464758106,0.8814935064935064,0.8814935064935064,0.0011921977857127,0.0011921977857127,0.2289463241809975,0.2289463241809975,0.0,0.0,0.0,True
logistic_regression__unweighted__split123__model42,logistic_regression,unweighted,123,42,R_x4,3094.804334591501,2.000060141393644,94277.0,228961.0,0.1429481180089129,0.1165640544885753,0.0115192464758106,0.0050751001262223,0.8814935064935064,0.9431818181818182,0.0011921977857127,0.0003574558068066,0.1558567109153792,0.1124185377905301,0.0008347419789061,0.026384063520337606,0.0434381731248491,False
logistic_regression__unweighted__split123__model42,logistic_regression,unweighted,123,42,R_x16,12379.217338366005,4.000060141393644,94277.0,520400.0,0.1246168996320983,0.0356646418553225,0.0115192464758106,0.0023635664873174,0.8814935064935064,0.9983766233766234,0.0011921977857127,2.3561173293273896e-05,0.1375843075989746,0.0356717232672782,0.0011686366124194262,0.08895225777677579,0.10191258433169641,False
logistic_regression__unweighted__split123__model42,logistic_regression,unweighted,123,42,R_x64,49516.86935346402,6.000060141393644,94277.0,520400.0,0.1200340950378947,0.0101336929313631,0.0115192464758106,0.0023635664873174,0.8814935064935064,0.9983766233766234,0.0011921977857127,2.3561173293273896e-05,0.1330162067698735,0.010135463284352,0.0011686366124194262,0.1099004021065316,0.1228807434855215,False
logistic_regression__unweighted__split456__model42,logistic_regression,unweighted,456,42,R_x0.015625,12.089079431998051,-5.999939858606356,74187.0,1053.0,5.060069597183682,0.5434024641603727,0.0141264642053189,0.5698005698005698,0.8506493506493507,0.487012987012987,0.0015174308791756,0.1555825024843216,5.066418208454977,0.5380623383559967,-0.154065071605146,4.51666713302331,4.528355870098981,False
logistic_regression__unweighted__split456__model42,logistic_regression,unweighted,456,42,R_x0.0625,48.356317727992206,-3.999939858606356,74187.0,6230.0,1.3770303863089075,0.4268824609011151,0.0141264642053189,0.1313001605136436,0.8506493506493507,0.663961038961039,0.0015174308791756,0.0172542333602905,1.3755737079579002,0.4325307079447728,-0.0157368024811149,0.9501479254077925,0.9430430000131275,False
logistic_regression__unweighted__split456__model42,logistic_regression,unweighted,456,42,R_x0.25,193.4252709119688,-1.999939858606356,74187.0,24195.0,0.4562705835902139,0.3329683198452031,0.0141264642053189,0.0389336639801611,0.8506493506493507,0.7646103896103896,0.0015174308791756,0.0048390123993158,0.4528625828336308,0.3389001369596569,-0.0033215815201402005,0.1233022637450108,0.11396244587397392,False
logistic_regression__unweighted__split456__model42,logistic_regression,unweighted,456,42,val_class_ratio,773.6688311688312,0.0,74187.0,74187.0,0.2260838316075631,0.2260838316075631,0.0141264642053189,0.0141264642053189,0.8506493506493507,0.8506493506493507,0.0015174308791756,0.0015174308791756,0.2221880070284325,0.2221880070284325,0.0,0.0,0.0,True
logistic_regression__unweighted__split456__model42,logistic_regression,unweighted,456,42,R_x1,773.7010836478753,6.014139364405448e-05,74187.0,74187.0,0.2260806329105404,0.2260806329105404,0.0141264642053189,0.0141264642053189,0.8506493506493507,0.8506493506493507,0.0015174308791756,0.0015174308791756,0.2221848015525635,0.2221848015525635,0.0,0.0,0.0,True
logistic_regression__unweighted__split456__model42,logistic_regression,unweighted,456,42,R_x4,3094.804334591501,2.000060141393644,74187.0,339029.0,0.1685331452406221,0.1202616178399914,0.0141264642053189,0.0035188730167625,0.8506493506493507,0.968344155844156,0.0015174308791756,0.0001524896651972,0.1645153562322967,0.110268000916427,0.0013649412139783998,0.048271527400630704,0.054247355315869716,False
logistic_regression__unweighted__split456__model42,logistic_regression,unweighted,456,42,R_x16,12379.217338366005,4.000060141393644,74187.0,437577.0,0.1541462733231425,0.041598605601912,0.0141264642053189,0.0027789394780804,0.8506493506493507,0.987012987012987,0.0015174308791756,5.63492976652924e-05,0.15009799490223,0.0318144148800751,0.0014610815815103075,0.11254766772123051,0.11828358002215489,False
logistic_regression__unweighted__split456__model42,logistic_regression,unweighted,456,42,R_x64,49516.86935346402,6.000060141393644,74187.0,518178.0,0.1505495553437726,0.0109089742616772,0.0141264642053189,0.0023717718621786,0.8506493506493507,0.997564935064935,0.0015174308791756,2.3146805688156743e-05,0.1464936545697133,0.0084729585814886,0.0014942840734874431,0.1396405810820954,0.1380206959882247,False
logistic_regression__unweighted__split789__model42,logistic_regression,unweighted,789,42,R_x0.015625,12.089079431998051,-5.999939858606356,76843.0,1382.0,5.231368838387873,0.5145200989654098,0.0137423057402756,0.4761215629522431,0.8571428571428571,0.5340909090909091,0.0014876696513965,0.1115956827998161,5.265862025429293,0.5218133317789293,-0.1101080131484196,4.7168487394224625,4.744048693650363,False
logistic_regression__unweighted__split789__model42,logistic_regression,unweighted,789,42,R_x0.0625,48.356317727992206,-3.999939858606356,76843.0,4836.0,1.4149850667398254,0.4109396425302043,0.0137423057402756,0.1672870140612076,0.8571428571428571,0.6566558441558441,0.0014876696513965,0.024013876914978,1.421782064798882,0.4187316188387255,-0.0225262072635815,1.004045424209621,1.0030504459601564,False
logistic_regression__unweighted__split789__model42,logistic_regression,unweighted,789,42,R_x0.25,193.4252709119688,-1.999939858606356,76843.0,18385.0,0.4608891238278134,0.3257208595393082,0.0137423057402756,0.0500951862931737,0.8571428571428571,0.747564935064935,0.0014876696513965,0.0065084542147815,0.4607620746412789,0.3255344336758581,-0.0050207845633850005,0.1351682642885052,0.13522764096542078,False
logistic_regression__unweighted__split789__model42,logistic_regression,unweighted,789,42,val_class_ratio,773.6688311688312,0.0,76843.0,76843.0,0.2223684526057684,0.2223684526057684,0.0137423057402756,0.0137423057402756,0.8571428571428571,0.8571428571428571,0.0014876696513965,0.0014876696513965,0.2205104156618068,0.2205104156618068,0.0,0.0,0.0,True
logistic_regression__unweighted__split789__model42,logistic_regression,unweighted,789,42,R_x1,773.7010836478753,6.014139364405448e-05,76843.0,76843.0,0.2223651380998104,0.2223651380998104,0.0137423057402756,0.0137423057402756,0.8571428571428571,0.8571428571428571,0.0014876696513965,0.0014876696513965,0.2205070771018781,0.2205070771018781,0.0,0.0,0.0,True
logistic_regression__unweighted__split789__model42,logistic_regression,unweighted,789,42,R_x4,3094.804334591501,2.000060141393644,76843.0,318210.0,0.1627341416678097,0.1172371764317145,0.0137423057402756,0.0037396687721944,0.8571428571428571,0.9659090909090908,0.0014876696513965,0.0001784064952516,0.1604433277170279,0.1124284187985342,0.0013092631561449,0.0454969652360952,0.04801490891849371,False
logistic_regression__unweighted__split789__model42,logistic_regression,unweighted,789,42,R_x16,12379.217338366005,4.000060141393644,76843.0,467655.0,0.1478263925598095,0.0378885016693568,0.0137423057402756,0.0026151757171419,0.8571428571428571,0.9926948051948052,0.0014876696513965,3.852538429782726e-05,0.1454273903708154,0.0330369932899253,0.0014491442670986727,0.10993789089045271,0.1123903970808901,False
logistic_regression__unweighted__split789__model42,logistic_regression,unweighted,789,42,R_x64,49516.86935346402,6.000060141393644,76843.0,549736.0,0.1440994552828095,0.0098028685542141,0.0137423057402756,0.0022392566613792,0.8571428571428571,0.9991883116883116,0.0014876696513965,1.595009962329641e-05,0.1416734060342623,0.0098030160836298,0.0014717195517732035,0.1342965867285954,0.1318703899506325,False
logistic_regression__weighted__split42__model42,logistic_regression,weighted,42,42,R_x0.015625,12.089079431998051,-5.999939858606356,55527.0,3839.0,3.814225365740086,0.574029001324715,0.0187296270282925,0.2026569419119562,0.8441558441558441,0.6314935064935064,0.5718259811401367,0.9404294490814208,3.769761938472361,0.5429641243419775,-0.36860346794128407,3.2401963644153713,3.2267978141303835,False
logistic_regression__weighted__split42__model42,logistic_regression,weighted,42,42,R_x0.0625,48.356317727992206,-3.999939858606356,55527.0,6023.0,1.0704394583181385,0.3927543145130738,0.0187296270282925,0.1419558359621451,0.8441558441558441,0.6939935064935064,0.5718259811401367,0.8567006587982178,1.0441044456570512,0.3567162794088591,-0.28487467765808105,0.6776851438050646,0.6873881662481921,False
logistic_regression__weighted__split42__model42,logistic_regression,weighted,42,42,R_x0.25,193.4252709119688,-1.999939858606356,55527.0,11742.0,0.3844929814626515,0.3011077645051653,0.0187296270282925,0.0780957247487651,0.8441558441558441,0.7443181818181818,0.5718259811401367,0.7832919955253601,0.3626900724532237,0.2740786594677878,-0.2114660143852234,0.08338521695748619,0.0886114129854359,False
logistic_regression__weighted__split42__model42,logistic_regression,weighted,42,42,val_class_ratio,773.6688311688312,0.0,55527.0,55527.0,0.2130087452100545,0.2130087452100545,0.0187296270282925,0.0187296270282925,0.8441558441558441,0.8441558441558441,0.5718259811401367,0.5718259811401367,0.1923388463691246,0.1923388463691246,0.0,0.0,0.0,True
logistic_regression__weighted__split42__model42,logistic_regression,weighted,42,42,R_x1,773.7010836478753,6.014139364405448e-05,55527.0,55527.0,0.2130063622487797,0.2130063622487797,0.0187296270282925,0.0187296270282925,0.8441558441558441,0.8441558441558441,0.5718259811401367,0.5718259811401367,0.1923364791522669,0.1923364791522669,0.0,0.0,0.0,True
logistic_regression__weighted__split42__model42,logistic_regression,weighted,42,42,R_x4,3094.804334591501,2.000060141393644,55527.0,347626.0,0.1701347074453117,0.0949100719306189,0.0187296270282925,0.0035296554342885,0.8441558441558441,0.9959415584415584,0.5718259811401367,0.0456671826541423,0.1497480808270277,0.0940863189911542,0.5261587984859945,0.0752246355146928,0.0556617618358735,False
logistic_regression__weighted__split42__model42,logistic_regression,weighted,42,42,R_x16,12379.217338366005,4.000060141393644,55527.0,347626.0,0.1594167937444448,0.0267713491514859,0.0187296270282925,0.0035296554342885,0.8441558441558441,0.9959415584415584,0.5718259811401367,0.0456671826541423,0.1391009812457179,0.0259566446828534,0.5261587984859945,0.1326454445929589,0.1131443365628645,False
logistic_regression__weighted__split42__model42,logistic_regression,weighted,42,42,R_x64,49516.86935346402,6.000060141393644,55527.0,406168.0,0.156737315319228,0.0066377746104181,0.0187296270282925,0.0030332276299462,0.8441558441558441,1.0,0.5718259811401367,0.0026391397695988,0.1364392063503905,0.0066524783755206,0.5691868413705379,0.1500995407088099,0.1297867279748699,False
logistic_regression__weighted__split123__model42,logistic_regression,weighted,123,42,R_x0.015625,12.089079431998051,-5.999939858606356,68644.0,4294.0,4.661535041896753,0.5527277323581743,0.015704213041198,0.1949231485794131,0.875,0.6793831168831169,0.5396656394004822,0.9172300696372986,4.650744429718712,0.5703774673905168,-0.3775644302368164,4.108807309538579,4.080366962328195,False
logistic_regression__weighted__split123__model42,logistic_regression,weighted,123,42,R_x0.0625,48.356317727992206,-3.999939858606356,68644.0,5889.0,1.2591337604741883,0.360679988548657,0.015704213041198,0.151299032093734,0.875,0.7232142857142857,0.5396656394004822,0.8596556186676025,1.2515659775595478,0.3778932987849138,-0.31998997926712036,0.8984537719255313,0.8736726787746341,False
logistic_regression__weighted__split123__model42,logistic_regression,weighted,123,42,R_x0.25,193.4252709119688,-1.999939858606356,68644.0,17444.0,0.4085334401185471,0.2768983956954761,0.015704213041198,0.0559504700756707,0.875,0.7922077922077922,0.5396656394004822,0.7381071448326111,0.401771364519757,0.2853635793707739,-0.1984415054321289,0.131635044423071,0.11640778514898309,False
logistic_regression__weighted__split123__model42,logistic_regression,weighted,123,42,val_class_ratio,773.6688311688312,0.0,68644.0,68644.0,0.1958863149943346,0.1958863149943346,0.015704213041198,0.015704213041198,0.875,0.875,0.5396656394004822,0.5396656394004822,0.1893256634254997,0.1893256634254997,0.0,0.0,0.0,True
logistic_regression__weighted__split123__model42,logistic_regression,weighted,123,42,R_x1,773.7010836478753,6.014139364405448e-05,68644.0,68644.0,0.1958833600296367,0.1958833600296367,0.015704213041198,0.015704213041198,0.875,0.875,0.5396656394004822,0.5396656394004822,0.1893227112598094,0.1893227112598094,0.0,0.0,0.0,True
logistic_regression__weighted__split123__model42,logistic_regression,weighted,123,42,R_x4,3094.804334591501,2.000060141393644,68644.0,342982.0,0.1427208400074092,0.0928801184880302,0.015704213041198,0.0035803628178738,0.875,0.9967532467532468,0.5396656394004822,0.0906381011009216,0.1362105479448224,0.0937484580953643,0.44902753829956055,0.049840721519379,0.042462089849458096,False
logistic_regression__weighted__split123__model42,logistic_regression,weighted,123,42,R_x16,12379.217338366005,4.000060141393644,68644.0,377820.0,0.1294302100018522,0.0263158667011902,0.015704213041198,0.0032555185008734,0.875,0.9983766233766234,0.5396656394004822,0.0124467303976416,0.1229325071160757,0.0255096861543564,0.5272189090028406,0.103114343300662,0.09742282096171931,False
logistic_regression__weighted__split123__model42,logistic_regression,weighted,123,42,R_x64,49516.86935346402,6.000060141393644,68644.0,405828.0,0.126107552500463,0.0074439059807801,0.015704213041198,0.0030333047497954,0.875,0.9991883116883116,0.5396656394004822,0.0043611321598291,0.119612996908889,0.0066294146101926,0.535304507240653,0.11866364651968289,0.1129835822986964,False
logistic_regression__weighted__split456__model42,logistic_regression,weighted,456,42,R_x0.015625,12.089079431998051,-5.999939858606356,70041.0,4013.0,4.745665665448926,0.5725292985844107,0.0155480361502548,0.1976077747321206,0.8839285714285714,0.6436688311688312,0.5317200422286987,0.9220370650291444,4.7516965083261296,0.5891360134969136,-0.39031702280044567,4.173136366864515,4.162560494829216,False
logistic_regression__weighted__split456__model42,logistic_regression,weighted,456,42,R_x0.0625,48.356317727992206,-3.999939858606356,70041.0,6122.0,1.273469987790803,0.3836459254020247,0.0155480361502548,0.1417837308069258,0.8839285714285714,0.7045454545454546,0.5317200422286987,0.8405961990356445,1.2737601660425717,0.3906873746793407,-0.3088761568069458,0.8898240623887782,0.883072791363231,False
logistic_regression__weighted__split456__model42,logistic_regression,weighted,456,42,R_x0.25,193.4252709119688,-1.999939858606356,70041.0,20713.0,0.4054210683762722,0.2832734396906611,0.0155480361502548,0.0475546758074639,0.8839285714285714,0.799512987012987,0.5317200422286987,0.7072210907936096,0.4042760804716818,0.2798696353263482,-0.1755010485649109,0.12214762868561108,0.12440644514533361,False
logistic_regression__weighted__split456__model42,logistic_regression,weighted,456,42,val_class_ratio,773.6688311688312,0.0,70041.0,70041.0,0.1884118541033435,0.1884118541033435,0.0155480361502548,0.0155480361502548,0.8839285714285714,0.8839285714285714,0.5317200422286987,0.5317200422286987,0.1869080796453955,0.1869080796453955,0.0,0.0,0.0,True
logistic_regression__weighted__split456__model42,logistic_regression,weighted,456,42,R_x1,773.7010836478753,6.014139364405448e-05,70041.0,70041.0,0.1884088385226394,0.1884088385226394,0.0155480361502548,0.0155480361502548,0.8839285714285714,0.8839285714285714,0.5317200422286987,0.5317200422286987,0.1869050590789594,0.1869050590789594,0.0,0.0,0.0,True
logistic_regression__weighted__split456__model42,logistic_regression,weighted,456,42,R_x4,3094.804334591501,2.000060141393644,70041.0,308397.0,0.1341557810592313,0.1024842178045085,0.0155480361502548,0.0039073013031903,0.8839285714285714,0.9780844155844156,0.5317200422286987,0.184331938624382,0.1325623037307788,0.091047406850663,0.3473881036043167,0.031671563254722784,0.041514896880115795,False
logistic_regression__weighted__split456__model42,logistic_regression,weighted,456,42,R_x16,12379.217338366005,4.000060141393644,70041.0,362394.0,0.1205925166933792,0.026116158907166,0.0155480361502548,0.0033913365011562,0.8839285714285714,0.997564935064935,0.5317200422286987,0.021922642365098,0.1189766148937336,0.0236692260502123,0.5097973998636007,0.0944763577862132,0.0953073888435213,False
logistic_regression__weighted__split456__model42,logistic_regression,weighted,456,42,R_x64,49516.86935346402,6.000060141393644,70041.0,362394.0,0.1172017006019162,0.0083553384280902,0.0155480361502548,0.0033913365011562,0.8839285714285714,0.997564935064935,0.5317200422286987,0.021922642365098,0.1155801926844723,0.005917306512553,0.5097973998636007,0.108846362173826,0.1096628861719193,False
logistic_regression__weighted__split789__model42,logistic_regression,weighted,789,42,R_x0.015625,12.089079431998051,-5.999939858606356,72632.0,4087.0,4.9134794892802685,0.5731036740921102,0.0150897675955501,0.1952532419867873,0.8896103896103896,0.6477272727272727,0.5317416191101074,0.9303145408630372,4.948405434958803,0.5570580213735251,-0.3985729217529298,4.340375815188159,4.391347413585279,False
logistic_regression__weighted__split789__model42,logistic_regression,weighted,789,42,R_x0.0625,48.356317727992206,-3.999939858606356,72632.0,5691.0,1.3111620801122748,0.3697835540823013,0.0150897675955501,0.1539272535582498,0.8896103896103896,0.711038961038961,0.5317416191101074,0.8628243803977966,1.321111098999441,0.3685809741043631,-0.3310827612876892,0.9413785260299734,0.9525301248950779,False
logistic_regression__weighted__split789__model42,logistic_regression,weighted,789,42,R_x0.25,193.4252709119688,-1.999939858606356,72632.0,12433.0,0.4105827278202765,0.2795309304450224,0.0150897675955501,0.0761682618836966,0.8896103896103896,0.7686688311688312,0.5317416191101074,0.7778311967849731,0.4142875150096005,0.2788679004663537,-0.24608957767486572,0.13105179737525408,0.1354196145432468,False
logistic_regression__weighted__split789__model42,logistic_regression,weighted,789,42,val_class_ratio,773.6688311688312,0.0,72632.0,72632.0,0.1854410183379087,0.1854410183379087,0.0150897675955501,0.0150897675955501,0.8896103896103896,0.8896103896103896,0.5317416191101074,0.5317416191101074,0.1875847692950802,0.1875847692950802,0.0,0.0,0.0,True
logistic_regression__weighted__split789__model42,logistic_regression,weighted,789,42,R_x1,773.7010836478753,6.014139364405448e-05,72632.0,72632.0,0.1854378897472769,0.1854378897472769,0.0150897675955501,0.0150897675955501,0.8896103896103896,0.8896103896103896,0.5317416191101074,0.5317416191101074,0.1875816190121403,0.1875816190121403,0.0,0.0,0.0,True
logistic_regression__weighted__split789__model42,logistic_regression,weighted,789,42,R_x4,3094.804334591501,2.000060141393644,72632.0,341476.0,0.129151680229027,0.0981687871690476,0.0150897675955501,0.0035756539258981,0.8896103896103896,0.9910714285714286,0.5317416191101074,0.1014971137046814,0.1309051450127753,0.0918984762894047,0.430244505405426,0.030982893059979408,0.03900666872337061,False
logistic_regression__weighted__split789__model42,logistic_regression,weighted,789,42,R_x16,12379.217338366005,4.000060141393644,72632.0,356471.0,0.1150801278494645,0.0257277959162983,0.0150897675955501,0.0034476857865015,0.8896103896103896,0.997564935064935,0.5317416191101074,0.0310179367661476,0.116736026512934,0.0241553661178253,0.5007236823439598,0.0893523319331662,0.09258066039510869,False
logistic_regression__weighted__split789__model42,logistic_regression,weighted,789,42,R_x64,49516.86935346402,6.000060141393644,72632.0,356471.0,0.1115622397545739,0.0082582476803732,0.0150897675955501,0.0034476857865015,0.8896103896103896,0.997564935064935,0.5317416191101074,0.0310179367661476,0.1131937468879737,0.0066476077632225,0.5007236823439598,0.1033039920742007,0.10654613912475121,False
random_forest__unweighted__split42__model42,random_forest,unweighted,42,42,R_x0.015625,12.089079431998051,-5.999939858606356,22033.0,1407.0,1.5161474497199294,0.2543071406466921,0.0497435664684791,0.6794598436389481,0.8896103896103896,0.775974025974026,0.0025640910025686,0.0698376893997192,1.5048762309380708,0.2271617909960224,-0.0672735983971506,1.2618403090732373,1.2777144399420484,False
random_forest__unweighted__split42__model42,random_forest,unweighted,42,42,R_x0.0625,48.356317727992206,-3.999939858606356,22033.0,2555.0,0.4618290702221901,0.2069569833045145,0.0497435664684791,0.3949119373776908,0.8896103896103896,0.8189935064935064,0.0025640910025686,0.025100503116846,0.4462271746176345,0.1859538006150998,-0.022536412114277402,0.2548720869176756,0.2602733740025347,False
random_forest__unweighted__split42__model42,random_forest,unweighted,42,42,R_x0.25,193.4252709119688,-1.999939858606356,22033.0,5884.0,0.1982494753477553,0.1778032494082197,0.0497435664684791,0.1764106050305914,0.8896103896103896,0.8425324675324676,0.0025640910025686,0.0082513252273201,0.1815649105375255,0.1562695366892103,-0.005687234224751501,0.0204462259395356,0.025295373848315206,False
random_forest__unweighted__split42__model42,random_forest,unweighted,42,42,val_class_ratio,773.6688311688312,0.0,22033.0,22033.0,0.1323554922982091,0.1323554922982091,0.0497435664684791,0.0497435664684791,0.8896103896103896,0.8896103896103896,0.0025640910025686,0.0025640910025686,0.1154002639477271,0.1154002639477271,0.0,0.0,0.0,True
random_forest__unweighted__split42__model42,random_forest,unweighted,42,42,R_x1,773.7010836478753,6.014139364405448e-05,22033.0,22033.0,0.1323545766291466,0.1323545766291466,0.0497435664684791,0.0497435664684791,0.8896103896103896,0.8896103896103896,0.0025640910025686,0.0025640910025686,0.1153993445174982,0.1153993445174982,0.0,0.0,0.0,True
random_forest__unweighted__split42__model42,random_forest,unweighted,42,42,R_x4,3094.804334591501,2.000060141393644,22033.0,148380.0,0.1158808519494944,0.069447292885427,0.0497435664684791,0.0080469065911847,0.8896103896103896,0.969155844155844,0.0025640910025686,0.0003339081886224,0.0988579530124914,0.0671499220717233,0.0022301828139462,0.0464335590640674,0.0317080309407681,False
random_forest__unweighted__split42__model42,random_forest,unweighted,42,42,R_x16,12379.217338366005,4.000060141393644,22033.0,350797.0,0.1117624207795814,0.0229204978731536,0.0497435664684791,0.0035120026682098,0.8896103896103896,1.0,0.0025640910025686,0.0001250909263035,0.0947226051362397,0.0245522017124411,0.0024390000762651,0.0888419229064278,0.0701704034237986,False
random_forest__unweighted__split42__model42,random_forest,unweighted,42,42,R_x64,49516.86935346402,6.000060141393644,22033.0,390761.0,0.1107328129871031,0.0063852206428215,0.0497435664684791,0.0031528223133833,0.8896103896103896,1.0,0.0025640910025686,1.4135002857074142e-05,0.0936887681671767,0.0063964492705754,0.002549955999711526,0.10434759234428159,0.0872923188966013,False
random_forest__unweighted__split42__model123,random_forest,unweighted,42,123,R_x0.015625,12.089079431998051,-5.999939858606356,26685.0,1613.0,1.8153108603445371,0.2496830072206008,0.041633876709762,0.6057036577805331,0.9017857142857144,0.7930194805194806,0.0023039204534143,0.0558795370161533,1.8035324083313,0.2207799963939128,-0.053575616562739,1.5656278531239363,1.5827524119373872,False
random_forest__unweighted__split42__model123,random_forest,unweighted,42,123,R_x0.0625,48.356317727992206,-3.999939858606356,26685.0,2259.0,0.5274884293718486,0.2053023503798434,0.041633876709762,0.4448871181938911,0.9017857142857144,0.8157467532467533,0.0023039204534143,0.0311481561511755,0.5148035566282796,0.1801735838556662,-0.0288442356977612,0.3221860789920052,0.3346299727726134,False
random_forest__unweighted__split42__model123,random_forest,unweighted,42,123,R_x0.25,193.4252709119688,-1.999939858606356,26685.0,5722.0,0.2055328216286764,0.1754916644525541,0.041633876709762,0.1817546312478154,0.9017857142857144,0.8441558441558441,0.0023039204534143,0.0081859035417437,0.1926213437025244,0.1540460759712158,-0.0058819830883294,0.030041157176122296,0.03857526773130859,False
random_forest__unweighted__split42__model123,random_forest,unweighted,42,123,val_class_ratio,773.6688311688312,0.0,26685.0,26685.0,0.1250450381587861,0.1250450381587861,0.041633876709762,0.041633876709762,0.9017857142857144,0.9017857142857144,0.0023039204534143,0.0023039204534143,0.1120769097242092,0.1120769097242092,0.0,0.0,0.0,True
random_forest__unweighted__split42__model123,random_forest,unweighted,42,123,R_x1,773.7010836478753,6.014139364405448e-05,26685.0,26685.0,0.1250439196928833,0.1250439196928833,0.041633876709762,0.041633876709762,0.9017857142857144,0.9017857142857144,0.0023039204534143,0.0023039204534143,0.1120757904710856,0.1120757904710856,0.0,0.0,0.0,True
random_forest__unweighted__split42__model123,random_forest,unweighted,42,123,R_x4,3094.804334591501,2.000060141393644,26685.0,136452.0,0.1049216942089351,0.0679427836205113,0.041633876709762,0.0087356726174772,0.9017857142857144,0.9675324675324676,0.0023039204534143,0.0003863878955598,0.0919394021632259,0.0695895026758901,0.0019175325578545,0.0369789105884238,0.02234989948733579,False
random_forest__unweighted__split42__model123,random_forest,unweighted,42,123,R_x16,12379.217338366005,4.000060141393644,26685.0,311867.0,0.099891137837948,0.0244266805392218,0.041633876709762,0.0039343694587756,0.9017857142857144,0.9959415584415584,0.0023039204534143,0.0002060681435978,0.086905305086261,0.0244454331671786,0.0020978523098165,0.0754644572987262,0.0624598719190824,False
random_forest__unweighted__split42__model123,random_forest,unweighted,42,123,R_x64,49516.86935346402,6.000060141393644,26685.0,383384.0,0.0986334987452012,0.0062642956983832,0.041633876709762,0.0032134883041545,0.9017857142857144,1.0,0.0023039204534143,5.060644616605714e-05,0.0856467808170197,0.0070769839316671,0.002253314007248243,0.092369203046818,0.0785697968853526,False
random_forest__unweighted__split42__model456,random_forest,unweighted,42,456,R_x0.015625,12.089079431998051,-5.999939858606356,24464.0,1460.0,1.670582017575903,0.2596233424677172,0.0452092871157619,0.6534246575342466,0.8977272727272727,0.7743506493506493,0.0024752086028456,0.0642681866884231,1.658053038531461,0.2267469753464217,-0.0617929780855775,1.4109586751081857,1.4313060631850392,False
random_forest__unweighted__split42__model456,random_forest,unweighted,42,456,R_x0.0625,48.356317727992206,-3.999939858606356,24464.0,2518.0,0.4943500498485212,0.2079928650100835,0.0452092871157619,0.3999205718824464,0.8977272727272727,0.8173701298701299,0.0024752086028456,0.0255226511508226,0.4802600128796184,0.1826854382218615,-0.023047442547977002,0.28635718483843775,0.2975745746577569,False
random_forest__unweighted__split42__model456,random_forest,unweighted,42,456,R_x0.25,193.4252709119688,-1.999939858606356,24464.0,6610.0,0.2002920579166757,0.1775862913804463,0.0452092871157619,0.1576399394856278,0.8977272727272727,0.8457792207792207,0.0024752086028456,0.007387887686491,0.1858117564666578,0.1550814274434865,-0.004912679083645401,0.02270576653622941,0.0307303290231713,False
random_forest__unweighted__split42__model456,random_forest,unweighted,42,456,val_class_ratio,773.6688311688312,0.0,24464.0,24464.0,0.1267785814839824,0.1267785814839824,0.0452092871157619,0.0452092871157619,0.8977272727272727,0.8977272727272727,0.0024752086028456,0.0024752086028456,0.112200715269455,0.112200715269455,0.0,0.0,0.0,True
random_forest__unweighted__split42__model456,random_forest,unweighted,42,456,R_x1,773.7010836478753,6.014139364405448e-05,24464.0,24464.0,0.1267775599337143,0.1267775599337143,0.0452092871157619,0.0452092871157619,0.8977272727272727,0.8977272727272727,0.0024752086028456,0.0024752086028456,0.1121996923634176,0.1121996923634176,0.0,0.0,0.0,True
random_forest__unweighted__split42__model456,random_forest,unweighted,42,456,R_x4,3094.804334591501,2.000060141393644,24464.0,112719.0,0.108398935437974,0.0714616295458973,0.0452092871157619,0.0104685101890541,0.8977272727272727,0.9577922077922078,0.0024752086028456,0.0004676273092627,0.0937966763376076,0.0673496839860126,0.0020075812935828998,0.03693730589207671,0.026446992351595006,False
random_forest__unweighted__split42__model456,random_forest,unweighted,42,456,R_x16,12379.217338366005,4.000060141393644,24464.0,364633.0,0.1038042793140389,0.0238277054270361,0.0452092871157619,0.0033787397191148,0.8977272727272727,1.0,0.0024752086028456,3.711526733241044e-05,0.0891959223311551,0.024655392484254,0.0024380933355131894,0.0799765738870028,0.0645405298469011,False
random_forest__unweighted__split42__model456,random_forest,unweighted,42,456,R_x64,49516.86935346402,6.000060141393644,24464.0,388792.0,0.1026556152830551,0.0063529444850881,0.0452092871157619,0.003168789481265,0.8977272727272727,1.0,0.0024752086028456,1.8691589502850547e-05,0.088045733829542,0.0063626814265273,0.0024565170133427493,0.096302670797967,0.08168305240301471,False
random_forest__unweighted__split42__model789,random_forest,unweighted,42,789,R_x0.015625,12.089079431998051,-5.999939858606356,29679.0,1391.0,2.0128195132972238,0.2567481865775947,0.0375686512348798,0.6843997124370956,0.9050324675324676,0.7727272727272727,0.0021883791778236,0.0724076554179191,2.0188277835131823,0.2210890811479544,-0.07021927624009551,1.756071326719629,1.7977387023652278,False
random_forest__unweighted__split42__model789,random_forest,unweighted,42,789,R_x0.0625,48.356317727992206,-3.999939858606356,29679.0,2442.0,0.5744305276749552,0.2166588483292091,0.0375686512348798,0.4074529074529074,0.9050324675324676,0.8076298701298701,0.0021883791778236,0.026098184287548,0.5655835692549189,0.1841577447235162,-0.0239098051097244,0.35777167934574605,0.3814258245314027,False
random_forest__unweighted__split42__model789,random_forest,unweighted,42,789,R_x0.25,193.4252709119688,-1.999939858606356,29679.0,8341.0,0.2148332812693881,0.1815867075840783,0.0375686512348798,0.1254046277424769,0.9050324675324676,0.849025974025974,0.0021883791778236,0.0061459708958864,0.2022725156903531,0.1509229966075349,-0.0039575917180628,0.03324657368530981,0.05134951908281821,False
random_forest__unweighted__split42__model789,random_forest,unweighted,42,789,val_class_ratio,773.6688311688312,0.0,29679.0,29679.0,0.1249352189000306,0.1249352189000306,0.0375686512348798,0.0375686512348798,0.9050324675324676,0.9050324675324676,0.0021883791778236,0.0021883791778236,0.1114460144329211,0.1114460144329211,0.0,0.0,0.0,True
random_forest__unweighted__split42__model789,random_forest,unweighted,42,789,R_x1,773.7010836478753,6.014139364405448e-05,29679.0,29679.0,0.1249339696679963,0.1249339696679963,0.0375686512348798,0.0375686512348798,0.9050324675324676,0.9050324675324676,0.0021883791778236,0.0021883791778236,0.1114447522992116,0.1114447522992116,0.0,0.0,0.0,True
random_forest__unweighted__split42__model789,random_forest,unweighted,42,789,R_x4,3094.804334591501,2.000060141393644,29679.0,122322.0,0.1024591417676484,0.0715443999728655,0.0375686512348798,0.009671195696604,0.9050324675324676,0.9602272727272728,0.0021883791778236,0.0004162104742135,0.0887378114514262,0.0683637399043656,0.0017721687036100998,0.030914741794782902,0.0203740715470606,False
random_forest__unweighted__split42__model789,random_forest,unweighted,42,789,R_x16,12379.217338366005,4.000060141393644,29679.0,345366.0,0.0968404347925614,0.0225643946478619,0.0375686512348798,0.0035672301268798,0.9050324675324676,1.0,0.0021883791778236,0.0001777273719199,0.0830610762394799,0.024194787114565,0.0020106518059036997,0.07427604014469949,0.05886628912491491,False
random_forest__unweighted__split42__model789,random_forest,unweighted,42,789,R_x64,49516.86935346402,6.000060141393644,29679.0,378545.0,0.0954357580487896,0.0061849740491848,0.0375686512348798,0.0032545668282502,0.9050324675324676,1.0,0.0021883791778236,2.6694990083342415e-05,0.0816418924364933,0.0069991375766262,0.0021616841877402575,0.0892507839996048,0.0746427548598671,False
random_forest__unweighted__split123__model42,random_forest,unweighted,123,42,R_x0.015625,12.089079431998051,-5.999939858606356,45524.0,1536.0,3.0432933192572587,0.2225422872436629,0.0253272998857745,0.65234375,0.9358766233766234,0.8133116883116883,0.000971908273641,0.0701372697949409,3.0516069995293726,0.2283882949573115,-0.0691653615212999,2.820751032013596,2.823218704572061,False
random_forest__unweighted__split123__model42,random_forest,unweighted,123,42,R_x0.0625,48.356317727992206,-3.999939858606356,45524.0,2557.0,0.8089158622818472,0.1837932857811561,0.0253272998857745,0.4055533828705514,0.9358766233766234,0.8417207792207793,0.000971908273641,0.0257486831396818,0.8097767498823432,0.1904774145303827,-0.0247767748660408,0.6251225765006911,0.6192993353519605,False
random_forest__unweighted__split123__model42,random_forest,unweighted,123,42,R_x0.25,193.4252709119688,-1.999939858606356,45524.0,6112.0,0.2503214980379942,0.1493881775032911,0.0253272998857745,0.1757198952879581,0.9358766233766234,0.8717532467532467,0.000971908273641,0.0081928335130214,0.2493191874705857,0.1563240897887211,-0.0072209252393804,0.10093332053470311,0.09299509768186462,False
random_forest__unweighted__split123__model42,random_forest,unweighted,123,42,val_class_ratio,773.6688311688312,0.0,45524.0,45524.0,0.110674847520183,0.110674847520183,0.0253272998857745,0.0253272998857745,0.9358766233766234,0.9358766233766234,0.000971908273641,0.000971908273641,0.1092067438835033,0.1092067438835033,0.0,0.0,0.0,True
random_forest__unweighted__split123__model42,random_forest,unweighted,123,42,R_x1,773.7010836478753,6.014139364405448e-05,45524.0,45524.0,0.110672906977031,0.110672906977031,0.0253272998857745,0.0253272998857745,0.9358766233766234,0.9358766233766234,0.000971908273641,0.000971908273641,0.1092047968676464,0.1092047968676464,0.0,0.0,0.0,True
random_forest__unweighted__split123__model42,random_forest,unweighted,123,42,R_x4,3094.804334591501,2.000060141393644,45524.0,110536.0,0.0757607592117902,0.0676412819307309,0.0253272998857745,0.0107114424259969,0.9358766233766234,0.961038961038961,0.000971908273641,0.0005595998372882,0.0741761992169116,0.063555563822534,0.00041230843635280004,0.008119477281059287,0.010620635394377603,False
random_forest__unweighted__split123__model42,random_forest,unweighted,123,42,R_x16,12379.217338366005,4.000060141393644,45524.0,346154.0,0.06703272227048,0.0226160627276869,0.0253272998857745,0.0035591095292846,0.9358766233766234,1.0,0.000971908273641,0.0001870416890596,0.0654190498042278,0.0226319303359581,0.0007848665845814,0.0444166595427931,0.0427871194682697,False
random_forest__unweighted__split123__model42,random_forest,unweighted,123,42,R_x64,49516.86935346402,6.000060141393644,45524.0,346154.0,0.0648507130351524,0.0056540156819217,0.0253272998857745,0.0035591095292846,0.9358766233766234,1.0,0.000971908273641,0.0001870416890596,0.0632297624510569,0.0056579825839895,0.0007848665845814,0.0591966973532307,0.057571779867067394,False
random_forest__unweighted__split123__model123,random_forest,unweighted,123,123,R_x0.015625,12.089079431998051,-5.999939858606356,37778.0,1686.0,2.531118722167785,0.2299771369277677,0.0302821748107364,0.5960854092526691,0.9285714285714286,0.8157467532467533,0.0016072592698037,0.0568040385842323,2.519619449929401,0.235548594540295,-0.0551967793144286,2.301141585240017,2.284070855389106,False
random_forest__unweighted__split123__model123,random_forest,unweighted,123,123,R_x0.0625,48.356317727992206,-3.999939858606356,37778.0,2684.0,0.6863511091133748,0.1859250530543441,0.0302821748107364,0.3863636363636363,0.9285714285714286,0.8417207792207793,0.0016072592698037,0.0246152393519878,0.68164999235248,0.1923070415601268,-0.0230079800821841,0.5004260560590308,0.48934295079235324,False
random_forest__unweighted__split123__model123,random_forest,unweighted,123,123,R_x0.25,193.4252709119688,-1.999939858606356,37778.0,6383.0,0.2251592058497722,0.1546048233282679,0.0302821748107364,0.1674761084129719,0.9285714285714286,0.8676948051948052,0.0016072592698037,0.0081142140552401,0.2221576279582498,0.1595942367855269,-0.0065069547854364005,0.07055438252150431,0.06256339117272292,False
random_forest__unweighted__split123__model123,random_forest,unweighted,123,123,val_class_ratio,773.6688311688312,0.0,37778.0,37778.0,0.1098628322032577,0.1098628322032577,0.0302821748107364,0.0302821748107364,0.9285714285714286,0.9285714285714286,0.0016072592698037,0.0016072592698037,0.107286133124922,0.107286133124922,0.0,0.0,0.0,True
random_forest__unweighted__split123__model123,random_forest,unweighted,123,123,R_x1,773.7010836478753,6.014139364405448e-05,37778.0,37778.0,0.1098612300338716,0.1098612300338716,0.0302821748107364,0.0302821748107364,0.9285714285714286,0.9285714285714286,0.0016072592698037,0.0016072592698037,0.1072845368596923,0.1072845368596923,0.0,0.0,0.0,True
random_forest__unweighted__split123__model123,random_forest,unweighted,123,123,R_x4,3094.804334591501,2.000060141393644,37778.0,157794.0,0.0810367360798964,0.0694804934287051,0.0302821748107364,0.0075858397657705,0.9285714285714286,0.9715909090909092,0.0016072592698037,0.000312792340992,0.0785662640850529,0.0647076674043372,0.0012944669288117,0.01155624265119129,0.013858596680715707,False
random_forest__unweighted__split123__model123,random_forest,unweighted,123,123,R_x16,12379.217338366005,4.000060141393644,37778.0,340533.0,0.0738306125914026,0.023059255343161,0.0302821748107364,0.0036149213145275,0.9285714285714286,0.9991883116883116,0.0016072592698037,0.0001841110642999,0.071386695891393,0.0230688283630271,0.0014231482055038,0.0507713572482416,0.0483178675283659,False
random_forest__unweighted__split123__model123,random_forest,unweighted,123,123,R_x64,49516.86935346402,6.000060141393644,37778.0,340533.0,0.0720290817192792,0.0063735800695565,0.0302821748107364,0.0036149213145275,0.9285714285714286,0.9991883116883116,0.0016072592698037,0.0001841110642999,0.0695918038429781,0.006375973324523,0.0014231482055038,0.0656555016497227,0.0632158305184551,False
random_forest__unweighted__split123__model456,random_forest,unweighted,123,456,R_x0.015625,12.089079431998051,-5.999939858606356,35027.0,1472.0,2.3508044729490827,0.2261546568512092,0.0325177720044537,0.6745923913043478,0.924512987012987,0.8060064935064936,0.0017935760552063,0.0740615203976631,2.329344219831857,0.2323303949506244,-0.0722679443424568,2.1246498160978735,2.0970138248812327,False
random_forest__unweighted__split123__model456,random_forest,unweighted,123,456,R_x0.0625,48.356317727992206,-3.999939858606356,35027.0,2305.0,0.6443163779775304,0.1845341656575517,0.0325177720044537,0.4472885032537961,0.924512987012987,0.8368506493506493,0.0017935760552063,0.031692799180746,0.6346899510618603,0.1890745651419149,-0.029899223125539703,0.4597822123199787,0.44561538591994543,False
random_forest__unweighted__split123__model456,random_forest,unweighted,123,456,R_x0.25,193.4252709119688,-1.999939858606356,35027.0,6401.0,0.2176943542346423,0.1538644736851705,0.0325177720044537,0.1671613810342134,0.924512987012987,0.8685064935064936,0.0017935760552063,0.0081606684252619,0.2110263838693611,0.1589546005569109,-0.006367092370055599,0.0638298805494718,0.05207178331245019,False
random_forest__unweighted__split123__model456,random_forest,unweighted,123,456,val_class_ratio,773.6688311688312,0.0,35027.0,35027.0,0.1110403303733909,0.1110403303733909,0.0325177720044537,0.0325177720044537,0.924512987012987,0.924512987012987,0.0017935760552063,0.0017935760552063,0.1051119638681013,0.1051119638681013,0.0,0.0,0.0,True
random_forest__unweighted__split123__model456,random_forest,unweighted,123,456,R_x1,773.7010836478753,6.014139364405448e-05,35027.0,35027.0,0.1110388482989203,0.1110388482989203,0.0325177720044537,0.0325177720044537,0.924512987012987,0.924512987012987,0.0017935760552063,0.0017935760552063,0.1051104920712363,0.1051104920712363,0.0,0.0,0.0,True
random_forest__unweighted__split123__model456,random_forest,unweighted,123,456,R_x4,3094.804334591501,2.000060141393644,35027.0,127823.0,0.0843749718149898,0.0681154685729827,0.0325177720044537,0.0093019253186046,0.924512987012987,0.9650974025974026,0.0017935760552063,0.0004508101264946,0.0786315191217051,0.0648354064625859,0.0013427659287117,0.016259503242007103,0.013796112659119203,False
random_forest__unweighted__split123__model456,random_forest,unweighted,123,456,R_x16,12379.217338366005,4.000060141393644,35027.0,350124.0,0.0777090026940071,0.0236881240660063,0.0325177720044537,0.0035158972249831,0.924512987012987,0.9991883116883116,0.0017935760552063,0.0001815331343095,0.0720117758843223,0.0245202697900112,0.0016120429208968002,0.0540208786280008,0.047491506094311096,False
random_forest__unweighted__split123__model456,random_forest,unweighted,123,456,R_x64,49516.86935346402,6.000060141393644,35027.0,365536.0,0.0760425104137615,0.0067834331786509,0.0325177720044537,0.003367657357962,0.924512987012987,0.9991883116883116,0.0017935760552063,5.870260793017224e-05,0.0703568400749766,0.0067859411787186,0.0017348734472761279,0.0692590772351106,0.063570898896258,False
random_forest__unweighted__split123__model789,random_forest,unweighted,123,789,R_x0.015625,12.089079431998051,-5.999939858606356,36759.0,1548.0,2.463579573184815,0.2268633169115503,0.0310944258548926,0.6447028423772609,0.9277597402597404,0.810064935064935,0.001629697275348,0.0696665197610855,2.4401289757613136,0.2333867283842454,-0.0680368224857375,2.2367162562732648,2.2067422473770684,False
random_forest__unweighted__split123__model789,random_forest,unweighted,123,789,R_x0.0625,48.356317727992206,-3.999939858606356,36759.0,3002.0,0.6700750881013984,0.1829781252141689,0.0310944258548926,0.3487674883411059,0.9277597402597404,0.8498376623376623,0.001629697275348,0.020406087860465,0.6623861400442245,0.1885376208350208,-0.018776390585117,0.4870969628872295,0.4738485192092037,False
random_forest__unweighted__split123__model789,random_forest,unweighted,123,789,R_x0.25,193.4252709119688,-1.999939858606356,36759.0,6712.0,0.2216989668305444,0.1543536669771993,0.0310944258548926,0.159564958283671,0.9277597402597404,0.8693181818181818,0.001629697275348,0.007697133347392,0.2179504311149522,0.1586153199681712,-0.006067436072044,0.06734529985334511,0.059335111146781,False
random_forest__unweighted__split123__model789,random_forest,unweighted,123,789,val_class_ratio,773.6688311688312,0.0,36759.0,36759.0,0.1096064941605039,0.1096064941605039,0.0310944258548926,0.0310944258548926,0.9277597402597404,0.9277597402597404,0.001629697275348,0.001629697275348,0.1068430478414111,0.1068430478414111,0.0,0.0,0.0,True
random_forest__unweighted__split123__model789,random_forest,unweighted,123,789,R_x1,773.7010836478753,6.014139364405448e-05,36759.0,36759.0,0.1096049365128309,0.1096049365128309,0.0310944258548926,0.0310944258548926,0.9277597402597404,0.9277597402597404,0.001629697275348,0.001629697275348,0.1068415038826341,0.1068415038826341,0.0,0.0,0.0,True
random_forest__unweighted__split123__model789,random_forest,unweighted,123,789,R_x4,3094.804334591501,2.000060141393644,36759.0,129667.0,0.0815814289334025,0.0694110533683118,0.0310944258548926,0.0091619301749866,0.9277597402597404,0.9642857142857144,0.001629697275348,0.0004533039755187,0.0790642720745546,0.0636492414588456,0.0011763932998293,0.012170375565090708,0.015415030615709008,False
random_forest__unweighted__split123__model789,random_forest,unweighted,123,789,R_x16,12379.217338366005,4.000060141393644,36759.0,346076.0,0.0745755520385454,0.0242344561352429,0.0310944258548926,0.0035541326182688,0.9277597402597404,0.9983766233766234,0.001629697275348,0.0001944602845469,0.0721199641225347,0.0234324064120498,0.0014352369908011001,0.050341095903302505,0.0486875577104849,False
random_forest__unweighted__split123__model789,random_forest,unweighted,123,789,R_x64,49516.86935346402,6.000060141393644,36759.0,346076.0,0.0728240828148311,0.0072761465013431,0.0310944258548926,0.0035541326182688,0.9277597402597404,0.9983766233766234,0.001629697275348,0.0001944602845469,0.0703838871345297,0.0064668678367787,0.0014352369908011001,0.065547936313488,0.063917019297751,False
random_forest__unweighted__split456__model42,random_forest,unweighted,456,42,R_x0.015625,12.089079431998051,-5.999939858606356,38710.0,1439.0,2.5972106460508844,0.2309696064366936,0.0294497545853784,0.684503127171647,0.9253246753246752,0.799512987012987,0.0015110090607777,0.070080928504467,2.5739674564521837,0.226050277277756,-0.0685699194436893,2.3662410396141906,2.3479171791744275,False
random_forest__unweighted__split456__model42,random_forest,unweighted,456,42,R_x0.0625,48.356317727992206,-3.999939858606356,38710.0,2733.0,0.7053091550192145,0.1917183892238861,0.0294497545853784,0.3772411269667032,0.9253246753246752,0.8368506493506493,0.0015110090607777,0.021346328780055,0.6982808251520068,0.1883313704286534,-0.0198353197192773,0.5135907657953285,0.5099494547233534,False
random_forest__unweighted__split456__model42,random_forest,unweighted,456,42,R_x0.25,193.4252709119688,-1.999939858606356,38710.0,6275.0,0.2323337822612971,0.1696534223383109,0.0294497545853784,0.1673306772908366,0.9253246753246752,0.8522727272727273,0.0015110090607777,0.0075497296638786,0.2293591673269627,0.1576249713924381,-0.0060387206031009,0.0626803599229862,0.0717341959345246,False
random_forest__unweighted__split456__model42,random_forest,unweighted,456,42,val_class_ratio,773.6688311688312,0.0,38710.0,38710.0,0.1140915821766885,0.1140915821766885,0.0294497545853784,0.0294497545853784,0.9253246753246752,0.9253246753246752,0.0015110090607777,0.0015110090607777,0.112130381893066,0.112130381893066,0.0,0.0,0.0,True
random_forest__unweighted__split456__model42,random_forest,unweighted,456,42,R_x1,773.7010836478753,6.014139364405448e-05,38710.0,38710.0,0.1140899390718177,0.1140899390718177,0.0294497545853784,0.0294497545853784,0.9253246753246752,0.9253246753246752,0.0015110090607777,0.0015110090607777,0.1121287528707017,0.1121287528707017,0.0,0.0,0.0,True
random_forest__unweighted__split456__model42,random_forest,unweighted,456,42,R_x4,3094.804334591501,2.000060141393644,38710.0,127789.0,0.0845289782744479,0.0656706994807933,0.0294497545853784,0.0093278764212882,0.9253246753246752,0.9675324675324676,0.0015110090607777,0.0004543175455182,0.0828211492566364,0.0637834746934369,0.0010566915152595,0.018858278793654606,0.019037674563199505,False
random_forest__unweighted__split456__model42,random_forest,unweighted,456,42,R_x16,12379.217338366005,4.000060141393644,38710.0,344513.0,0.0771387380751054,0.0241319723677726,0.0294497545853784,0.0035702571455939,0.9253246753246752,0.9983766233766234,0.0015110090607777,0.000186914767255,0.0754942483531201,0.0240940737000837,0.0013240942935227,0.05300676570733281,0.0514001746530364,False
random_forest__unweighted__split456__model42,random_forest,unweighted,456,42,R_x64,49516.86935346402,6.000060141393644,38710.0,414651.0,0.0752911780252698,0.0067768292808356,0.0294497545853784,0.0029711733481892,0.9253246753246752,1.0,0.0015110090607777,1.7345808373647742e-05,0.073662523127241,0.0067779439475324,0.0014936632524040522,0.0685143487444342,0.06688457917970861,False
random_forest__unweighted__split456__model123,random_forest,unweighted,456,123,R_x0.015625,12.089079431998051,-5.999939858606356,43140.0,1745.0,2.895529760740403,0.2313020394666722,0.0264024107556791,0.5776504297994269,0.924512987012987,0.8181818181818182,0.0010922804940491,0.0483899973332881,2.851339532251693,0.2292877711770457,-0.047297716839239,2.664227721273731,2.622051761074647,False
random_forest__unweighted__split456__model123,random_forest,unweighted,456,123,R_x0.0625,48.356317727992206,-3.999939858606356,43140.0,2303.0,0.7804976999253604,0.190299911684771,0.0264024107556791,0.444637429439861,0.924512987012987,0.8311688311688312,0.0010922804940491,0.0297951865941286,0.761536181764222,0.1906020519282149,-0.028702906100079497,0.5901977882405894,0.5709341298360071,False
random_forest__unweighted__split456__model123,random_forest,unweighted,456,123,R_x0.25,193.4252709119688,-1.999939858606356,43140.0,8346.0,0.2517396847215998,0.1685535342820947,0.0264024107556791,0.1272465851905104,0.924512987012987,0.862012987012987,0.0010922804940491,0.0060533275827765,0.2390853441423542,0.157009453050846,-0.0049610470887274,0.08318615043950509,0.0820758910915082,False
random_forest__unweighted__split456__model123,random_forest,unweighted,456,123,val_class_ratio,773.6688311688312,0.0,43140.0,43140.0,0.1195520178130652,0.1195520178130652,0.0264024107556791,0.0264024107556791,0.924512987012987,0.924512987012987,0.0010922804940491,0.0010922804940491,0.1084744497183122,0.1084744497183122,0.0,0.0,0.0,True
random_forest__unweighted__split456__model123,random_forest,unweighted,456,123,R_x1,773.7010836478753,6.014139364405448e-05,43140.0,43140.0,0.1195501809206597,0.1195501809206597,0.0264024107556791,0.0264024107556791,0.924512987012987,0.924512987012987,0.0010922804940491,0.0010922804940491,0.1084726347368872,0.1084726347368872,0.0,0.0,0.0,True
random_forest__unweighted__split456__model123,random_forest,unweighted,456,123,R_x4,3094.804334591501,2.000060141393644,43140.0,94214.0,0.0865028049704246,0.0706679925420876,0.0264024107556791,0.012471607192137,0.924512987012987,0.9537337662337664,0.0010922804940491,0.000569436349906,0.0758194573855205,0.0623441748313874,0.0005228441441431,0.01583481242833701,0.013475282554133099,False
random_forest__unweighted__split456__model123,random_forest,unweighted,456,123,R_x16,12379.217338366005,4.000060141393644,43140.0,347228.0,0.0782409609828658,0.0243099911961039,0.0264024107556791,0.0035423410554448,0.924512987012987,0.9983766233766234,0.0010922804940491,0.0001815361174521,0.0676561630476788,0.0226572398268368,0.0009107443765969999,0.0539309697867619,0.044998923220841994,False
random_forest__unweighted__split456__model123,random_forest,unweighted,456,123,R_x64,49516.86935346402,6.000060141393644,43140.0,347228.0,0.0761754999859762,0.0072950302665584,0.0264024107556791,0.0035423410554448,0.924512987012987,0.9983766233766234,0.0010922804940491,0.0001815361174521,0.0656153394632184,0.0056643099567092,0.0009107443765969999,0.0688804697194178,0.059951029506509206,False
random_forest__unweighted__split456__model456,random_forest,unweighted,456,456,R_x0.015625,12.089079431998051,-5.999939858606356,44927.0,1593.0,3.012876516761793,0.2316423805220084,0.0254190130656398,0.6252354048964218,0.926948051948052,0.8084415584415584,0.0010174724739044,0.0558002963662147,2.981943221687485,0.2323437082644058,-0.054782823892310296,2.7812341362397843,2.749599513423079,False
random_forest__unweighted__split456__model456,random_forest,unweighted,456,456,R_x0.0625,48.356317727992206,-3.999939858606356,44927.0,2069.0,0.8080080902294092,0.192171405685379,0.0254190130656398,0.4915418076365394,0.926948051948052,0.825487012987013,0.0010174724739044,0.0348714143037796,0.7954046365907025,0.190514457923842,-0.0338539418298752,0.6158366845440302,0.6048901786668605,False
random_forest__unweighted__split456__model456,random_forest,unweighted,456,456,R_x0.25,193.4252709119688,-1.999939858606356,44927.0,7368.0,0.2567909835963133,0.1611859238261473,0.0254190130656398,0.1446796959826276,0.926948051948052,0.8652597402597403,0.0010174724739044,0.0068193352781236,0.2487699903165067,0.1590068388195558,-0.0058018628042191996,0.095605059770166,0.08976315149695091,False
random_forest__unweighted__split456__model456,random_forest,unweighted,456,456,val_class_ratio,773.6688311688312,0.0,44927.0,44927.0,0.1189886218527789,0.1189886218527789,0.0254190130656398,0.0254190130656398,0.926948051948052,0.926948051948052,0.0010174724739044,0.0010174724739044,0.1121132277433423,0.1121132277433423,0.0,0.0,0.0,True
random_forest__unweighted__split456__model456,random_forest,unweighted,456,456,R_x1,773.7010836478753,6.014139364405448e-05,44927.0,44927.0,0.1189867069380393,0.1189867069380393,0.0254190130656398,0.0254190130656398,0.926948051948052,0.926948051948052,0.0010174724739044,0.0010174724739044,0.1121113287479578,0.1121113287479578,0.0,0.0,0.0,True
random_forest__unweighted__split456__model456,random_forest,unweighted,456,456,R_x4,3094.804334591501,2.000060141393644,44927.0,119907.0,0.0845356377734708,0.0660393034973729,0.0254190130656398,0.0099160182474751,0.926948051948052,0.9650974025974026,0.0010174724739044,0.0004533551982603,0.0779466633558206,0.0608497232656851,0.0005641172756441,0.018496334276097898,0.017096940090135494,False
random_forest__unweighted__split456__model456,random_forest,unweighted,456,456,R_x16,12379.217338366005,4.000060141393644,44927.0,333921.0,0.0759228704823287,0.0250609772077135,0.0254190130656398,0.0036775165383429,0.926948051948052,0.9967532467532468,0.0010174724739044,0.0001731102238409,0.0694054970077863,0.023413143485638,0.0008443622500635,0.0508618932746152,0.045992353522148297,False
random_forest__unweighted__split456__model456,random_forest,unweighted,456,456,R_x64,49516.86935346402,6.000060141393644,44927.0,378120.0,0.0737696786595432,0.0069897120861758,0.0254190130656398,0.0032555802390775,0.926948051948052,0.9991883116883116,0.0010174724739044,3.158519757562317e-05,0.0672702054207777,0.0061700735781947,0.0009858872763287769,0.0667799665733674,0.061100131842583005,False
random_forest__unweighted__split456__model789,random_forest,unweighted,456,789,R_x0.015625,12.089079431998051,-5.999939858606356,40223.0,1415.0,2.6996757407123884,0.2249640388649464,0.0283171319891604,0.6996466431095406,0.924512987012987,0.8035714285714286,0.0013346525374799,0.0773946493864059,2.652952048710998,0.2234317285012416,-0.076059996848926,2.474711701847442,2.429520320209756,False
random_forest__unweighted__split456__model789,random_forest,unweighted,456,789,R_x0.0625,48.356317727992206,-3.999939858606356,40223.0,2624.0,0.7315341949183568,0.1915457099556791,0.0283171319891604,0.3921493902439024,0.924512987012987,0.8352272727272727,0.0013346525374799,0.0241112187504768,0.713765609580347,0.1915565145289216,-0.0227765662129969,0.5399884849626777,0.5222090950514253,False
random_forest__unweighted__split456__model789,random_forest,unweighted,456,789,R_x0.25,193.4252709119688,-1.999939858606356,40223.0,9399.0,0.2394988084698489,0.1672611424147543,0.0283171319891604,0.1137355037769975,0.924512987012987,0.8676948051948052,0.0013346525374799,0.005565206054598,0.2289689997976841,0.1559226844047382,-0.0042305535171181,0.0722376660550946,0.0730463153929459,False
random_forest__unweighted__split456__model789,random_forest,unweighted,456,789,val_class_ratio,773.6688311688312,0.0,40223.0,40223.0,0.1164916711766139,0.1164916711766139,0.0283171319891604,0.0283171319891604,0.924512987012987,0.924512987012987,0.0013346525374799,0.0013346525374799,0.1077715315235773,0.1077715315235773,0.0,0.0,0.0,True
random_forest__unweighted__split456__model789,random_forest,unweighted,456,789,R_x1,773.7010836478753,6.014139364405448e-05,40223.0,40223.0,0.1164899618577219,0.1164899618577219,0.0283171319891604,0.0283171319891604,0.924512987012987,0.924512987012987,0.0013346525374799,0.0013346525374799,0.1077698473520184,0.1077698473520184,0.0,0.0,0.0,True
random_forest__unweighted__split456__model789,random_forest,unweighted,456,789,R_x4,3094.804334591501,2.000060141393644,40223.0,115143.0,0.0857377502046902,0.0680376300437847,0.0283171319891604,0.0102915505067611,0.924512987012987,0.9618506493506492,0.0013346525374799,0.0004816435393877,0.0774700592406019,0.063675474594798,0.0008530089980922,0.017700120160905497,0.013794584645803895,False
random_forest__unweighted__split456__model789,random_forest,unweighted,456,789,R_x16,12379.217338366005,4.000060141393644,40223.0,350110.0,0.0780496972914322,0.0228754522248797,0.0283171319891604,0.0035188940618662,0.924512987012987,1.0,0.0013346525374799,0.0001587380975252,0.0698951122127479,0.0236511433591265,0.0011759144399547,0.055174245066552496,0.0462439688536214,False
random_forest__unweighted__split456__model789,random_forest,unweighted,456,789,R_x64,49516.86935346402,6.000060141393644,40223.0,382528.0,0.0761276840631177,0.0062502640117302,0.0283171319891604,0.003220679270537,0.924512987012987,1.0,0.0013346525374799,2.468107413733378e-05,0.0680013754557843,0.006238691148673,0.0013099714633425662,0.0698774200513875,0.0617626843071113,False
random_forest__unweighted__split789__model42,random_forest,unweighted,789,42,R_x0.015625,12.089079431998051,-5.999939858606356,40328.0,1392.0,2.6953008820819617,0.2242985970975753,0.0285657607617536,0.7104885057471264,0.935064935064935,0.8027597402597403,0.0012523722834885,0.0806465670466423,2.691051624364128,0.2168531367439011,-0.0793941947631538,2.4710022849843862,2.4741984876202268,False
random_forest__unweighted__split789__model42,random_forest,unweighted,789,42,R_x0.0625,48.356317727992206,-3.999939858606356,40328.0,2298.0,0.7225265192217892,0.1852451405547586,0.0285657607617536,0.4482158398607485,0.935064935064935,0.836038961038961,0.0012523722834885,0.0277437940239906,0.7263343346624603,0.1814660726748432,-0.026491421740502098,0.5372813786670306,0.5448682619876172,False
random_forest__unweighted__split789__model42,random_forest,unweighted,789,42,R_x0.25,193.4252709119688,-1.999939858606356,40328.0,8363.0,0.229332928506746,0.1572024870952686,0.0285657607617536,0.1286619634102594,0.935064935064935,0.8733766233766234,0.0012523722834885,0.0062276823446154,0.2351550122370436,0.1562061575236978,-0.0049753100611269,0.0721304414114774,0.07894885471334581,False
random_forest__unweighted__split789__model42,random_forest,unweighted,789,42,val_class_ratio,773.6688311688312,0.0,40328.0,40328.0,0.1060362441704503,0.1060362441704503,0.0285657607617536,0.0285657607617536,0.935064935064935,0.935064935064935,0.0012523722834885,0.0012523722834885,0.1123618879756359,0.1123618879756359,0.0,0.0,0.0,True
random_forest__unweighted__split789__model42,random_forest,unweighted,789,42,R_x1,773.7010836478753,6.014139364405448e-05,40328.0,40328.0,0.1060345308279852,0.1060345308279852,0.0285657607617536,0.0285657607617536,0.935064935064935,0.935064935064935,0.0012523722834885,0.0012523722834885,0.1123601816306894,0.1123601816306894,0.0,0.0,0.0,True
random_forest__unweighted__split789__model42,random_forest,unweighted,789,42,R_x4,3094.804334591501,2.000060141393644,40328.0,112503.0,0.0752099314082949,0.0673452253192256,0.0285657607617536,0.0105330524519346,0.935064935064935,0.9618506493506492,0.0012523722834885,0.000490226841066,0.0816614739791009,0.0649154058744983,0.0007621454424224999,0.007864706089069307,0.016746068104602593,False
random_forest__unweighted__split789__model42,random_forest,unweighted,789,42,R_x16,12379.217338366005,4.000060141393644,40328.0,343309.0,0.0675037815533724,0.0264882893791448,0.0285657607617536,0.0035740397134942,0.935064935064935,0.9959415584415584,0.0012523722834885,0.0001994899503188,0.0739867970662038,0.0232796315059681,0.0010528823331697,0.041015492174227605,0.050707165560235704,False
random_forest__unweighted__split789__model42,random_forest,unweighted,789,42,R_x64,49516.86935346402,6.000060141393644,40328.0,343309.0,0.0655772440896418,0.0096659035136173,0.0285657607617536,0.0035740397134942,0.935064935064935,0.9959415584415584,0.0012523722834885,0.0001994899503188,0.0720681278379795,0.0064286741102582,0.0010528823331697,0.0559113405760245,0.0656394537277213,False
random_forest__unweighted__split789__model123,random_forest,unweighted,789,123,R_x0.015625,12.089079431998051,-5.999939858606356,39511.0,1385.0,2.6386879811517825,0.2159191258712464,0.0292070562628128,0.7205776173285199,0.9366883116883116,0.810064935064935,0.0013111376902088,0.0805402994155883,2.6431180200668547,0.2129409417297767,-0.0792291617253795,2.422768855280536,2.430177078337078,False
random_forest__unweighted__split789__model123,random_forest,unweighted,789,123,R_x0.0625,48.356317727992206,-3.999939858606356,39511.0,2242.0,0.7071557615217118,0.188447518090109,0.0292070562628128,0.4571810883140053,0.9366883116883116,0.8319805194805194,0.0013111376902088,0.0307852104306221,0.7149596998219084,0.1825079353762498,-0.0294740727404133,0.5187082434316028,0.5324517644456587,False
random_forest__unweighted__split789__model123,random_forest,unweighted,789,123,R_x0.25,193.4252709119688,-1.999939858606356,39511.0,3705.0,0.2242727066141941,0.1613163483161442,0.0292070562628128,0.2825910931174089,0.9366883116883116,0.8498376623376623,0.0013111376902088,0.0135230543091893,0.2329201197606719,0.1573879949180744,-0.0122119166189805,0.06295635829804991,0.0755321248425975,False
random_forest__unweighted__split789__model123,random_forest,unweighted,789,123,val_class_ratio,773.6688311688312,0.0,39511.0,39511.0,0.1035536204112309,0.1035536204112309,0.0292070562628128,0.0292070562628128,0.9366883116883116,0.9366883116883116,0.0013111376902088,0.0013111376902088,0.1124118993390679,0.1124118993390679,0.0,0.0,0.0,True
random_forest__unweighted__split789__model123,random_forest,unweighted,789,123,R_x1,773.7010836478753,6.014139364405448e-05,39511.0,39511.0,0.1035519428873147,0.1035519428873147,0.0292070562628128,0.0292070562628128,0.9366883116883116,0.9366883116883116,0.0013111376902088,0.0013111376902088,0.1124102247453627,0.1124102247453627,0.0,0.0,0.0,True
random_forest__unweighted__split789__model123,random_forest,unweighted,789,123,R_x4,3094.804334591501,2.000060141393644,39511.0,130427.0,0.0733717519555949,0.0655506290701134,0.0292070562628128,0.0091468790971194,0.9366883116883116,0.968344155844156,0.0013111376902088,0.0004185221332591,0.0822827509915355,0.0664312955797408,0.0008926155569497,0.007821122885481493,0.015851455411794696,False
random_forest__unweighted__split789__model123,random_forest,unweighted,789,123,R_x16,12379.217338366005,4.000060141393644,39511.0,323870.0,0.0658267042226649,0.0284607163170149,0.0292070562628128,0.003776206502609,0.9366883116883116,0.9926948051948052,0.0013111376902088,0.0002109650231432,0.0747508825530786,0.0220032725695792,0.0011001726670656,0.03736598790565,0.0527476099834994,False
random_forest__unweighted__split789__model123,random_forest,unweighted,789,123,R_x64,49516.86935346402,6.000060141393644,39511.0,323870.0,0.0639404422894324,0.0125940751831498,0.0292070562628128,0.003776206502609,0.9366883116883116,0.9926948051948052,0.0013111376902088,0.0002109650231432,0.0728679154434644,0.006109584376161,0.0011001726670656,0.0513463671062826,0.06675833106730339,False
random_forest__unweighted__split789__model456,random_forest,unweighted,789,456,R_x0.015625,12.089079431998051,-5.999939858606356,43787.0,1262.0,2.924909524111867,0.2331467129360445,0.0263776920090437,0.7678288431061807,0.9375,0.786525974025974,0.0010401657782495,0.0978491008281707,2.922528288139341,0.2211056728133616,-0.09680893504992119,2.6917628111758227,2.7014226153259795,False
random_forest__unweighted__split789__model456,random_forest,unweighted,789,456,R_x0.0625,48.356317727992206,-3.999939858606356,43787.0,2474.0,0.7781023810279668,0.1890278745936461,0.0263776920090437,0.4159256265157639,0.9375,0.8352272727272727,0.0010401657782495,0.0263780392706394,0.7811596694374329,0.180843849200442,-0.0253378734923899,0.5890745064343207,0.6003158202369909,False
random_forest__unweighted__split789__model456,random_forest,unweighted,789,456,R_x0.25,193.4252709119688,-1.999939858606356,43787.0,8535.0,0.2414005952569916,0.1546607277498846,0.0263776920090437,0.1265377855887522,0.9375,0.8766233766233766,0.0010401657782495,0.0058678984642028,0.2458175147619556,0.1580687285064675,-0.004827732685953301,0.086739867507107,0.0877487862554881,False
random_forest__unweighted__split789__model456,random_forest,unweighted,789,456,val_class_ratio,773.6688311688312,0.0,43787.0,43787.0,0.107227013303118,0.107227013303118,0.0263776920090437,0.0263776920090437,0.9375,0.9375,0.0010401657782495,0.0010401657782495,0.1119838358586313,0.1119838358586313,0.0,0.0,0.0,True
random_forest__unweighted__split789__model456,random_forest,unweighted,789,456,R_x1,773.7010836478753,6.014139364405448e-05,43787.0,43787.0,0.1072251488142479,0.1072251488142479,0.0263776920090437,0.0263776920090437,0.9375,0.9375,0.0010401657782495,0.0010401657782495,0.1119819760930862,0.1119819760930862,0.0,0.0,0.0,True
random_forest__unweighted__split789__model456,random_forest,unweighted,789,456,R_x4,3094.804334591501,2.000060141393644,43787.0,119806.0,0.0736812872035619,0.065200863184963,0.0263776920090437,0.0099327245713904,0.9375,0.9659090909090908,0.0010401657782495,0.0004721808363683,0.0785230914258689,0.0643737006767789,0.0005679849418812,0.0084804240185989,0.014149390749089996,False
random_forest__unweighted__split789__model456,random_forest,unweighted,789,456,R_x16,12379.217338366005,4.000060141393644,43787.0,343925.0,0.0652953218008904,0.0257169257744265,0.0263776920090437,0.0035705459039034,0.9375,0.9967532467532468,0.0010401657782495,0.0001889858831418,0.0701583702590646,0.0233419217037268,0.0008511798951077001,0.0395783960264639,0.0468164485553378,False
random_forest__unweighted__split789__model456,random_forest,unweighted,789,456,R_x64,49516.86935346402,6.000060141393644,43787.0,343925.0,0.0631988304502226,0.0088642963786715,0.0263776920090437,0.0035705459039034,0.9375,0.9967532467532468,0.0010401657782495,0.0001889858831418,0.0680671899673635,0.0064442466596979,0.0008511798951077001,0.05433453407155111,0.061622943307665594,False
random_forest__unweighted__split789__model789,random_forest,unweighted,789,789,R_x0.015625,12.089079431998051,-5.999939858606356,24709.0,1466.0,1.6659399411622986,0.2187211584892103,0.0457323242543202,0.6828103683492497,0.9172077922077922,0.8125,0.0024575323332101,0.071950189769268,1.6573204544877689,0.2157369933519029,-0.0694926574360579,1.4472187826730882,1.441583461135866,False
random_forest__unweighted__split789__model789,random_forest,unweighted,789,789,R_x0.0625,48.356317727992206,-3.999939858606356,24709.0,2439.0,0.4785791411347305,0.1892688535566068,0.0457323242543202,0.4214842148421484,0.9172077922077922,0.8344155844155844,0.0024575323332101,0.0269149933010339,0.4806856331024616,0.1809505436107611,-0.0244574609678238,0.2893102875781237,0.29973508949170047,False
random_forest__unweighted__split789__model789,random_forest,unweighted,789,789,R_x0.25,193.4252709119688,-1.999939858606356,24709.0,9171.0,0.1817389411278384,0.1614090567534315,0.0457323242543202,0.1172173154508777,0.9172077922077922,0.872564935064935,0.0024575323332101,0.0055972733534872,0.1865269277561348,0.1554628658585998,-0.0031397410202771005,0.020329884374406887,0.031064061897534995,False
random_forest__unweighted__split789__model789,random_forest,unweighted,789,789,val_class_ratio,773.6688311688312,0.0,24709.0,24709.0,0.1075299223417063,0.1075299223417063,0.0457323242543202,0.0457323242543202,0.9172077922077922,0.9172077922077922,0.0024575323332101,0.0024575323332101,0.1129882733196972,0.1129882733196972,0.0,0.0,0.0,True
random_forest__unweighted__split789__model789,random_forest,unweighted,789,789,R_x1,773.7010836478753,6.014139364405448e-05,24709.0,24709.0,0.1075288911261154,0.1075288911261154,0.0457323242543202,0.0457323242543202,0.9172077922077922,0.9172077922077922,0.0024575323332101,0.0024575323332101,0.1129872514195531,0.1129872514195531,0.0,0.0,0.0,True
random_forest__unweighted__split789__model789,random_forest,unweighted,789,789,R_x4,3094.804334591501,2.000060141393644,24709.0,157628.0,0.0889763786256846,0.0653772029278774,0.0457323242543202,0.0076255487603725,0.9172077922077922,0.9756493506493508,0.0024575323332101,0.0003180602798238,0.0946023323354077,0.0653709083394723,0.0021394720533862996,0.0235991756978072,0.029231423995935396,False
random_forest__unweighted__split789__model789,random_forest,unweighted,789,789,R_x16,12379.217338366005,4.000060141393644,24709.0,323066.0,0.0843382505005769,0.0259727374981697,0.0457323242543202,0.0037948902081927,0.9172077922077922,0.99512987012987,0.0024575323332101,0.0001910655992105,0.0900061025643714,0.0227814553117363,0.0022664667339995998,0.05836551300240721,0.0672246472526351,False
random_forest__unweighted__split789__model789,random_forest,unweighted,789,789,R_x64,49516.86935346402,6.000060141393644,24709.0,387579.0,0.0831787184693,0.0071447655021229,0.0457323242543202,0.0031761266735297,0.9172077922077922,0.9991883116883116,0.0024575323332101,3.255752017139457e-05,0.0888570451216123,0.0063450434652672,0.0024249748130387053,0.0760339529671771,0.0825120016563451,False
random_forest__weighted__split42__model42,random_forest,weighted,42,42,R_x0.015625,12.089079431998051,-5.999939858606356,39686.0,1205.0,2.697015900672424,0.2996260502264897,0.0277427808295116,0.7377593360995851,0.8936688311688312,0.7215909090909091,0.1929068118333816,0.6048780083656311,2.7029078293232547,0.2585656577119903,-0.4119711965322495,2.3973898504459346,2.4443421716112645,False
random_forest__weighted__split42__model42,random_forest,weighted,42,42,R_x0.0625,48.356317727992206,-3.999939858606356,39686.0,1691.0,0.7540023517914827,0.2678453747691404,0.0277427808295116,0.5428740390301596,0.8936688311688312,0.7451298701298701,0.1929068118333816,0.5165370106697083,0.746952606681463,0.2300820922086348,-0.32363019883632665,0.4861569770223423,0.5168705144728283,False
random_forest__weighted__split42__model42,random_forest,weighted,42,42,R_x0.25,193.4252709119688,-1.999939858606356,39686.0,12049.0,0.2682489645712473,0.2257028947599857,0.0277427808295116,0.0839073782056602,0.8936688311688312,0.8206168831168831,0.1929068118333816,0.3285356163978576,0.257963801021015,0.1960187277859328,-0.135628804564476,0.042546069811261605,0.06194507323508222,False
random_forest__weighted__split42__model42,random_forest,weighted,42,42,val_class_ratio,773.6688311688312,0.0,39686.0,39686.0,0.1468123052615687,0.1468123052615687,0.0277427808295116,0.0277427808295116,0.8936688311688312,0.8936688311688312,0.1929068118333816,0.1929068118333816,0.1357182983410479,0.1357182983410479,0.0,0.0,0.0,True
random_forest__weighted__split42__model42,random_forest,weighted,42,42,R_x1,773.7010836478753,6.014139364405448e-05,39686.0,39686.0,0.1468106177661884,0.1468106177661884,0.0277427808295116,0.0277427808295116,0.8936688311688312,0.8936688311688312,0.1929068118333816,0.1929068118333816,0.1357165996059031,0.1357165996059031,0.0,0.0,0.0,True
random_forest__weighted__split42__model42,random_forest,weighted,42,42,R_x4,3094.804334591501,2.000060141393644,39686.0,120644.0,0.1164510310649237,0.0816596609542109,0.0277427808295116,0.0096979543118596,0.8936688311688312,0.9496753246753248,0.1929068118333816,0.1069064736366272,0.105154799252125,0.0800792973516024,0.0860003381967544,0.0347913701107128,0.0250755019005226,False
random_forest__weighted__split42__model42,random_forest,weighted,42,42,R_x16,12379.217338366005,4.000060141393644,39686.0,365059.0,0.1088611343896075,0.0238556376630837,0.0277427808295116,0.0033747969506298,0.8936688311688312,1.0,0.1929068118333816,0.0108009846881031,0.0975143491636806,0.024681947779088,0.1821058271452785,0.0850054967265238,0.0728324013845926,False
random_forest__weighted__split42__model42,random_forest,weighted,42,42,R_x64,49516.86935346402,6.000060141393644,39686.0,408965.0,0.1069636602207785,0.0066836234744,0.0277427808295116,0.003012482730796,0.8936688311688312,1.0,0.1929068118333816,0.0030413889326155,0.0956042366415694,0.0066941308472324,0.1898654229007661,0.10028003674637849,0.088910105794337,False
random_forest__weighted__split42__model123,random_forest,weighted,42,123,R_x0.015625,12.089079431998051,-5.999939858606356,33134.0,1190.0,2.265888012098093,0.2977400854936673,0.0329269028792177,0.7478991596638656,0.885551948051948,0.7224025974025974,0.1843786388635635,0.5895785093307495,2.2546108123203967,0.2505950211394244,-0.405199870467186,1.9681479266044257,2.004015791180972,False
random_forest__weighted__split42__model123,random_forest,weighted,42,123,R_x0.0625,48.356317727992206,-3.999939858606356,33134.0,1684.0,0.6523080419855622,0.2561292414548194,0.0329269028792177,0.5534441805225653,0.885551948051948,0.7564935064935064,0.1843786388635635,0.4895097613334656,0.636095884898281,0.2220491369371528,-0.30513112246990204,0.39617880053074284,0.41404674796112817,False
random_forest__weighted__split42__model123,random_forest,weighted,42,123,R_x0.25,193.4252709119688,-1.999939858606356,33134.0,8080.0,0.2489130494574295,0.2245492232153457,0.0329269028792177,0.1227722772277227,0.885551948051948,0.8051948051948052,0.1843786388635635,0.3549111783504486,0.231467153042752,0.1925390975052493,-0.1705325394868851,0.024363826242083803,0.0389280555375027,False
random_forest__weighted__split42__model123,random_forest,weighted,42,123,val_class_ratio,773.6688311688312,0.0,33134.0,33134.0,0.1480657027097289,0.1480657027097289,0.0329269028792177,0.0329269028792177,0.885551948051948,0.885551948051948,0.1843786388635635,0.1843786388635635,0.1303113757491826,0.1303113757491826,0.0,0.0,0.0,True
random_forest__weighted__split42__model123,random_forest,weighted,42,123,R_x1,773.7010836478753,6.014139364405448e-05,33134.0,33134.0,0.1480643013253963,0.1480643013253963,0.0329269028792177,0.0329269028792177,0.885551948051948,0.885551948051948,0.1843786388635635,0.1843786388635635,0.1303099700788698,0.1303099700788698,0.0,0.0,0.0,True
random_forest__weighted__split42__model123,random_forest,weighted,42,123,R_x4,3094.804334591501,2.000060141393644,33134.0,140426.0,0.122852114292388,0.0909077283781263,0.0329269028792177,0.0082961844672638,0.885551948051948,0.9456168831168832,0.1843786388635635,0.091832734644413,0.1050206743378992,0.0812267426786811,0.09254590421915052,0.0319443859142617,0.0237939316592181,False
random_forest__weighted__split42__model123,random_forest,weighted,42,123,R_x16,12379.217338366005,4.000060141393644,33134.0,365106.0,0.1165490675341359,0.023858719388657,0.0329269028792177,0.0033743625139,0.885551948051948,1.0,0.1843786388635635,0.0070868083275854,0.0986983504026565,0.0246435901309945,0.1772918305359781,0.0926903481454789,0.074054760271662,False
random_forest__weighted__split42__model123,random_forest,weighted,42,123,R_x64,49516.86935346402,6.000060141393644,33134.0,365106.0,0.1149733058445729,0.0059646798471642,0.0329269028792177,0.0033743625139,0.885551948051948,1.0,0.1843786388635635,0.0070868083275854,0.0971177694188459,0.0067696637665148,0.1772918305359781,0.1090086259974087,0.09034810565233109,False
random_forest__weighted__split42__model456,random_forest,weighted,42,456,R_x0.015625,12.089079431998051,-5.999939858606356,53831.0,1203.0,3.637076262763207,0.2933399515577836,0.0206572421095651,0.744804655029094,0.9025974025974026,0.7272727272727273,0.1663933545351028,0.5952295064926147,3.622368825897308,0.2511321593499915,-0.42883615195751196,3.3437363112054235,3.3712366665473166,False
random_forest__weighted__split42__model456,random_forest,weighted,42,456,R_x0.0625,48.356317727992206,-3.999939858606356,53831.0,1959.0,0.9823210137427498,0.2632306945941857,0.0206572421095651,0.4742215416028586,0.9025974025974026,0.7540584415584416,0.1663933545351028,0.4918918013572693,0.9646425311496516,0.225769552277124,-0.3254984468221665,0.7190903191485641,0.7388729788725276,False
random_forest__weighted__split42__model456,random_forest,weighted,42,456,R_x0.25,193.4252709119688,-1.999939858606356,53831.0,7191.0,0.3186322014876355,0.2240821693031001,0.0206572421095651,0.1373939646780698,0.9025974025974026,0.801948051948052,0.1663933545351028,0.36563241481781,0.3002109574627375,0.1938087228076718,-0.19923906028270721,0.09455003218453539,0.10640223465506571,False
random_forest__weighted__split42__model456,random_forest,weighted,42,456,val_class_ratio,773.6688311688312,0.0,53831.0,53831.0,0.1527123040625495,0.1527123040625495,0.0206572421095651,0.0206572421095651,0.9025974025974026,0.9025974025974026,0.1663933545351028,0.1663933545351028,0.1341053722600367,0.1341053722600367,0.0,0.0,0.0,True
random_forest__weighted__split42__model456,random_forest,weighted,42,456,R_x1,773.7010836478753,6.014139364405448e-05,53831.0,53831.0,0.1527099984238568,0.1527099984238568,0.0206572421095651,0.0206572421095651,0.9025974025974026,0.9025974025974026,0.1663933545351028,0.1663933545351028,0.134103064041009,0.134103064041009,0.0,0.0,0.0,True
random_forest__weighted__split42__model456,random_forest,weighted,42,456,R_x4,3094.804334591501,2.000060141393644,53831.0,135301.0,0.1112294476579122,0.079820164444662,0.0206572421095651,0.0086991226968019,0.9025974025974026,0.9553571428571428,0.1663933545351028,0.1002676635980606,0.0925760906855769,0.0733332148140775,0.0661256909370422,0.031409283213250205,0.019242875871499407,False
random_forest__weighted__split42__model456,random_forest,weighted,42,456,R_x16,12379.217338366005,4.000060141393644,53831.0,343659.0,0.1008593099664261,0.0232642228781015,0.0206572421095651,0.0035820391725518,0.9025974025974026,0.9991883116883116,0.1663933545351028,0.0198971331119537,0.0821943473467188,0.0248703549519934,0.14649622142314908,0.0775950870883246,0.057323992394725395,False
random_forest__weighted__split42__model456,random_forest,weighted,42,456,R_x64,49516.86935346402,6.000060141393644,53831.0,417060.0,0.0982667755435545,0.0068163179877831,0.0206572421095651,0.0029540114132259,0.9025974025974026,1.0,0.1663933545351028,0.0012431526556611,0.0795989115120043,0.0076367597114723,0.16515020187944168,0.0914504575557714,0.07196215180053199,False
random_forest__weighted__split42__model789,random_forest,weighted,42,789,R_x0.015625,12.089079431998051,-5.999939858606356,35019.0,1145.0,2.3862993888468926,0.3052646501153379,0.0313544076072988,0.7668122270742358,0.8912337662337663,0.7126623376623377,0.1887541115283966,0.6248892545700073,2.3785926917058786,0.2538045370890454,-0.4361351430416107,2.081034738731555,2.1247881546168332,False
random_forest__weighted__split42__model789,random_forest,weighted,42,789,R_x0.0625,48.356317727992206,-3.999939858606356,35019.0,1423.0,0.6781495225363985,0.2716315810633266,0.0313544076072988,0.6380885453267744,0.8912337662337663,0.737012987012987,0.1887541115283966,0.5429751873016357,0.6640475235758203,0.2302798528786256,-0.35422107577323914,0.4065179414730719,0.4337676706971947,False
random_forest__weighted__split42__model789,random_forest,weighted,42,789,R_x0.25,193.4252709119688,-1.999939858606356,35019.0,18239.0,0.2511120559587749,0.2214908288651676,0.0313544076072988,0.0574592905312791,0.8912337662337663,0.8506493506493507,0.1887541115283966,0.2663535475730896,0.2354112315433056,0.1945900273845942,-0.077599436044693,0.02962122709360729,0.040821204158711405,False
random_forest__weighted__split42__model789,random_forest,weighted,42,789,val_class_ratio,773.6688311688312,0.0,35019.0,35019.0,0.1443541728320779,0.1443541728320779,0.0313544076072988,0.0313544076072988,0.8912337662337663,0.8912337662337663,0.1887541115283966,0.1887541115283966,0.1282536476071664,0.1282536476071664,0.0,0.0,0.0,True
random_forest__weighted__split42__model789,random_forest,weighted,42,789,R_x1,773.7010836478753,6.014139364405448e-05,35019.0,35019.0,0.144352689314369,0.144352689314369,0.0313544076072988,0.0313544076072988,0.8912337662337663,0.8912337662337663,0.1887541115283966,0.1887541115283966,0.128252158535177,0.128252158535177,0.0,0.0,0.0,True
random_forest__weighted__split42__model789,random_forest,weighted,42,789,R_x4,3094.804334591501,2.000060141393644,35019.0,144185.0,0.1176628476532675,0.0853980135974309,0.0313544076072988,0.0081353816277698,0.8912337662337663,0.9521103896103896,0.1887541115283966,0.0979994609951973,0.1014623902831449,0.0780673781640989,0.09075465053319931,0.03226483405583659,0.023395012119046002,False
random_forest__weighted__split42__model789,random_forest,weighted,42,789,R_x16,12379.217338366005,4.000060141393644,35019.0,351333.0,0.1109903872379922,0.0229556426584153,0.0313544076072988,0.0035066446932112,0.8912337662337663,1.0,0.1887541115283966,0.0095515623688697,0.0947649482201368,0.0245803306543763,0.1792025491595269,0.08803474457957691,0.0701846175657605,False
random_forest__weighted__split42__model789,random_forest,weighted,42,789,R_x64,49516.86935346402,6.000060141393644,35019.0,375578.0,0.1093222721341733,0.0061363385184612,0.0313544076072988,0.0032802773325381,0.8912337662337663,1.0,0.1887541115283966,0.0054688672535121,0.0930905877043848,0.0069547967911164,0.18328524427488452,0.1031859336157121,0.08613579091326841,False
random_forest__weighted__split123__model42,random_forest,weighted,123,42,R_x0.015625,12.089079431998051,-5.999939858606356,28133.0,1357.0,1.91868469057324,0.2614959938867582,0.0392421711157715,0.6956521739130435,0.8961038961038961,0.7662337662337663,0.234475091099739,0.5660543441772461,1.9025153639715824,0.2636132904277319,-0.33157925307750713,1.6571886966864817,1.6389020735438504,False
random_forest__weighted__split123__model42,random_forest,weighted,123,42,R_x0.0625,48.356317727992206,-3.999939858606356,28133.0,2795.0,0.5575932505653878,0.2234126280952955,0.0392421711157715,0.3556350626118068,0.8961038961038961,0.8068181818181818,0.234475091099739,0.4394018352031708,0.554768451382506,0.2274207129464964,-0.20492674410343178,0.3341806224700923,0.32734773843600956,False
random_forest__weighted__split123__model42,random_forest,weighted,123,42,R_x0.25,193.4252709119688,-1.999939858606356,28133.0,8849.0,0.2173203905634248,0.1886137830810166,0.0392421711157715,0.1175274042264662,0.8961038961038961,0.8441558441558441,0.234475091099739,0.3503864705562591,0.2178317232352369,0.1881018232240698,-0.11591137945652011,0.02870660748240822,0.0297299000111671,False
random_forest__weighted__split123__model42,random_forest,weighted,123,42,val_class_ratio,773.6688311688312,0.0,28133.0,28133.0,0.1322533576625229,0.1322533576625229,0.0392421711157715,0.0392421711157715,0.8961038961038961,0.8961038961038961,0.234475091099739,0.234475091099739,0.133598711708368,0.133598711708368,0.0,0.0,0.0,True
random_forest__weighted__split123__model42,random_forest,weighted,123,42,R_x1,773.7010836478753,6.014139364405448e-05,28133.0,28133.0,0.1322521755629341,0.1322521755629341,0.0392421711157715,0.0392421711157715,0.8961038961038961,0.8961038961038961,0.234475091099739,0.234475091099739,0.1335975411984196,0.1335975411984196,0.0,0.0,0.0,True
random_forest__weighted__split123__model42,random_forest,weighted,123,42,R_x4,3094.804334591501,2.000060141393644,28133.0,136051.0,0.1109851218128114,0.0702734632978586,0.0392421711157715,0.0087393697951503,0.8961038961038961,0.9650974025974026,0.234475091099739,0.0954587906599044,0.1125389956892152,0.0702629723171834,0.1390163004398346,0.0407116585149528,0.042276023372031804,False
random_forest__weighted__split123__model42,random_forest,weighted,123,42,R_x16,12379.217338366005,4.000060141393644,28133.0,340137.0,0.1056683583752807,0.0222215362856725,0.0392421711157715,0.0036220699306455,0.8961038961038961,1.0,0.234475091099739,0.0161064937710762,0.1072743593119142,0.0230473218526431,0.2183685973286628,0.0834468220896082,0.0842270374592711,False
random_forest__weighted__split123__model42,random_forest,weighted,123,42,R_x64,49516.86935346402,6.000060141393644,28133.0,340137.0,0.104339167515898,0.0055553840714181,0.0392421711157715,0.0036220699306455,0.8961038961038961,1.0,0.234475091099739,0.0161064937710762,0.1059582002175889,0.006370596696927,0.2183685973286628,0.0987837834444799,0.0995876035206619,False
random_forest__weighted__split123__model123,random_forest,weighted,123,123,R_x0.015625,12.089079431998051,-5.999939858606356,40478.0,1206.0,2.724706496466297,0.2610246466304061,0.0279163990315727,0.7736318407960199,0.9172077922077922,0.7573051948051948,0.1973086297512054,0.6260160207748413,2.7091042130543945,0.2661633456058195,-0.4287073910236359,2.463681849835891,2.442940867448575,False
random_forest__weighted__split123__model123,random_forest,weighted,123,123,R_x0.0625,48.356317727992206,-3.999939858606356,40478.0,2975.0,0.7432707799607299,0.2264340305297352,0.0279163990315727,0.3341176470588235,0.9172077922077922,0.8068181818181818,0.1973086297512054,0.4445904493331909,0.7436315727441182,0.2374499935200917,-0.24728181958198553,0.5168367494309947,0.5061815792240265,False
random_forest__weighted__split123__model123,random_forest,weighted,123,123,R_x0.25,193.4252709119688,-1.999939858606356,40478.0,11335.0,0.2479118508343383,0.1876236284089565,0.0279163990315727,0.0929863255403617,0.9172077922077922,0.8555194805194806,0.1973086297512054,0.3250156044960022,0.252263412666549,0.1925273294172469,-0.1277069747447968,0.060288222425381816,0.0597360832493021,False
random_forest__weighted__split123__model123,random_forest,weighted,123,123,val_class_ratio,773.6688311688312,0.0,40478.0,40478.0,0.1240738394175382,0.1240738394175382,0.0279163990315727,0.0279163990315727,0.9172077922077922,0.9172077922077922,0.1973086297512054,0.1973086297512054,0.1294230796481205,0.1294230796481205,0.0,0.0,0.0,True
random_forest__weighted__split123__model123,random_forest,weighted,123,123,R_x1,773.7010836478753,6.014139364405448e-05,40478.0,40478.0,0.1240721185527404,0.1240721185527404,0.0279163990315727,0.0279163990315727,0.9172077922077922,0.9172077922077922,0.1973086297512054,0.1973086297512054,0.1294213726471567,0.1294213726471567,0.0,0.0,0.0,True
random_forest__weighted__split123__model123,random_forest,weighted,123,123,R_x4,3094.804334591501,2.000060141393644,40478.0,140313.0,0.0931121854823409,0.0713912772887945,0.0279163990315727,0.0084739118969731,0.9172077922077922,0.9650974025974026,0.1973086297512054,0.0982058867812156,0.0987108626423086,0.0713191517966529,0.09910274296998979,0.021720908193546398,0.027391710845655712,False
random_forest__weighted__split123__model123,random_forest,weighted,123,123,R_x16,12379.217338366005,4.000060141393644,40478.0,346248.0,0.085372202214741,0.0234339800591511,0.0279163990315727,0.0035552551928097,0.9172077922077922,0.9991883116883116,0.1973086297512054,0.0099742170423269,0.0910332351410966,0.0226380282184755,0.1873344127088785,0.061938222155589896,0.0683952069226211,False
random_forest__weighted__split123__model123,random_forest,weighted,123,123,R_x64,49516.86935346402,6.000060141393644,40478.0,346248.0,0.083437206397841,0.006467261248554,0.0279163990315727,0.0035552551928097,0.9172077922077922,0.9991883116883116,0.1973086297512054,0.0099742170423269,0.0891138282657936,0.0056595070546188,0.1873344127088785,0.076969945149287,0.0834543212111748,False
random_forest__weighted__split123__model456,random_forest,weighted,123,456,R_x0.015625,12.089079431998051,-5.999939858606356,41098.0,1211.0,2.775123013665336,0.2631180191880289,0.0272519344007007,0.7687861271676301,0.9090909090909092,0.7556818181818182,0.1909539401531219,0.6325492858886719,2.755213013899328,0.2677315419445507,-0.44159534573555,2.5120049944773073,2.4874814719547773,False
random_forest__weighted__split123__model456,random_forest,weighted,123,456,R_x0.0625,48.356317727992206,-3.999939858606356,41098.0,2573.0,0.7619625715981521,0.2304563922094775,0.0272519344007007,0.3812670034978624,0.9090909090909092,0.7962662337662337,0.1909539401531219,0.4764687418937683,0.7533324742540527,0.2314467407852105,-0.2855148017406464,0.5315061793886746,0.5218857334688423,False
random_forest__weighted__split123__model456,random_forest,weighted,123,456,R_x0.25,193.4252709119688,-1.999939858606356,41098.0,16805.0,0.2586724610813561,0.1893648918232408,0.0272519344007007,0.0642665873252008,0.9090909090909092,0.8766233766233766,0.1909539401531219,0.2755171358585357,0.252862339342734,0.1856355534654312,-0.08456319570541382,0.06930756925811532,0.0672267858773028,False
random_forest__weighted__split123__model456,random_forest,weighted,123,456,val_class_ratio,773.6688311688312,0.0,41098.0,41098.0,0.1328516818696851,0.1328516818696851,0.0272519344007007,0.0272519344007007,0.9090909090909092,0.9090909090909092,0.1909539401531219,0.1909539401531219,0.1277465442359059,0.1277465442359059,0.0,0.0,0.0,True
random_forest__weighted__split123__model456,random_forest,weighted,123,456,R_x1,773.7010836478753,6.014139364405448e-05,41098.0,41098.0,0.1328499334521572,0.1328499334521572,0.0272519344007007,0.0272519344007007,0.9090909090909092,0.9090909090909092,0.1909539401531219,0.1909539401531219,0.1277448056149042,0.1277448056149042,0.0,0.0,0.0,True
random_forest__weighted__split123__model456,random_forest,weighted,123,456,R_x4,3094.804334591501,2.000060141393644,41098.0,125844.0,0.1013943015448574,0.0716561802351062,0.0272519344007007,0.0094084739836623,0.9090909090909092,0.961038961038961,0.1909539401531219,0.1037765443325042,0.0964654221829468,0.0732549030538963,0.08717739582061769,0.029738121309751203,0.023210519129050505,False
random_forest__weighted__split123__model456,random_forest,weighted,123,456,R_x16,12379.217338366005,4.000060141393644,41098.0,336113.0,0.0935303935680325,0.0243929497626454,0.0272519344007007,0.0036565083766471,0.9090909090909092,0.997564935064935,0.1909539401531219,0.0265201218426227,0.0886455763249574,0.0235969323533406,0.1644338183104992,0.0691374438053871,0.0650486439716168,False
random_forest__weighted__split123__model456,random_forest,weighted,123,456,R_x64,49516.86935346402,6.000060141393644,41098.0,369796.0,0.0915644165738263,0.0060415590649242,0.0272519344007007,0.0033315665934731,0.9090909090909092,1.0,0.1909539401531219,0.005314327776432,0.0866906148604601,0.0060379527903171,0.18563961237668988,0.0855228575089021,0.080652662070143,False
random_forest__weighted__split123__model789,random_forest,weighted,123,789,R_x0.015625,12.089079431998051,-5.999939858606356,48710.0,1396.0,3.272148731611747,0.2579627285472083,0.0233216998562923,0.6812320916905444,0.922077922077922,0.7719155844155844,0.1878827363252639,0.5622672438621521,3.2738452315072823,0.2600009208201856,-0.37438450753688823,3.0141860030645384,3.0138443106870967,False
random_forest__weighted__split123__model789,random_forest,weighted,123,789,R_x0.0625,48.356317727992206,-3.999939858606356,48710.0,2287.0,0.8764787413444952,0.2306265627371455,0.0233216998562923,0.4263226934849147,0.922077922077922,0.7913961038961039,0.1878827363252639,0.4663788080215454,0.8787291650196777,0.2277382874369146,-0.27849607169628154,0.6458521786073497,0.6509908775827631,False
random_forest__weighted__split123__model789,random_forest,weighted,123,789,R_x0.25,193.4252709119688,-1.999939858606356,48710.0,14464.0,0.2775612437776822,0.1852523304467502,0.0233216998562923,0.0741841814159292,0.922077922077922,0.8709415584415584,0.1878827363252639,0.3036549687385559,0.2799501483977765,0.1890128281540178,-0.11577223241329201,0.092308913330932,0.0909373202437587,False
random_forest__weighted__split123__model789,random_forest,weighted,123,789,val_class_ratio,773.6688311688312,0.0,48710.0,48710.0,0.1278339500107094,0.1278339500107094,0.0233216998562923,0.0233216998562923,0.922077922077922,0.922077922077922,0.1878827363252639,0.1878827363252639,0.1302574743859522,0.1302574743859522,0.0,0.0,0.0,True
random_forest__weighted__split123__model789,random_forest,weighted,123,789,R_x1,773.7010836478753,6.014139364405448e-05,48710.0,48710.0,0.1278318693859789,0.1278318693859789,0.0233216998562923,0.0233216998562923,0.922077922077922,0.922077922077922,0.1878827363252639,0.1878827363252639,0.1302553942423012,0.1302553942423012,0.0,0.0,0.0,True
random_forest__weighted__split123__model789,random_forest,weighted,123,789,R_x4,3094.804334591501,2.000060141393644,48710.0,111626.0,0.0903995257880531,0.0736108152575648,0.0233216998562923,0.0105441384623654,0.922077922077922,0.9553571428571428,0.1878827363252639,0.1144895479083061,0.0928317057034324,0.0720044864777852,0.0733931884169578,0.016788710530488304,0.02082721922564719,False
random_forest__weighted__split123__model789,random_forest,weighted,123,789,R_x16,12379.217338366005,4.000060141393644,48710.0,338918.0,0.0810414398885717,0.0229533620069714,0.0233216998562923,0.003632147009011,0.922077922077922,0.9991883116883116,0.1878827363252639,0.0266471318900585,0.0834757835687152,0.022980114007693,0.1612356044352054,0.058088077881600295,0.0604956695610222,False
random_forest__weighted__split123__model789,random_forest,weighted,123,789,R_x64,49516.86935346402,6.000060141393644,48710.0,338918.0,0.0787019184137013,0.006347106735509,0.0233216998562923,0.003632147009011,0.922077922077922,0.9991883116883116,0.1878827363252639,0.0266471318900585,0.0811368030350359,0.0063537947356894,0.1612356044352054,0.0723548116781923,0.0747830082993465,False
random_forest__weighted__split456__model42,random_forest,weighted,456,42,R_x0.015625,12.089079431998051,-5.999939858606356,47992.0,1341.0,3.2423960195615464,0.2709676845217345,0.0232330388398066,0.6950037285607755,0.9050324675324676,0.7564935064935064,0.173733577132225,0.5685431957244873,3.1896009690341938,0.2871462704708552,-0.39480961859226227,2.971428335039812,2.9024546985633384,False
random_forest__weighted__split456__model42,random_forest,weighted,456,42,R_x0.0625,48.356317727992206,-3.999939858606356,47992.0,1977.0,0.881824654241036,0.2403355661761107,0.0232330388398066,0.4840667678300455,0.9050324675324676,0.7767857142857143,0.173733577132225,0.4974178969860077,0.8527979695312756,0.255965051922989,-0.32368431985378265,0.6414890880649252,0.5968329176082866,False
random_forest__weighted__split456__model42,random_forest,weighted,456,42,R_x0.25,193.4252709119688,-1.999939858606356,47992.0,18352.0,0.2916818129109083,0.2064632118164749,0.0232330388398066,0.058140802092415,0.9050324675324676,0.8660714285714286,0.173733577132225,0.2514003813266754,0.2685972196555461,0.1906442612323094,-0.0776668041944504,0.08521860109443338,0.07795295842323671,False
random_forest__weighted__split456__model42,random_forest,weighted,456,42,val_class_ratio,773.6688311688312,0.0,47992.0,47992.0,0.1441481527201658,0.1441481527201658,0.0232330388398066,0.0232330388398066,0.9050324675324676,0.9050324675324676,0.173733577132225,0.173733577132225,0.1225490616857229,0.1225490616857229,0.0,0.0,0.0,True
random_forest__weighted__split456__model42,random_forest,weighted,456,42,R_x1,773.7010836478753,6.014139364405448e-05,47992.0,47992.0,0.1441461025783764,0.1441461025783764,0.0232330388398066,0.0232330388398066,0.9050324675324676,0.9050324675324676,0.173733577132225,0.173733577132225,0.1225470321866138,0.1225470321866138,0.0,0.0,0.0,True
random_forest__weighted__split456__model42,random_forest,weighted,456,42,R_x4,3094.804334591501,2.000060141393644,47992.0,113238.0,0.1072621749952434,0.0821531076408247,0.0232330388398066,0.0103057277592327,0.9050324675324676,0.9472402597402596,0.173733577132225,0.1126269549131393,0.0860344853193807,0.0722785633479232,0.06110662221908571,0.0251090673544187,0.013755921971457502,False
random_forest__weighted__split456__model42,random_forest,weighted,456,42,R_x16,12379.217338366005,4.000060141393644,47992.0,354688.0,0.0980411930994601,0.0231756254094471,0.0232330388398066,0.0034734752796824,0.9050324675324676,1.0,0.173733577132225,0.0156659111380577,0.0769063486025724,0.0239776095640109,0.1580676659941673,0.07486556769001301,0.05292873903856149,False
random_forest__weighted__split456__model42,random_forest,weighted,456,42,R_x64,49516.86935346402,6.000060141393644,47992.0,354688.0,0.0957359476255143,0.0057939063523617,0.0232330388398066,0.0034734752796824,0.9050324675324676,1.0,0.173733577132225,0.0156659111380577,0.0746243144233703,0.0066031686247689,0.1580676659941673,0.0899420412731526,0.0680211457986014,False
random_forest__weighted__split456__model123,random_forest,weighted,456,123,R_x0.015625,12.089079431998051,-5.999939858606356,28398.0,1420.0,1.943508038502347,0.270998940823029,0.0385942672019156,0.6605633802816901,0.8896103896103896,0.7613636363636364,0.198261559009552,0.5621051788330078,1.9104036179245265,0.2875803804300751,-0.3638436198234558,1.6725090976793182,1.6228232374944513,False
random_forest__weighted__split456__model123,random_forest,weighted,456,123,R_x0.0625,48.356317727992206,-3.999939858606356,28398.0,2367.0,0.5686692174177946,0.2352833037866373,0.0385942672019156,0.4102239121250528,0.8896103896103896,0.7881493506493507,0.198261559009552,0.469338446855545,0.546391488896716,0.2521500980680471,-0.271076887845993,0.3333859136311573,0.29424139082866885,False
random_forest__weighted__split456__model123,random_forest,weighted,456,123,R_x0.25,193.4252709119688,-1.999939858606356,28398.0,19459.0,0.2249595121466564,0.2029497710198422,0.0385942672019156,0.0553471401408088,0.8896103896103896,0.8741883116883117,0.198261559009552,0.2415456175804138,0.2053884566397633,0.1916904172778226,-0.04328405857086179,0.022009741126814197,0.013698039361940695,False
random_forest__weighted__split456__model123,random_forest,weighted,456,123,val_class_ratio,773.6688311688312,0.0,28398.0,28398.0,0.1390332798679771,0.1390332798679771,0.0385942672019156,0.0385942672019156,0.8896103896103896,0.8896103896103896,0.198261559009552,0.198261559009552,0.1201388832117146,0.1201388832117146,0.0,0.0,0.0,True
random_forest__weighted__split456__model123,random_forest,weighted,456,123,R_x1,773.7010836478753,6.014139364405448e-05,28398.0,28398.0,0.1390320858288719,0.1390320858288719,0.0385942672019156,0.0385942672019156,0.8896103896103896,0.8896103896103896,0.198261559009552,0.198261559009552,0.1201376985755252,0.1201376985755252,0.0,0.0,0.0,True
random_forest__weighted__split456__model123,random_forest,weighted,456,123,R_x4,3094.804334591501,2.000060141393644,28398.0,92400.0,0.1175502292494257,0.0888670900511895,0.0385942672019156,0.0124675324675324,0.8896103896103896,0.935064935064935,0.198261559009552,0.1247675195336341,0.0988250090594657,0.0756954358042941,0.0734940394759179,0.028683139198236188,0.023129573255171607,False
random_forest__weighted__split456__model123,random_forest,weighted,456,123,R_x16,12379.217338366005,4.000060141393644,28398.0,346570.0,0.1121797651045642,0.0234550931577598,0.0385942672019156,0.0035519519866116,0.8896103896103896,0.9991883116883116,0.198261559009552,0.0128289768472313,0.0934968366804508,0.0242441602923674,0.1854325821623207,0.0887246719468044,0.06925267638808341,False
random_forest__weighted__split456__model123,random_forest,weighted,456,123,R_x64,49516.86935346402,6.000060141393644,28398.0,378260.0,0.1108371490683488,0.0069920069881985,0.0385942672019156,0.0032543752974144,0.8896103896103896,0.9991883116883116,0.198261559009552,0.0040575535967946,0.0921647935856971,0.0061765648724874,0.1942040054127574,0.10384514208015029,0.0859882287132097,False
random_forest__weighted__split456__model456,random_forest,weighted,456,456,R_x0.015625,12.089079431998051,-5.999939858606356,38316.0,1224.0,2.5980003374087413,0.2683850217202463,0.028943522288339,0.7565359477124183,0.9001623376623377,0.7516233766233766,0.1766688525676727,0.6124719977378845,2.5336568153541967,0.2859184151874602,-0.4358031451702118,2.329615315688495,2.2477384001667366,False
random_forest__weighted__split456__model456,random_forest,weighted,456,456,R_x0.0625,48.356317727992206,-3.999939858606356,38316.0,2643.0,0.724378331105432,0.2382591730912411,0.028943522288339,0.368142262580401,0.9001623376623377,0.7897727272727273,0.1766688525676727,0.4598259031772613,0.6924645285138739,0.2499872683972376,-0.2831570506095886,0.4861191580141909,0.44247726011663624,False
random_forest__weighted__split456__model456,random_forest,weighted,456,456,R_x0.25,193.4252709119688,-1.999939858606356,38316.0,20399.0,0.2559728295296047,0.2019990715299439,0.028943522288339,0.0530908377861659,0.9001623376623377,0.8790584415584416,0.1766688525676727,0.2324118167161941,0.2321664568037931,0.1889281306975298,-0.055742964148521396,0.05397375799966081,0.0432383261062633,False
random_forest__weighted__split456__model456,random_forest,weighted,456,456,val_class_ratio,773.6688311688312,0.0,38316.0,38316.0,0.138873081364898,0.138873081364898,0.028943522288339,0.028943522288339,0.9001623376623377,0.9001623376623377,0.1766688525676727,0.1766688525676727,0.1170935379405101,0.1170935379405101,0.0,0.0,0.0,True
random_forest__weighted__split456__model456,random_forest,weighted,456,456,R_x1,773.7010836478753,6.014139364405448e-05,38316.0,38316.0,0.1388714541356479,0.1388714541356479,0.028943522288339,0.028943522288339,0.9001623376623377,0.9001623376623377,0.1766688525676727,0.1766688525676727,0.1170919388762729,0.1170919388762729,0.0,0.0,0.0,True
random_forest__weighted__split456__model456,random_forest,weighted,456,456,R_x4,3094.804334591501,2.000060141393644,38316.0,115199.0,0.1095961102871587,0.0802315762098078,0.028943522288339,0.0101563381626576,0.9001623376623377,0.9496753246753248,0.1766688525676727,0.1086743995547294,0.0883233093943929,0.0719426410098524,0.0679944530129433,0.0293645340773509,0.016380668384540498,False
random_forest__weighted__split456__model456,random_forest,weighted,456,456,R_x16,12379.217338366005,4.000060141393644,38316.0,341468.0,0.1022772743250364,0.0231205620114814,0.028943522288339,0.0036050230182623,0.9001623376623377,0.9991883116883116,0.1766688525676727,0.0133102424442768,0.0811311520239228,0.0239146779305388,0.1633586101233959,0.079156712313555,0.057216474093384005,False
random_forest__weighted__split456__model456,random_forest,weighted,456,456,R_x64,49516.86935346402,6.000060141393644,38316.0,381829.0,0.1004475653345058,0.0070505105976197,0.028943522288339,0.0032239562736198,0.9001623376623377,0.9991883116883116,0.1766688525676727,0.0037544923834502,0.0793331126813053,0.0062370847172571,0.17291436018422252,0.0933970547368861,0.0730960279640482,False
random_forest__weighted__split456__model789,random_forest,weighted,456,789,R_x0.015625,12.089079431998051,-5.999939858606356,34132.0,1370.0,2.329380681514297,0.2641265046549481,0.0320813313020039,0.6875912408759124,0.8887987012987013,0.7646103896103896,0.192260593175888,0.5678682923316956,2.2686701746990243,0.282325339889533,-0.37560769915580755,2.065254176859349,1.9863448348094912,False
random_forest__weighted__split456__model789,random_forest,weighted,456,789,R_x0.0625,48.356317727992206,-3.999939858606356,34132.0,2307.0,0.6657461444045483,0.2359331174033611,0.0320813313020039,0.4200260078023407,0.8887987012987013,0.786525974025974,0.192260593175888,0.4774719476699829,0.6286529332851457,0.2532027653426963,-0.2852113544940949,0.4298130270011872,0.3754501679424494,False
random_forest__weighted__split456__model789,random_forest,weighted,456,789,R_x0.25,193.4252709119688,-1.999939858606356,34132.0,20252.0,0.2498375101271111,0.2079092794979127,0.0320813313020039,0.0530811771676871,0.8887987012987013,0.872564935064935,0.192260593175888,0.2418513894081115,0.218648622931676,0.1907439141801943,-0.04959079623222348,0.0419282306291984,0.02790470875148171,False
random_forest__weighted__split456__model789,random_forest,weighted,456,789,val_class_ratio,773.6688311688312,0.0,34132.0,34132.0,0.1458617964141695,0.1458617964141695,0.0320813313020039,0.0320813313020039,0.8887987012987013,0.8887987012987013,0.192260593175888,0.192260593175888,0.1161489696882495,0.1161489696882495,0.0,0.0,0.0,True
random_forest__weighted__split456__model789,random_forest,weighted,456,789,R_x1,773.7010836478753,6.014139364405448e-05,34132.0,34132.0,0.1458603515577518,0.1458603515577518,0.0320813313020039,0.0320813313020039,0.8887987012987013,0.8887987012987013,0.192260593175888,0.192260593175888,0.1161475453433086,0.1161475453433086,0.0,0.0,0.0,True
random_forest__weighted__split456__model789,random_forest,weighted,456,789,R_x4,3094.804334591501,2.000060141393644,34132.0,96805.0,0.1198660619154119,0.0819029034359871,0.0320813313020039,0.0120035122152781,0.8887987012987013,0.9431818181818182,0.192260593175888,0.1242184415459632,0.0905222759462167,0.0752874392921322,0.0680421516299248,0.03796315847942479,0.015234836654084496,False
random_forest__weighted__split456__model789,random_forest,weighted,456,789,R_x16,12379.217338366005,4.000060141393644,34132.0,353172.0,0.113367489504827,0.0238879772478677,0.0320813313020039,0.0034855537811604,0.8887987012987013,0.9991883116883116,0.192260593175888,0.0105710076168179,0.0841159585969437,0.0238641102668318,0.1816895855590701,0.0894795122569593,0.06025184833011189,False
random_forest__weighted__split456__model789,random_forest,weighted,456,789,R_x64,49516.86935346402,6.000060141393644,34132.0,392077.0,0.1117428464021807,0.0072184974256804,0.0320813313020039,0.0031396893977458,0.8887987012987013,0.9991883116883116,0.192260593175888,0.006094844546169,0.0825143792596255,0.006399711309879,0.18616574862971902,0.1045243489765003,0.0761146679497465,False
random_forest__weighted__split789__model42,random_forest,weighted,789,42,R_x0.015625,12.089079431998051,-5.999939858606356,47666.0,1232.0,3.1976580421927,0.2680433293428042,0.0239373977258423,0.752435064935065,0.9261363636363636,0.752435064935065,0.1782072782516479,0.62479168176651,3.2056898400457485,0.2666705788371979,-0.4465844035148621,2.929614712849896,2.939019261208551,False
random_forest__weighted__split789__model42,random_forest,weighted,789,42,R_x0.0625,48.356317727992206,-3.999939858606356,47666.0,2302.0,0.8548122378209021,0.2449624022464139,0.0239373977258423,0.4161598609904431,0.9261363636363636,0.7775974025974026,0.1782072782516479,0.517177402973175,0.861081550920528,0.242913405400194,-0.33897012472152716,0.6098498355744881,0.618168145520334,False
random_forest__weighted__split789__model42,random_forest,weighted,789,42,R_x0.25,193.4252709119688,-1.999939858606356,47666.0,13162.0,0.2691007867279528,0.1920268982705138,0.0239373977258423,0.080382920528795,0.9261363636363636,0.8587662337662337,0.1782072782516479,0.3250899910926819,0.2749294786392229,0.1905881629070197,-0.146882712841034,0.07707388845743898,0.08434131573220321,False
random_forest__weighted__split789__model42,random_forest,weighted,789,42,val_class_ratio,773.6688311688312,0.0,47666.0,47666.0,0.1226749587019636,0.1226749587019636,0.0239373977258423,0.0239373977258423,0.9261363636363636,0.9261363636363636,0.1782072782516479,0.1782072782516479,0.128393496846852,0.128393496846852,0.0,0.0,0.0,True
random_forest__weighted__split789__model42,random_forest,weighted,789,42,R_x1,773.7010836478753,6.014139364405448e-05,47666.0,47666.0,0.1226729239547154,0.1226729239547154,0.0239373977258423,0.0239373977258423,0.9261363636363636,0.9261363636363636,0.1782072782516479,0.1782072782516479,0.1283914605688966,0.1283914605688966,0.0,0.0,0.0,True
random_forest__weighted__split789__model42,random_forest,weighted,789,42,R_x4,3094.804334591501,2.000060141393644,47666.0,144674.0,0.0860659582614061,0.0741589576293118,0.0239373977258423,0.0082046532203436,0.9261363636363636,0.963474025974026,0.1782072782516479,0.1010046303272247,0.091756956051315,0.0685356266647575,0.07720264792442319,0.011907000632094308,0.023221329386557493,False
random_forest__weighted__split789__model42,random_forest,weighted,789,42,R_x16,12379.217338366005,4.000060141393644,47666.0,345312.0,0.0769142168380788,0.0241843617025191,0.0239373977258423,0.0035619961078676,0.9261363636363636,0.9983766233766234,0.1782072782516479,0.0166406016796827,0.0825983299219196,0.0234128669605424,0.1615666765719652,0.052729855135559695,0.059185462961377194,False
random_forest__weighted__split789__model42,random_forest,weighted,789,42,R_x64,49516.86935346402,6.000060141393644,47666.0,345312.0,0.0746262814822469,0.0072636228931622,0.0239373977258423,0.0035619961078676,0.9261363636363636,0.9983766233766234,0.1782072782516479,0.0166406016796827,0.0803086733895708,0.0064619829739018,0.1615666765719652,0.0673626585890847,0.073846690415669,False
random_forest__weighted__split789__model123,random_forest,weighted,789,123,R_x0.015625,12.089079431998051,-5.999939858606356,53781.0,1371.0,3.611748384246933,0.268587799871315,0.0211412952529703,0.6834427425237053,0.9228896103896104,0.760551948051948,0.1707752645015716,0.5867388844490051,3.60820778658944,0.2622106349429371,-0.4159636199474335,3.343160584375618,3.345997151646503,False
random_forest__weighted__split789__model123,random_forest,weighted,789,123,R_x0.0625,48.356317727992206,-3.999939858606356,53781.0,1654.0,0.9607698882695256,0.2431985661708847,0.0211412952529703,0.5725513905683193,0.9228896103896104,0.7686688311688312,0.1707752645015716,0.5442072153091431,0.9617110375564508,0.2335758054141866,-0.37343195080757147,0.7175713220986408,0.7281352321422643,False
random_forest__weighted__split789__model123,random_forest,weighted,789,123,R_x0.25,193.4252709119688,-1.999939858606356,53781.0,15730.0,0.2980252642751735,0.1979079253962653,0.0211412952529703,0.0676414494596312,0.9228896103896104,0.8636363636363636,0.1707752645015716,0.2863686382770538,0.3000868502982036,0.1917543266766333,-0.11559337377548218,0.1001173388789082,0.10833252362157028,False
random_forest__weighted__split789__model123,random_forest,weighted,789,123,val_class_ratio,773.6688311688312,0.0,53781.0,53781.0,0.1323414106351913,0.1323414106351913,0.0211412952529703,0.0211412952529703,0.9228896103896104,0.9228896103896104,0.1707752645015716,0.1707752645015716,0.1346831019498777,0.1346831019498777,0.0,0.0,0.0,True
random_forest__weighted__split789__model123,random_forest,weighted,789,123,R_x1,773.7010836478753,6.014139364405448e-05,53781.0,53781.0,0.1323391082765855,0.1323391082765855,0.0211412952529703,0.0211412952529703,0.9228896103896104,0.9228896103896104,0.1707752645015716,0.1707752645015716,0.1346808034836418,0.1346808034836418,0.0,0.0,0.0,True
random_forest__weighted__split789__model123,random_forest,weighted,789,123,R_x4,3094.804334591501,2.000060141393644,53781.0,141733.0,0.0909175692769385,0.0782593117924034,0.0211412952529703,0.0083325689853456,0.9228896103896104,0.958603896103896,0.1707752645015716,0.1018598303198814,0.0933292917800013,0.0719082203615619,0.0689154341816902,0.012658257484535099,0.021421071418439394,False
random_forest__weighted__split789__model123,random_forest,weighted,789,123,R_x16,12379.217338366005,4.000060141393644,53781.0,336890.0,0.0805621845270268,0.0268791582285016,0.0211412952529703,0.0036391700555077,0.9228896103896104,0.99512987012987,0.1707752645015716,0.0213438719511032,0.0829914138540912,0.0228779580833688,0.1494313925504684,0.053683026298525206,0.0601134557707224,False
random_forest__weighted__split789__model123,random_forest,weighted,789,123,R_x64,49516.86935346402,6.000060141393644,53781.0,336890.0,0.0779733383395488,0.0103723869597228,0.0211412952529703,0.0036391700555077,0.9228896103896104,0.99512987012987,0.1707752645015716,0.0213438719511032,0.0804069443726137,0.0063282557546084,0.1494313925504684,0.067600951379826,0.0740786886180053,False
random_forest__weighted__split789__model456,random_forest,weighted,789,456,R_x0.015625,12.089079431998051,-5.999939858606356,34318.0,1364.0,2.316383057857715,0.2707542957010964,0.0327524914039279,0.6847507331378299,0.9123376623376624,0.7581168831168831,0.2023001313209533,0.6047390103340149,2.324085125324997,0.2647979274181569,-0.4024388790130616,2.045628762156619,2.0592871979068397,False
random_forest__weighted__split789__model456,random_forest,weighted,789,456,R_x0.0625,48.356317727992206,-3.999939858606356,34318.0,1929.0,0.644842517711182,0.2420152805025657,0.0327524914039279,0.494556765163297,0.9123376623376624,0.7743506493506493,0.2023001313209533,0.5307530164718628,0.6516381644481324,0.2338480406784419,-0.3284528851509095,0.40282723720861624,0.4177901237696905,False
random_forest__weighted__split789__model456,random_forest,weighted,789,456,R_x0.25,193.4252709119688,-1.999939858606356,34318.0,15938.0,0.2269573826745487,0.194701351468645,0.0327524914039279,0.0670724055715899,0.9123376623376624,0.8676948051948052,0.2023001313209533,0.2880265116691589,0.2335264242289162,0.1906009459875029,-0.08572638034820557,0.0322560312059037,0.042925478241413295,False
random_forest__weighted__split789__model456,random_forest,weighted,789,456,val_class_ratio,773.6688311688312,0.0,34318.0,34318.0,0.1224875506381234,0.1224875506381234,0.0327524914039279,0.0327524914039279,0.9123376623376624,0.9123376623376624,0.2023001313209533,0.2023001313209533,0.128999941684066,0.128999941684066,0.0,0.0,0.0,True
random_forest__weighted__split789__model456,random_forest,weighted,789,456,R_x1,773.7010836478753,6.014139364405448e-05,34318.0,34318.0,0.1224860989153904,0.1224860989153904,0.0327524914039279,0.0327524914039279,0.9123376623376624,0.9123376623376624,0.2023001313209533,0.2023001313209533,0.1289984891741121,0.1289984891741121,0.0,0.0,0.0,True
random_forest__weighted__split789__model456,random_forest,weighted,789,456,R_x4,3094.804334591501,2.000060141393644,34318.0,162388.0,0.0963682779756008,0.0755570860764759,0.0327524914039279,0.0073342857846638,0.9123376623376624,0.9667207792207791,0.2023001313209533,0.0906700119376182,0.1028665054104111,0.0732932864009326,0.11163011938333511,0.020811191899124892,0.0295732190094785,False
random_forest__weighted__split789__model456,random_forest,weighted,789,456,R_x16,12379.217338366005,4.000060141393644,34318.0,340107.0,0.0898388227406534,0.0246548308677485,0.0327524914039279,0.0036135686710358,0.9123376623376624,0.997564935064935,0.2023001313209533,0.0194793175905942,0.0963335094694858,0.023899793851706,0.1828208137303591,0.0651839918729049,0.0724337156177798,False
random_forest__weighted__split789__model456,random_forest,weighted,789,456,R_x64,49516.86935346402,6.000060141393644,34318.0,353369.0,0.0882064589319165,0.0082073992084134,0.0327524914039279,0.0034779508106257,0.9123376623376624,0.997564935064935,0.2023001313209533,0.0099357906728982,0.0947002604842545,0.0065944152127681,0.1923643406480551,0.0799990597235031,0.0881058452714864,False
random_forest__weighted__split789__model789,random_forest,weighted,789,789,R_x0.015625,12.089079431998051,-5.999939858606356,39562.0,1256.0,2.6684771548844237,0.2705335745625146,0.028411101562105,0.7372611464968153,0.9123376623376624,0.7516233766233766,0.1941239982843399,0.604184091091156,2.664784329686775,0.2593713650278409,-0.4100600928068161,2.3979435803219094,2.4054129646589337,False
random_forest__weighted__split789__model789,random_forest,weighted,789,789,R_x0.0625,48.356317727992206,-3.999939858606356,39562.0,1653.0,0.732866041967859,0.242353306721036,0.028411101562105,0.573502722323049,0.9123376623376624,0.7694805194805194,0.1941239982843399,0.5312681198120117,0.7319428356684469,0.2337268755359086,-0.3371441215276718,0.490512735246823,0.49821596013253827,False
random_forest__weighted__split789__model789,random_forest,weighted,789,789,R_x0.25,193.4252709119688,-1.999939858606356,39562.0,16442.0,0.248963263738718,0.1960004484687944,0.028411101562105,0.0650772412115314,0.9123376623376624,0.8685064935064936,0.1941239982843399,0.2823379933834076,0.2487324621638649,0.1890939109292548,-0.08821399509906769,0.05296281526992358,0.05963855123461012,False
random_forest__weighted__split789__model789,random_forest,weighted,789,789,val_class_ratio,773.6688311688312,0.0,39562.0,39562.0,0.1279892502478427,0.1279892502478427,0.028411101562105,0.028411101562105,0.9123376623376624,0.9123376623376624,0.1941239982843399,0.1941239982843399,0.1279315474487324,0.1279315474487324,0.0,0.0,0.0,True
random_forest__weighted__split789__model789,random_forest,weighted,789,789,R_x1,773.7010836478753,6.014139364405448e-05,39562.0,39562.0,0.1279875691814327,0.1279875691814327,0.028411101562105,0.028411101562105,0.9123376623376624,0.9123376623376624,0.1941239982843399,0.1941239982843399,0.1279298687877194,0.1279298687877194,0.0,0.0,0.0,True
random_forest__weighted__split789__model789,random_forest,weighted,789,789,R_x4,3094.804334591501,2.000060141393644,39562.0,119912.0,0.0977436455421114,0.0717242689733936,0.028411101562105,0.0098572286343318,0.9123376623376624,0.9594155844155844,0.1941239982843399,0.1096444875001907,0.0977292204436831,0.0725713643448605,0.08447951078414921,0.026019376568717806,0.025157856098822595,False
random_forest__weighted__split789__model789,random_forest,weighted,789,789,R_x16,12379.217338366005,4.000060141393644,39562.0,337568.0,0.090182664632281,0.0244883521181599,0.028411101562105,0.0036407479381931,0.9123376623376624,0.997564935064935,0.1941239982843399,0.0286339204758405,0.090179058357674,0.0229152666333948,0.1654900778084994,0.0656943125141211,0.0672637917242792,False
random_forest__weighted__split789__model789,random_forest,weighted,789,789,R_x64,49516.86935346402,6.000060141393644,39562.0,337568.0,0.0882924194048234,0.0079483867308386,0.028411101562105,0.0036407479381931,0.9123376623376624,0.997564935064935,0.1941239982843399,0.0286339204758405,0.0882915178361717,0.0063375828921149,0.1654900778084994,0.0803440326739848,0.0819539349440568,False
xgboost__unweighted__split42__model42,xgboost,unweighted,42,42,R_x0.015625,12.089079431998051,-5.999939858606356,18776.0,1267.0,1.3001015475068425,0.2326035937296397,0.0582126118449083,0.7655880031570639,0.8871753246753247,0.7873376623376623,0.0019162173848599,0.0752521753311157,1.3038030563445404,0.1973533229537624,-0.07333595794625579,1.0674979537772027,1.106449733390778,False
xgboost__unweighted__split42__model42,xgboost,unweighted,42,42,R_x0.0625,48.356317727992206,-3.999939858606356,18776.0,2284.0,0.4096438933702171,0.1974372507991635,0.0582126118449083,0.4443957968476357,0.8871753246753247,0.8238636363636364,0.0019162173848599,0.0201493389904499,0.3977851796705507,0.1680426348917444,-0.01823312160559,0.21220664257105362,0.22974254477880632,False
xgboost__unweighted__split42__model42,xgboost,unweighted,42,42,R_x0.25,193.4252709119688,-1.999939858606356,18776.0,6704.0,0.1870294798360607,0.1698219052142478,0.0582126118449083,0.1569212410501193,0.8871753246753247,0.8538961038961039,0.0019162173848599,0.0053225555457174,0.1712807105020532,0.1393470318898568,-0.0034063381608574997,0.017207574621812882,0.0319336786121964,False
xgboost__unweighted__split42__model42,xgboost,unweighted,42,42,val_class_ratio,773.6688311688312,0.0,18776.0,18776.0,0.1313766498095467,0.1313766498095467,0.0582126118449083,0.0582126118449083,0.8871753246753247,0.8871753246753247,0.0019162173848599,0.0019162173848599,0.114655380080912,0.114655380080912,0.0,0.0,0.0,True
xgboost__unweighted__split42__model42,xgboost,unweighted,42,42,R_x1,773.7010836478753,6.014139364405448e-05,18776.0,18776.0,0.1313758764525216,0.1313758764525216,0.0582126118449083,0.0582126118449083,0.8871753246753247,0.8871753246753247,0.0019162173848599,0.0019162173848599,0.1146545932099288,0.1146545932099288,0.0,0.0,0.0,True
xgboost__unweighted__split42__model42,xgboost,unweighted,42,42,R_x4,3094.804334591501,2.000060141393644,18776.0,154790.0,0.1174624756066369,0.0703165219524127,0.0582126118449083,0.0077201369597519,0.8871753246753247,0.9699675324675324,0.0019162173848599,0.000241265472141,0.1004980638868977,0.0734974442954294,0.0016749519127189,0.04714595365422421,0.02700061959146831,False
xgboost__unweighted__split42__model42,xgboost,unweighted,42,42,R_x16,12379.217338366005,4.000060141393644,18776.0,350271.0,0.1139841253951657,0.0245095165348191,0.0582126118449083,0.0035115667583099,0.8871753246753247,0.9983766233766234,0.0019162173848599,1.0685508641472552e-05,0.09695893155614,0.0245019105738297,0.0019055318762184275,0.0894746088603466,0.0724570209823103,False
xgboost__unweighted__split42__model42,xgboost,unweighted,42,42,R_x64,49516.86935346402,6.000060141393644,18776.0,350271.0,0.1131145378422979,0.0073449116012372,0.0582126118449083,0.0035115667583099,0.8871753246753247,0.9983766233766234,0.0019162173848599,1.0685508641472552e-05,0.0960741484734505,0.0073430101109898,0.0019055318762184275,0.1057696262410607,0.0887311383624607,False
xgboost__unweighted__split42__model123,xgboost,unweighted,42,123,R_x0.015625,12.089079431998051,-5.999939858606356,27864.0,1117.0,1.8997445876549133,0.2321993887496085,0.0396569049669824,0.8585496866606983,0.8969155844155844,0.7784090909090909,0.0013300842838361,0.1234712600708007,1.887728822837687,0.1969491179737312,-0.1221411757869646,1.6675451989053047,1.6907797048639557,False
xgboost__unweighted__split42__model123,xgboost,unweighted,42,123,R_x0.0625,48.356317727992206,-3.999939858606356,27864.0,2067.0,0.5522494586020399,0.2029079949972095,0.0396569049669824,0.4857281083696178,0.8969155844155844,0.814935064935065,0.0013300842838361,0.0246013849973678,0.5358526602548763,0.1663256832681571,-0.0232713007135317,0.3493414636048304,0.3695269769867192,False
xgboost__unweighted__split42__model123,xgboost,unweighted,42,123,R_x0.25,193.4252709119688,-1.999939858606356,27864.0,6530.0,0.2153756763388216,0.1690917329592582,0.0396569049669824,0.1611026033690658,0.8969155844155844,0.8538961038961039,0.0013300842838361,0.0058596776798367,0.1978836196091735,0.142052450533773,-0.0045295933960006,0.0462839433795634,0.055831169075400505,False
xgboost__unweighted__split42__model123,xgboost,unweighted,42,123,val_class_ratio,773.6688311688312,0.0,27864.0,27864.0,0.131158401064293,0.131158401064293,0.0396569049669824,0.0396569049669824,0.8969155844155844,0.8969155844155844,0.0013300842838361,0.0013300842838361,0.1133925335439247,0.1133925335439247,0.0,0.0,0.0,True
xgboost__unweighted__split42__model123,xgboost,unweighted,42,123,R_x1,773.7010836478753,6.014139364405448e-05,27864.0,27864.0,0.131157230773017,0.131157230773017,0.0396569049669824,0.0396569049669824,0.8969155844155844,0.8969155844155844,0.0013300842838361,0.0013300842838361,0.1133913594477479,0.1133913594477479,0.0,0.0,0.0,True
xgboost__unweighted__split42__model123,xgboost,unweighted,42,123,R_x4,3094.804334591501,2.000060141393644,27864.0,123136.0,0.1101026193815659,0.0774415455330409,0.0396569049669824,0.0095504158004158,0.8969155844155844,0.9545454545454546,0.0013300842838361,0.0003172978758811,0.0922682944073915,0.0733044216195358,0.001012786407955,0.032661073848525,0.01896387278785569,False
xgboost__unweighted__split42__model123,xgboost,unweighted,42,123,R_x16,12379.217338366005,4.000060141393644,27864.0,306209.0,0.1048389665337031,0.0264909548760498,0.0396569049669824,0.0039972698385743,0.8969155844155844,0.9935064935064936,0.0013300842838361,7.495765021303669e-05,0.0869875281473024,0.0240304493128476,0.0012551266336230634,0.0783480116576533,0.0629570788344548,False
xgboost__unweighted__split42__model123,xgboost,unweighted,42,123,R_x64,49516.86935346402,6.000060141393644,27864.0,384576.0,0.1035230533217374,0.0095306539652731,0.0396569049669824,0.0031931269762023,0.8969155844155844,0.9967532467532468,0.0013300842838361,2.32514821618679e-06,0.0856673365822801,0.0070925892654214,0.0013277591356199133,0.0939923993564643,0.07857474731685869,False
xgboost__unweighted__split42__model456,xgboost,unweighted,42,456,R_x0.015625,12.089079431998051,-5.999939858606356,16672.0,1306.0,1.1641071816557609,0.2308279895661082,0.0651991362763915,0.7465543644716692,0.8823051948051948,0.7913961038961039,0.0021981198806315,0.0695362240076065,1.15253748878943,0.1988244720369842,-0.06733810412697501,0.9332791920896527,0.9537130167524458,False
xgboost__unweighted__split42__model456,xgboost,unweighted,42,456,R_x0.0625,48.356317727992206,-3.999939858606356,16672.0,2148.0,0.379297899310044,0.2017822044504018,0.0651991362763915,0.4688081936685289,0.8823051948051948,0.8173701298701299,0.0021981198806315,0.0232208799570798,0.3605775540155392,0.1683123614154609,-0.0210227600764483,0.1775156948596422,0.1922651926000783,False
xgboost__unweighted__split42__model456,xgboost,unweighted,42,456,R_x0.25,193.4252709119688,-1.999939858606356,16672.0,6053.0,0.1830955787236149,0.1736171314781089,0.0651991362763915,0.1724764579547331,0.8823051948051948,0.8474025974025974,0.0021981198806315,0.0063554588705301,0.1625875703220666,0.1399626471832855,-0.0041573389898986,0.009478447245506005,0.022624923138781117,False
xgboost__unweighted__split42__model456,xgboost,unweighted,42,456,val_class_ratio,773.6688311688312,0.0,16672.0,16672.0,0.134045680179068,0.134045680179068,0.0651991362763915,0.0651991362763915,0.8823051948051948,0.8823051948051948,0.0021981198806315,0.0021981198806315,0.1130907622110568,0.1130907622110568,0.0,0.0,0.0,True
xgboost__unweighted__split42__model456,xgboost,unweighted,42,456,R_x1,773.7010836478753,6.014139364405448e-05,16672.0,16672.0,0.1340449985770076,0.1340449985770076,0.0651991362763915,0.0651991362763915,0.8823051948051948,0.8823051948051948,0.0021981198806315,0.0021981198806315,0.1130900743986984,0.1130900743986984,0.0,0.0,0.0,True
xgboost__unweighted__split42__model456,xgboost,unweighted,42,456,R_x4,3094.804334591501,2.000060141393644,16672.0,120345.0,0.1217823535403558,0.0750856361840228,0.0651991362763915,0.0097885246582741,0.8823051948051948,0.9561688311688312,0.0021981198806315,0.0003136125742457,0.1007157004178564,0.0725566769719153,0.0018845073063858,0.046696717356333,0.028159023445941095,False
xgboost__unweighted__split42__model456,xgboost,unweighted,42,456,R_x16,12379.217338366005,4.000060141393644,16672.0,352647.0,0.1187166922811928,0.02628881535848,0.0651991362763915,0.0034822357768533,0.8823051948051948,0.9967532467532468,0.0021981198806315,1.1931711014767645e-05,0.0976221069226458,0.0246592752839567,0.0021861881696167325,0.0924278769227128,0.0729628316386891,False
xgboost__unweighted__split42__model456,xgboost,unweighted,42,456,R_x64,49516.86935346402,6.000060141393644,16672.0,352647.0,0.1179502769664021,0.0090072687746849,0.0651991362763915,0.0034822357768533,0.8823051948051948,0.9967532467532468,0.0021981198806315,1.1931711014767645e-05,0.0968487085488432,0.0073823512885216,0.0021861881696167325,0.1089430081917172,0.0894663572603216,False
xgboost__unweighted__split42__model789,xgboost,unweighted,42,789,R_x0.015625,12.089079431998051,-5.999939858606356,26411.0,1351.0,1.7977927072206248,0.2320917308245295,0.0420279429025784,0.7231680236861584,0.900974025974026,0.7930194805194806,0.0013564806431531,0.0637430325150489,1.78372543681664,0.1963774451102438,-0.0623865518718958,1.5657009763960952,1.5873479917063962,False
xgboost__unweighted__split42__model789,xgboost,unweighted,42,789,R_x0.0625,48.356317727992206,-3.999939858606356,26411.0,2064.0,0.5237176573246367,0.1995437427668948,0.0420279429025784,0.4883720930232558,0.900974025974026,0.8181818181818182,0.0013564806431531,0.0246042516082525,0.5098518137496145,0.1694381519622686,-0.0232477709650994,0.3241739145577419,0.3404136617873459,False
xgboost__unweighted__split42__model789,xgboost,unweighted,42,789,R_x0.25,193.4252709119688,-1.999939858606356,26411.0,6038.0,0.2051988948506396,0.1711065314821829,0.0420279429025784,0.1734017886717456,0.900974025974026,0.8498376623376623,0.0013564806431531,0.0060956003144383,0.1913834079828581,0.1409002272630755,-0.004739119671285199,0.034092363368456696,0.05048318071978261,False
xgboost__unweighted__split42__model789,xgboost,unweighted,42,789,val_class_ratio,773.6688311688312,0.0,26411.0,26411.0,0.1255703107585268,0.1255703107585268,0.0420279429025784,0.0420279429025784,0.900974025974026,0.900974025974026,0.0013564806431531,0.0013564806431531,0.1117674128926174,0.1117674128926174,0.0,0.0,0.0,True
xgboost__unweighted__split42__model789,xgboost,unweighted,42,789,R_x1,773.7010836478753,6.014139364405448e-05,26411.0,26411.0,0.1255692042321404,0.1255692042321404,0.0420279429025784,0.0420279429025784,0.900974025974026,0.900974025974026,0.0013564806431531,0.0013564806431531,0.111766306541169,0.111766306541169,0.0,0.0,0.0,True
xgboost__unweighted__split42__model789,xgboost,unweighted,42,789,R_x4,3094.804334591501,2.000060141393644,26411.0,147258.0,0.1056617815775156,0.0699649714636946,0.0420279429025784,0.0081014274266932,0.900974025974026,0.968344155844156,0.0013564806431531,0.0002555450482759,0.0918620311807468,0.0748046774898665,0.0011009355948772,0.035696810113821004,0.01705735369088031,False
xgboost__unweighted__split42__model789,xgboost,unweighted,42,789,R_x16,12379.217338366005,4.000060141393644,26411.0,348338.0,0.1006849259138594,0.0243827723745376,0.0420279429025784,0.0035310531724933,0.900974025974026,0.9983766233766234,0.0013564806431531,1.584747587912716e-05,0.0868859623406412,0.025992051742632,0.0013406331672739728,0.0763021535393218,0.06089391059800921,False
xgboost__unweighted__split42__model789,xgboost,unweighted,42,789,R_x64,49516.86935346402,6.000060141393644,26411.0,364566.0,0.0994407119979453,0.0075792374899108,0.0420279429025784,0.0033738746893566,0.900974025974026,0.9983766233766234,0.0013564806431531,4.500114300753921e-06,0.0856419451306148,0.0083948107428804,0.001351980528852346,0.0918614745080345,0.0772471343877344,False
xgboost__unweighted__split123__model42,xgboost,unweighted,123,42,R_x0.015625,12.089079431998051,-5.999939858606356,20784.0,1401.0,1.4120736430709355,0.205568604648261,0.0538394919168591,0.721627408993576,0.9082792207792209,0.8206168831168831,0.0017570934724062,0.0706545040011406,1.4141311296535322,0.2085826747647571,-0.0688974105287344,1.2065050384226745,1.2055484548887752,False
xgboost__unweighted__split123__model42,xgboost,unweighted,123,42,R_x0.0625,48.356317727992206,-3.999939858606356,20784.0,1875.0,0.4218089951833183,0.182287214237668,0.0538394919168591,0.5466666666666666,0.9082792207792209,0.8319805194805194,0.0017570934724062,0.0316710136830806,0.4198883018939024,0.1788785862959502,-0.029913920210674398,0.23952178094565033,0.24100971559795223,False
xgboost__unweighted__split123__model42,xgboost,unweighted,123,42,R_x0.25,193.4252709119688,-1.999939858606356,20784.0,10837.0,0.1742428332114139,0.1528984369001344,0.0538394919168591,0.1009504475408323,0.9082792207792209,0.887987012987013,0.0017570934724062,0.0034753840882331,0.171327594953995,0.1459601128260021,-0.0017182906158268998,0.02134439631127949,0.02536748212799289,False
xgboost__unweighted__split123__model42,xgboost,unweighted,123,42,val_class_ratio,773.6688311688312,0.0,20784.0,20784.0,0.1123521527572263,0.1123521527572263,0.0538394919168591,0.0538394919168591,0.9082792207792209,0.9082792207792209,0.0017570934724062,0.0017570934724062,0.1091882817128316,0.1091882817128316,0.0,0.0,0.0,True
xgboost__unweighted__split123__model42,xgboost,unweighted,123,42,R_x1,773.7010836478753,6.014139364405448e-05,20784.0,20784.0,0.1123512927184378,0.1123512927184378,0.0538394919168591,0.0538394919168591,0.9082792207792209,0.9082792207792209,0.0017570934724062,0.0017570934724062,0.1091874182190182,0.1091874182190182,0.0,0.0,0.0,True
xgboost__unweighted__split123__model42,xgboost,unweighted,123,42,R_x4,3094.804334591501,2.000060141393644,20784.0,114587.0,0.0968784075951938,0.0695157065848107,0.0538394919168591,0.010324033267299,0.9082792207792209,0.9602272727272728,0.0017570934724062,0.0003504937340039,0.093652374035274,0.06233535444965,0.0014065997384023,0.0273627010103831,0.031317019585624,False
xgboost__unweighted__split123__model42,xgboost,unweighted,123,42,R_x16,12379.217338366005,4.000060141393644,20784.0,324938.0,0.0930101863143828,0.0220367125704812,0.0538394919168591,0.0037884150207116,0.9082792207792209,0.9991883116883116,0.0017570934724062,5.2992996643297374e-05,0.0897686129893379,0.0220519900610893,0.0017041004757629027,0.0709734737439016,0.0677166229282486,False
xgboost__unweighted__split123__model42,xgboost,unweighted,123,42,R_x64,49516.86935346402,6.000060141393644,20784.0,344972.0,0.0920431309941801,0.0056346401519873,0.0538394919168591,0.0035713043377433,0.9082792207792209,1.0,0.0017570934724062,2.595975820440799e-05,0.0887976727278539,0.0056404921521452,0.001731133714201792,0.0864084908421928,0.0831571805757087,False
xgboost__unweighted__split123__model123,xgboost,unweighted,123,123,R_x0.015625,12.089079431998051,-5.999939858606356,27643.0,1520.0,1.8620565492997592,0.2065278908263725,0.040914517237637,0.6703947368421053,0.9180194805194806,0.8271103896103896,0.0012808406027033,0.0518006794154644,1.864833306612266,0.2102685639907228,-0.0505198388127611,1.6555286584733866,1.654564742621543,False
xgboost__unweighted__split123__model123,xgboost,unweighted,123,123,R_x0.0625,48.356317727992206,-3.999939858606356,27643.0,2605.0,0.5269995269353294,0.1763142542893214,0.040914517237637,0.4019193857965451,0.9180194805194806,0.8498376623376623,0.0012808406027033,0.0177903193980455,0.530128781198521,0.1768909446338866,-0.016509478795342203,0.35068527264600796,0.3532378365646344,False
xgboost__unweighted__split123__model123,xgboost,unweighted,123,123,R_x0.25,193.4252709119688,-1.999939858606356,27643.0,4974.0,0.1932352713442219,0.1446126830999683,0.040914517237637,0.2159227985524728,0.9180194805194806,0.8717532467532467,0.0012808406027033,0.0078965220600366,0.1964526498450848,0.1487802308574313,-0.0066156814573333006,0.048622588244253584,0.04767241898765348,False
xgboost__unweighted__split123__model123,xgboost,unweighted,123,123,val_class_ratio,773.6688311688312,0.0,27643.0,27643.0,0.1097953669353014,0.1097953669353014,0.040914517237637,0.040914517237637,0.9180194805194806,0.9180194805194806,0.0012808406027033,0.0012808406027033,0.1130347761894406,0.1130347761894406,0.0,0.0,0.0,True
xgboost__unweighted__split123__model123,xgboost,unweighted,123,123,R_x1,773.7010836478753,6.014139364405448e-05,27643.0,27643.0,0.109794207446445,0.109794207446445,0.040914517237637,0.040914517237637,0.9180194805194806,0.9180194805194806,0.0012808406027033,0.0012808406027033,0.1130336170067257,0.1130336170067257,0.0,0.0,0.0,True
xgboost__unweighted__split123__model123,xgboost,unweighted,123,123,R_x4,3094.804334591501,2.000060141393644,27643.0,149672.0,0.0889339414720008,0.069786151561234,0.040914517237637,0.0079774440109038,0.9180194805194806,0.969155844155844,0.0012808406027033,0.0002567054471001,0.0921788587971359,0.0649878849087288,0.0010241351556031998,0.019147789910766808,0.027190973888407105,False
xgboost__unweighted__split123__model123,xgboost,unweighted,123,123,R_x16,12379.217338366005,4.000060141393644,27643.0,361984.0,0.0837188749783898,0.0252775218888685,0.040914517237637,0.0033979402404526,0.9180194805194806,0.9983766233766234,0.0012808406027033,5.338104529073462e-06,0.0869651692447385,0.0252861113792962,0.0012755024981742265,0.058441353089521295,0.061679057865442304,False
xgboost__unweighted__split123__model123,xgboost,unweighted,123,123,R_x64,49516.86935346402,6.000060141393644,27643.0,361984.0,0.082415108354987,0.0075369129397495,0.040914517237637,0.0033979402404526,0.9180194805194806,0.9983766233766234,0.0012808406027033,5.338104529073462e-06,0.0856617468566391,0.0075390603123565,0.0012755024981742265,0.07487819541523749,0.0781226865442826,False
xgboost__unweighted__split123__model456,xgboost,unweighted,123,456,R_x0.015625,12.089079431998051,-5.999939858606356,23278.0,1287.0,1.5724958355111431,0.1970355545596712,0.0484148122690952,0.7863247863247863,0.9147727272727272,0.8214285714285714,0.0015902656596153,0.0873694494366645,1.574247515691324,0.2104314022004472,-0.0857791837770492,1.375460280951472,1.3638161134908768,False
xgboost__unweighted__split123__model456,xgboost,unweighted,123,456,R_x0.0625,48.356317727992206,-3.999939858606356,23278.0,2254.0,0.4570444134232403,0.172079467303701,0.0484148122690952,0.463620230700976,0.9147727272727272,0.8482142857142857,0.0015902656596153,0.0222862958908081,0.4580910997020517,0.1758861253259392,-0.020696030231192798,0.2849649461195393,0.28220497437611247,False
xgboost__unweighted__split123__model456,xgboost,unweighted,123,456,R_x0.25,193.4252709119688,-1.999939858606356,23278.0,9500.0,0.1781815579012646,0.1440243216192372,0.0484148122690952,0.115578947368421,0.9147727272727272,0.8912337662337663,0.0015902656596153,0.0039825728163123,0.1790519957047337,0.1461740318799384,-0.0023923071566969998,0.03415723628202741,0.0328779638247953,False
xgboost__unweighted__split123__model456,xgboost,unweighted,123,456,val_class_ratio,773.6688311688312,0.0,23278.0,23278.0,0.1084668127835067,0.1084668127835067,0.0484148122690952,0.0484148122690952,0.9147727272727272,0.9147727272727272,0.0015902656596153,0.0015902656596153,0.1092931890804231,0.1092931890804231,0.0,0.0,0.0,True
xgboost__unweighted__split123__model456,xgboost,unweighted,123,456,R_x1,773.7010836478753,6.014139364405448e-05,23278.0,23278.0,0.1084658440207706,0.1084658440207706,0.0484148122690952,0.0484148122690952,0.9147727272727272,0.9147727272727272,0.0015902656596153,0.0015902656596153,0.1092922197054041,0.1092922197054041,0.0,0.0,0.0,True
xgboost__unweighted__split123__model456,xgboost,unweighted,123,456,R_x4,3094.804334591501,2.000060141393644,23278.0,127717.0,0.0910369155506472,0.0680876674741936,0.0484148122690952,0.0093096455444459,0.9147727272727272,0.9650974025974026,0.0015902656596153,0.000316565769026,0.0918522757055718,0.0633499862350873,0.0012736998905893,0.0229492480764536,0.028502289470484513,False
xgboost__unweighted__split123__model456,xgboost,unweighted,123,456,R_x16,12379.217338366005,4.000060141393644,23278.0,318048.0,0.0866796834331163,0.0240202063561106,0.0484148122690952,0.0038610524197605,0.9147727272727272,0.9967532467532468,0.0015902656596153,6.641304207732901e-05,0.0874922897056137,0.0231918636126006,0.001523852617537971,0.0626594770770057,0.06430042609301309,False
xgboost__unweighted__split123__model456,xgboost,unweighted,123,456,R_x64,49516.86935346402,6.000060141393644,23278.0,389281.0,0.0855903754037336,0.0063609602500102,0.0484148122690952,0.0031648089683287,0.9147727272727272,1.0,0.0015902656596153,2.723029638218577e-06,0.0864022932056241,0.0063741231523261,0.0015875426299770815,0.07922941515372339,0.080028170053298,False
xgboost__unweighted__split123__model789,xgboost,unweighted,123,789,R_x0.015625,12.089079431998051,-5.999939858606356,23021.0,1369.0,1.5552402704966763,0.2025412212179836,0.0489553016810738,0.7392257121986852,0.9147727272727272,0.8214285714285714,0.0015989815583452,0.070390373468399,1.5559296362473982,0.2106700663265421,-0.0687913919100538,1.3526990492786928,1.345259569920856,False
xgboost__unweighted__split123__model789,xgboost,unweighted,123,789,R_x0.0625,48.356317727992206,-3.999939858606356,23021.0,2791.0,0.4527305221696236,0.1761224746151683,0.0489553016810738,0.3765675385166607,0.9147727272727272,0.8530844155844156,0.0015989815583452,0.0164206586778163,0.4547291623086028,0.1838532896432063,-0.014821677119471102,0.27660804755445534,0.2708758726653965,False
xgboost__unweighted__split123__model789,xgboost,unweighted,123,789,R_x0.25,193.4252709119688,-1.999939858606356,23021.0,5826.0,0.1771030850878604,0.1432927010903051,0.0489553016810738,0.1853759011328527,0.9147727272727272,0.8766233766233766,0.0015989815583452,0.0066602849401533,0.1794290438239039,0.1438819806116805,-0.0050613033818080995,0.033810383997555316,0.035547063212223395,False
xgboost__unweighted__split123__model789,xgboost,unweighted,123,789,val_class_ratio,773.6688311688312,0.0,23021.0,23021.0,0.1081971833403911,0.1081971833403911,0.0489553016810738,0.0489553016810738,0.9147727272727272,0.9147727272727272,0.0015989815583452,0.0015989815583452,0.1106049705886039,0.1106049705886039,0.0,0.0,0.0,True
xgboost__unweighted__split123__model789,xgboost,unweighted,123,789,R_x1,773.7010836478753,6.014139364405448e-05,23021.0,23021.0,0.1081962258174196,0.1081962258174196,0.0489553016810738,0.0489553016810738,0.9147727272727272,0.9147727272727272,0.0015989815583452,0.0015989815583452,0.1106040142027292,0.1106040142027292,0.0,0.0,0.0,True
xgboost__unweighted__split123__model789,xgboost,unweighted,123,789,R_x4,3094.804334591501,2.000060141393644,23021.0,138522.0,0.0909695109998094,0.07010959304286,0.0489553016810738,0.0085906931750913,0.9147727272727272,0.9659090909090908,0.0015989815583452,0.0002856646897271,0.0933977567974355,0.068566996970682,0.0013133168686181,0.0208599179569494,0.024830759826753507,False
xgboost__unweighted__split123__model789,xgboost,unweighted,123,789,R_x16,12379.217338366005,4.000060141393644,23021.0,325612.0,0.0866628322954068,0.0245161674675278,0.0489553016810738,0.0037713597778951,0.9147727272727272,0.9967532467532468,0.0015989815583452,5.682477785740048e-05,0.0890961924461121,0.0245186590754381,0.0015421567804877994,0.062146664827879006,0.064577533370674,False
xgboost__unweighted__split123__model789,xgboost,unweighted,123,789,R_x64,49516.86935346402,6.000060141393644,23021.0,417206.0,0.0855861626193062,0.0068187112427497,0.0489553016810738,0.0029529776657095,0.9147727272727272,1.0,0.0015989815583452,8.688232355780201e-07,0.0880208013582812,0.007622711632662,0.0015981127351096219,0.0787674513765565,0.08039808972561921,False
xgboost__unweighted__split456__model42,xgboost,unweighted,456,42,R_x0.015625,12.089079431998051,-5.999939858606356,35904.0,1349.0,2.4184765551625884,0.2126231733356855,0.0314449643493761,0.7405485544848036,0.916396103896104,0.8108766233766234,0.0010040823835879,0.0622584223747253,2.3916881382326625,0.2086378550494025,-0.0612543399911374,2.205853381826903,2.18305028318326,False
xgboost__unweighted__split456__model42,xgboost,unweighted,456,42,R_x0.0625,48.356317727992206,-3.999939858606356,35904.0,2827.0,0.6673220608685693,0.182526072267436,0.0314449643493761,0.3692960735762292,0.916396103896104,0.8474025974025974,0.0010040823835879,0.0150393433868885,0.6539285280646592,0.1849215850685027,-0.0140352610033006,0.48479598860113327,0.4690069429961565,False
xgboost__unweighted__split456__model42,xgboost,unweighted,456,42,R_x0.25,193.4252709119688,-1.999939858606356,35904.0,7091.0,0.2295334372950643,0.1575758690554669,0.0314449643493761,0.1507544775066986,0.916396103896104,0.8676948051948052,0.0010040823835879,0.0053080799989402,0.2194886255226582,0.1455977748168349,-0.0043039976153523,0.07195756823959742,0.0738908507058233,False
xgboost__unweighted__split456__model42,xgboost,unweighted,456,42,val_class_ratio,773.6688311688312,0.0,35904.0,35904.0,0.1200878022686533,0.1200878022686533,0.0314449643493761,0.0314449643493761,0.916396103896104,0.916396103896104,0.0010040823835879,0.0010040823835879,0.1108801591207483,0.1108801591207483,0.0,0.0,0.0,True
xgboost__unweighted__split456__model42,xgboost,unweighted,456,42,R_x1,773.7010836478753,6.014139364405448e-05,35904.0,35904.0,0.1200862814016881,0.1200862814016881,0.0314449643493761,0.0314449643493761,0.916396103896104,0.916396103896104,0.0010040823835879,0.0010040823835879,0.110878649887158,0.110878649887158,0.0,0.0,0.0,True
xgboost__unweighted__split456__model42,xgboost,unweighted,456,42,R_x4,3094.804334591501,2.000060141393644,35904.0,122392.0,0.092724492428344,0.0675030062580211,0.0314449643493761,0.0097065167658016,0.916396103896104,0.9642857142857144,0.0010040823835879,0.0003260625526309,0.083726155978283,0.0623671923022933,0.000678019830957,0.02522148617032291,0.021358963675989703,False
xgboost__unweighted__split456__model42,xgboost,unweighted,456,42,R_x16,12379.217338366005,4.000060141393644,35904.0,344597.0,0.085884045185008,0.0233257262523095,0.0314449643493761,0.0035722887895135,0.916396103896104,0.9991883116883116,0.0010040823835879,2.348244197492022e-05,0.0769380325010642,0.023297794016262,0.0009805999416129798,0.0625583189326985,0.05364023848480219,False
xgboost__unweighted__split456__model42,xgboost,unweighted,456,42,R_x64,49516.86935346402,6.000060141393644,35904.0,344597.0,0.084173933374174,0.0064401977968436,0.0314449643493761,0.0035722887895135,0.916396103896104,0.9991883116883116,0.0010040823835879,2.348244197492022e-05,0.0752410016317595,0.0064332147378317,0.0009805999416129798,0.0777337355773304,0.06880778689392779,False
xgboost__unweighted__split456__model123,xgboost,unweighted,456,123,R_x0.015625,12.089079431998051,-5.999939858606356,34734.0,1342.0,2.339920091867156,0.2095166856374117,0.0325041745839811,0.7466467958271237,0.916396103896104,0.8133116883116883,0.0010284666204825,0.0680329576134681,2.307491723726276,0.2070935826940222,-0.0670044909929856,2.1304034062297443,2.1003981410322536,False
xgboost__unweighted__split456__model123,xgboost,unweighted,456,123,R_x0.0625,48.356317727992206,-3.999939858606356,34734.0,1995.0,0.647682945044711,0.1834730086465259,0.0325041745839811,0.5142857142857142,0.916396103896104,0.8327922077922078,0.0010284666204825,0.0262224432080984,0.6328794244380624,0.1832656008217256,-0.0251939765876159,0.4642099363981851,0.44961382361633684,False
xgboost__unweighted__split456__model123,xgboost,unweighted,456,123,R_x0.25,193.4252709119688,-1.999939858606356,34734.0,7851.0,0.2246236583390998,0.1517903954371668,0.0325041745839811,0.1375620940007642,0.916396103896104,0.8766233766233766,0.0010284666204825,0.0046926382929086,0.2142263496160091,0.1424026326475917,-0.0036641716724261,0.07283326290193301,0.07182371696841738,False
xgboost__unweighted__split456__model123,xgboost,unweighted,456,123,val_class_ratio,773.6688311688312,0.0,34734.0,34734.0,0.1188603063603063,0.1188603063603063,0.0325041745839811,0.0325041745839811,0.916396103896104,0.916396103896104,0.0010284666204825,0.0010284666204825,0.1095645353010328,0.1095645353010328,0.0,0.0,0.0,True
xgboost__unweighted__split456__model123,xgboost,unweighted,456,123,R_x1,773.7010836478753,6.014139364405448e-05,34734.0,34734.0,0.118858836662697,0.118858836662697,0.0325041745839811,0.0325041745839811,0.916396103896104,0.916396103896104,0.0010284666204825,0.0010284666204825,0.1095630809104957,0.1095630809104957,0.0,0.0,0.0,True
xgboost__unweighted__split456__model123,xgboost,unweighted,456,123,R_x4,3094.804334591501,2.000060141393644,34734.0,100543.0,0.0924176312435963,0.0674562244421802,0.0325041745839811,0.0117462180360641,0.916396103896104,0.958603896103896,0.0010284666204825,0.0003922728355973,0.0833972637341174,0.0648556642869649,0.0006361937848852,0.02496140680141609,0.0185415994471525,False
xgboost__unweighted__split456__model123,xgboost,unweighted,456,123,R_x16,12379.217338366005,4.000060141393644,34734.0,346083.0,0.0858073298888211,0.0234231612353299,0.0325041745839811,0.0035569502113654,0.916396103896104,0.9991883116883116,0.0010284666204825,2.3982214770512652e-05,0.0768558094400228,0.0234046708818899,0.0010044844057119874,0.0623841686534912,0.053451138558132896,False
xgboost__unweighted__split456__model123,xgboost,unweighted,456,123,R_x64,49516.86935346402,6.000060141393644,34734.0,346083.0,0.0841547545501273,0.0064645565425987,0.0325041745839811,0.0035569502113654,0.916396103896104,0.9991883116883116,0.0010284666204825,2.3982214770512652e-05,0.0752204458664992,0.0064599339542387,0.0010044844057119874,0.0776901980075286,0.0687605119122605,False
xgboost__unweighted__split456__model456,xgboost,unweighted,456,456,R_x0.015625,12.089079431998051,-5.999939858606356,35673.0,1146.0,2.397693705804409,0.2095392582986566,0.0318167801979087,0.8612565445026178,0.9212662337662336,0.8011363636363636,0.0010286488104611,0.1195109039545059,2.382410542108705,0.2121205697780387,-0.11848225514404481,2.1881544475057524,2.1702899723306666,False
xgboost__unweighted__split456__model456,xgboost,unweighted,456,456,R_x0.0625,48.356317727992206,-3.999939858606356,35673.0,2182.0,0.658473751126427,0.179984119018379,0.0318167801979087,0.4738771769019248,0.9212662337662336,0.8392857142857143,0.0010286488104611,0.0220840293914079,0.6503915965661373,0.181489996658194,-0.0210553805809468,0.47848963210804807,0.46890159990794333,False
xgboost__unweighted__split456__model456,xgboost,unweighted,456,456,R_x0.25,193.4252709119688,-1.999939858606356,35673.0,7890.0,0.2236687624569314,0.1535858241436157,0.0318167801979087,0.1366286438529784,0.9212662337662336,0.875,0.0010286488104611,0.0048019709065556,0.2173868601804953,0.1428870023622158,-0.0037733220960944995,0.07008293831331569,0.0744998578182795,False
xgboost__unweighted__split456__model456,xgboost,unweighted,456,456,val_class_ratio,773.6688311688312,0.0,35673.0,35673.0,0.114969025791448,0.114969025791448,0.0318167801979087,0.0318167801979087,0.9212662337662336,0.9212662337662336,0.0010286488104611,0.0010286488104611,0.109137180331943,0.109137180331943,0.0,0.0,0.0,True
xgboost__unweighted__split456__model456,xgboost,unweighted,456,456,R_x1,773.7010836478753,6.014139364405448e-05,35673.0,35673.0,0.1149675152895575,0.1149675152895575,0.0318167801979087,0.0318167801979087,0.9212662337662336,0.9212662337662336,0.0010286488104611,0.0010286488104611,0.1091356760840848,0.1091356760840848,0.0,0.0,0.0,True
xgboost__unweighted__split456__model456,xgboost,unweighted,456,456,R_x4,3094.804334591501,2.000060141393644,35673.0,78756.0,0.087792203497714,0.0731093577498221,0.0318167801979087,0.0148179186347706,0.9212662337662336,0.9472402597402596,0.0010286488104611,0.0005004128906875,0.0820728800599822,0.0656995154123928,0.0005282359197736,0.014682845747891901,0.0163733646475894,False
xgboost__unweighted__split456__model456,xgboost,unweighted,456,456,R_x16,12379.217338366005,4.000060141393644,35673.0,353551.0,0.0809983755497531,0.0239128277583419,0.0318167801979087,0.0034818173332843,0.9212662337662336,0.9991883116883116,0.0010286488104611,1.2755866919178516e-05,0.0753071810539565,0.0238763716004958,0.0010158929435419215,0.0570855477914112,0.05143080945346071,False
xgboost__unweighted__split456__model456,xgboost,unweighted,456,456,R_x64,49516.86935346402,6.000060141393644,35673.0,353551.0,0.0792999185627629,0.0065869731733517,0.0318167801979087,0.0034818173332843,0.9212662337662336,0.9991883116883116,0.0010286488104611,1.2755866919178516e-05,0.0736157563024501,0.0065778591338902,0.0010158929435419215,0.0727129453894112,0.0670378971685599,False
xgboost__unweighted__split456__model789,xgboost,unweighted,456,789,R_x0.015625,12.089079431998051,-5.999939858606356,21915.0,1268.0,1.4959210328819366,0.2115788018937399,0.0506502395619438,0.7839116719242902,0.900974025974026,0.8068181818181818,0.0016510800924152,0.0792893767356872,1.4765794276277906,0.2101628330951637,-0.077638296643272,1.2843422309881967,1.266416594532627,False
xgboost__unweighted__split456__model789,xgboost,unweighted,456,789,R_x0.0625,48.356317727992206,-3.999939858606356,21915.0,2747.0,0.4482497387399646,0.1811832267410183,0.0506502395619438,0.3800509646887514,0.900974025974026,0.8474025974025974,0.0016510800924152,0.0160642471164464,0.4361091426212333,0.1822910743003129,-0.014413167024031202,0.26706651199894627,0.25381806832092035,False
xgboost__unweighted__split456__model789,xgboost,unweighted,456,789,R_x0.25,193.4252709119688,-1.999939858606356,21915.0,5709.0,0.1863319152044716,0.1550399937540842,0.0506502395619438,0.186547556489753,0.900974025974026,0.864448051948052,0.0016510800924152,0.0065391189418733,0.175991571369594,0.1442890306618759,-0.0048880388494581,0.031291921450387394,0.03170254070771811,False
xgboost__unweighted__split456__model789,xgboost,unweighted,456,789,val_class_ratio,773.6688311688312,0.0,21915.0,21915.0,0.1208533692167079,0.1208533692167079,0.0506502395619438,0.0506502395619438,0.900974025974026,0.900974025974026,0.0016510800924152,0.0016510800924152,0.1109630821987614,0.1109630821987614,0.0,0.0,0.0,True
xgboost__unweighted__split456__model789,xgboost,unweighted,456,789,R_x1,773.7010836478753,6.014139364405448e-05,21915.0,21915.0,0.1208524593205984,0.1208524593205984,0.0506502395619438,0.0506502395619438,0.900974025974026,0.900974025974026,0.0016510800924152,0.0016510800924152,0.1109621785566842,0.1109621785566842,0.0,0.0,0.0,True
xgboost__unweighted__split456__model789,xgboost,unweighted,456,789,R_x4,3094.804334591501,2.000060141393644,21915.0,147224.0,0.1044825953496301,0.0715799553025311,0.0506502395619438,0.0080897136336466,0.900974025974026,0.9667207792207791,0.0016510800924152,0.0002671137917786,0.0947048303534567,0.0681005645593067,0.0013839663006366,0.032902640047099,0.026604265794149998,False
xgboost__unweighted__split456__model789,xgboost,unweighted,456,789,R_x16,12379.217338366005,4.000060141393644,21915.0,353679.0,0.100390129356888,0.0271682360641522,0.0506502395619438,0.0034692475380217,0.900974025974026,0.9959415584415584,0.0016510800924152,6.516075245599495e-06,0.0906404933026498,0.0255297130874258,0.0016445640171696004,0.0732218932927358,0.065110780215224,False
xgboost__unweighted__split456__model789,xgboost,unweighted,456,789,R_x64,49516.86935346402,6.000060141393644,21915.0,370567.0,0.0993670128587025,0.0084893115297431,0.0506502395619438,0.0033165392493125,0.900974025974026,0.997564935064935,0.0016510800924152,2.149428610209725e-06,0.0896244090399481,0.0076738038454028,0.0016489306638049902,0.0908777013289594,0.0819506051945453,False
xgboost__unweighted__split789__model42,xgboost,unweighted,789,42,R_x0.015625,12.089079431998051,-5.999939858606356,30339.0,1235.0,2.0413144650848403,0.205847784423114,0.0373446718744849,0.8080971659919028,0.9196428571428572,0.810064935064935,0.0011638585710898,0.0941823199391365,2.043096050244209,0.2065192071863228,-0.0930184613680467,1.8354666806617264,1.8365768430578862,False
xgboost__unweighted__split789__model42,xgboost,unweighted,789,42,R_x0.0625,48.356317727992206,-3.999939858606356,30339.0,2276.0,0.5705964734140672,0.1799050147503826,0.0373446718744849,0.4551845342706502,0.9196428571428572,0.8409090909090909,0.0011638585710898,0.0214755702763795,0.574694467106507,0.1807334886311511,-0.020311711705289698,0.3906914586636846,0.3939609784753558,False
xgboost__unweighted__split789__model42,xgboost,unweighted,789,42,R_x0.25,193.4252709119688,-1.999939858606356,30339.0,5267.0,0.2029169754963739,0.1474739954430112,0.0373446718744849,0.2035314220618948,0.9196428571428572,0.8701298701298701,0.0011638585710898,0.0071666254661977,0.2075940713220812,0.1495379932547436,-0.0060027668951079,0.055442980053362706,0.05805607806733759,False
xgboost__unweighted__split789__model42,xgboost,unweighted,789,42,val_class_ratio,773.6688311688312,0.0,30339.0,30339.0,0.1109983783265289,0.1109983783265289,0.0373446718744849,0.0373446718744849,0.9196428571428572,0.9196428571428572,0.0011638585710898,0.0011638585710898,0.1158202476737664,0.1158202476737664,0.0,0.0,0.0,True
xgboost__unweighted__split789__model42,xgboost,unweighted,789,42,R_x1,773.7010836478753,6.014139364405448e-05,30339.0,30339.0,0.1109971010169506,0.1109971010169506,0.0373446718744849,0.0373446718744849,0.9196428571428572,0.9196428571428572,0.0011638585710898,0.0011638585710898,0.1158189723759748,0.1158189723759748,0.0,0.0,0.0,True
xgboost__unweighted__split789__model42,xgboost,unweighted,789,42,R_x4,3094.804334591501,2.000060141393644,30339.0,126583.0,0.0880171323970947,0.0653543964134378,0.0373446718744849,0.0094167463245459,0.9196428571428572,0.9675324675324676,0.0011638585710898,0.0003194888704456,0.0928751976394482,0.0662704699828438,0.0008443697006442,0.022662735983656895,0.02660472765660439,False
xgboost__unweighted__split789__model42,xgboost,unweighted,789,42,R_x16,12379.217338366005,4.000060141393644,30339.0,340101.0,0.0822721402421308,0.0238426835756557,0.0373446718744849,0.0036165727239849,0.9196428571428572,0.9983766233766234,0.0011638585710898,3.030836523976177e-05,0.0871392539553165,0.023089416912602,0.0011335502058500383,0.058429456666475095,0.06404983704271451,False
xgboost__unweighted__split789__model42,xgboost,unweighted,789,42,R_x64,49516.86935346402,6.000060141393644,30339.0,340101.0,0.0808358922033898,0.0071782033614464,0.0373446718744849,0.0036165727239849,0.9196428571428572,0.9983766233766234,0.0011638585710898,3.030836523976177e-05,0.0857052680342836,0.0063811204619167,0.0011335502058500383,0.0736576888419434,0.0793241475723669,False
xgboost__unweighted__split789__model123,xgboost,unweighted,789,123,R_x0.015625,12.089079431998051,-5.999939858606356,34859.0,1101.0,2.337766909351156,0.2021237029241709,0.0327318626466622,0.9009990917347864,0.9261363636363636,0.8051948051948052,0.001036437228322,0.1706919223070144,2.3353065691106343,0.2046259101355567,-0.1696554850786924,2.1356432064269852,2.1306806589750775,False
xgboost__unweighted__split789__model123,xgboost,unweighted,789,123,R_x0.0625,48.356317727992206,-3.999939858606356,34859.0,2547.0,0.6398394546105163,0.1811400084480483,0.0327318626466622,0.4083235178641539,0.9261363636363636,0.8441558441558441,0.001036437228322,0.0186426192522048,0.6416594344854507,0.174277219434777,-0.0176061820238828,0.45869944616246794,0.4673822150506737,False
xgboost__unweighted__split789__model123,xgboost,unweighted,789,123,R_x0.25,193.4252709119688,-1.999939858606356,34859.0,7114.0,0.2153575909253563,0.1462500002222611,0.0327318626466622,0.1522350295192578,0.9261363636363636,0.8790584415584416,0.001036437228322,0.0053229699842631,0.2182476508291549,0.1474561494073346,-0.0042865327559411005,0.06910759070309522,0.07079150142182031,False
xgboost__unweighted__split789__model123,xgboost,unweighted,789,123,val_class_ratio,773.6688311688312,0.0,34859.0,34859.0,0.1092385996436733,0.1092385996436733,0.0327318626466622,0.0327318626466622,0.9261363636363636,0.9261363636363636,0.001036437228322,0.001036437228322,0.112396175837256,0.112396175837256,0.0,0.0,0.0,True
xgboost__unweighted__split789__model123,xgboost,unweighted,789,123,R_x1,773.7010836478753,6.014139364405448e-05,34859.0,34859.0,0.1092371250040663,0.1092371250040663,0.0327318626466622,0.0327318626466622,0.9261363636363636,0.9261363636363636,0.001036437228322,0.001036437228322,0.1123947049150809,0.1123947049150809,0.0,0.0,0.0,True
xgboost__unweighted__split789__model123,xgboost,unweighted,789,123,R_x4,3094.804334591501,2.000060141393644,34859.0,119840.0,0.0827070085237438,0.0611500275875109,0.0327318626466622,0.0099716288384512,0.9261363636363636,0.9699675324675324,0.001036437228322,0.0003322075062897,0.0859314684365624,0.0685824255333918,0.0007042297220323001,0.0215569809362329,0.01734904290317059,False
xgboost__unweighted__split789__model123,xgboost,unweighted,789,123,R_x16,12379.217338366005,4.000060141393644,34859.0,331799.0,0.0760744794036632,0.0281688560977797,0.0327318626466622,0.0036889803766738,0.9261363636363636,0.9935064935064936,0.001036437228322,4.812305996892974e-05,0.0793156593169328,0.0241528374424432,0.0009883141683530703,0.0479056233058835,0.05516282187448959,False
xgboost__unweighted__split789__model123,xgboost,unweighted,789,123,R_x64,49516.86935346402,6.000060141393644,34859.0,331799.0,0.074416347123643,0.0119123438945747,0.0327318626466622,0.0036889803766738,0.9261363636363636,0.9935064935064936,0.001036437228322,4.812305996892974e-05,0.0776617070370253,0.0078645080619095,0.0009883141683530703,0.06250400322906831,0.0697971989751158,False
xgboost__unweighted__split789__model456,xgboost,unweighted,789,456,R_x0.015625,12.089079431998051,-5.999939858606356,38708.0,1249.0,2.590045716794169,0.200635962175542,0.0296579518445799,0.8046437149719776,0.9318181818181818,0.8157467532467533,0.0009388300240971,0.0800860971212387,2.593596925121232,0.2058969837119217,-0.0791472670971416,2.389409754618627,2.38769994140931,False
xgboost__unweighted__split789__model456,xgboost,unweighted,789,456,R_x0.0625,48.356317727992206,-3.999939858606356,38708.0,2379.0,0.6986477928349057,0.1832908761271824,0.0296579518445799,0.4346364018495166,0.9318181818181818,0.8392857142857143,0.0009388300240971,0.0185793414711952,0.705623257254334,0.178907527760379,-0.0176405114470981,0.5153569167077233,0.526715729493955,False
xgboost__unweighted__split789__model456,xgboost,unweighted,789,456,R_x0.25,193.4252709119688,-1.999939858606356,38708.0,7104.0,0.22579831184509,0.1478398057074773,0.0296579518445799,0.1521677927927928,0.9318181818181818,0.877435064935065,0.0009388300240971,0.0051221689209342,0.2336298402876094,0.1483307836030737,-0.0041833388968371,0.07795850613761271,0.08529905668453572,False
xgboost__unweighted__split789__model456,xgboost,unweighted,789,456,val_class_ratio,773.6688311688312,0.0,38708.0,38708.0,0.107587584265162,0.107587584265162,0.0296579518445799,0.0296579518445799,0.9318181818181818,0.9318181818181818,0.0009388300240971,0.0009388300240971,0.1156331257395087,0.1156331257395087,0.0,0.0,0.0,True
xgboost__unweighted__split789__model456,xgboost,unweighted,789,456,R_x1,773.7010836478753,6.014139364405448e-05,38708.0,38708.0,0.1075859415976361,0.1075859415976361,0.0296579518445799,0.0296579518445799,0.9318181818181818,0.9318181818181818,0.0009388300240971,0.0009388300240971,0.1156314860459283,0.1156314860459283,0.0,0.0,0.0,True
xgboost__unweighted__split789__model456,xgboost,unweighted,789,456,R_x4,3094.804334591501,2.000060141393644,38708.0,103111.0,0.0780328490357726,0.0648819430567033,0.0296579518445799,0.0114924692806781,0.9318181818181818,0.9618506493506492,0.0009388300240971,0.0004021187778562,0.086131897485508,0.0657395294088453,0.0005367112462408999,0.013150905979069288,0.020392368076662698,False
xgboost__unweighted__split789__model456,xgboost,unweighted,789,456,R_x16,12379.217338366005,4.000060141393644,38708.0,364690.0,0.0706445758953067,0.0254549505995367,0.0296579518445799,0.0033727275220049,0.9318181818181818,0.9983766233766234,0.0009388300240971,2.611126546980813e-06,0.0787570003454029,0.0254971112281249,0.0009362188975501191,0.04518962529577,0.053259889117278,False
xgboost__unweighted__split789__model456,xgboost,unweighted,789,456,R_x64,49516.86935346402,6.000060141393644,38708.0,404093.0,0.0687975076101903,0.0082271702917017,0.0296579518445799,0.0030438537663359,0.9318181818181818,0.9983766233766234,0.0009388300240971,1.4054990060685668e-06,0.0769132760603766,0.0074295956274529,0.0009374245250910314,0.0605703373184886,0.06948368043292369,False
xgboost__unweighted__split789__model789,xgboost,unweighted,789,789,R_x0.015625,12.089079431998051,-5.999939858606356,29751.0,1161.0,2.0018348066081613,0.2017580865633779,0.03808275352089,0.8587424633936261,0.9196428571428572,0.8092532467532467,0.0011961391428485,0.1261687278747558,1.9985375027504944,0.202295224773945,-0.12497258873190731,1.8000767200447834,1.7962422779765495,False
xgboost__unweighted__split789__model789,xgboost,unweighted,789,789,R_x0.0625,48.356317727992206,-3.999939858606356,29751.0,2377.0,0.5607265587948974,0.1782864617044108,0.03808275352089,0.4375262936474547,0.9196428571428572,0.8441558441558441,0.0011961391428485,0.0198720879852771,0.565989895168143,0.179702430502987,-0.0186759488424286,0.38244009709048665,0.386287464665156,False
xgboost__unweighted__split789__model789,xgboost,unweighted,789,789,R_x0.25,193.4252709119688,-1.999939858606356,29751.0,6584.0,0.2004494968415814,0.146473566431007,0.03808275352089,0.1640340218712029,0.9196428571428572,0.8766233766233766,0.0011961391428485,0.005575296934694,0.2078529932725552,0.1498042475231613,-0.0043791577918455,0.053975930410574385,0.05804874574939389,False
xgboost__unweighted__split789__model789,xgboost,unweighted,789,789,val_class_ratio,773.6688311688312,0.0,29751.0,29751.0,0.1103814829469494,0.1103814829469494,0.03808275352089,0.03808275352089,0.9196428571428572,0.9196428571428572,0.0011961391428485,0.0011961391428485,0.1183200119574915,0.1183200119574915,0.0,0.0,0.0,True
xgboost__unweighted__split789__model789,xgboost,unweighted,789,789,R_x1,773.7010836478753,6.014139364405448e-05,29751.0,29751.0,0.1103802313532524,0.1103802313532524,0.03808275352089,0.03808275352089,0.9196428571428572,0.9196428571428572,0.0011961391428485,0.0011961391428485,0.1183187677986582,0.1183187677986582,0.0,0.0,0.0,True
xgboost__unweighted__split789__model789,xgboost,unweighted,789,789,R_x4,3094.804334591501,2.000060141393644,29751.0,133872.0,0.0878629149811702,0.0648302636083493,0.03808275352089,0.0089264371937373,0.9196428571428572,0.9699675324675324,0.0011961391428485,0.0003071949176955,0.095935211430184,0.0730258290802959,0.0008889442251530001,0.0230326513728209,0.02290938234988811,False
xgboost__unweighted__split789__model789,xgboost,unweighted,789,789,R_x16,12379.217338366005,4.000060141393644,29751.0,338144.0,0.0822335858881496,0.026961381289543,0.03808275352089,0.0036256742689505,0.9196428571428572,0.99512987012987,0.0011961391428485,2.842890353349503e-05,0.0903393223380654,0.0262003775282415,0.001167710239315005,0.05527220459860659,0.06413894480982389,False
xgboost__unweighted__split789__model789,xgboost,unweighted,789,789,R_x64,49516.86935346402,6.000060141393644,29751.0,338144.0,0.0808262536148945,0.0103929427249831,0.03808275352089,0.0036256742689505,0.9196428571428572,0.99512987012987,0.0011961391428485,2.842890353349503e-05,0.0889403500650358,0.0095939255508915,0.001167710239315005,0.0704333108899114,0.0793464245141443,False
xgboost__weighted__split42__model42,xgboost,weighted,42,42,R_x0.015625,12.089079431998051,-5.999939858606356,16747.0,1417.0,1.1779311582599188,0.2532209022338825,0.0643100256762405,0.6760762173606211,0.8741883116883117,0.7775974025974026,0.4471830129623413,0.9440882205963136,1.1683085914068936,0.2179646504621674,-0.4969052076339723,0.9247102560260363,0.9503439409447262,False
xgboost__weighted__split42__model42,xgboost,weighted,42,42,R_x0.0625,48.356317727992206,-3.999939858606356,16747.0,2097.0,0.3888415557987459,0.2158386702811441,0.0643100256762405,0.4716261325703386,0.8741883116883117,0.8027597402597403,0.4471830129623413,0.8821700811386108,0.3706079920075675,0.177655748493633,-0.43498706817626953,0.17300288551760182,0.1929522435139345,False
xgboost__weighted__split42__model42,xgboost,weighted,42,42,R_x0.25,193.4252709119688,-1.999939858606356,16747.0,6130.0,0.1915691551834527,0.1780196772026949,0.0643100256762405,0.1694942903752039,0.8741883116883117,0.8433441558441559,0.4471830129623413,0.6788904070854187,0.171182842157736,0.1489625572804478,-0.2317073941230774,0.013549477980757785,0.022220284877288193,False
xgboost__weighted__split42__model42,xgboost,weighted,42,42,val_class_ratio,773.6688311688312,0.0,16747.0,16747.0,0.1422517403491217,0.1422517403491217,0.0643100256762405,0.0643100256762405,0.8741883116883117,0.8741883116883117,0.4471830129623413,0.4471830129623413,0.1213272474933686,0.1213272474933686,0.0,0.0,0.0,True
xgboost__weighted__split42__model42,xgboost,weighted,42,42,R_x1,773.7010836478753,6.014139364405448e-05,16747.0,16747.0,0.1422510550296293,0.1422510550296293,0.0643100256762405,0.0643100256762405,0.8741883116883117,0.8741883116883117,0.4471830129623413,0.4471830129623413,0.1213265546952781,0.1213265546952781,0.0,0.0,0.0,True
xgboost__weighted__split42__model42,xgboost,weighted,42,42,R_x4,3094.804334591501,2.000060141393644,16747.0,126072.0,0.1299215299911735,0.082271336445622,0.0643100256762405,0.0092883431689828,0.8741883116883117,0.950487012987013,0.4471830129623413,0.0851621776819229,0.1088624828296637,0.0757201295584022,0.3620208352804184,0.047650193545551514,0.0331423532712615,False
xgboost__weighted__split42__model42,xgboost,weighted,42,42,R_x16,12379.217338366005,4.000060141393644,16747.0,343611.0,0.1268391487315596,0.0224493217035815,0.0643100256762405,0.0035854498255294,0.8741883116883117,1.0,0.4471830129623413,0.0034533361904323,0.10574646486326,0.0232636983290678,0.443729676771909,0.10438982702797811,0.0824827665341922,False
xgboost__weighted__split42__model42,xgboost,weighted,42,42,R_x64,49516.86935346402,6.000060141393644,16747.0,343611.0,0.1260685534166561,0.0056123304258953,0.0643100256762405,0.0035854498255294,0.8741883116883117,1.0,0.4471830129623413,0.0034533361904323,0.1049674603716591,0.0064246908160331,0.443729676771909,0.1204562229907608,0.098542769555626,False
xgboost__weighted__split42__model123,xgboost,weighted,42,123,R_x0.015625,12.089079431998051,-5.999939858606356,20266.0,1395.0,1.4150836592211138,0.2570167556828783,0.0530938517714398,0.6824372759856631,0.8733766233766234,0.7727272727272727,0.4094126522541046,0.946331799030304,1.37962462929833,0.2210771191562789,-0.5369191467761993,1.1580669035382356,1.1585475101420513,False
xgboost__weighted__split42__model123,xgboost,weighted,42,123,R_x0.0625,48.356317727992206,-3.999939858606356,20266.0,2497.0,0.4487384472728109,0.2225528979132324,0.0530938517714398,0.3960752903484181,0.8733766233766234,0.8027597402597403,0.4094126522541046,0.8562812209129333,0.4185668716102968,0.1837765002120759,-0.44686856865882874,0.22618554935957852,0.23479037139822093,False
xgboost__weighted__split42__model123,xgboost,weighted,42,123,R_x0.25,193.4252709119688,-1.999939858606356,20266.0,7226.0,0.2071521442857352,0.1809871537227586,0.0530938517714398,0.1440631054525325,0.8733766233766234,0.8449675324675324,0.4094126522541046,0.6516010761260986,0.1783024321882884,0.1538471578827921,-0.24218842387199402,0.02616499056297661,0.024455274305496294,False
xgboost__weighted__split42__model123,xgboost,weighted,42,123,val_class_ratio,773.6688311688312,0.0,20266.0,20266.0,0.1467564078038709,0.1467564078038709,0.0530938517714398,0.0530938517714398,0.8733766233766234,0.8733766233766234,0.4094126522541046,0.4094126522541046,0.1182371570055694,0.1182371570055694,0.0,0.0,0.0,True
xgboost__weighted__split42__model123,xgboost,weighted,42,123,R_x1,773.7010836478753,6.014139364405448e-05,20266.0,20266.0,0.1467555685389662,0.1467555685389662,0.0530938517714398,0.0530938517714398,0.8733766233766234,0.8733766233766234,0.4094126522541046,0.4094126522541046,0.1182363223327863,0.1182363223327863,0.0,0.0,0.0,True
xgboost__weighted__split42__model123,xgboost,weighted,42,123,R_x4,3094.804334591501,2.000060141393644,20266.0,162841.0,0.131656424602274,0.0789236987774426,0.0530938517714398,0.0072893190289914,0.8733766233766234,0.963474025974026,0.4094126522541046,0.0609082393348217,0.1032197948689108,0.0748329974534249,0.3485044129192829,0.052732725824831406,0.0283867974154859,False
xgboost__weighted__split42__model123,xgboost,weighted,42,123,R_x16,12379.217338366005,4.000060141393644,20266.0,340378.0,0.1278816386181009,0.0222373383253145,0.0530938517714398,0.0036195053734377,0.8733766233766234,1.0,0.4094126522541046,0.0043103555217385,0.0994656630029419,0.0230439122839236,0.40510229673236614,0.1056443002927864,0.0764217507190183,False
xgboost__weighted__split42__model123,xgboost,weighted,42,123,R_x64,49516.86935346402,6.000060141393644,20266.0,340378.0,0.1269379421220577,0.0055593345813286,0.0530938517714398,0.0036195053734377,0.8733766233766234,1.0,0.4094126522541046,0.0043103555217385,0.0985271300364497,0.0063697443047471,0.40510229673236614,0.1213786075407291,0.0921573857317026,False
xgboost__weighted__split42__model456,xgboost,weighted,42,456,R_x0.015625,12.089079431998051,-5.999939858606356,15787.0,1471.0,1.1222628788719633,0.2524524322151641,0.0675872553366694,0.6546566961250849,0.8660714285714286,0.7816558441558441,0.468712717294693,0.9442038536071776,1.097589831453491,0.2130765776045244,-0.47549113631248463,0.8698104466567992,0.8845132538489667,False
xgboost__weighted__split42__model456,xgboost,weighted,42,456,R_x0.0625,48.356317727992206,-3.999939858606356,15787.0,1976.0,0.3810121482894194,0.216293038064743,0.0675872553366694,0.4989878542510121,0.8660714285714286,0.8003246753246753,0.468712717294693,0.8990669846534729,0.3511020033179181,0.1779086894482693,-0.4303542673587799,0.16471911022467636,0.17319331386964879,False
xgboost__weighted__split42__model456,xgboost,weighted,42,456,R_x0.25,193.4252709119688,-1.999939858606356,15787.0,7750.0,0.1956994656437834,0.1815542938643508,0.0675872553366694,0.1345806451612903,0.8660714285714286,0.8465909090909091,0.468712717294693,0.6404297947883606,0.1644800462840249,0.1485981952899243,-0.1717170774936676,0.014145171779432614,0.01588185099410061,False
xgboost__weighted__split42__model456,xgboost,weighted,42,456,val_class_ratio,773.6688311688312,0.0,15787.0,15787.0,0.1493719387540991,0.1493719387540991,0.0675872553366694,0.0675872553366694,0.8660714285714286,0.8660714285714286,0.468712717294693,0.468712717294693,0.1178252053456636,0.1178252053456636,0.0,0.0,0.0,True
xgboost__weighted__split42__model456,xgboost,weighted,42,456,R_x1,773.7010836478753,6.014139364405448e-05,15787.0,15787.0,0.1493712949823744,0.1493712949823744,0.0675872553366694,0.0675872553366694,0.8660714285714286,0.8660714285714286,0.468712717294693,0.468712717294693,0.1178245570255516,0.1178245570255516,0.0,0.0,0.0,True
xgboost__weighted__split42__model456,xgboost,weighted,42,456,R_x4,3094.804334591501,2.000060141393644,15787.0,112978.0,0.1377892523170221,0.0869566197836674,0.0675872553366694,0.0102763369859618,0.8660714285714286,0.94237012987013,0.468712717294693,0.1004091426730156,0.1061606847109333,0.0804757024669711,0.3683035746216774,0.05083263253335471,0.025684982243962207,False
xgboost__weighted__split42__model456,xgboost,weighted,42,456,R_x16,12379.217338366005,4.000060141393644,15787.0,345603.0,0.1348937416506841,0.0225799344129869,0.0675872553366694,0.0035647838705103,0.8660714285714286,1.0,0.468712717294693,0.003318985691294,0.1032447166322787,0.0233870984892591,0.465393731603399,0.1123138072376972,0.0798576181430196,False
xgboost__weighted__split42__model456,xgboost,weighted,42,456,R_x64,49516.86935346402,6.000060141393644,15787.0,377001.0,0.1341698639840995,0.006159664558306,0.0675872553366694,0.003267895841125,0.8660714285714286,1.0,0.468712717294693,0.0007105118711479,0.1025157246126151,0.0061619594603287,0.4680022054235451,0.1280101994257935,0.0963537651522864,False
xgboost__weighted__split42__model789,xgboost,weighted,42,789,R_x0.015625,12.089079431998051,-5.999939858606356,17939.0,1281.0,1.2579647516344108,0.2546355197103528,0.0600367913484586,0.7384855581576893,0.8741883116883117,0.7678571428571429,0.4300681054592132,0.9613361954689026,1.2607874298840998,0.2141122654064203,-0.5312680900096893,1.003329231924058,1.0466751644776795,False
xgboost__weighted__split42__model789,xgboost,weighted,42,789,R_x0.0625,48.356317727992206,-3.999939858606356,17939.0,2333.0,0.4088499541423689,0.2156576951802335,0.0600367913484586,0.4260608658379768,0.8741883116883117,0.8068181818181818,0.4300681054592132,0.8667891621589661,0.396162766561934,0.17804548274145,-0.43672105669975286,0.1931922589621354,0.218117283820484,False
xgboost__weighted__split42__model789,xgboost,weighted,42,789,R_x0.25,193.4252709119688,-1.999939858606356,17939.0,5742.0,0.1965712547693584,0.1788391311137886,0.0600367913484586,0.1804249390456287,0.8741883116883117,0.8409090909090909,0.4300681054592132,0.6994282603263855,0.1800066007313926,0.1477623890912121,-0.2693601548671723,0.01773212365556981,0.032244211640180515,False
xgboost__weighted__split42__model789,xgboost,weighted,42,789,val_class_ratio,773.6688311688312,0.0,17939.0,17939.0,0.1435023173771128,0.1435023173771128,0.0600367913484586,0.0600367913484586,0.8741883116883117,0.8741883116883117,0.4300681054592132,0.4300681054592132,0.1259683101949877,0.1259683101949877,0.0,0.0,0.0,True
xgboost__weighted__split42__model789,xgboost,weighted,42,789,R_x1,773.7010836478753,6.014139364405448e-05,17939.0,17939.0,0.1435015799261058,0.1435015799261058,0.0600367913484586,0.0600367913484586,0.8741883116883117,0.8741883116883117,0.4300681054592132,0.4300681054592132,0.1259675592737572,0.1259675592737572,0.0,0.0,0.0,True
xgboost__weighted__split42__model789,xgboost,weighted,42,789,R_x4,3094.804334591501,2.000060141393644,17939.0,199456.0,0.1302341612152927,0.0755356708336639,0.0600367913484586,0.0060314054227498,0.8741883116883117,0.976461038961039,0.4300681054592132,0.0424613319337368,0.1124577989093483,0.0730722802507761,0.3876067735254764,0.054698490381628787,0.039385518658572205,False
xgboost__weighted__split42__model789,xgboost,weighted,42,789,R_x16,12379.217338366005,4.000060141393644,17939.0,352769.0,0.1269173065375894,0.0230497992099747,0.0600367913484586,0.0034923703613412,0.8741883116883117,1.0,0.4300681054592132,0.0018611851846799,0.1090803588182461,0.023056159367009,0.4282069202745333,0.1038675073276147,0.0860241994512371,False
xgboost__weighted__split42__model789,xgboost,weighted,42,789,R_x64,49516.86935346402,6.000060141393644,17939.0,352769.0,0.1260880928681635,0.0057624498024936,0.0600367913484586,0.0034923703613412,0.8741883116883117,1.0,0.4300681054592132,0.0018611851846799,0.1082359987954706,0.0057640398417522,0.4282069202745333,0.1203256430656699,0.10247195895371841,False
xgboost__weighted__split123__model42,xgboost,weighted,123,42,R_x0.015625,12.089079431998051,-5.999939858606356,36889.0,1550.0,2.48285403616264,0.2190881261721093,0.0306595462061861,0.6496774193548387,0.9180194805194806,0.8173701298701299,0.2896187305450439,0.9425119757652284,2.501451095381418,0.2266678710784254,-0.6528932452201845,2.2637659099905307,2.274783224302993,False
xgboost__weighted__split123__model42,xgboost,weighted,123,42,R_x0.0625,48.356317727992206,-3.999939858606356,36889.0,2272.0,0.6821988986510495,0.1872941374009785,0.0306595462061861,0.4520246478873239,0.9180194805194806,0.8336038961038961,0.2896187305450439,0.8819838166236877,0.6935445920271727,0.190255535973368,-0.5923650860786438,0.49490476125007105,0.5032890560538047,False
xgboost__weighted__split123__model42,xgboost,weighted,123,42,R_x0.25,193.4252709119688,-1.999939858606356,36889.0,6395.0,0.2320351142731519,0.1595504882592588,0.0306595462061861,0.1662236121970289,0.9180194805194806,0.8628246753246753,0.2896187305450439,0.6880857944488525,0.2415679661886113,0.1608675282469213,-0.39846706390380865,0.0724846260138931,0.08070043794168999,False
xgboost__weighted__split123__model42,xgboost,weighted,123,42,val_class_ratio,773.6688311688312,0.0,36889.0,36889.0,0.1194957320366485,0.1194957320366485,0.0306595462061861,0.0306595462061861,0.9180194805194806,0.9180194805194806,0.2896187305450439,0.2896187305450439,0.1285753798847088,0.1285753798847088,0.0,0.0,0.0,True
xgboost__weighted__split123__model42,xgboost,weighted,123,42,R_x1,773.7010836478753,6.014139364405448e-05,36889.0,36889.0,0.1194941681786775,0.1194941681786775,0.0306595462061861,0.0306595462061861,0.9180194805194806,0.9180194805194806,0.2896187305450439,0.2896187305450439,0.128573809728971,0.128573809728971,0.0,0.0,0.0,True
xgboost__weighted__split123__model42,xgboost,weighted,123,42,R_x4,3094.804334591501,2.000060141393644,36889.0,175685.0,0.0913589316550589,0.0733608962239723,0.0306595462061861,0.0068190226826422,0.9180194805194806,0.9724025974025974,0.2896187305450439,0.0567235425114631,0.1003252706140609,0.0725715012462186,0.23289518803358078,0.017998035431086606,0.027753769367842296,False
xgboost__weighted__split123__model42,xgboost,weighted,123,42,R_x16,12379.217338366005,4.000060141393644,36889.0,302672.0,0.0843251225241543,0.024635530873865,0.0306595462061861,0.0040505894169265,0.9180194805194806,0.99512987012987,0.2896187305450439,0.0140329422429203,0.0932631358353334,0.0222073506448681,0.2755857883021236,0.05968959165028931,0.07105578519046529,False
xgboost__weighted__split123__model42,xgboost,weighted,123,42,R_x64,49516.86935346402,6.000060141393644,36889.0,378169.0,0.0825666702414281,0.0061788105980382,0.0306595462061861,0.0032578027284097,0.9180194805194806,1.0,0.2896187305450439,0.0007097332854755,0.0914976021406515,0.0061785483235213,0.28890899725956837,0.0763878596433899,0.0853190538171302,False
xgboost__weighted__split123__model123,xgboost,weighted,123,123,R_x0.015625,12.089079431998051,-5.999939858606356,24204.0,1450.0,1.6425790586763631,0.2229198655961314,0.0461907122789621,0.6862068965517242,0.9074675324675324,0.8076298701298701,0.3716185986995697,0.9528026580810548,1.6548468009334658,0.2261174195540769,-0.5811840593814851,1.4196591930802318,1.4287293813793889,False
xgboost__weighted__split123__model123,xgboost,weighted,123,123,R_x0.0625,48.356317727992206,-3.999939858606356,24204.0,2068.0,0.4800441153184414,0.1797275119047708,0.0461907122789621,0.4990328820116054,0.9074675324675324,0.8376623376623377,0.3716185986995697,0.8964411616325378,0.4879811807528469,0.1908957024352823,-0.5248225629329681,0.3003166034136706,0.2970854783175646,False
xgboost__weighted__split123__model123,xgboost,weighted,123,123,R_x0.25,193.4252709119688,-1.999939858606356,24204.0,7646.0,0.189410379478961,0.154193673837639,0.0461907122789621,0.1407271776092074,0.9074675324675324,0.8733766233766234,0.3716185986995697,0.6434732675552368,0.1962647757076922,0.1614778866814835,-0.2718546688556671,0.03521670564132201,0.03478688902620872,False
xgboost__weighted__split123__model123,xgboost,weighted,123,123,val_class_ratio,773.6688311688312,0.0,24204.0,24204.0,0.116752955173577,0.116752955173577,0.0461907122789621,0.0461907122789621,0.9074675324675324,0.9074675324675324,0.3716185986995697,0.3716185986995697,0.1233366878620561,0.1233366878620561,0.0,0.0,0.0,True
xgboost__weighted__split123__model123,xgboost,weighted,123,123,R_x1,773.7010836478753,6.014139364405448e-05,24204.0,24204.0,0.1167519455190908,0.1167519455190908,0.0461907122789621,0.0461907122789621,0.9074675324675324,0.9074675324675324,0.3716185986995697,0.3716185986995697,0.1233356744464035,0.1233356744464035,0.0,0.0,0.0,True
xgboost__weighted__split123__model123,xgboost,weighted,123,123,R_x4,3094.804334591501,2.000060141393644,24204.0,147942.0,0.0985873370291233,0.0742041201642654,0.0461907122789621,0.008030173987103,0.9074675324675324,0.9642857142857144,0.3716185986995697,0.0723116174340248,0.1051033991310813,0.0735041607967673,0.2993069812655449,0.024383216864857893,0.031599238334313995,False
xgboost__weighted__split123__model123,xgboost,weighted,123,123,R_x16,12379.217338366005,4.000060141393644,24204.0,352730.0,0.0940461849066314,0.0230472420334351,0.0461907122789621,0.0034927564993054,0.9074675324675324,1.0,0.3716185986995697,0.0025017170701175,0.1005453303022508,0.0230628473671894,0.3691168816294522,0.0709989428731963,0.0774824829350614,False
xgboost__weighted__split123__model123,xgboost,weighted,123,123,R_x64,49516.86935346402,6.000060141393644,24204.0,352730.0,0.0929108968760085,0.0057618105083587,0.0461907122789621,0.0034927564993054,0.9074675324675324,1.0,0.3716185986995697,0.0025017170701175,0.0994058130950432,0.0057657118417973,0.3691168816294522,0.0871490863676498,0.0936401012532459,False
xgboost__weighted__split123__model456,xgboost,weighted,123,456,R_x0.015625,12.089079431998051,-5.999939858606356,22576.0,1555.0,1.5376655857660124,0.2246968210817689,0.0493001417434443,0.6437299035369775,0.9034090909090908,0.8125,0.3958902955055237,0.937200367450714,1.5577278130721748,0.2269244781920334,-0.5413100719451903,1.3129687646842436,1.3308033348801414,False
xgboost__weighted__split123__model456,xgboost,weighted,123,456,R_x0.0625,48.356317727992206,-3.999939858606356,22576.0,2374.0,0.4568595782596849,0.1906632132086981,0.0493001417434443,0.4317607413647851,0.9034090909090908,0.8319805194805194,0.3958902955055237,0.8714739680290222,0.4673540311901216,0.1855748709405254,-0.47558367252349854,0.26619636505098676,0.28177916024959615,False
xgboost__weighted__split123__model456,xgboost,weighted,123,456,R_x0.25,193.4252709119688,-1.999939858606356,22576.0,5276.0,0.186658076383103,0.1556706100130254,0.0493001417434443,0.2012888551933283,0.9034090909090908,0.862012987012987,0.3958902955055237,0.7268531918525696,0.1947605857196083,0.1603896697614333,-0.3309628963470459,0.0309874663700776,0.03437091595817501,False
xgboost__weighted__split123__model456,xgboost,weighted,123,456,val_class_ratio,773.6688311688312,0.0,22576.0,22576.0,0.119108639587363,0.119108639587363,0.0493001417434443,0.0493001417434443,0.9034090909090908,0.9034090909090908,0.3958902955055237,0.3958902955055237,0.1266131713349389,0.1266131713349389,0.0,0.0,0.0,True
xgboost__weighted__split123__model456,xgboost,weighted,123,456,R_x1,773.7010836478753,6.014139364405448e-05,22576.0,22576.0,0.1191077009139575,0.1191077009139575,0.0493001417434443,0.0493001417434443,0.9034090909090908,0.9034090909090908,0.3958902955055237,0.3958902955055237,0.1266122243519799,0.1266122243519799,0.0,0.0,0.0,True
xgboost__weighted__split123__model456,xgboost,weighted,123,456,R_x4,3094.804334591501,2.000060141393644,22576.0,151423.0,0.1022201070466711,0.0751170977575193,0.0493001417434443,0.0078455716766937,0.9034090909090908,0.9642857142857144,0.3958902955055237,0.0716229006648063,0.1095751340100728,0.0703896452245713,0.32426739484071737,0.027103009289151797,0.03918548878550149,False
xgboost__weighted__split123__model456,xgboost,weighted,123,456,R_x16,12379.217338366005,4.000060141393644,22576.0,321183.0,0.0979982085798495,0.0226022562480791,0.0493001417434443,0.0038295924753178,0.9034090909090908,0.9983766233766234,0.3958902955055237,0.0099437814205884,0.1053158614245961,0.022592683228213,0.3859465140849353,0.0753959523317704,0.08272317819638311,False
xgboost__weighted__split123__model456,xgboost,weighted,123,456,R_x64,49516.86935346402,6.000060141393644,22576.0,345939.0,0.0969427339631441,0.0056504913681011,0.0493001417434443,0.0035613215046583,0.9034090909090908,1.0,0.3958902955055237,0.0030123204924166,0.1042510432782269,0.0056559007800118,0.39287797501310706,0.091292242595043,0.0985951424982151,False
xgboost__weighted__split123__model789,xgboost,weighted,123,789,R_x0.015625,12.089079431998051,-5.999939858606356,26354.0,1670.0,1.7842984610022334,0.230660521682652,0.0425362373833194,0.6005988023952096,0.9099025974025974,0.8141233766233766,0.3565203249454498,0.9307122230529784,1.7789689458674267,0.2215052481196611,-0.5741918981075287,1.5536379393195814,1.5574636977477656,False
xgboost__weighted__split123__model789,xgboost,weighted,123,789,R_x0.0625,48.356317727992206,-3.999939858606356,26354.0,2724.0,0.5136476671986102,0.1849395280560159,0.0425362373833194,0.381424375917768,0.9099025974025974,0.8433441558441559,0.3565203249454498,0.8485450744628906,0.5165766520512722,0.186098889740984,-0.49202474951744085,0.32870813914259434,0.33047776231028825,False
xgboost__weighted__split123__model789,xgboost,weighted,123,789,R_x0.25,193.4252709119688,-1.999939858606356,26354.0,4269.0,0.1959849687477044,0.1538924971089549,0.0425362373833194,0.2480674631061138,0.9099025974025974,0.859577922077922,0.3565203249454498,0.7639038562774658,0.2009785785972336,0.1560715821155465,-0.40738353133201605,0.04209247163874952,0.044906996481687084,False
xgboost__weighted__split123__model789,xgboost,weighted,123,789,val_class_ratio,773.6688311688312,0.0,26354.0,26354.0,0.1165703976874189,0.1165703976874189,0.0425362373833194,0.0425362373833194,0.9099025974025974,0.9099025974025974,0.3565203249454498,0.3565203249454498,0.1220801566137081,0.1220801566137081,0.0,0.0,0.0,True
xgboost__weighted__split123__model789,xgboost,weighted,123,789,R_x1,773.7010836478753,6.014139364405448e-05,26354.0,26354.0,0.116569294134978,0.116569294134978,0.0425362373833194,0.0425362373833194,0.9099025974025974,0.9099025974025974,0.3565203249454498,0.3565203249454498,0.1220790602337239,0.1220790602337239,0.0,0.0,0.0,True
xgboost__weighted__split123__model789,xgboost,weighted,123,789,R_x4,3094.804334591501,2.000060141393644,26354.0,193544.0,0.0967153754817964,0.0715492521312629,0.0425362373833194,0.0062311412392014,0.9099025974025974,0.978896103896104,0.3565203249454498,0.0479459464550018,0.1023541806428465,0.0692290634345908,0.308574378490448,0.025166123350533504,0.0331251172082557,False
xgboost__weighted__split123__model789,xgboost,weighted,123,789,R_x16,12379.217338366005,4.000060141393644,26354.0,334195.0,0.091751895818501,0.0242671891318022,0.0425362373833194,0.0036774936788401,0.9099025974025974,0.997564935064935,0.3565203249454498,0.0071759140118956,0.0974229607451272,0.022637386782762,0.3493444109335542,0.0674847066866988,0.0747855739623652,False
xgboost__weighted__split123__model789,xgboost,weighted,123,789,R_x64,49516.86935346402,6.000060141393644,26354.0,349445.0,0.0905110259026771,0.0057079622716121,0.0425362373833194,0.0035255905793472,0.9099025974025974,1.0,0.3565203249454498,0.0031634746119379,0.0961901557706973,0.0057094703500842,0.3533568503335119,0.08480306363106499,0.09048068542061309,False
xgboost__weighted__split456__model42,xgboost,weighted,456,42,R_x0.015625,12.089079431998051,-5.999939858606356,50269.0,1438.0,3.377702370984012,0.2300236335723635,0.022578527521932,0.6856745479833102,0.9212662337662336,0.8003246753246753,0.2191172391176223,0.9489488005638124,3.335447306516932,0.2310367487130145,-0.7298315614461901,3.1476787374116486,3.1044105578039174,False
xgboost__weighted__split456__model42,xgboost,weighted,456,42,R_x0.0625,48.356317727992206,-3.999939858606356,50269.0,3097.0,0.9034759174213276,0.1953429147267808,0.022578527521932,0.3338714885372941,0.9212662337662336,0.8392857142857143,0.2191172391176223,0.8113290667533875,0.8837806577980641,0.1902545724586081,-0.5922118276357652,0.7081330026945468,0.693526085339456,False
xgboost__weighted__split456__model42,xgboost,weighted,456,42,R_x0.25,193.4252709119688,-1.999939858606356,50269.0,6513.0,0.2849193040306566,0.1641250860669171,0.022578527521932,0.1624443420850606,0.9212662337662336,0.8587662337662337,0.2191172391176223,0.6612936854362488,0.2708639956183472,0.1574091707830977,-0.4421764463186265,0.12079421796373949,0.11345482483524946,False
xgboost__weighted__split456__model42,xgboost,weighted,456,42,val_class_ratio,773.6688311688312,0.0,50269.0,50269.0,0.130282299533527,0.130282299533527,0.022578527521932,0.022578527521932,0.9212662337662336,0.9212662337662336,0.2191172391176223,0.2191172391176223,0.1176369593309036,0.1176369593309036,0.0,0.0,0.0,True
xgboost__weighted__split456__model42,xgboost,weighted,456,42,R_x1,773.7010836478753,6.014139364405448e-05,50269.0,50269.0,0.1302801506829888,0.1302801506829888,0.022578527521932,0.022578527521932,0.9212662337662336,0.9212662337662336,0.2191172391176223,0.2191172391176223,0.1176348300734179,0.1176348300734179,0.0,0.0,0.0,True
xgboost__weighted__split456__model42,xgboost,weighted,456,42,R_x4,3094.804334591501,2.000060141393644,50269.0,132331.0,0.0916203623460718,0.0733575550260967,0.022578527521932,0.0089472610348293,0.9212662337662336,0.961038961038961,0.2191172391176223,0.0856547430157661,0.0793275386871856,0.0731516695303471,0.13346249610185618,0.018262807319975094,0.006175869156838501,False
xgboost__weighted__split456__model42,xgboost,weighted,456,42,R_x16,12379.217338366005,4.000060141393644,50269.0,358245.0,0.0819554152618426,0.0242206069038988,0.022578527521932,0.0034361958994542,0.9212662337662336,0.9991883116883116,0.2191172391176223,0.0015437565743923,0.0697507158406275,0.0234015093371087,0.21757348254323,0.057734808357943805,0.0463492065035188,False
xgboost__weighted__split456__model42,xgboost,weighted,456,42,R_x64,49516.86935346402,6.000060141393644,50269.0,358245.0,0.0795391784907853,0.0066639179597409,0.022578527521932,0.0034361958994542,0.9212662337662336,0.9991883116883116,0.2191172391176223,0.0015437565743923,0.067356510128988,0.0058503773342771,0.21757348254323,0.0728752605310444,0.06150613279471089,False
xgboost__weighted__split456__model123,xgboost,weighted,456,123,R_x0.015625,12.089079431998051,-5.999939858606356,29012.0,1552.0,1.970672106755222,0.2297683777808614,0.0383289673238659,0.6411082474226805,0.9025974025974026,0.8076298701298701,0.3193224370479584,0.9330600500106812,1.959381593663744,0.2295549889602233,-0.6137376129627228,1.7409037289743605,1.7298266047035207,False
xgboost__weighted__split456__model123,xgboost,weighted,456,123,R_x0.0625,48.356317727992206,-3.999939858606356,29012.0,2492.0,0.5657199747407535,0.1926439103601641,0.0383289673238659,0.4113162118780096,0.9025974025974026,0.8319805194805194,0.3193224370479584,0.8478333950042725,0.554983385428923,0.1916248142236755,-0.5285109579563141,0.37307606438058943,0.3633585712052475,False
xgboost__weighted__split456__model123,xgboost,weighted,456,123,R_x0.25,193.4252709119688,-1.999939858606356,29012.0,8216.0,0.2144819417371364,0.1639285797671957,0.0383289673238659,0.1298685491723466,0.9025974025974026,0.8660714285714286,0.3193224370479584,0.6100266575813293,0.2038838333702177,0.1605601311446109,-0.29070422053337097,0.0505533619699407,0.0433237022256068,False
xgboost__weighted__split456__model123,xgboost,weighted,456,123,val_class_ratio,773.6688311688312,0.0,29012.0,29012.0,0.1266736536785636,0.1266736536785636,0.0383289673238659,0.0383289673238659,0.9025974025974026,0.9025974025974026,0.3193224370479584,0.3193224370479584,0.1161101650667935,0.1161101650667935,0.0,0.0,0.0,True
xgboost__weighted__split456__model123,xgboost,weighted,456,123,R_x1,773.7010836478753,6.014139364405448e-05,29012.0,29012.0,0.1266724334862321,0.1266724334862321,0.0383289673238659,0.0383289673238659,0.9025974025974026,0.9025974025974026,0.3193224370479584,0.3193224370479584,0.1161089453555414,0.1161089453555414,0.0,0.0,0.0,True
xgboost__weighted__split456__model123,xgboost,weighted,456,123,R_x4,3094.804334591501,2.000060141393644,29012.0,97038.0,0.104720056423506,0.0779042604673939,0.0383289673238659,0.012026216533729,0.9025974025974026,0.9472402597402596,0.3193224370479584,0.1192764565348625,0.0941652233518723,0.072846342043179,0.20004598051309586,0.026815795956112096,0.021318881308693305,False
xgboost__weighted__split456__model123,xgboost,weighted,456,123,R_x16,12379.217338366005,4.000060141393644,29012.0,352235.0,0.0992319621578245,0.0238265394422889,0.0383289673238659,0.0034948258974832,0.9025974025974026,0.9991883116883116,0.3193224370479584,0.0019765198230743,0.088679292850955,0.0229924922280367,0.3173459172248841,0.0754054227155356,0.06568680062291829,False
xgboost__weighted__split456__model123,xgboost,weighted,456,123,R_x64,49516.86935346402,6.000060141393644,29012.0,352235.0,0.0978599385914041,0.0065654010943384,0.0383289673238659,0.0034948258974832,0.9025974025974026,0.9991883116883116,0.3193224370479584,0.0019765198230743,0.0873078102257257,0.0057481230570091,0.3173459172248841,0.0912945374970657,0.0815596871687166,False
xgboost__weighted__split456__model456,xgboost,weighted,456,456,R_x0.015625,12.089079431998051,-5.999939858606356,35448.0,1618.0,2.401920966568413,0.2333209374300304,0.0313981042654028,0.61557478368356,0.9034090909090908,0.8084415584415584,0.2855784893035888,0.9265522956848145,2.36301703492154,0.2301353454637603,-0.6409738063812256,2.1686000291383825,2.1328816894577796,False
xgboost__weighted__split456__model456,xgboost,weighted,456,456,R_x0.0625,48.356317727992206,-3.999939858606356,35448.0,2110.0,0.6729234234602851,0.1978304573022793,0.0313981042654028,0.4791469194312796,0.9034090909090908,0.8206168831168831,0.2855784893035888,0.8790860176086426,0.653457180808307,0.1960608341345855,-0.5935075283050537,0.4750929661580058,0.4573963466737214,False
xgboost__weighted__split456__model456,xgboost,weighted,456,456,R_x0.25,193.4252709119688,-1.999939858606356,35448.0,7997.0,0.240674037683253,0.1630095698600537,0.0313981042654028,0.1334250343878954,0.9034090909090908,0.8660714285714286,0.2855784893035888,0.6197996735572815,0.2260672172799988,0.1556162508171877,-0.3342211842536927,0.0776644678231993,0.0704509664628111,False
xgboost__weighted__split456__model456,xgboost,weighted,456,456,val_class_ratio,773.6688311688312,0.0,35448.0,35448.0,0.1326131928627837,0.1326131928627837,0.0313981042654028,0.0313981042654028,0.9034090909090908,0.9034090909090908,0.2855784893035888,0.2855784893035888,0.1192212111401964,0.1192212111401964,0.0,0.0,0.0,True
xgboost__weighted__split456__model456,xgboost,weighted,456,456,R_x1,773.7010836478753,6.014139364405448e-05,35448.0,35448.0,0.132611691238995,0.132611691238995,0.0313981042654028,0.0313981042654028,0.9034090909090908,0.9034090909090908,0.2855784893035888,0.2855784893035888,0.1192197263979217,0.1192197263979217,0.0,0.0,0.0,True
xgboost__weighted__split456__model456,xgboost,weighted,456,456,R_x4,3094.804334591501,2.000060141393644,35448.0,135722.0,0.1055961046279305,0.0718110761542159,0.0313981042654028,0.0087458186587288,0.9034090909090908,0.963474025974026,0.2855784893035888,0.0849730372428894,0.0925078536774025,0.0732988568523664,0.2006054520606994,0.03378502847371459,0.0192089968250361,False
xgboost__weighted__split456__model456,xgboost,weighted,456,456,R_x16,12379.217338366005,4.000060141393644,35448.0,343796.0,0.0988422079751644,0.0232732057803046,0.0313981042654028,0.0035806117581356,0.9034090909090908,0.9991883116883116,0.2855784893035888,0.0040422258898615,0.0858298854972726,0.0232425852304591,0.28153626341372734,0.07556900219485979,0.0625873002668135,False
xgboost__weighted__split456__model456,xgboost,weighted,456,456,R_x64,49516.86935346402,6.000060141393644,35448.0,362004.0,0.0971537338119729,0.00672553607905,0.0313981042654028,0.0034005149114374,0.9034090909090908,0.9991883116883116,0.2855784893035888,0.0014700866304337,0.0841603934522402,0.0059081924730915,0.2841084026731551,0.0904281977329229,0.0782522009791487,False
xgboost__weighted__split456__model789,xgboost,weighted,456,789,R_x0.015625,12.089079431998051,-5.999939858606356,40983.0,1550.0,2.7656439907124155,0.2305129238162288,0.0273772051826367,0.6412903225806451,0.9107142857142856,0.8068181818181818,0.2601685523986816,0.93205326795578,2.7196781580601743,0.2321303194437677,-0.6718847155570984,2.5351310668961866,2.4875478386164067,False
xgboost__weighted__split456__model789,xgboost,weighted,456,789,R_x0.0625,48.356317727992206,-3.999939858606356,40983.0,2624.0,0.7583752833923896,0.1998304487633644,0.0273772051826367,0.3883384146341463,0.9107142857142856,0.8271103896103896,0.2601685523986816,0.8442065119743347,0.735926033021537,0.1888756470534911,-0.5840379595756531,0.5585448346290252,0.5470503859680459,False
xgboost__weighted__split456__model789,xgboost,weighted,456,789,R_x0.25,193.4252709119688,-1.999939858606356,40983.0,6374.0,0.2565581065623831,0.1659894416532545,0.0273772051826367,0.1655161593975525,0.9107142857142856,0.8563311688311688,0.2601685523986816,0.6769981384277344,0.2399880017618777,0.1615659139673181,-0.4168295860290528,0.0905686649091286,0.07842208779455961,False
xgboost__weighted__split456__model789,xgboost,weighted,456,789,val_class_ratio,773.6688311688312,0.0,40983.0,40983.0,0.1311055556554738,0.1311055556554738,0.0273772051826367,0.0273772051826367,0.9107142857142856,0.9107142857142856,0.2601685523986816,0.2601685523986816,0.1160052168235474,0.1160052168235474,0.0,0.0,0.0,True
xgboost__weighted__split456__model789,xgboost,weighted,456,789,R_x1,773.7010836478753,6.014139364405448e-05,40983.0,40983.0,0.1311038123548814,0.1311038123548814,0.0273772051826367,0.0273772051826367,0.9107142857142856,0.9107142857142856,0.2601685523986816,0.2601685523986816,0.1160034939469629,0.1160034939469629,0.0,0.0,0.0,True
xgboost__weighted__split456__model789,xgboost,weighted,456,789,R_x4,3094.804334591501,2.000060141393644,40983.0,126408.0,0.099740238803006,0.0766758065798568,0.0273772051826367,0.0093190304411113,0.9107142857142856,0.9561688311688312,0.2601685523986816,0.0914582833647728,0.0850073669932342,0.0708321650211246,0.1687102690339088,0.023064432223149203,0.0141752019721096,False
xgboost__weighted__split456__model789,xgboost,weighted,456,789,R_x16,12379.217338366005,4.000060141393644,40983.0,348847.0,0.0918993454150372,0.0227926390461753,0.0273772051826367,0.0035316342121331,0.9107142857142856,1.0,0.2601685523986816,0.0025469081010669,0.077258335254802,0.0227662148885998,0.2576216442976147,0.0691067063688619,0.0544921203662022,False
xgboost__weighted__split456__model789,xgboost,weighted,456,789,R_x64,49516.86935346402,6.000060141393644,40983.0,348847.0,0.089939122068045,0.0056981597615438,0.0273772051826367,0.0035316342121331,0.9107142857142856,1.0,0.2601685523986816,0.0025469081010669,0.075321077320194,0.0056915537221499,0.2576216442976147,0.0842409623065012,0.0696295235980441,False
xgboost__weighted__split789__model42,xgboost,weighted,789,42,R_x0.015625,12.089079431998051,-5.999939858606356,31487.0,1523.0,2.1271821041813053,0.2190329458874639,0.0356655127512941,0.659881812212738,0.911525974025974,0.8157467532467533,0.3288641273975372,0.9376676082611084,2.105733813055755,0.2212366790143775,-0.6088034808635712,1.9081491582938415,1.8844971340413776,False
xgboost__weighted__split789__model42,xgboost,weighted,789,42,R_x0.0625,48.356317727992206,-3.999939858606356,31487.0,2202.0,0.5981510455258459,0.184462199803826,0.0356655127512941,0.4673024523160763,0.911525974025974,0.8352272727272727,0.3288641273975372,0.8781695365905762,0.5897451415756271,0.1852343359815162,-0.5493054091930389,0.41368884572201986,0.4045108055941109,False
xgboost__weighted__split789__model42,xgboost,weighted,789,42,R_x0.25,193.4252709119688,-1.999939858606356,31487.0,5410.0,0.2158932808619809,0.1562329265772128,0.0356655127512941,0.1963031423290203,0.911525974025974,0.862012987012987,0.3288641273975372,0.7158449292182922,0.2107479737055951,0.1565350668206567,-0.38698080182075506,0.0596603542847681,0.05421290688493838,False
xgboost__weighted__split789__model42,xgboost,weighted,789,42,val_class_ratio,773.6688311688312,0.0,31487.0,31487.0,0.1203301676501349,0.1203301676501349,0.0356655127512941,0.0356655127512941,0.911525974025974,0.911525974025974,0.3288641273975372,0.3288641273975372,0.1159999983649738,0.1159999983649738,0.0,0.0,0.0,True
xgboost__weighted__split789__model42,xgboost,weighted,789,42,R_x1,773.7010836478753,6.014139364405448e-05,31487.0,31487.0,0.1203288396960146,0.1203288396960146,0.0356655127512941,0.0356655127512941,0.911525974025974,0.911525974025974,0.3288641273975372,0.3288641273975372,0.115998681738087,0.115998681738087,0.0,0.0,0.0,True
xgboost__weighted__split789__model42,xgboost,weighted,789,42,R_x4,3094.804334591501,2.000060141393644,31487.0,137881.0,0.0964377294045231,0.0675056233189254,0.0356655127512941,0.0086523886539842,0.911525974025974,0.968344155844156,0.3288641273975372,0.0841703861951828,0.09231135874621,0.0734119484871915,0.24469374120235438,0.028932106085597695,0.018899410259018506,False
xgboost__weighted__split789__model42,xgboost,weighted,789,42,R_x16,12379.217338366005,4.000060141393644,31487.0,333423.0,0.0904649518316502,0.0250283240303622,0.0356655127512941,0.0036830092705062,0.911525974025974,0.9967532467532468,0.3288641273975372,0.0071854591369628,0.0863895279982408,0.0226546313322468,0.3216786682605744,0.06543662780128799,0.063734896665994,False
xgboost__weighted__split789__model42,xgboost,weighted,789,42,R_x64,49516.86935346402,6.000060141393644,31487.0,361414.0,0.088971757438432,0.0075275694100857,0.0356655127512941,0.0034032992634485,0.911525974025974,0.9983766233766234,0.3288641273975372,0.0007245526066981,0.0849090703112485,0.0059164541203732,0.32813957479083905,0.0814441880283463,0.0789926161908753,False
xgboost__weighted__split789__model123,xgboost,weighted,789,123,R_x0.015625,12.089079431998051,-5.999939858606356,20373.0,1353.0,1.3879934898550896,0.2208012177330517,0.0547292985814558,0.7317073170731707,0.9050324675324676,0.8035714285714286,0.419091135263443,0.9576021432876588,1.374375569753626,0.2197149793202422,-0.5385110080242158,1.167192272122038,1.1546605904333838,False
xgboost__weighted__split789__model123,xgboost,weighted,789,123,R_x0.0625,48.356317727992206,-3.999939858606356,20373.0,2026.0,0.4182240218144217,0.1881357306918554,0.0547292985814558,0.5039486673247778,0.9050324675324676,0.8287337662337663,0.419091135263443,0.8894139528274536,0.4160370742565882,0.1867749421779246,-0.4703228175640106,0.2300882911225663,0.2292621320786636,False
xgboost__weighted__split789__model123,xgboost,weighted,789,123,R_x0.25,193.4252709119688,-1.999939858606356,20373.0,6333.0,0.1757816548042547,0.1568426578266402,0.0547292985814558,0.1683246486657192,0.9050324675324676,0.8652597402597403,0.419091135263443,0.6806014180183411,0.1764524503823288,0.1508023616982997,-0.26151028275489807,0.018938996977614503,0.0256500886840291,False
xgboost__weighted__split789__model123,xgboost,weighted,789,123,val_class_ratio,773.6688311688312,0.0,20373.0,20373.0,0.1151719052905632,0.1151719052905632,0.0547292985814558,0.0547292985814558,0.9050324675324676,0.9050324675324676,0.419091135263443,0.419091135263443,0.1165571267248845,0.1165571267248845,0.0,0.0,0.0,True
xgboost__weighted__split789__model123,xgboost,weighted,789,123,R_x1,773.7010836478753,6.014139364405448e-05,20373.0,20373.0,0.115171063051713,0.115171063051713,0.0547292985814558,0.0547292985814558,0.9050324675324676,0.9050324675324676,0.419091135263443,0.419091135263443,0.116556294413764,0.116556294413764,0.0,0.0,0.0,True
xgboost__weighted__split789__model123,xgboost,weighted,789,123,R_x4,3094.804334591501,2.000060141393644,20373.0,244753.0,0.1000184151135775,0.0768605620040394,0.0547292985814558,0.0049682741375999,0.9050324675324676,0.987012987012987,0.419091135263443,0.0308667439967393,0.1015822554216227,0.0762964608362844,0.3882243912667037,0.023157853109538093,0.025285794585338306,False
xgboost__weighted__split789__model123,xgboost,weighted,789,123,R_x16,12379.217338366005,4.000060141393644,20373.0,330564.0,0.0962302531290437,0.0256526171997408,0.0547292985814558,0.0037118379496859,0.9050324675324676,0.9959415584415584,0.419091135263443,0.0081682000309228,0.0978387456735874,0.0224527455228796,0.4109229352325202,0.0705776359293029,0.0753860001507078,False
xgboost__weighted__split789__model123,xgboost,weighted,789,123,R_x64,49516.86935346402,6.000060141393644,20373.0,330564.0,0.0952832126329102,0.0094569854687663,0.0547292985814558,0.0037118379496859,0.9050324675324676,0.9959415584415584,0.419091135263443,0.0081682000309228,0.0969028682365786,0.0062219526144861,0.4109229352325202,0.0858262271641439,0.09068091562209249,False
xgboost__weighted__split789__model456,xgboost,weighted,789,456,R_x0.015625,12.089079431998051,-5.999939858606356,33688.0,1370.0,2.270568101423522,0.2219426364305067,0.0334837330800285,0.7226277372262774,0.9155844155844156,0.8035714285714286,0.3066228330135345,0.9547471404075624,2.267479556712761,0.2292298882481884,-0.6481243073940279,2.048625464993015,2.0382496684645726,False
xgboost__weighted__split789__model456,xgboost,weighted,789,456,R_x0.0625,48.356317727992206,-3.999939858606356,33688.0,2473.0,0.6309537136675688,0.1848687196207231,0.0334837330800285,0.4181156490093004,0.9155844155844156,0.8392857142857143,0.3066228330135345,0.8526819944381714,0.6301815774898787,0.1853603247014543,-0.5460591614246368,0.4460849940468457,0.4448212527884244,False
xgboost__weighted__split789__model456,xgboost,weighted,789,456,R_x0.25,193.4252709119688,-1.999939858606356,33688.0,5460.0,0.2210501167285805,0.1580745155986322,0.0334837330800285,0.1941391941391941,0.9155844155844156,0.8603896103896104,0.3066228330135345,0.7074557542800903,0.2208570826841579,0.1566106018815177,-0.40083292126655584,0.0629756011299483,0.0642464808026402,False
xgboost__weighted__split789__model456,xgboost,weighted,789,456,val_class_ratio,773.6688311688312,0.0,33688.0,33688.0,0.1185756414888984,0.1185756414888984,0.0334837330800285,0.0334837330800285,0.9155844155844156,0.9155844155844156,0.3066228330135345,0.3066228330135345,0.1185273809660061,0.1185273809660061,0.0,0.0,0.0,True
xgboost__weighted__split789__model456,xgboost,weighted,789,456,R_x1,773.7010836478753,6.014139364405448e-05,33688.0,33688.0,0.1185742174938334,0.1185742174938334,0.0334837330800285,0.0334837330800285,0.9155844155844156,0.9155844155844156,0.3066228330135345,0.3066228330135345,0.1185259589827277,0.1185259589827277,0.0,0.0,0.0,True
xgboost__weighted__split789__model456,xgboost,weighted,789,456,R_x4,3094.804334591501,2.000060141393644,33688.0,134419.0,0.0929552426851466,0.0674095795276974,0.0334837330800285,0.0088677939874571,0.9155844155844156,0.9675324675324676,0.3066228330135345,0.0838013067841529,0.0929431780573702,0.074198407127209,0.2228215262293816,0.025545663157449203,0.018744770930161192,False
xgboost__weighted__split789__model456,xgboost,weighted,789,456,R_x16,12379.217338366005,4.000060141393644,33688.0,331476.0,0.0865504989829749,0.0265241696699067,0.0334837330800285,0.0036986086473832,0.9155844155844156,0.99512987012987,0.3066228330135345,0.0078154262155294,0.0865474828260308,0.0225151012892675,0.2988074067980051,0.0600263293130682,0.0640323815367633,False
xgboost__weighted__split789__model456,xgboost,weighted,789,456,R_x64,49516.86935346402,6.000060141393644,33688.0,373351.0,0.084949313057432,0.0077232425918344,0.0334837330800285,0.0032944869573136,0.9155844155844156,0.9983766233766234,0.3066228330135345,0.0005775844911113,0.084948559018196,0.0061111929491554,0.3060452485224232,0.0772260704655976,0.0788373660690406,False
xgboost__weighted__split789__model789,xgboost,weighted,789,789,R_x0.015625,12.089079431998051,-5.999939858606356,20680.0,1461.0,1.4156368133896742,0.2219007694596427,0.0535299806576402,0.6824093086926762,0.898538961038961,0.8092532467532467,0.4069646596908569,0.9422608017921448,1.4018427417647046,0.2231764727097395,-0.5352961421012878,1.1937360439300315,1.1786662690549652,False
xgboost__weighted__split789__model789,xgboost,weighted,789,789,R_x0.0625,48.356317727992206,-3.999939858606356,20680.0,2356.0,0.4300049825681977,0.18704717744218,0.0535299806576402,0.4367572156196944,0.898538961038961,0.8352272727272727,0.4069646596908569,0.8593566417694092,0.4235126334931242,0.1874548546775101,-0.4523919820785523,0.2429578051260177,0.23605777881561407,False
xgboost__weighted__split789__model789,xgboost,weighted,789,789,R_x0.25,193.4252709119688,-1.999939858606356,20680.0,7362.0,0.1835970248628286,0.1554495525448184,0.0535299806576402,0.145748437924477,0.898538961038961,0.8709415584415584,0.4069646596908569,0.6364256143569946,0.178930106425229,0.1562738300333169,-0.22946095466613775,0.028147472318010208,0.02265627639191209,False
xgboost__weighted__split789__model789,xgboost,weighted,789,789,val_class_ratio,773.6688311688312,0.0,20680.0,20680.0,0.1219958914517015,0.1219958914517015,0.0535299806576402,0.0535299806576402,0.898538961038961,0.898538961038961,0.4069646596908569,0.4069646596908569,0.1177853243319691,0.1177853243319691,0.0,0.0,0.0,True
xgboost__weighted__split789__model789,xgboost,weighted,789,789,R_x1,773.7010836478753,6.014139364405448e-05,20680.0,20680.0,0.1219950354364863,0.1219950354364863,0.0535299806576402,0.0535299806576402,0.898538961038961,0.898538961038961,0.4069646596908569,0.4069646596908569,0.1177844746582553,0.1177844746582553,0.0,0.0,0.0,True
xgboost__weighted__split789__model789,xgboost,weighted,789,789,R_x4,3094.804334591501,2.000060141393644,20680.0,157914.0,0.1065945380799007,0.0678880651983202,0.0535299806576402,0.0075927403523436,0.898538961038961,0.9732142857142856,0.4069646596908569,0.0666286200284957,0.1024980667165118,0.0673286849718689,0.34033603966236115,0.038706472881580495,0.03516938174464289,False
xgboost__weighted__split789__model789,xgboost,weighted,789,789,R_x16,12379.217338366005,4.000060141393644,20680.0,332410.0,0.1027444137407543,0.0257736568892802,0.0535299806576402,0.0036912246923979,0.898538961038961,0.9959415584415584,0.4069646596908569,0.007726218085736,0.098676464731076,0.0225703100750704,0.3992384416051209,0.0769707568514741,0.07610615465600559,False
xgboost__weighted__split789__model789,xgboost,weighted,789,789,R_x64,49516.86935346402,6.000060141393644,20680.0,332410.0,0.1017818826559677,0.0094872453911512,0.0535299806576402,0.0036912246923979,0.898538961038961,0.9959415584415584,0.4069646596908569,0.007726218085736,0.097721064234717,0.0062513437525338,0.3992384416051209,0.0922946372648165,0.0914697204821832,False
