experiment_id,cell_id,learner,csl_variant,split_seed,model_seed,feature_set,R_train,R_eval,R_level,R_ratio_to_class,log2_distance_from_class_ratio,config,threshold_rule,threshold_selected_on,threshold_r_dependent,threshold,threshold_gap_b_minus_c,thresholds_identical,val_class_ratio,val_n_positive,val_n_negative,test_tp,test_fp,test_fn,test_tn,test_n_flagged,test_alert_rate,test_precision,test_recall,test_total_risk,test_ner,test_ner_closed_form,test_ner_abs_error,val_tp,val_fp,val_fn,val_tn,val_n_flagged,val_alert_rate,val_precision,val_recall,val_total_risk,val_ner,val_ner_closed_form,val_ner_abs_error
E6_threshold_divergence,decision_tree__unweighted__split123__model123,decision_tree,unweighted,123,123,no_origin_balance,1.0,12.089079431998051,R_x0.015625,0.01562565137041168,-5.999939858606356,B,youden,val,False,0.015106117352843285,-0.024893881753087044,False,773.6688311688312,1232,953160,1012,4339,220,948823,5351,0.005606699120069909,0.18912352831246496,0.8214285714285714,6998.597475039571,0.46990176552773816,0.46990176552773816,0.0,990,4334,242,948826,5324,0.005578420607046161,0.1859504132231405,0.8035714285714286,7259.557222543528,0.48742319700327663,0.48742319700327663,0.0
E6_threshold_divergence,decision_tree__unweighted__split123__model123,decision_tree,unweighted,123,123,no_origin_balance,1.0,12.089079431998051,R_x0.015625,0.01562565137041168,-5.999939858606356,C,ner_optimal,val,True,0.03999999910593033,-0.024893881753087044,False,773.6688311688312,1232,953160,959,699,273,952463,1658,0.001737228021131734,0.5784077201447527,0.7784090909090909,3999.318684935468,0.26852336023920603,0.26852336023920603,0.0,935,680,297,952480,1615,0.0016921767994702386,0.5789473684210527,0.7589285714285714,4270.456591303421,0.2867281764696287,0.2867281764696287,0.0
E6_threshold_divergence,decision_tree__unweighted__split123__model123,decision_tree,unweighted,123,123,no_origin_balance,1.0,48.356317727992206,R_x0.0625,0.06250260548164673,-3.999939858606356,B,youden,val,False,0.015106117352843285,-0.01123855821788311,False,773.6688311688312,1232,953160,1012,4339,220,948823,5351,0.005606699120069909,0.18912352831246496,0.8214285714285714,14977.389900158285,0.25140401281050595,0.25140401281050595,0.0,990,4334,242,948826,5324,0.005578420607046161,0.1859504132231405,0.8035714285714286,16036.228890174114,0.2691772278222477,0.26917722782224773,5.551115123125783e-17
E6_threshold_divergence,decision_tree__unweighted__split123__model123,decision_tree,unweighted,123,123,no_origin_balance,1.0,48.356317727992206,R_x0.0625,0.06250260548164673,-3.999939858606356,C,ner_optimal,val,True,0.026344675570726395,-0.01123855821788311,False,773.6688311688312,1232,953160,966,968,266,952194,1934,0.002026416762888283,0.49948293691830403,0.7840909090909091,13830.780515645927,0.23215752177874446,0.23215752177874452,5.551115123125783e-17,943,916,289,952244,1859,0.0019478369475016556,0.5072619688004303,0.765422077922078,14890.975823389748,0.24995350335540417,0.2499535033554042,2.7755575615628914e-17
E6_threshold_divergence,decision_tree__unweighted__split123__model123,decision_tree,unweighted,123,123,no_origin_balance,1.0,193.42527091196882,R_x0.25,0.2500104219265869,-1.999939858606356,B,youden,val,False,0.015106117352843285,0.0,True,773.6688311688312,1232,953160,1012,4339,220,948823,5351,0.005606699120069909,0.18912352831246496,0.8214285714285714,46892.55960063314,0.19677957463119788,0.1967795746311979,2.7755575615628914e-17,990,4334,242,948826,5324,0.005578420607046161,0.1859504132231405,0.8035714285714286,51142.915560696456,0.21461573552699045,0.2146157355269905,5.551115123125783e-17
E6_threshold_divergence,decision_tree__unweighted__split123__model123,decision_tree,unweighted,123,123,no_origin_balance,1.0,193.42527091196882,R_x0.25,0.2500104219265869,-1.999939858606356,C,ner_optimal,val,True,0.015106117352843285,0.0,True,773.6688311688312,1232,953160,1012,4339,220,948823,5351,0.005606699120069909,0.18912352831246496,0.8214285714285714,46892.55960063314,0.19677957463119788,0.1967795746311979,2.7755575615628914e-17,990,4334,242,948826,5324,0.005578420607046161,0.1859504132231405,0.8035714285714286,51142.915560696456,0.21461573552699045,0.2146157355269905,5.551115123125783e-17
E6_threshold_divergence,decision_tree__unweighted__split123__model123,decision_tree,unweighted,123,123,no_origin_balance,1.0,773.6688311688312,val_class_ratio,1.0,0.0,B,youden,val,False,0.015106117352843285,0.0,True,773.6688311688312,1232,953160,1012,4339,220,948823,5351,0.005606699120069909,0.18912352831246496,0.8214285714285714,174546.14285714287,0.1831236548503324,0.18312365485033244,2.7755575615628914e-17,990,4334,242,948826,5324,0.005578420607046161,0.1859504132231405,0.8035714285714286,191561.85714285713,0.2009755519984652,0.20097555199846523,2.7755575615628914e-17
E6_threshold_divergence,decision_tree__unweighted__split123__model123,decision_tree,unweighted,123,123,no_origin_balance,1.0,773.6688311688312,val_class_ratio,1.0,0.0,C,ner_optimal,val,True,0.015106117352843285,0.0,True,773.6688311688312,1232,953160,1012,4339,220,948823,5351,0.005606699120069909,0.18912352831246496,0.8214285714285714,174546.14285714287,0.1831236548503324,0.18312365485033244,2.7755575615628914e-17,990,4334,242,948826,5324,0.005578420607046161,0.1859504132231405,0.8035714285714286,191561.85714285713,0.2009755519984652,0.20097555199846523,2.7755575615628914e-17
E6_threshold_divergence,decision_tree__unweighted__split123__model123,decision_tree,unweighted,123,123,no_origin_balance,1.0,773.7010836478753,R_x1,1.0000416877063476,6.014139364405448e-05,B,youden,val,False,0.015106117352843285,0.0,True,773.6688311688312,1232,953160,1012,4339,220,948823,5351,0.005606699120069909,0.18912352831246496,0.8214285714285714,174553.23840253256,0.18312346508637087,0.1831234650863709,2.7755575615628914e-17,990,4334,242,948826,5324,0.005578420607046161,0.1859504132231405,0.8035714285714286,191569.66224278582,0.20097536245317615,0.2009753624531762,5.551115123125783e-17
E6_threshold_divergence,decision_tree__unweighted__split123__model123,decision_tree,unweighted,123,123,no_origin_balance,1.0,773.7010836478753,R_x1,1.0000416877063476,6.014139364405448e-05,C,ner_optimal,val,True,0.015106117352843285,0.0,True,773.6688311688312,1232,953160,1012,4339,220,948823,5351,0.005606699120069909,0.18912352831246496,0.8214285714285714,174553.23840253256,0.18312346508637087,0.1831234650863709,2.7755575615628914e-17,990,4334,242,948826,5324,0.005578420607046161,0.1859504132231405,0.8035714285714286,191569.66224278582,0.20097536245317615,0.2009753624531762,5.551115123125783e-17
E6_threshold_divergence,decision_tree__unweighted__split123__model123,decision_tree,unweighted,123,123,no_origin_balance,1.0,3094.804334591501,R_x4,4.00016675082539,2.000060141393644,B,youden,val,False,0.015106117352843285,0.014517579111270607,False,773.6688311688312,1232,953160,1012,4339,220,948823,5351,0.005606699120069909,0.18912352831246496,0.8214285714285714,685195.9536101302,0.17970943770016412,0.17970943770016415,2.7755575615628914e-17,990,4334,242,948826,5324,0.005578420607046161,0.1859504132231405,0.8035714285714286,753276.6489711433,0.19756526918472256,0.19756526918472261,5.551115123125783e-17
E6_threshold_divergence,decision_tree__unweighted__split123__model123,decision_tree,unweighted,123,123,no_origin_balance,1.0,3094.804334591501,R_x4,4.00016675082539,2.000060141393644,C,ner_optimal,val,True,0.0005885382415726781,0.014517579111270607,False,773.6688311688312,1232,953160,1013,7167,219,945995,8180,0.008570883723074537,0.12383863080684597,0.8222402597402597,684929.1492755387,0.17963946172220804,0.1796394617222081,5.551115123125783e-17,993,7289,239,945871,8282,0.008677776008181124,0.11989857522337599,0.8060064935064936,746947.2359673688,0.19590522544703345,0.1959052254470335,5.551115123125783e-17
E6_threshold_divergence,decision_tree__unweighted__split123__model123,decision_tree,unweighted,123,123,no_origin_balance,1.0,12379.217338366005,R_x16,16.00066700330156,4.000060141393644,B,youden,val,False,0.015106117352843285,0.014828633808065206,False,773.6688311688312,1232,953160,1012,4339,220,948823,5351,0.005606699120069909,0.18912352831246496,0.8214285714285714,2727766.814440521,0.17885593085361243,0.17885593085361245,2.7755575615628914e-17,990,4334,242,948826,5324,0.005578420607046161,0.1859504132231405,0.8035714285714286,3000104.595884573,0.19671274586760917,0.19671274586760923,5.551115123125783e-17
E6_threshold_divergence,decision_tree__unweighted__split123__model123,decision_tree,unweighted,123,123,no_origin_balance,1.0,12379.217338366005,R_x16,16.00066700330156,4.000060141393644,C,ner_optimal,val,True,0.0002774835447780788,0.014828633808065206,False,773.6688311688312,1232,953160,1232,859853,0,93309,861085,0.9022322017950658,0.0014307530615444467,1.0,859853.0,0.05637938254037097,0.05637938254037097,0.0,1230,860497,2,92663,861727,0.9029067720601178,0.0014273662076272416,0.9983766233766234,885255.434676732,0.05804498536096502,0.05804498536096502,0.0
E6_threshold_divergence,decision_tree__unweighted__split123__model123,decision_tree,unweighted,123,123,no_origin_balance,1.0,49516.86935346402,R_x64,64.00266801320625,6.000060141393644,B,youden,val,False,0.015106117352843285,0.015078629217896378,False,773.6688311688312,1232,953160,1012,4339,220,948823,5351,0.005606699120069909,0.18912352831246496,0.8214285714285714,10898050.257762084,0.17864255414197452,0.17864255414197455,2.7755575615628914e-17,990,4334,242,948826,5324,0.005578420607046161,0.1859504132231405,0.8035714285714286,11987416.383538293,0.19649961503833083,0.19649961503833088,5.551115123125783e-17
E6_threshold_divergence,decision_tree__unweighted__split123__model123,decision_tree,unweighted,123,123,no_origin_balance,1.0,49516.86935346402,R_x64,64.00266801320625,6.000060141393644,C,ner_optimal,val,True,2.748813494690694e-05,0.015078629217896378,False,773.6688311688312,1232,953160,1232,930366,0,22796,931598,0.976114686387383,0.001322458828808134,1.0,930366.0,0.015250705823133365,0.015250705823133365,0.0,1232,930545,0,22615,931777,0.976304285869957,0.001322204776464755,1.0,930545.0,0.015253640019290943,0.015253640019290943,0.0
E6_threshold_divergence,decision_tree__unweighted__split123__model42,decision_tree,unweighted,123,42,no_origin_balance,1.0,12.089079431998051,R_x0.015625,0.01562565137041168,-5.999939858606356,B,youden,val,False,0.015106117352843285,-0.024893881753087044,False,773.6688311688312,1232,953160,1012,4340,220,948822,5352,0.005607746905366128,0.1890881913303438,0.8214285714285714,6999.597475039571,0.46996890780405903,0.46996890780405903,0.0,990,4336,242,948824,5326,0.005580516182030025,0.18588058580548253,0.8035714285714286,7261.557222543528,0.4875574815559184,0.4875574815559184,0.0
E6_threshold_divergence,decision_tree__unweighted__split123__model42,decision_tree,unweighted,123,42,no_origin_balance,1.0,12.089079431998051,R_x0.015625,0.01562565137041168,-5.999939858606356,C,ner_optimal,val,True,0.03999999910593033,-0.024893881753087044,False,773.6688311688312,1232,953160,959,700,273,952462,1659,0.0017382758064279533,0.5780590717299579,0.7784090909090909,4000.318684935468,0.2685905025155269,0.2685905025155269,0.0,935,682,297,952478,1617,0.0016942723744541026,0.5782312925170068,0.7589285714285714,4272.456591303421,0.2868624610222705,0.2868624610222705,0.0
E6_threshold_divergence,decision_tree__unweighted__split123__model42,decision_tree,unweighted,123,42,no_origin_balance,1.0,48.356317727992206,R_x0.0625,0.06250260548164673,-3.999939858606356,B,youden,val,False,0.015106117352843285,-0.01123855821788311,False,773.6688311688312,1232,953160,1012,4340,220,948822,5352,0.005607746905366128,0.1890881913303438,0.8214285714285714,14978.389900158285,0.25142079837958614,0.2514207983795862,5.551115123125783e-17,990,4336,242,948824,5326,0.005580516182030025,0.18588058580548253,0.8035714285714286,16038.228890174114,0.2692107989604081,0.26921079896040817,5.551115123125783e-17
E6_threshold_divergence,decision_tree__unweighted__split123__model42,decision_tree,unweighted,123,42,no_origin_balance,1.0,48.356317727992206,R_x0.0625,0.06250260548164673,-3.999939858606356,C,ner_optimal,val,True,0.026344675570726395,-0.01123855821788311,False,773.6688311688312,1232,953160,966,969,266,952193,1935,0.0020274645481845022,0.4992248062015504,0.7840909090909091,13831.780515645927,0.2321743073478247,0.23217430734782474,2.7755575615628914e-17,943,918,289,952242,1861,0.0019499325224855196,0.5067168189145621,0.765422077922078,14892.975823389748,0.2499870744935646,0.24998707449356464,2.7755575615628914e-17
E6_threshold_divergence,decision_tree__unweighted__split123__model42,decision_tree,unweighted,123,42,no_origin_balance,1.0,193.42527091196882,R_x0.25,0.2500104219265869,-1.999939858606356,B,youden,val,False,0.015106117352843285,0.0,True,773.6688311688312,1232,953160,1012,4340,220,948822,5352,0.005607746905366128,0.1890881913303438,0.8214285714285714,46893.55960063314,0.19678377102346795,0.19678377102346797,2.7755575615628914e-17,990,4336,242,948824,5326,0.005580516182030025,0.18588058580548253,0.8035714285714286,51144.915560696456,0.21462412831153055,0.21462412831153063,8.326672684688674e-17
E6_threshold_divergence,decision_tree__unweighted__split123__model42,decision_tree,unweighted,123,42,no_origin_balance,1.0,193.42527091196882,R_x0.25,0.2500104219265869,-1.999939858606356,C,ner_optimal,val,True,0.015106117352843285,0.0,True,773.6688311688312,1232,953160,1012,4340,220,948822,5352,0.005607746905366128,0.1890881913303438,0.8214285714285714,46893.55960063314,0.19678377102346795,0.19678377102346797,2.7755575615628914e-17,990,4336,242,948824,5326,0.005580516182030025,0.18588058580548253,0.8035714285714286,51144.915560696456,0.21462412831153055,0.21462412831153063,8.326672684688674e-17
E6_threshold_divergence,decision_tree__unweighted__split123__model42,decision_tree,unweighted,123,42,no_origin_balance,1.0,773.6688311688312,val_class_ratio,1.0,0.0,B,youden,val,False,0.015106117352843285,0.0,True,773.6688311688312,1232,953160,1012,4340,220,948822,5352,0.005607746905366128,0.1890881913303438,0.8214285714285714,174547.14285714287,0.18312470399213443,0.18312470399213446,2.7755575615628914e-17,990,4336,242,948824,5326,0.005580516182030025,0.18588058580548253,0.8035714285714286,191563.85714285713,0.20097765028206924,0.20097765028206926,2.7755575615628914e-17
E6_threshold_divergence,decision_tree__unweighted__split123__model42,decision_tree,unweighted,123,42,no_origin_balance,1.0,773.6688311688312,val_class_ratio,1.0,0.0,C,ner_optimal,val,True,0.015106117352843285,0.0,True,773.6688311688312,1232,953160,1012,4340,220,948822,5352,0.005607746905366128,0.1890881913303438,0.8214285714285714,174547.14285714287,0.18312470399213443,0.18312470399213446,2.7755575615628914e-17,990,4336,242,948824,5326,0.005580516182030025,0.18588058580548253,0.8035714285714286,191563.85714285713,0.20097765028206924,0.20097765028206926,2.7755575615628914e-17
E6_threshold_divergence,decision_tree__unweighted__split123__model42,decision_tree,unweighted,123,42,no_origin_balance,1.0,773.7010836478753,R_x1,1.0000416877063476,6.014139364405448e-05,B,youden,val,False,0.015106117352843285,0.0,True,773.6688311688312,1232,953160,1012,4340,220,948822,5352,0.005607746905366128,0.1890881913303438,0.8214285714285714,174554.23840253256,0.1831245141844384,0.18312451418443842,2.7755575615628914e-17,990,4336,242,948824,5326,0.005580516182030025,0.18588058580548253,0.8035714285714286,191571.66224278582,0.20097746064931116,0.20097746064931124,8.326672684688674e-17
E6_threshold_divergence,decision_tree__unweighted__split123__model42,decision_tree,unweighted,123,42,no_origin_balance,1.0,773.7010836478753,R_x1,1.0000416877063476,6.014139364405448e-05,C,ner_optimal,val,True,0.015106117352843285,0.0,True,773.6688311688312,1232,953160,1012,4340,220,948822,5352,0.005607746905366128,0.1890881913303438,0.8214285714285714,174554.23840253256,0.1831245141844384,0.18312451418443842,2.7755575615628914e-17,990,4336,242,948824,5326,0.005580516182030025,0.18588058580548253,0.8035714285714286,191571.66224278582,0.20097746064931116,0.20097746064931124,8.326672684688674e-17
E6_threshold_divergence,decision_tree__unweighted__split123__model42,decision_tree,unweighted,123,42,no_origin_balance,1.0,3094.804334591501,R_x4,4.00016675082539,2.000060141393644,B,youden,val,False,0.015106117352843285,0.014517579111270607,False,773.6688311688312,1232,953160,1012,4340,220,948822,5352,0.005607746905366128,0.1890881913303438,0.8214285714285714,685196.9536101302,0.179709699974681,0.17970969997468103,2.7755575615628914e-17,990,4336,242,948824,5326,0.005580516182030025,0.18588058580548253,0.8035714285714286,753278.6489711433,0.19756579373375632,0.19756579373375638,5.551115123125783e-17
E6_threshold_divergence,decision_tree__unweighted__split123__model42,decision_tree,unweighted,123,42,no_origin_balance,1.0,3094.804334591501,R_x4,4.00016675082539,2.000060141393644,C,ner_optimal,val,True,0.0005885382415726781,0.014517579111270607,False,773.6688311688312,1232,953160,1013,7168,219,945994,8181,0.008571931508370757,0.12382349346045715,0.8222402597402597,684930.1492755387,0.1796397239967249,0.17963972399672498,8.326672684688674e-17,993,7291,239,945869,8284,0.008679871583164989,0.1198696281989377,0.8060064935064936,746949.2359673688,0.19590574999606722,0.19590574999606727,5.551115123125783e-17
E6_threshold_divergence,decision_tree__unweighted__split123__model42,decision_tree,unweighted,123,42,no_origin_balance,1.0,12379.217338366005,R_x16,16.00066700330156,4.000060141393644,B,youden,val,False,0.015106117352843285,0.014828633808065206,False,773.6688311688312,1232,953160,1012,4340,220,948822,5352,0.005607746905366128,0.1890881913303438,0.8214285714285714,2727767.814440521,0.17885599642224165,0.17885599642224168,2.7755575615628914e-17,990,4336,242,948824,5326,0.005580516182030025,0.18588058580548253,0.8035714285714286,3000106.595884573,0.19671287700486761,0.19671287700486767,5.551115123125783e-17
E6_threshold_divergence,decision_tree__unweighted__split123__model42,decision_tree,unweighted,123,42,no_origin_balance,1.0,12379.217338366005,R_x16,16.00066700330156,4.000060141393644,C,ner_optimal,val,True,0.0002774835447780788,0.014828633808065206,False,773.6688311688312,1232,953160,1232,859854,0,93308,861086,0.902233249580362,0.001430751399976309,1.0,859854.0,0.05637944810900019,0.05637944810900019,0.0,1230,860499,2,92661,861729,0.9029088676351017,0.0014273628948312056,0.9983766233766234,885257.434676732,0.05804511649822346,0.05804511649822346,0.0
E6_threshold_divergence,decision_tree__unweighted__split123__model42,decision_tree,unweighted,123,42,no_origin_balance,1.0,49516.86935346402,R_x64,64.00266801320625,6.000060141393644,B,youden,val,False,0.015106117352843285,0.015078629217896378,False,773.6688311688312,1232,953160,1012,4340,220,948822,5352,0.005607746905366128,0.1890881913303438,0.8214285714285714,10898051.257762084,0.17864257053413182,0.17864257053413185,2.7755575615628914e-17,990,4336,242,948824,5326,0.005580516182030025,0.18588058580548253,0.8035714285714286,11987418.383538293,0.19649964782264542,0.19649964782264548,5.551115123125783e-17
E6_threshold_divergence,decision_tree__unweighted__split123__model42,decision_tree,unweighted,123,42,no_origin_balance,1.0,49516.86935346402,R_x64,64.00266801320625,6.000060141393644,C,ner_optimal,val,True,2.748813494690694e-05,0.015078629217896378,False,773.6688311688312,1232,953160,1232,930367,0,22795,931599,0.9761157341726792,0.0013224574092501173,1.0,930367.0,0.01525072221529067,0.01525072221529067,0.0,1232,930547,0,22613,931779,0.9763063814449409,0.0013222019384424848,1.0,930547.0,0.015253672803605553,0.015253672803605553,0.0
E6_threshold_divergence,decision_tree__unweighted__split123__model456,decision_tree,unweighted,123,456,no_origin_balance,1.0,12.089079431998051,R_x0.015625,0.01562565137041168,-5.999939858606356,B,youden,val,False,0.015106117352843285,-0.024893881753087044,False,773.6688311688312,1232,953160,1012,4339,220,948823,5351,0.005606699120069909,0.18912352831246496,0.8214285714285714,6998.597475039571,0.46990176552773816,0.46990176552773816,0.0,990,4334,242,948826,5324,0.005578420607046161,0.1859504132231405,0.8035714285714286,7259.557222543528,0.48742319700327663,0.48742319700327663,0.0
E6_threshold_divergence,decision_tree__unweighted__split123__model456,decision_tree,unweighted,123,456,no_origin_balance,1.0,12.089079431998051,R_x0.015625,0.01562565137041168,-5.999939858606356,C,ner_optimal,val,True,0.03999999910593033,-0.024893881753087044,False,773.6688311688312,1232,953160,959,699,273,952463,1658,0.001737228021131734,0.5784077201447527,0.7784090909090909,3999.318684935468,0.26852336023920603,0.26852336023920603,0.0,935,680,297,952480,1615,0.0016921767994702386,0.5789473684210527,0.7589285714285714,4270.456591303421,0.2867281764696287,0.2867281764696287,0.0
E6_threshold_divergence,decision_tree__unweighted__split123__model456,decision_tree,unweighted,123,456,no_origin_balance,1.0,48.356317727992206,R_x0.0625,0.06250260548164673,-3.999939858606356,B,youden,val,False,0.015106117352843285,-0.01123855821788311,False,773.6688311688312,1232,953160,1012,4339,220,948823,5351,0.005606699120069909,0.18912352831246496,0.8214285714285714,14977.389900158285,0.25140401281050595,0.25140401281050595,0.0,990,4334,242,948826,5324,0.005578420607046161,0.1859504132231405,0.8035714285714286,16036.228890174114,0.2691772278222477,0.26917722782224773,5.551115123125783e-17
E6_threshold_divergence,decision_tree__unweighted__split123__model456,decision_tree,unweighted,123,456,no_origin_balance,1.0,48.356317727992206,R_x0.0625,0.06250260548164673,-3.999939858606356,C,ner_optimal,val,True,0.026344675570726395,-0.01123855821788311,False,773.6688311688312,1232,953160,966,968,266,952194,1934,0.002026416762888283,0.49948293691830403,0.7840909090909091,13830.780515645927,0.23215752177874446,0.23215752177874452,5.551115123125783e-17,943,916,289,952244,1859,0.0019478369475016556,0.5072619688004303,0.765422077922078,14890.975823389748,0.24995350335540417,0.2499535033554042,2.7755575615628914e-17
E6_threshold_divergence,decision_tree__unweighted__split123__model456,decision_tree,unweighted,123,456,no_origin_balance,1.0,193.42527091196882,R_x0.25,0.2500104219265869,-1.999939858606356,B,youden,val,False,0.015106117352843285,0.0,True,773.6688311688312,1232,953160,1012,4339,220,948823,5351,0.005606699120069909,0.18912352831246496,0.8214285714285714,46892.55960063314,0.19677957463119788,0.1967795746311979,2.7755575615628914e-17,990,4334,242,948826,5324,0.005578420607046161,0.1859504132231405,0.8035714285714286,51142.915560696456,0.21461573552699045,0.2146157355269905,5.551115123125783e-17
E6_threshold_divergence,decision_tree__unweighted__split123__model456,decision_tree,unweighted,123,456,no_origin_balance,1.0,193.42527091196882,R_x0.25,0.2500104219265869,-1.999939858606356,C,ner_optimal,val,True,0.015106117352843285,0.0,True,773.6688311688312,1232,953160,1012,4339,220,948823,5351,0.005606699120069909,0.18912352831246496,0.8214285714285714,46892.55960063314,0.19677957463119788,0.1967795746311979,2.7755575615628914e-17,990,4334,242,948826,5324,0.005578420607046161,0.1859504132231405,0.8035714285714286,51142.915560696456,0.21461573552699045,0.2146157355269905,5.551115123125783e-17
E6_threshold_divergence,decision_tree__unweighted__split123__model456,decision_tree,unweighted,123,456,no_origin_balance,1.0,773.6688311688312,val_class_ratio,1.0,0.0,B,youden,val,False,0.015106117352843285,0.0,True,773.6688311688312,1232,953160,1012,4339,220,948823,5351,0.005606699120069909,0.18912352831246496,0.8214285714285714,174546.14285714287,0.1831236548503324,0.18312365485033244,2.7755575615628914e-17,990,4334,242,948826,5324,0.005578420607046161,0.1859504132231405,0.8035714285714286,191561.85714285713,0.2009755519984652,0.20097555199846523,2.7755575615628914e-17
E6_threshold_divergence,decision_tree__unweighted__split123__model456,decision_tree,unweighted,123,456,no_origin_balance,1.0,773.6688311688312,val_class_ratio,1.0,0.0,C,ner_optimal,val,True,0.015106117352843285,0.0,True,773.6688311688312,1232,953160,1012,4339,220,948823,5351,0.005606699120069909,0.18912352831246496,0.8214285714285714,174546.14285714287,0.1831236548503324,0.18312365485033244,2.7755575615628914e-17,990,4334,242,948826,5324,0.005578420607046161,0.1859504132231405,0.8035714285714286,191561.85714285713,0.2009755519984652,0.20097555199846523,2.7755575615628914e-17
E6_threshold_divergence,decision_tree__unweighted__split123__model456,decision_tree,unweighted,123,456,no_origin_balance,1.0,773.7010836478753,R_x1,1.0000416877063476,6.014139364405448e-05,B,youden,val,False,0.015106117352843285,0.0,True,773.6688311688312,1232,953160,1012,4339,220,948823,5351,0.005606699120069909,0.18912352831246496,0.8214285714285714,174553.23840253256,0.18312346508637087,0.1831234650863709,2.7755575615628914e-17,990,4334,242,948826,5324,0.005578420607046161,0.1859504132231405,0.8035714285714286,191569.66224278582,0.20097536245317615,0.2009753624531762,5.551115123125783e-17
E6_threshold_divergence,decision_tree__unweighted__split123__model456,decision_tree,unweighted,123,456,no_origin_balance,1.0,773.7010836478753,R_x1,1.0000416877063476,6.014139364405448e-05,C,ner_optimal,val,True,0.015106117352843285,0.0,True,773.6688311688312,1232,953160,1012,4339,220,948823,5351,0.005606699120069909,0.18912352831246496,0.8214285714285714,174553.23840253256,0.18312346508637087,0.1831234650863709,2.7755575615628914e-17,990,4334,242,948826,5324,0.005578420607046161,0.1859504132231405,0.8035714285714286,191569.66224278582,0.20097536245317615,0.2009753624531762,5.551115123125783e-17
E6_threshold_divergence,decision_tree__unweighted__split123__model456,decision_tree,unweighted,123,456,no_origin_balance,1.0,3094.804334591501,R_x4,4.00016675082539,2.000060141393644,B,youden,val,False,0.015106117352843285,0.014517579111270607,False,773.6688311688312,1232,953160,1012,4339,220,948823,5351,0.005606699120069909,0.18912352831246496,0.8214285714285714,685195.9536101302,0.17970943770016412,0.17970943770016415,2.7755575615628914e-17,990,4334,242,948826,5324,0.005578420607046161,0.1859504132231405,0.8035714285714286,753276.6489711433,0.19756526918472256,0.19756526918472261,5.551115123125783e-17
E6_threshold_divergence,decision_tree__unweighted__split123__model456,decision_tree,unweighted,123,456,no_origin_balance,1.0,3094.804334591501,R_x4,4.00016675082539,2.000060141393644,C,ner_optimal,val,True,0.0005885382415726781,0.014517579111270607,False,773.6688311688312,1232,953160,1013,7167,219,945995,8180,0.008570883723074537,0.12383863080684597,0.8222402597402597,684929.1492755387,0.17963946172220804,0.1796394617222081,5.551115123125783e-17,993,7289,239,945871,8282,0.008677776008181124,0.11989857522337599,0.8060064935064936,746947.2359673688,0.19590522544703345,0.1959052254470335,5.551115123125783e-17
E6_threshold_divergence,decision_tree__unweighted__split123__model456,decision_tree,unweighted,123,456,no_origin_balance,1.0,12379.217338366005,R_x16,16.00066700330156,4.000060141393644,B,youden,val,False,0.015106117352843285,0.014828633808065206,False,773.6688311688312,1232,953160,1012,4339,220,948823,5351,0.005606699120069909,0.18912352831246496,0.8214285714285714,2727766.814440521,0.17885593085361243,0.17885593085361245,2.7755575615628914e-17,990,4334,242,948826,5324,0.005578420607046161,0.1859504132231405,0.8035714285714286,3000104.595884573,0.19671274586760917,0.19671274586760923,5.551115123125783e-17
E6_threshold_divergence,decision_tree__unweighted__split123__model456,decision_tree,unweighted,123,456,no_origin_balance,1.0,12379.217338366005,R_x16,16.00066700330156,4.000060141393644,C,ner_optimal,val,True,0.0002774835447780788,0.014828633808065206,False,773.6688311688312,1232,953160,1232,859853,0,93309,861085,0.9022322017950658,0.0014307530615444467,1.0,859853.0,0.05637938254037097,0.05637938254037097,0.0,1230,860497,2,92663,861727,0.9029067720601178,0.0014273662076272416,0.9983766233766234,885255.434676732,0.05804498536096502,0.05804498536096502,0.0
E6_threshold_divergence,decision_tree__unweighted__split123__model456,decision_tree,unweighted,123,456,no_origin_balance,1.0,49516.86935346402,R_x64,64.00266801320625,6.000060141393644,B,youden,val,False,0.015106117352843285,0.015078629217896378,False,773.6688311688312,1232,953160,1012,4339,220,948823,5351,0.005606699120069909,0.18912352831246496,0.8214285714285714,10898050.257762084,0.17864255414197452,0.17864255414197455,2.7755575615628914e-17,990,4334,242,948826,5324,0.005578420607046161,0.1859504132231405,0.8035714285714286,11987416.383538293,0.19649961503833083,0.19649961503833088,5.551115123125783e-17
E6_threshold_divergence,decision_tree__unweighted__split123__model456,decision_tree,unweighted,123,456,no_origin_balance,1.0,49516.86935346402,R_x64,64.00266801320625,6.000060141393644,C,ner_optimal,val,True,2.748813494690694e-05,0.015078629217896378,False,773.6688311688312,1232,953160,1232,930366,0,22796,931598,0.976114686387383,0.001322458828808134,1.0,930366.0,0.015250705823133365,0.015250705823133365,0.0,1232,930545,0,22615,931777,0.976304285869957,0.001322204776464755,1.0,930545.0,0.015253640019290943,0.015253640019290943,0.0
E6_threshold_divergence,decision_tree__unweighted__split123__model789,decision_tree,unweighted,123,789,no_origin_balance,1.0,12.089079431998051,R_x0.015625,0.01562565137041168,-5.999939858606356,B,youden,val,False,0.015106117352843285,-0.024893881753087044,False,773.6688311688312,1232,953160,1012,4333,220,948829,5345,0.005600412408292592,0.18933582787652012,0.8214285714285714,6992.597475039571,0.46949891186981285,0.46949891186981285,0.0,990,4338,242,948822,5328,0.005582611757013889,0.1858108108108108,0.8035714285714286,7263.557222543528,0.48769176610856013,0.48769176610856013,0.0
E6_threshold_divergence,decision_tree__unweighted__split123__model789,decision_tree,unweighted,123,789,no_origin_balance,1.0,12.089079431998051,R_x0.015625,0.01562565137041168,-5.999939858606356,C,ner_optimal,val,True,0.03999999910593033,-0.024893881753087044,False,773.6688311688312,1232,953160,959,699,273,952463,1658,0.001737228021131734,0.5784077201447527,0.7784090909090909,3999.318684935468,0.26852336023920603,0.26852336023920603,0.0,935,680,297,952480,1615,0.0016921767994702386,0.5789473684210527,0.7589285714285714,4270.456591303421,0.2867281764696287,0.2867281764696287,0.0
E6_threshold_divergence,decision_tree__unweighted__split123__model789,decision_tree,unweighted,123,789,no_origin_balance,1.0,48.356317727992206,R_x0.0625,0.06250260548164673,-3.999939858606356,B,youden,val,False,0.015106117352843285,-0.01123855821788311,False,773.6688311688312,1232,953160,1012,4333,220,948829,5345,0.005600412408292592,0.18933582787652012,0.8214285714285714,14971.389900158285,0.25130329939602464,0.25130329939602464,0.0,990,4338,242,948822,5328,0.005582611757013889,0.1858108108108108,0.8035714285714286,16040.228890174114,0.26924437009856855,0.2692443700985686,5.551115123125783e-17
E6_threshold_divergence,decision_tree__unweighted__split123__model789,decision_tree,unweighted,123,789,no_origin_balance,1.0,48.356317727992206,R_x0.0625,0.06250260548164673,-3.999939858606356,C,ner_optimal,val,True,0.026344675570726395,-0.01123855821788311,False,773.6688311688312,1232,953160,966,968,266,952194,1934,0.002026416762888283,0.49948293691830403,0.7840909090909091,13830.780515645927,0.23215752177874446,0.23215752177874452,5.551115123125783e-17,943,916,289,952244,1859,0.0019478369475016556,0.5072619688004303,0.765422077922078,14890.975823389748,0.24995350335540417,0.2499535033554042,2.7755575615628914e-17
E6_threshold_divergence,decision_tree__unweighted__split123__model789,decision_tree,unweighted,123,789,no_origin_balance,1.0,193.42527091196882,R_x0.25,0.2500104219265869,-1.999939858606356,B,youden,val,False,0.015106117352843285,0.0,True,773.6688311688312,1232,953160,1012,4333,220,948829,5345,0.005600412408292592,0.18933582787652012,0.8214285714285714,46886.55960063314,0.19675439627757757,0.1967543962775776,2.7755575615628914e-17,990,4338,242,948822,5328,0.005582611757013889,0.1858108108108108,0.8035714285714286,51146.915560696456,0.21463252109607067,0.21463252109607073,5.551115123125783e-17
E6_threshold_divergence,decision_tree__unweighted__split123__model789,decision_tree,unweighted,123,789,no_origin_balance,1.0,193.42527091196882,R_x0.25,0.2500104219265869,-1.999939858606356,C,ner_optimal,val,True,0.015106117352843285,0.0,True,773.6688311688312,1232,953160,1012,4333,220,948829,5345,0.005600412408292592,0.18933582787652012,0.8214285714285714,46886.55960063314,0.19675439627757757,0.1967543962775776,2.7755575615628914e-17,990,4338,242,948822,5328,0.005582611757013889,0.1858108108108108,0.8035714285714286,51146.915560696456,0.21463252109607067,0.21463252109607073,5.551115123125783e-17
E6_threshold_divergence,decision_tree__unweighted__split123__model789,decision_tree,unweighted,123,789,no_origin_balance,1.0,773.6688311688312,val_class_ratio,1.0,0.0,B,youden,val,False,0.015106117352843285,0.0,True,773.6688311688312,1232,953160,1012,4333,220,948829,5345,0.005600412408292592,0.18933582787652012,0.8214285714285714,174540.14285714287,0.18311735999952036,0.18311735999952042,5.551115123125783e-17,990,4338,242,948822,5328,0.005582611757013889,0.1858108108108108,0.8035714285714286,191565.85714285713,0.20097974856567324,0.20097974856567327,2.7755575615628914e-17
E6_threshold_divergence,decision_tree__unweighted__split123__model789,decision_tree,unweighted,123,789,no_origin_balance,1.0,773.6688311688312,val_class_ratio,1.0,0.0,C,ner_optimal,val,True,0.015106117352843285,0.0,True,773.6688311688312,1232,953160,1012,4333,220,948829,5345,0.005600412408292592,0.18933582787652012,0.8214285714285714,174540.14285714287,0.18311735999952036,0.18311735999952042,5.551115123125783e-17,990,4338,242,948822,5328,0.005582611757013889,0.1858108108108108,0.8035714285714286,191565.85714285713,0.20097974856567324,0.20097974856567327,2.7755575615628914e-17
E6_threshold_divergence,decision_tree__unweighted__split123__model789,decision_tree,unweighted,123,789,no_origin_balance,1.0,773.7010836478753,R_x1,1.0000416877063476,6.014139364405448e-05,B,youden,val,False,0.015106117352843285,0.0,True,773.6688311688312,1232,953160,1012,4333,220,948829,5345,0.005600412408292592,0.18933582787652012,0.8214285714285714,174547.23840253256,0.1831171704979658,0.18311717049796583,2.7755575615628914e-17,990,4338,242,948822,5328,0.005582611757013889,0.1858108108108108,0.8035714285714286,191573.66224278582,0.2009795588454462,0.20097955884544624,5.551115123125783e-17
E6_threshold_divergence,decision_tree__unweighted__split123__model789,decision_tree,unweighted,123,789,no_origin_balance,1.0,773.7010836478753,R_x1,1.0000416877063476,6.014139364405448e-05,C,ner_optimal,val,True,0.015106117352843285,0.0,True,773.6688311688312,1232,953160,1012,4333,220,948829,5345,0.005600412408292592,0.18933582787652012,0.8214285714285714,174547.23840253256,0.1831171704979658,0.18311717049796583,2.7755575615628914e-17,990,4338,242,948822,5328,0.005582611757013889,0.1858108108108108,0.8035714285714286,191573.66224278582,0.2009795588454462,0.20097955884544624,5.551115123125783e-17
E6_threshold_divergence,decision_tree__unweighted__split123__model789,decision_tree,unweighted,123,789,no_origin_balance,1.0,3094.804334591501,R_x4,4.00016675082539,2.000060141393644,B,youden,val,False,0.015106117352843285,0.014517579111270607,False,773.6688311688312,1232,953160,1012,4333,220,948829,5345,0.005600412408292592,0.18933582787652012,0.8214285714285714,685189.9536101302,0.17970786405306285,0.17970786405306288,2.7755575615628914e-17,990,4338,242,948822,5328,0.005582611757013889,0.1858108108108108,0.8035714285714286,753280.6489711433,0.1975663182827901,0.19756631828279014,5.551115123125783e-17
E6_threshold_divergence,decision_tree__unweighted__split123__model789,decision_tree,unweighted,123,789,no_origin_balance,1.0,3094.804334591501,R_x4,4.00016675082539,2.000060141393644,C,ner_optimal,val,True,0.0005885382415726781,0.014517579111270607,False,773.6688311688312,1232,953160,1013,7161,219,946001,8174,0.00856459701129722,0.12392953266454612,0.8222402597402597,684923.1492755387,0.17963788807510675,0.17963788807510683,8.326672684688674e-17,993,7293,239,945867,8286,0.008681967158148852,0.11984069514844316,0.8060064935064936,746951.2359673688,0.19590627454510096,0.195906274545101,5.551115123125783e-17
E6_threshold_divergence,decision_tree__unweighted__split123__model789,decision_tree,unweighted,123,789,no_origin_balance,1.0,12379.217338366005,R_x16,16.00066700330156,4.000060141393644,B,youden,val,False,0.015106117352843285,0.014828633808065206,False,773.6688311688312,1232,953160,1012,4333,220,948829,5345,0.005600412408292592,0.18933582787652012,0.8214285714285714,2727760.814440521,0.1788555374418371,0.17885553744183716,5.551115123125783e-17,990,4338,242,948822,5328,0.005582611757013889,0.1858108108108108,0.8035714285714286,3000108.595884573,0.19671300814212606,0.1967130081421261,5.551115123125783e-17
E6_threshold_divergence,decision_tree__unweighted__split123__model789,decision_tree,unweighted,123,789,no_origin_balance,1.0,12379.217338366005,R_x16,16.00066700330156,4.000060141393644,C,ner_optimal,val,True,0.0002774835447780788,0.014828633808065206,False,773.6688311688312,1232,953160,1232,859847,0,93315,861079,0.9022259150832884,0.0014307630310343186,1.0,859847.0,0.05637898912859565,0.05637898912859565,0.0,1230,860501,2,92659,861731,0.9029109632100856,0.001427359582050547,0.9983766233766234,885259.434676732,0.058045247635481904,0.058045247635481904,0.0
E6_threshold_divergence,decision_tree__unweighted__split123__model789,decision_tree,unweighted,123,789,no_origin_balance,1.0,49516.86935346402,R_x64,64.00266801320625,6.000060141393644,B,youden,val,False,0.015106117352843285,0.015078629217896378,False,773.6688311688312,1232,953160,1012,4333,220,948829,5345,0.005600412408292592,0.18933582787652012,0.8214285714285714,10898044.257762084,0.17864245578903068,0.1786424557890307,2.7755575615628914e-17,990,4338,242,948822,5328,0.005582611757013889,0.1858108108108108,0.8035714285714286,11987420.383538293,0.19649968060696005,0.1964996806069601,5.551115123125783e-17
E6_threshold_divergence,decision_tree__unweighted__split123__model789,decision_tree,unweighted,123,789,no_origin_balance,1.0,49516.86935346402,R_x64,64.00266801320625,6.000060141393644,C,ner_optimal,val,True,2.748813494690694e-05,0.015078629217896378,False,773.6688311688312,1232,953160,1232,930360,0,22802,931592,0.9761083996756057,0.0013224673462202338,1.0,930360.0,0.015250607470189536,0.015250607470189536,0.0,1232,930549,0,22611,931781,0.9763084770199247,0.0013221991004323977,1.0,930549.0,0.015253705587920163,0.015253705587920163,0.0
E6_threshold_divergence,decision_tree__unweighted__split42__model123,decision_tree,unweighted,42,123,no_origin_balance,1.0,12.089079431998051,R_x0.015625,0.01562565137041168,-5.999939858606356,B,youden,val,False,0.003926701378077269,-0.07339623617008328,False,773.6688311688312,1232,953160,1072,21740,160,931422,22812,0.023902078177356522,0.046992810801332635,0.8701298701298701,23674.25270911969,1.589543217086118,1.589543217086118,0.0,1094,21910,138,931250,23004,0.024103303464404563,0.04755694661797948,0.887987012987013,23578.29296161573,1.5831002612035248,1.5831002612035248,0.0
E6_threshold_divergence,decision_tree__unweighted__split42__model123,decision_tree,unweighted,42,123,no_origin_balance,1.0,12.089079431998051,R_x0.015625,0.01562565137041168,-5.999939858606356,C,ner_optimal,val,True,0.07732293754816055,-0.07339623617008328,False,773.6688311688312,1232,953160,902,645,330,952517,1547,0.0016209238532513826,0.5830639948287007,0.7321428571428571,4634.396212559357,0.31116391108411207,0.3111639110841121,5.551115123125783e-17,943,687,289,952473,1630,0.0017078936118492191,0.5785276073619632,0.765422077922078,4180.743955847437,0.28070466591036836,0.28070466591036847,1.1102230246251565e-16
E6_threshold_divergence,decision_tree__unweighted__split42__model123,decision_tree,unweighted,42,123,no_origin_balance,1.0,48.356317727992206,R_x0.0625,0.06250260548164673,-3.999939858606356,B,youden,val,False,0.003926701378077269,-0.025375375989824533,False,773.6688311688312,1232,953160,1072,21740,160,931422,22812,0.023902078177356522,0.046992810801332635,0.8701298701298701,29477.010836478752,0.4947884016741268,0.4947884016741268,0.0,1094,21910,138,931250,23004,0.024103303464404563,0.04755694661797948,0.887987012987013,28583.171846462923,0.4797848055606215,0.4797848055606215,0.0
E6_threshold_divergence,decision_tree__unweighted__split42__model123,decision_tree,unweighted,42,123,no_origin_balance,1.0,48.356317727992206,R_x0.0625,0.06250260548164673,-3.999939858606356,C,ner_optimal,val,True,0.029302077367901802,-0.025375375989824533,False,773.6688311688312,1232,953160,919,1072,313,952090,1991,0.002086140524772788,0.46157709693621296,0.7459415584415584,16207.52744886156,0.27205257161243807,0.27205257161243807,0.0,954,1052,278,952108,2006,0.002101861708815665,0.47557328015952144,0.7743506493506493,14495.056328381834,0.24330776932174275,0.24330776932174278,2.7755575615628914e-17
E6_threshold_divergence,decision_tree__unweighted__split42__model123,decision_tree,unweighted,42,123,no_origin_balance,1.0,193.42527091196882,R_x0.25,0.2500104219265869,-1.999939858606356,B,youden,val,False,0.003926701378077269,0.0,True,773.6688311688312,1232,953160,1072,21740,160,931422,22812,0.023902078177356522,0.046992810801332635,0.8701298701298701,52688.04334591501,0.2210996978211291,0.2210996978211291,0.0,1094,21910,138,931250,23004,0.024103303464404563,0.04755694661797948,0.887987012987013,48602.6873858517,0.2039559416498956,0.20395594164989564,2.7755575615628914e-17
E6_threshold_divergence,decision_tree__unweighted__split42__model123,decision_tree,unweighted,42,123,no_origin_balance,1.0,193.42527091196882,R_x0.25,0.2500104219265869,-1.999939858606356,C,ner_optimal,val,True,0.003926701378077269,0.0,True,773.6688311688312,1232,953160,1072,21740,160,931422,22812,0.023902078177356522,0.046992810801332635,0.8701298701298701,52688.04334591501,0.2210996978211291,0.2210996978211291,0.0,1094,21910,138,931250,23004,0.024103303464404563,0.04755694661797948,0.887987012987013,48602.6873858517,0.2039559416498956,0.20395594164989564,2.7755575615628914e-17
E6_threshold_divergence,decision_tree__unweighted__split42__model123,decision_tree,unweighted,42,123,no_origin_balance,1.0,773.6688311688312,val_class_ratio,1.0,0.0,B,youden,val,False,0.003926701378077269,0.0,True,773.6688311688312,1232,953160,1072,21740,160,931422,22812,0.023902078177356522,0.046992810801332635,0.8701298701298701,145527.01298701297,0.15267847264573942,0.15267847264573942,0.0,1094,21910,138,931250,23004,0.024103303464404563,0.04755694661797948,0.887987012987013,128676.2987012987,0.13499968389493758,0.13499968389493758,0.0
E6_threshold_divergence,decision_tree__unweighted__split42__model123,decision_tree,unweighted,42,123,no_origin_balance,1.0,773.6688311688312,val_class_ratio,1.0,0.0,C,ner_optimal,val,True,0.003926701378077269,0.0,True,773.6688311688312,1232,953160,1072,21740,160,931422,22812,0.023902078177356522,0.046992810801332635,0.8701298701298701,145527.01298701297,0.15267847264573942,0.15267847264573942,0.0,1094,21910,138,931250,23004,0.024103303464404563,0.04755694661797948,0.887987012987013,128676.2987012987,0.13499968389493758,0.13499968389493758,0.0
E6_threshold_divergence,decision_tree__unweighted__split42__model123,decision_tree,unweighted,42,123,no_origin_balance,1.0,773.7010836478753,R_x1,1.0000416877063476,6.014139364405448e-05,B,youden,val,False,0.003926701378077269,0.0,True,773.6688311688312,1232,953160,1072,21740,160,931422,22812,0.023902078177356522,0.046992810801332635,0.8701298701298701,145532.17338366003,0.15267752185787967,0.15267752185787967,0.0,1094,21910,138,931250,23004,0.024103303464404563,0.04755694661797948,0.887987012987013,128680.7495434068,0.13499872567221416,0.1349987256722142,2.7755575615628914e-17
E6_threshold_divergence,decision_tree__unweighted__split42__model123,decision_tree,unweighted,42,123,no_origin_balance,1.0,773.7010836478753,R_x1,1.0000416877063476,6.014139364405448e-05,C,ner_optimal,val,True,0.003926701378077269,0.0,True,773.6688311688312,1232,953160,1072,21740,160,931422,22812,0.023902078177356522,0.046992810801332635,0.8701298701298701,145532.17338366003,0.15267752185787967,0.15267752185787967,0.0,1094,21910,138,931250,23004,0.024103303464404563,0.04755694661797948,0.887987012987013,128680.7495434068,0.13499872567221416,0.1349987256722142,2.7755575615628914e-17
E6_threshold_divergence,decision_tree__unweighted__split42__model123,decision_tree,unweighted,42,123,no_origin_balance,1.0,3094.804334591501,R_x4,4.00016675082539,2.000060141393644,B,youden,val,False,0.003926701378077269,0.0037322472053347155,False,773.6688311688312,1232,953160,1072,21740,160,931422,22812,0.023902078177356522,0.046992810801332635,0.8701298701298701,516908.6935346402,0.13557197786706732,0.13557197786706732,0.0,1094,21910,138,931250,23004,0.024103303464404563,0.04755694661797948,0.887987012987013,448992.9981736272,0.1177594216777938,0.11775942167779381,1.3877787807814457e-17
E6_threshold_divergence,decision_tree__unweighted__split42__model123,decision_tree,unweighted,42,123,no_origin_balance,1.0,3094.804334591501,R_x4,4.00016675082539,2.000060141393644,C,ner_optimal,val,True,0.00019445417274255306,0.0037322472053347155,False,773.6688311688312,1232,953160,1230,342065,2,611097,343295,0.3596994532656324,0.0035829243070828296,0.9983766233766234,348254.608669183,0.09133830923940282,0.09133830923940282,0.0,1230,342004,2,611156,343234,0.35963629200580055,0.0035835610691248537,0.9983766233766234,348193.608669183,0.09132231049387324,0.09132231049387324,0.0
E6_threshold_divergence,decision_tree__unweighted__split42__model123,decision_tree,unweighted,42,123,no_origin_balance,1.0,12379.217338366005,R_x16,16.00066700330156,4.000060141393644,B,youden,val,False,0.003926701378077269,0.0037322472053347155,False,773.6688311688312,1232,953160,1072,21740,160,931422,22812,0.023902078177356522,0.046992810801332635,0.8701298701298701,2002414.7741385608,0.1312955918693642,0.13129559186936424,2.7755575615628914e-17,1094,21910,138,931250,23004,0.024103303464404563,0.04755694661797948,0.887987012987013,1730241.9926945087,0.1134495956791887,0.11344959567918872,1.3877787807814457e-17
E6_threshold_divergence,decision_tree__unweighted__split42__model123,decision_tree,unweighted,42,123,no_origin_balance,1.0,12379.217338366005,R_x16,16.00066700330156,4.000060141393644,C,ner_optimal,val,True,0.00019445417274255306,0.0037322472053347155,False,773.6688311688312,1232,953160,1230,342065,2,611097,343295,0.3596994532656324,0.0035829243070828296,0.9983766233766234,366823.434676732,0.024052109777383174,0.024052109777383174,0.0,1230,342004,2,611156,343234,0.35963629200580055,0.0035835610691248537,0.9983766233766234,366762.434676732,0.024048110091000777,0.024048110091000777,0.0
E6_threshold_divergence,decision_tree__unweighted__split42__model123,decision_tree,unweighted,42,123,no_origin_balance,1.0,49516.86935346402,R_x64,64.00266801320625,6.000060141393644,B,youden,val,False,0.003926701378077269,0.0037322472053347155,False,773.6688311688312,1232,953160,1072,21740,160,931422,22812,0.023902078177356522,0.046992810801332635,0.8701298701298701,7944439.096554243,0.13022649536993844,0.13022649536993847,2.7755575615628914e-17,1094,21910,138,931250,23004,0.024103303464404563,0.04755694661797948,0.887987012987013,6855237.970778035,0.11237213917953744,0.11237213917953745,1.3877787807814457e-17
E6_threshold_divergence,decision_tree__unweighted__split42__model123,decision_tree,unweighted,42,123,no_origin_balance,1.0,49516.86935346402,R_x64,64.00266801320625,6.000060141393644,C,ner_optimal,val,True,0.00019445417274255306,0.0037322472053347155,False,773.6688311688312,1232,953160,1230,342065,2,611097,343295,0.3596994532656324,0.0035829243070828296,0.9983766233766234,441098.73870692804,0.007230559911878261,0.007230559911878261,0.0,1230,342004,2,611156,343234,0.35963629200580055,0.0035835610691248537,0.9983766233766234,441037.73870692804,0.007229559990282662,0.007229559990282662,0.0
E6_threshold_divergence,decision_tree__unweighted__split42__model42,decision_tree,unweighted,42,42,no_origin_balance,1.0,12.089079431998051,R_x0.015625,0.01562565137041168,-5.999939858606356,B,youden,val,False,0.003926701378077269,-0.07339623617008328,False,773.6688311688312,1232,953160,1072,21740,160,931422,22812,0.023902078177356522,0.046992810801332635,0.8701298701298701,23674.25270911969,1.589543217086118,1.589543217086118,0.0,1094,21910,138,931250,23004,0.024103303464404563,0.04755694661797948,0.887987012987013,23578.29296161573,1.5831002612035248,1.5831002612035248,0.0
E6_threshold_divergence,decision_tree__unweighted__split42__model42,decision_tree,unweighted,42,42,no_origin_balance,1.0,12.089079431998051,R_x0.015625,0.01562565137041168,-5.999939858606356,C,ner_optimal,val,True,0.07732293754816055,-0.07339623617008328,False,773.6688311688312,1232,953160,902,645,330,952517,1547,0.0016209238532513826,0.5830639948287007,0.7321428571428571,4634.396212559357,0.31116391108411207,0.3111639110841121,5.551115123125783e-17,943,687,289,952473,1630,0.0017078936118492191,0.5785276073619632,0.765422077922078,4180.743955847437,0.28070466591036836,0.28070466591036847,1.1102230246251565e-16
E6_threshold_divergence,decision_tree__unweighted__split42__model42,decision_tree,unweighted,42,42,no_origin_balance,1.0,48.356317727992206,R_x0.0625,0.06250260548164673,-3.999939858606356,B,youden,val,False,0.003926701378077269,-0.025375375989824533,False,773.6688311688312,1232,953160,1072,21740,160,931422,22812,0.023902078177356522,0.046992810801332635,0.8701298701298701,29477.010836478752,0.4947884016741268,0.4947884016741268,0.0,1094,21910,138,931250,23004,0.024103303464404563,0.04755694661797948,0.887987012987013,28583.171846462923,0.4797848055606215,0.4797848055606215,0.0
E6_threshold_divergence,decision_tree__unweighted__split42__model42,decision_tree,unweighted,42,42,no_origin_balance,1.0,48.356317727992206,R_x0.0625,0.06250260548164673,-3.999939858606356,C,ner_optimal,val,True,0.029302077367901802,-0.025375375989824533,False,773.6688311688312,1232,953160,919,1072,313,952090,1991,0.002086140524772788,0.46157709693621296,0.7459415584415584,16207.52744886156,0.27205257161243807,0.27205257161243807,0.0,954,1052,278,952108,2006,0.002101861708815665,0.47557328015952144,0.7743506493506493,14495.056328381834,0.24330776932174275,0.24330776932174278,2.7755575615628914e-17
E6_threshold_divergence,decision_tree__unweighted__split42__model42,decision_tree,unweighted,42,42,no_origin_balance,1.0,193.42527091196882,R_x0.25,0.2500104219265869,-1.999939858606356,B,youden,val,False,0.003926701378077269,0.0,True,773.6688311688312,1232,953160,1072,21740,160,931422,22812,0.023902078177356522,0.046992810801332635,0.8701298701298701,52688.04334591501,0.2210996978211291,0.2210996978211291,0.0,1094,21910,138,931250,23004,0.024103303464404563,0.04755694661797948,0.887987012987013,48602.6873858517,0.2039559416498956,0.20395594164989564,2.7755575615628914e-17
E6_threshold_divergence,decision_tree__unweighted__split42__model42,decision_tree,unweighted,42,42,no_origin_balance,1.0,193.42527091196882,R_x0.25,0.2500104219265869,-1.999939858606356,C,ner_optimal,val,True,0.003926701378077269,0.0,True,773.6688311688312,1232,953160,1072,21740,160,931422,22812,0.023902078177356522,0.046992810801332635,0.8701298701298701,52688.04334591501,0.2210996978211291,0.2210996978211291,0.0,1094,21910,138,931250,23004,0.024103303464404563,0.04755694661797948,0.887987012987013,48602.6873858517,0.2039559416498956,0.20395594164989564,2.7755575615628914e-17
E6_threshold_divergence,decision_tree__unweighted__split42__model42,decision_tree,unweighted,42,42,no_origin_balance,1.0,773.6688311688312,val_class_ratio,1.0,0.0,B,youden,val,False,0.003926701378077269,0.0,True,773.6688311688312,1232,953160,1072,21740,160,931422,22812,0.023902078177356522,0.046992810801332635,0.8701298701298701,145527.01298701297,0.15267847264573942,0.15267847264573942,0.0,1094,21910,138,931250,23004,0.024103303464404563,0.04755694661797948,0.887987012987013,128676.2987012987,0.13499968389493758,0.13499968389493758,0.0
E6_threshold_divergence,decision_tree__unweighted__split42__model42,decision_tree,unweighted,42,42,no_origin_balance,1.0,773.6688311688312,val_class_ratio,1.0,0.0,C,ner_optimal,val,True,0.003926701378077269,0.0,True,773.6688311688312,1232,953160,1072,21740,160,931422,22812,0.023902078177356522,0.046992810801332635,0.8701298701298701,145527.01298701297,0.15267847264573942,0.15267847264573942,0.0,1094,21910,138,931250,23004,0.024103303464404563,0.04755694661797948,0.887987012987013,128676.2987012987,0.13499968389493758,0.13499968389493758,0.0
E6_threshold_divergence,decision_tree__unweighted__split42__model42,decision_tree,unweighted,42,42,no_origin_balance,1.0,773.7010836478753,R_x1,1.0000416877063476,6.014139364405448e-05,B,youden,val,False,0.003926701378077269,0.0,True,773.6688311688312,1232,953160,1072,21740,160,931422,22812,0.023902078177356522,0.046992810801332635,0.8701298701298701,145532.17338366003,0.15267752185787967,0.15267752185787967,0.0,1094,21910,138,931250,23004,0.024103303464404563,0.04755694661797948,0.887987012987013,128680.7495434068,0.13499872567221416,0.1349987256722142,2.7755575615628914e-17
E6_threshold_divergence,decision_tree__unweighted__split42__model42,decision_tree,unweighted,42,42,no_origin_balance,1.0,773.7010836478753,R_x1,1.0000416877063476,6.014139364405448e-05,C,ner_optimal,val,True,0.003926701378077269,0.0,True,773.6688311688312,1232,953160,1072,21740,160,931422,22812,0.023902078177356522,0.046992810801332635,0.8701298701298701,145532.17338366003,0.15267752185787967,0.15267752185787967,0.0,1094,21910,138,931250,23004,0.024103303464404563,0.04755694661797948,0.887987012987013,128680.7495434068,0.13499872567221416,0.1349987256722142,2.7755575615628914e-17
E6_threshold_divergence,decision_tree__unweighted__split42__model42,decision_tree,unweighted,42,42,no_origin_balance,1.0,3094.804334591501,R_x4,4.00016675082539,2.000060141393644,B,youden,val,False,0.003926701378077269,0.0037322472053347155,False,773.6688311688312,1232,953160,1072,21740,160,931422,22812,0.023902078177356522,0.046992810801332635,0.8701298701298701,516908.6935346402,0.13557197786706732,0.13557197786706732,0.0,1094,21910,138,931250,23004,0.024103303464404563,0.04755694661797948,0.887987012987013,448992.9981736272,0.1177594216777938,0.11775942167779381,1.3877787807814457e-17
E6_threshold_divergence,decision_tree__unweighted__split42__model42,decision_tree,unweighted,42,42,no_origin_balance,1.0,3094.804334591501,R_x4,4.00016675082539,2.000060141393644,C,ner_optimal,val,True,0.00019445417274255306,0.0037322472053347155,False,773.6688311688312,1232,953160,1230,342065,2,611097,343295,0.3596994532656324,0.0035829243070828296,0.9983766233766234,348254.608669183,0.09133830923940282,0.09133830923940282,0.0,1230,342004,2,611156,343234,0.35963629200580055,0.0035835610691248537,0.9983766233766234,348193.608669183,0.09132231049387324,0.09132231049387324,0.0
E6_threshold_divergence,decision_tree__unweighted__split42__model42,decision_tree,unweighted,42,42,no_origin_balance,1.0,12379.217338366005,R_x16,16.00066700330156,4.000060141393644,B,youden,val,False,0.003926701378077269,0.0037322472053347155,False,773.6688311688312,1232,953160,1072,21740,160,931422,22812,0.023902078177356522,0.046992810801332635,0.8701298701298701,2002414.7741385608,0.1312955918693642,0.13129559186936424,2.7755575615628914e-17,1094,21910,138,931250,23004,0.024103303464404563,0.04755694661797948,0.887987012987013,1730241.9926945087,0.1134495956791887,0.11344959567918872,1.3877787807814457e-17
E6_threshold_divergence,decision_tree__unweighted__split42__model42,decision_tree,unweighted,42,42,no_origin_balance,1.0,12379.217338366005,R_x16,16.00066700330156,4.000060141393644,C,ner_optimal,val,True,0.00019445417274255306,0.0037322472053347155,False,773.6688311688312,1232,953160,1230,342065,2,611097,343295,0.3596994532656324,0.0035829243070828296,0.9983766233766234,366823.434676732,0.024052109777383174,0.024052109777383174,0.0,1230,342004,2,611156,343234,0.35963629200580055,0.0035835610691248537,0.9983766233766234,366762.434676732,0.024048110091000777,0.024048110091000777,0.0
E6_threshold_divergence,decision_tree__unweighted__split42__model42,decision_tree,unweighted,42,42,no_origin_balance,1.0,49516.86935346402,R_x64,64.00266801320625,6.000060141393644,B,youden,val,False,0.003926701378077269,0.0037322472053347155,False,773.6688311688312,1232,953160,1072,21740,160,931422,22812,0.023902078177356522,0.046992810801332635,0.8701298701298701,7944439.096554243,0.13022649536993844,0.13022649536993847,2.7755575615628914e-17,1094,21910,138,931250,23004,0.024103303464404563,0.04755694661797948,0.887987012987013,6855237.970778035,0.11237213917953744,0.11237213917953745,1.3877787807814457e-17
E6_threshold_divergence,decision_tree__unweighted__split42__model42,decision_tree,unweighted,42,42,no_origin_balance,1.0,49516.86935346402,R_x64,64.00266801320625,6.000060141393644,C,ner_optimal,val,True,0.00019445417274255306,0.0037322472053347155,False,773.6688311688312,1232,953160,1230,342065,2,611097,343295,0.3596994532656324,0.0035829243070828296,0.9983766233766234,441098.73870692804,0.007230559911878261,0.007230559911878261,0.0,1230,342004,2,611156,343234,0.35963629200580055,0.0035835610691248537,0.9983766233766234,441037.73870692804,0.007229559990282662,0.007229559990282662,0.0
E6_threshold_divergence,decision_tree__unweighted__split42__model456,decision_tree,unweighted,42,456,no_origin_balance,1.0,12.089079431998051,R_x0.015625,0.01562565137041168,-5.999939858606356,B,youden,val,False,0.003926701378077269,-0.07339623617008328,False,773.6688311688312,1232,953160,1072,21740,160,931422,22812,0.023902078177356522,0.046992810801332635,0.8701298701298701,23674.25270911969,1.589543217086118,1.589543217086118,0.0,1094,21910,138,931250,23004,0.024103303464404563,0.04755694661797948,0.887987012987013,23578.29296161573,1.5831002612035248,1.5831002612035248,0.0
E6_threshold_divergence,decision_tree__unweighted__split42__model456,decision_tree,unweighted,42,456,no_origin_balance,1.0,12.089079431998051,R_x0.015625,0.01562565137041168,-5.999939858606356,C,ner_optimal,val,True,0.07732293754816055,-0.07339623617008328,False,773.6688311688312,1232,953160,902,645,330,952517,1547,0.0016209238532513826,0.5830639948287007,0.7321428571428571,4634.396212559357,0.31116391108411207,0.3111639110841121,5.551115123125783e-17,943,687,289,952473,1630,0.0017078936118492191,0.5785276073619632,0.765422077922078,4180.743955847437,0.28070466591036836,0.28070466591036847,1.1102230246251565e-16
E6_threshold_divergence,decision_tree__unweighted__split42__model456,decision_tree,unweighted,42,456,no_origin_balance,1.0,48.356317727992206,R_x0.0625,0.06250260548164673,-3.999939858606356,B,youden,val,False,0.003926701378077269,-0.025375375989824533,False,773.6688311688312,1232,953160,1072,21740,160,931422,22812,0.023902078177356522,0.046992810801332635,0.8701298701298701,29477.010836478752,0.4947884016741268,0.4947884016741268,0.0,1094,21910,138,931250,23004,0.024103303464404563,0.04755694661797948,0.887987012987013,28583.171846462923,0.4797848055606215,0.4797848055606215,0.0
E6_threshold_divergence,decision_tree__unweighted__split42__model456,decision_tree,unweighted,42,456,no_origin_balance,1.0,48.356317727992206,R_x0.0625,0.06250260548164673,-3.999939858606356,C,ner_optimal,val,True,0.029302077367901802,-0.025375375989824533,False,773.6688311688312,1232,953160,919,1072,313,952090,1991,0.002086140524772788,0.46157709693621296,0.7459415584415584,16207.52744886156,0.27205257161243807,0.27205257161243807,0.0,954,1052,278,952108,2006,0.002101861708815665,0.47557328015952144,0.7743506493506493,14495.056328381834,0.24330776932174275,0.24330776932174278,2.7755575615628914e-17
E6_threshold_divergence,decision_tree__unweighted__split42__model456,decision_tree,unweighted,42,456,no_origin_balance,1.0,193.42527091196882,R_x0.25,0.2500104219265869,-1.999939858606356,B,youden,val,False,0.003926701378077269,0.0,True,773.6688311688312,1232,953160,1072,21740,160,931422,22812,0.023902078177356522,0.046992810801332635,0.8701298701298701,52688.04334591501,0.2210996978211291,0.2210996978211291,0.0,1094,21910,138,931250,23004,0.024103303464404563,0.04755694661797948,0.887987012987013,48602.6873858517,0.2039559416498956,0.20395594164989564,2.7755575615628914e-17
E6_threshold_divergence,decision_tree__unweighted__split42__model456,decision_tree,unweighted,42,456,no_origin_balance,1.0,193.42527091196882,R_x0.25,0.2500104219265869,-1.999939858606356,C,ner_optimal,val,True,0.003926701378077269,0.0,True,773.6688311688312,1232,953160,1072,21740,160,931422,22812,0.023902078177356522,0.046992810801332635,0.8701298701298701,52688.04334591501,0.2210996978211291,0.2210996978211291,0.0,1094,21910,138,931250,23004,0.024103303464404563,0.04755694661797948,0.887987012987013,48602.6873858517,0.2039559416498956,0.20395594164989564,2.7755575615628914e-17
E6_threshold_divergence,decision_tree__unweighted__split42__model456,decision_tree,unweighted,42,456,no_origin_balance,1.0,773.6688311688312,val_class_ratio,1.0,0.0,B,youden,val,False,0.003926701378077269,0.0,True,773.6688311688312,1232,953160,1072,21740,160,931422,22812,0.023902078177356522,0.046992810801332635,0.8701298701298701,145527.01298701297,0.15267847264573942,0.15267847264573942,0.0,1094,21910,138,931250,23004,0.024103303464404563,0.04755694661797948,0.887987012987013,128676.2987012987,0.13499968389493758,0.13499968389493758,0.0
E6_threshold_divergence,decision_tree__unweighted__split42__model456,decision_tree,unweighted,42,456,no_origin_balance,1.0,773.6688311688312,val_class_ratio,1.0,0.0,C,ner_optimal,val,True,0.003926701378077269,0.0,True,773.6688311688312,1232,953160,1072,21740,160,931422,22812,0.023902078177356522,0.046992810801332635,0.8701298701298701,145527.01298701297,0.15267847264573942,0.15267847264573942,0.0,1094,21910,138,931250,23004,0.024103303464404563,0.04755694661797948,0.887987012987013,128676.2987012987,0.13499968389493758,0.13499968389493758,0.0
E6_threshold_divergence,decision_tree__unweighted__split42__model456,decision_tree,unweighted,42,456,no_origin_balance,1.0,773.7010836478753,R_x1,1.0000416877063476,6.014139364405448e-05,B,youden,val,False,0.003926701378077269,0.0,True,773.6688311688312,1232,953160,1072,21740,160,931422,22812,0.023902078177356522,0.046992810801332635,0.8701298701298701,145532.17338366003,0.15267752185787967,0.15267752185787967,0.0,1094,21910,138,931250,23004,0.024103303464404563,0.04755694661797948,0.887987012987013,128680.7495434068,0.13499872567221416,0.1349987256722142,2.7755575615628914e-17
E6_threshold_divergence,decision_tree__unweighted__split42__model456,decision_tree,unweighted,42,456,no_origin_balance,1.0,773.7010836478753,R_x1,1.0000416877063476,6.014139364405448e-05,C,ner_optimal,val,True,0.003926701378077269,0.0,True,773.6688311688312,1232,953160,1072,21740,160,931422,22812,0.023902078177356522,0.046992810801332635,0.8701298701298701,145532.17338366003,0.15267752185787967,0.15267752185787967,0.0,1094,21910,138,931250,23004,0.024103303464404563,0.04755694661797948,0.887987012987013,128680.7495434068,0.13499872567221416,0.1349987256722142,2.7755575615628914e-17
E6_threshold_divergence,decision_tree__unweighted__split42__model456,decision_tree,unweighted,42,456,no_origin_balance,1.0,3094.804334591501,R_x4,4.00016675082539,2.000060141393644,B,youden,val,False,0.003926701378077269,0.0037322472053347155,False,773.6688311688312,1232,953160,1072,21740,160,931422,22812,0.023902078177356522,0.046992810801332635,0.8701298701298701,516908.6935346402,0.13557197786706732,0.13557197786706732,0.0,1094,21910,138,931250,23004,0.024103303464404563,0.04755694661797948,0.887987012987013,448992.9981736272,0.1177594216777938,0.11775942167779381,1.3877787807814457e-17
E6_threshold_divergence,decision_tree__unweighted__split42__model456,decision_tree,unweighted,42,456,no_origin_balance,1.0,3094.804334591501,R_x4,4.00016675082539,2.000060141393644,C,ner_optimal,val,True,0.00019445417274255306,0.0037322472053347155,False,773.6688311688312,1232,953160,1230,342065,2,611097,343295,0.3596994532656324,0.0035829243070828296,0.9983766233766234,348254.608669183,0.09133830923940282,0.09133830923940282,0.0,1230,342004,2,611156,343234,0.35963629200580055,0.0035835610691248537,0.9983766233766234,348193.608669183,0.09132231049387324,0.09132231049387324,0.0
E6_threshold_divergence,decision_tree__unweighted__split42__model456,decision_tree,unweighted,42,456,no_origin_balance,1.0,12379.217338366005,R_x16,16.00066700330156,4.000060141393644,B,youden,val,False,0.003926701378077269,0.0037322472053347155,False,773.6688311688312,1232,953160,1072,21740,160,931422,22812,0.023902078177356522,0.046992810801332635,0.8701298701298701,2002414.7741385608,0.1312955918693642,0.13129559186936424,2.7755575615628914e-17,1094,21910,138,931250,23004,0.024103303464404563,0.04755694661797948,0.887987012987013,1730241.9926945087,0.1134495956791887,0.11344959567918872,1.3877787807814457e-17
E6_threshold_divergence,decision_tree__unweighted__split42__model456,decision_tree,unweighted,42,456,no_origin_balance,1.0,12379.217338366005,R_x16,16.00066700330156,4.000060141393644,C,ner_optimal,val,True,0.00019445417274255306,0.0037322472053347155,False,773.6688311688312,1232,953160,1230,342065,2,611097,343295,0.3596994532656324,0.0035829243070828296,0.9983766233766234,366823.434676732,0.024052109777383174,0.024052109777383174,0.0,1230,342004,2,611156,343234,0.35963629200580055,0.0035835610691248537,0.9983766233766234,366762.434676732,0.024048110091000777,0.024048110091000777,0.0
E6_threshold_divergence,decision_tree__unweighted__split42__model456,decision_tree,unweighted,42,456,no_origin_balance,1.0,49516.86935346402,R_x64,64.00266801320625,6.000060141393644,B,youden,val,False,0.003926701378077269,0.0037322472053347155,False,773.6688311688312,1232,953160,1072,21740,160,931422,22812,0.023902078177356522,0.046992810801332635,0.8701298701298701,7944439.096554243,0.13022649536993844,0.13022649536993847,2.7755575615628914e-17,1094,21910,138,931250,23004,0.024103303464404563,0.04755694661797948,0.887987012987013,6855237.970778035,0.11237213917953744,0.11237213917953745,1.3877787807814457e-17
E6_threshold_divergence,decision_tree__unweighted__split42__model456,decision_tree,unweighted,42,456,no_origin_balance,1.0,49516.86935346402,R_x64,64.00266801320625,6.000060141393644,C,ner_optimal,val,True,0.00019445417274255306,0.0037322472053347155,False,773.6688311688312,1232,953160,1230,342065,2,611097,343295,0.3596994532656324,0.0035829243070828296,0.9983766233766234,441098.73870692804,0.007230559911878261,0.007230559911878261,0.0,1230,342004,2,611156,343234,0.35963629200580055,0.0035835610691248537,0.9983766233766234,441037.73870692804,0.007229559990282662,0.007229559990282662,0.0
E6_threshold_divergence,decision_tree__unweighted__split42__model789,decision_tree,unweighted,42,789,no_origin_balance,1.0,12.089079431998051,R_x0.015625,0.01562565137041168,-5.999939858606356,B,youden,val,False,0.003926701378077269,-0.07339623617008328,False,773.6688311688312,1232,953160,1072,21740,160,931422,22812,0.023902078177356522,0.046992810801332635,0.8701298701298701,23674.25270911969,1.589543217086118,1.589543217086118,0.0,1094,21910,138,931250,23004,0.024103303464404563,0.04755694661797948,0.887987012987013,23578.29296161573,1.5831002612035248,1.5831002612035248,0.0
E6_threshold_divergence,decision_tree__unweighted__split42__model789,decision_tree,unweighted,42,789,no_origin_balance,1.0,12.089079431998051,R_x0.015625,0.01562565137041168,-5.999939858606356,C,ner_optimal,val,True,0.07732293754816055,-0.07339623617008328,False,773.6688311688312,1232,953160,902,645,330,952517,1547,0.0016209238532513826,0.5830639948287007,0.7321428571428571,4634.396212559357,0.31116391108411207,0.3111639110841121,5.551115123125783e-17,943,687,289,952473,1630,0.0017078936118492191,0.5785276073619632,0.765422077922078,4180.743955847437,0.28070466591036836,0.28070466591036847,1.1102230246251565e-16
E6_threshold_divergence,decision_tree__unweighted__split42__model789,decision_tree,unweighted,42,789,no_origin_balance,1.0,48.356317727992206,R_x0.0625,0.06250260548164673,-3.999939858606356,B,youden,val,False,0.003926701378077269,-0.025375375989824533,False,773.6688311688312,1232,953160,1072,21740,160,931422,22812,0.023902078177356522,0.046992810801332635,0.8701298701298701,29477.010836478752,0.4947884016741268,0.4947884016741268,0.0,1094,21910,138,931250,23004,0.024103303464404563,0.04755694661797948,0.887987012987013,28583.171846462923,0.4797848055606215,0.4797848055606215,0.0
E6_threshold_divergence,decision_tree__unweighted__split42__model789,decision_tree,unweighted,42,789,no_origin_balance,1.0,48.356317727992206,R_x0.0625,0.06250260548164673,-3.999939858606356,C,ner_optimal,val,True,0.029302077367901802,-0.025375375989824533,False,773.6688311688312,1232,953160,919,1072,313,952090,1991,0.002086140524772788,0.46157709693621296,0.7459415584415584,16207.52744886156,0.27205257161243807,0.27205257161243807,0.0,954,1052,278,952108,2006,0.002101861708815665,0.47557328015952144,0.7743506493506493,14495.056328381834,0.24330776932174275,0.24330776932174278,2.7755575615628914e-17
E6_threshold_divergence,decision_tree__unweighted__split42__model789,decision_tree,unweighted,42,789,no_origin_balance,1.0,193.42527091196882,R_x0.25,0.2500104219265869,-1.999939858606356,B,youden,val,False,0.003926701378077269,0.0,True,773.6688311688312,1232,953160,1072,21740,160,931422,22812,0.023902078177356522,0.046992810801332635,0.8701298701298701,52688.04334591501,0.2210996978211291,0.2210996978211291,0.0,1094,21910,138,931250,23004,0.024103303464404563,0.04755694661797948,0.887987012987013,48602.6873858517,0.2039559416498956,0.20395594164989564,2.7755575615628914e-17
E6_threshold_divergence,decision_tree__unweighted__split42__model789,decision_tree,unweighted,42,789,no_origin_balance,1.0,193.42527091196882,R_x0.25,0.2500104219265869,-1.999939858606356,C,ner_optimal,val,True,0.003926701378077269,0.0,True,773.6688311688312,1232,953160,1072,21740,160,931422,22812,0.023902078177356522,0.046992810801332635,0.8701298701298701,52688.04334591501,0.2210996978211291,0.2210996978211291,0.0,1094,21910,138,931250,23004,0.024103303464404563,0.04755694661797948,0.887987012987013,48602.6873858517,0.2039559416498956,0.20395594164989564,2.7755575615628914e-17
E6_threshold_divergence,decision_tree__unweighted__split42__model789,decision_tree,unweighted,42,789,no_origin_balance,1.0,773.6688311688312,val_class_ratio,1.0,0.0,B,youden,val,False,0.003926701378077269,0.0,True,773.6688311688312,1232,953160,1072,21740,160,931422,22812,0.023902078177356522,0.046992810801332635,0.8701298701298701,145527.01298701297,0.15267847264573942,0.15267847264573942,0.0,1094,21910,138,931250,23004,0.024103303464404563,0.04755694661797948,0.887987012987013,128676.2987012987,0.13499968389493758,0.13499968389493758,0.0
E6_threshold_divergence,decision_tree__unweighted__split42__model789,decision_tree,unweighted,42,789,no_origin_balance,1.0,773.6688311688312,val_class_ratio,1.0,0.0,C,ner_optimal,val,True,0.003926701378077269,0.0,True,773.6688311688312,1232,953160,1072,21740,160,931422,22812,0.023902078177356522,0.046992810801332635,0.8701298701298701,145527.01298701297,0.15267847264573942,0.15267847264573942,0.0,1094,21910,138,931250,23004,0.024103303464404563,0.04755694661797948,0.887987012987013,128676.2987012987,0.13499968389493758,0.13499968389493758,0.0
E6_threshold_divergence,decision_tree__unweighted__split42__model789,decision_tree,unweighted,42,789,no_origin_balance,1.0,773.7010836478753,R_x1,1.0000416877063476,6.014139364405448e-05,B,youden,val,False,0.003926701378077269,0.0,True,773.6688311688312,1232,953160,1072,21740,160,931422,22812,0.023902078177356522,0.046992810801332635,0.8701298701298701,145532.17338366003,0.15267752185787967,0.15267752185787967,0.0,1094,21910,138,931250,23004,0.024103303464404563,0.04755694661797948,0.887987012987013,128680.7495434068,0.13499872567221416,0.1349987256722142,2.7755575615628914e-17
E6_threshold_divergence,decision_tree__unweighted__split42__model789,decision_tree,unweighted,42,789,no_origin_balance,1.0,773.7010836478753,R_x1,1.0000416877063476,6.014139364405448e-05,C,ner_optimal,val,True,0.003926701378077269,0.0,True,773.6688311688312,1232,953160,1072,21740,160,931422,22812,0.023902078177356522,0.046992810801332635,0.8701298701298701,145532.17338366003,0.15267752185787967,0.15267752185787967,0.0,1094,21910,138,931250,23004,0.024103303464404563,0.04755694661797948,0.887987012987013,128680.7495434068,0.13499872567221416,0.1349987256722142,2.7755575615628914e-17
E6_threshold_divergence,decision_tree__unweighted__split42__model789,decision_tree,unweighted,42,789,no_origin_balance,1.0,3094.804334591501,R_x4,4.00016675082539,2.000060141393644,B,youden,val,False,0.003926701378077269,0.0037322472053347155,False,773.6688311688312,1232,953160,1072,21740,160,931422,22812,0.023902078177356522,0.046992810801332635,0.8701298701298701,516908.6935346402,0.13557197786706732,0.13557197786706732,0.0,1094,21910,138,931250,23004,0.024103303464404563,0.04755694661797948,0.887987012987013,448992.9981736272,0.1177594216777938,0.11775942167779381,1.3877787807814457e-17
E6_threshold_divergence,decision_tree__unweighted__split42__model789,decision_tree,unweighted,42,789,no_origin_balance,1.0,3094.804334591501,R_x4,4.00016675082539,2.000060141393644,C,ner_optimal,val,True,0.00019445417274255306,0.0037322472053347155,False,773.6688311688312,1232,953160,1230,342065,2,611097,343295,0.3596994532656324,0.0035829243070828296,0.9983766233766234,348254.608669183,0.09133830923940282,0.09133830923940282,0.0,1230,342004,2,611156,343234,0.35963629200580055,0.0035835610691248537,0.9983766233766234,348193.608669183,0.09132231049387324,0.09132231049387324,0.0
E6_threshold_divergence,decision_tree__unweighted__split42__model789,decision_tree,unweighted,42,789,no_origin_balance,1.0,12379.217338366005,R_x16,16.00066700330156,4.000060141393644,B,youden,val,False,0.003926701378077269,0.0037322472053347155,False,773.6688311688312,1232,953160,1072,21740,160,931422,22812,0.023902078177356522,0.046992810801332635,0.8701298701298701,2002414.7741385608,0.1312955918693642,0.13129559186936424,2.7755575615628914e-17,1094,21910,138,931250,23004,0.024103303464404563,0.04755694661797948,0.887987012987013,1730241.9926945087,0.1134495956791887,0.11344959567918872,1.3877787807814457e-17
E6_threshold_divergence,decision_tree__unweighted__split42__model789,decision_tree,unweighted,42,789,no_origin_balance,1.0,12379.217338366005,R_x16,16.00066700330156,4.000060141393644,C,ner_optimal,val,True,0.00019445417274255306,0.0037322472053347155,False,773.6688311688312,1232,953160,1230,342065,2,611097,343295,0.3596994532656324,0.0035829243070828296,0.9983766233766234,366823.434676732,0.024052109777383174,0.024052109777383174,0.0,1230,342004,2,611156,343234,0.35963629200580055,0.0035835610691248537,0.9983766233766234,366762.434676732,0.024048110091000777,0.024048110091000777,0.0
E6_threshold_divergence,decision_tree__unweighted__split42__model789,decision_tree,unweighted,42,789,no_origin_balance,1.0,49516.86935346402,R_x64,64.00266801320625,6.000060141393644,B,youden,val,False,0.003926701378077269,0.0037322472053347155,False,773.6688311688312,1232,953160,1072,21740,160,931422,22812,0.023902078177356522,0.046992810801332635,0.8701298701298701,7944439.096554243,0.13022649536993844,0.13022649536993847,2.7755575615628914e-17,1094,21910,138,931250,23004,0.024103303464404563,0.04755694661797948,0.887987012987013,6855237.970778035,0.11237213917953744,0.11237213917953745,1.3877787807814457e-17
E6_threshold_divergence,decision_tree__unweighted__split42__model789,decision_tree,unweighted,42,789,no_origin_balance,1.0,49516.86935346402,R_x64,64.00266801320625,6.000060141393644,C,ner_optimal,val,True,0.00019445417274255306,0.0037322472053347155,False,773.6688311688312,1232,953160,1230,342065,2,611097,343295,0.3596994532656324,0.0035829243070828296,0.9983766233766234,441098.73870692804,0.007230559911878261,0.007230559911878261,0.0,1230,342004,2,611156,343234,0.35963629200580055,0.0035835610691248537,0.9983766233766234,441037.73870692804,0.007229559990282662,0.007229559990282662,0.0
E6_threshold_divergence,decision_tree__unweighted__split456__model123,decision_tree,unweighted,456,123,no_origin_balance,1.0,12.089079431998051,R_x0.015625,0.01562565137041168,-5.999939858606356,B,youden,val,False,0.014052697457373142,-0.04255107697099447,False,773.6688311688312,1232,953160,1000,4517,232,948645,5517,0.005780631479242325,0.18125793003443902,0.8116883116883117,7321.666428223548,0.491593350453115,0.49159335045311503,5.551115123125783e-17,998,4486,234,948674,5484,0.005746066605755287,0.18198395331874545,0.810064935064935,7314.844587087544,0.4911353165105442,0.4911353165105443,1.1102230246251565e-16
E6_threshold_divergence,decision_tree__unweighted__split456__model123,decision_tree,unweighted,456,123,no_origin_balance,1.0,12.089079431998051,R_x0.015625,0.01562565137041168,-5.999939858606356,C,ner_optimal,val,True,0.056603774428367615,-0.04255107697099447,False,773.6688311688312,1232,953160,932,558,300,952604,1490,0.0015612000913668778,0.625503355704698,0.7564935064935064,4184.723829599416,0.280971883693546,0.28097188369354603,5.551115123125783e-17,923,561,309,952599,1484,0.001554916638027142,0.621967654986523,0.7491883116883117,4296.525544487398,0.2884785053277034,0.28847850532770347,5.551115123125783e-17
E6_threshold_divergence,decision_tree__unweighted__split456__model123,decision_tree,unweighted,456,123,no_origin_balance,1.0,48.356317727992206,R_x0.0625,0.06250260548164673,-3.999939858606356,B,youden,val,False,0.014052697457373142,-0.005870181135833263,False,773.6688311688312,1232,953160,1000,4517,232,948645,5517,0.005780631479242325,0.18125793003443902,0.8116883116883117,15735.665712894192,0.26413210384704494,0.264132103847045,5.551115123125783e-17,998,4486,234,948674,5484,0.005746066605755287,0.18198395331874545,0.810064935064935,15801.378348350176,0.2652351278289347,0.26523512782893477,5.551115123125783e-17
E6_threshold_divergence,decision_tree__unweighted__split456__model123,decision_tree,unweighted,456,123,no_origin_balance,1.0,48.356317727992206,R_x0.0625,0.06250260548164673,-3.999939858606356,C,ner_optimal,val,True,0.019922878593206406,-0.005870181135833263,False,773.6688311688312,1232,953160,943,1085,289,952077,2028,0.002124908580732905,0.46499013806706113,0.765422077922078,15059.975823389748,0.25279026452996145,0.2527902645299615,5.551115123125783e-17,943,1099,289,952061,2042,0.002139582058525218,0.46180215475024483,0.765422077922078,15073.975823389748,0.25302526249708457,0.25302526249708457,0.0
E6_threshold_divergence,decision_tree__unweighted__split456__model123,decision_tree,unweighted,456,123,no_origin_balance,1.0,193.42527091196882,R_x0.25,0.2500104219265869,-1.999939858606356,B,youden,val,False,0.014052697457373142,0.0,True,773.6688311688312,1232,953160,1000,4517,232,948645,5517,0.005780631479242325,0.18125793003443902,0.8116883116883117,49391.662851576766,0.2072667921955274,0.2072667921955275,8.326672684688674e-17,998,4486,234,948674,5484,0.005746066605755287,0.18198395331874545,0.810064935064935,49747.5133934007,0.20876008065853233,0.20876008065853238,5.551115123125783e-17
E6_threshold_divergence,decision_tree__unweighted__split456__model123,decision_tree,unweighted,456,123,no_origin_balance,1.0,193.42527091196882,R_x0.25,0.2500104219265869,-1.999939858606356,C,ner_optimal,val,True,0.014052697457373142,0.0,True,773.6688311688312,1232,953160,1000,4517,232,948645,5517,0.005780631479242325,0.18125793003443902,0.8116883116883117,49391.662851576766,0.2072667921955274,0.2072667921955275,8.326672684688674e-17,998,4486,234,948674,5484,0.005746066605755287,0.18198395331874545,0.810064935064935,49747.5133934007,0.20876008065853233,0.20876008065853238,5.551115123125783e-17
E6_threshold_divergence,decision_tree__unweighted__split456__model123,decision_tree,unweighted,456,123,no_origin_balance,1.0,773.6688311688312,val_class_ratio,1.0,0.0,B,youden,val,False,0.014052697457373142,0.0,True,773.6688311688312,1232,953160,1000,4517,232,948645,5517,0.005780631479242325,0.18125793003443902,0.8116883116883117,184008.16883116882,0.1930506618313492,0.19305066183134922,2.7755575615628914e-17,998,4486,234,948674,5484,0.005746066605755287,0.18198395331874545,0.810064935064935,185524.5064935065,0.19464151505886362,0.19464151505886365,2.7755575615628914e-17
E6_threshold_divergence,decision_tree__unweighted__split456__model123,decision_tree,unweighted,456,123,no_origin_balance,1.0,773.6688311688312,val_class_ratio,1.0,0.0,C,ner_optimal,val,True,0.014052697457373142,0.0,True,773.6688311688312,1232,953160,1000,4517,232,948645,5517,0.005780631479242325,0.18125793003443902,0.8116883116883117,184008.16883116882,0.1930506618313492,0.19305066183134922,2.7755575615628914e-17,998,4486,234,948674,5484,0.005746066605755287,0.18198395331874545,0.810064935064935,185524.5064935065,0.19464151505886362,0.19464151505886365,2.7755575615628914e-17
E6_threshold_divergence,decision_tree__unweighted__split456__model123,decision_tree,unweighted,456,123,no_origin_balance,1.0,773.7010836478753,R_x1,1.0000416877063476,6.014139364405448e-05,B,youden,val,False,0.014052697457373142,0.0,True,773.6688311688312,1232,953160,1000,4517,232,948645,5517,0.005780631479242325,0.18125793003443902,0.8116883116883117,184015.65140630706,0.19305046428264805,0.1930504642826481,5.551115123125783e-17,998,4486,234,948674,5484,0.005746066605755287,0.18198395331874545,0.810064935064935,185532.0535736028,0.19464131886593172,0.1946413188659318,8.326672684688674e-17
E6_threshold_divergence,decision_tree__unweighted__split456__model123,decision_tree,unweighted,456,123,no_origin_balance,1.0,773.7010836478753,R_x1,1.0000416877063476,6.014139364405448e-05,C,ner_optimal,val,True,0.014052697457373142,0.0,True,773.6688311688312,1232,953160,1000,4517,232,948645,5517,0.005780631479242325,0.18125793003443902,0.8116883116883117,184015.65140630706,0.19305046428264805,0.1930504642826481,5.551115123125783e-17,998,4486,234,948674,5484,0.005746066605755287,0.18198395331874545,0.810064935064935,185532.0535736028,0.19464131886593172,0.1946413188659318,8.326672684688674e-17
E6_threshold_divergence,decision_tree__unweighted__split456__model123,decision_tree,unweighted,456,123,no_origin_balance,1.0,3094.804334591501,R_x4,4.00016675082539,2.000060141393644,B,youden,val,False,0.014052697457373142,0.0,True,773.6688311688312,1232,953160,1000,4517,232,948645,5517,0.005780631479242325,0.18125793003443902,0.8116883116883117,722511.6056252283,0.1894963823044282,0.18949638230442825,5.551115123125783e-17,998,4486,234,948674,5484,0.005746066605755287,0.18198395331874545,0.810064935064935,728670.2142944112,0.1911116284177816,0.19111162841778165,5.551115123125783e-17
E6_threshold_divergence,decision_tree__unweighted__split456__model123,decision_tree,unweighted,456,123,no_origin_balance,1.0,3094.804334591501,R_x4,4.00016675082539,2.000060141393644,C,ner_optimal,val,True,0.014052697457373142,0.0,True,773.6688311688312,1232,953160,1000,4517,232,948645,5517,0.005780631479242325,0.18125793003443902,0.8116883116883117,722511.6056252283,0.1894963823044282,0.18949638230442825,5.551115123125783e-17,998,4486,234,948674,5484,0.005746066605755287,0.18198395331874545,0.810064935064935,728670.2142944112,0.1911116284177816,0.19111162841778165,5.551115123125783e-17
E6_threshold_divergence,decision_tree__unweighted__split456__model123,decision_tree,unweighted,456,123,no_origin_balance,1.0,12379.217338366005,R_x16,16.00066700330156,4.000060141393644,B,youden,val,False,0.014052697457373142,0.013779631000943482,False,773.6688311688312,1232,953160,1000,4517,232,948645,5517,0.005780631479242325,0.18125793003443902,0.8116883116883117,2876495.422500913,0.18860786180987324,0.1886078618098733,5.551115123125783e-17,998,4486,234,948674,5484,0.005746066605755287,0.18198395331874545,0.810064935064935,2901222.857177645,0.19022920580574404,0.1902292058057441,5.551115123125783e-17
E6_threshold_divergence,decision_tree__unweighted__split456__model123,decision_tree,unweighted,456,123,no_origin_balance,1.0,12379.217338366005,R_x16,16.00066700330156,4.000060141393644,C,ner_optimal,val,True,0.0002730664564296603,0.013779631000943482,False,773.6688311688312,1232,953160,1229,860278,3,92884,861507,0.9026743671900703,0.001426569952420584,0.997564935064935,897415.652015098,0.058842314142854235,0.058842314142854235,0.0,1230,860412,2,92748,861642,0.9028177101233036,0.0014275070156747234,0.9983766233766234,885170.434676732,0.058039412027481356,0.058039412027481356,0.0
E6_threshold_divergence,decision_tree__unweighted__split456__model123,decision_tree,unweighted,456,123,no_origin_balance,1.0,49516.86935346402,R_x64,64.00266801320625,6.000060141393644,B,youden,val,False,0.014052697457373142,0.014049077744402894,False,773.6688311688312,1232,953160,1000,4517,232,948645,5517,0.005780631479242325,0.18125793003443902,0.8116883116883117,11492430.690003652,0.1883857316862345,0.18838573168623457,8.326672684688674e-17,998,4486,234,948674,5484,0.005746066605755287,0.18198395331874545,0.810064935064935,11591433.42871058,0.19000860015273466,0.1900086001527347,5.551115123125783e-17
E6_threshold_divergence,decision_tree__unweighted__split456__model123,decision_tree,unweighted,456,123,no_origin_balance,1.0,49516.86935346402,R_x64,64.00266801320625,6.000060141393644,C,ner_optimal,val,True,3.6197129702486563e-06,0.014049077744402894,False,773.6688311688312,1232,953160,1232,930584,0,22578,931816,0.9763431035819589,0.0013221494372279506,1.0,930584.0,0.015254279313425835,0.015254279313425835,0.0,1232,930787,0,22373,932019,0.9765578504430046,0.0013218614641976182,1.0,930787.0,0.015257606921358729,0.015257606921358729,0.0
E6_threshold_divergence,decision_tree__unweighted__split456__model42,decision_tree,unweighted,456,42,no_origin_balance,1.0,12.089079431998051,R_x0.015625,0.01562565137041168,-5.999939858606356,B,youden,val,False,0.014052697457373142,-0.04255107697099447,False,773.6688311688312,1232,953160,1000,4518,232,948644,5518,0.005781679264538545,0.1812250815512867,0.8116883116883117,7322.666428223548,0.49166049272943585,0.4916604927294359,5.551115123125783e-17,998,4486,234,948674,5484,0.005746066605755287,0.18198395331874545,0.810064935064935,7314.844587087544,0.4911353165105442,0.4911353165105443,1.1102230246251565e-16
E6_threshold_divergence,decision_tree__unweighted__split456__model42,decision_tree,unweighted,456,42,no_origin_balance,1.0,12.089079431998051,R_x0.015625,0.01562565137041168,-5.999939858606356,C,ner_optimal,val,True,0.056603774428367615,-0.04255107697099447,False,773.6688311688312,1232,953160,932,558,300,952604,1490,0.0015612000913668778,0.625503355704698,0.7564935064935064,4184.723829599416,0.280971883693546,0.28097188369354603,5.551115123125783e-17,924,561,308,952599,1485,0.001555964425519074,0.6222222222222222,0.75,4284.4364650554,0.28766681701601515,0.28766681701601515,0.0
E6_threshold_divergence,decision_tree__unweighted__split456__model42,decision_tree,unweighted,456,42,no_origin_balance,1.0,48.356317727992206,R_x0.0625,0.06250260548164673,-3.999939858606356,B,youden,val,False,0.014052697457373142,-0.005870181135833263,False,773.6688311688312,1232,953160,1000,4518,232,948644,5518,0.005781679264538545,0.1812250815512867,0.8116883116883117,15736.665712894192,0.26414888941612513,0.2641488894161252,5.551115123125783e-17,998,4486,234,948674,5484,0.005746066605755287,0.18198395331874545,0.810064935064935,15801.378348350176,0.2652351278289347,0.26523512782893477,5.551115123125783e-17
E6_threshold_divergence,decision_tree__unweighted__split456__model42,decision_tree,unweighted,456,42,no_origin_balance,1.0,48.356317727992206,R_x0.0625,0.06250260548164673,-3.999939858606356,C,ner_optimal,val,True,0.019922878593206406,-0.005870181135833263,False,773.6688311688312,1232,953160,943,1086,289,952076,2029,0.002125956366029124,0.4647609659931001,0.765422077922078,15060.975823389748,0.2528070500990417,0.2528070500990417,0.0,944,1099,288,952061,2043,0.0021406298460171502,0.4620655898188938,0.7662337662337663,15025.619505661754,0.25221357418539625,0.25221357418539625,0.0
E6_threshold_divergence,decision_tree__unweighted__split456__model42,decision_tree,unweighted,456,42,no_origin_balance,1.0,193.42527091196882,R_x0.25,0.2500104219265869,-1.999939858606356,B,youden,val,False,0.014052697457373142,0.0,True,773.6688311688312,1232,953160,1000,4518,232,948644,5518,0.005781679264538545,0.1812250815512867,0.8116883116883117,49392.662851576766,0.20727098858779747,0.20727098858779752,5.551115123125783e-17,998,4486,234,948674,5484,0.005746066605755287,0.18198395331874545,0.810064935064935,49747.5133934007,0.20876008065853233,0.20876008065853238,5.551115123125783e-17
E6_threshold_divergence,decision_tree__unweighted__split456__model42,decision_tree,unweighted,456,42,no_origin_balance,1.0,193.42527091196882,R_x0.25,0.2500104219265869,-1.999939858606356,C,ner_optimal,val,True,0.014052697457373142,0.0,True,773.6688311688312,1232,953160,1000,4518,232,948644,5518,0.005781679264538545,0.1812250815512867,0.8116883116883117,49392.662851576766,0.20727098858779747,0.20727098858779752,5.551115123125783e-17,998,4486,234,948674,5484,0.005746066605755287,0.18198395331874545,0.810064935064935,49747.5133934007,0.20876008065853233,0.20876008065853238,5.551115123125783e-17
E6_threshold_divergence,decision_tree__unweighted__split456__model42,decision_tree,unweighted,456,42,no_origin_balance,1.0,773.6688311688312,val_class_ratio,1.0,0.0,B,youden,val,False,0.014052697457373142,0.0,True,773.6688311688312,1232,953160,1000,4518,232,948644,5518,0.005781679264538545,0.1812250815512867,0.8116883116883117,184009.16883116882,0.19305171097315119,0.1930517109731512,2.7755575615628914e-17,998,4486,234,948674,5484,0.005746066605755287,0.18198395331874545,0.810064935064935,185524.5064935065,0.19464151505886362,0.19464151505886365,2.7755575615628914e-17
E6_threshold_divergence,decision_tree__unweighted__split456__model42,decision_tree,unweighted,456,42,no_origin_balance,1.0,773.6688311688312,val_class_ratio,1.0,0.0,C,ner_optimal,val,True,0.014052697457373142,0.0,True,773.6688311688312,1232,953160,1000,4518,232,948644,5518,0.005781679264538545,0.1812250815512867,0.8116883116883117,184009.16883116882,0.19305171097315119,0.1930517109731512,2.7755575615628914e-17,998,4486,234,948674,5484,0.005746066605755287,0.18198395331874545,0.810064935064935,185524.5064935065,0.19464151505886362,0.19464151505886365,2.7755575615628914e-17
E6_threshold_divergence,decision_tree__unweighted__split456__model42,decision_tree,unweighted,456,42,no_origin_balance,1.0,773.7010836478753,R_x1,1.0000416877063476,6.014139364405448e-05,B,youden,val,False,0.014052697457373142,0.0,True,773.6688311688312,1232,953160,1000,4518,232,948644,5518,0.005781679264538545,0.1812250815512867,0.8116883116883117,184016.65140630706,0.19305151338071555,0.1930515133807156,5.551115123125783e-17,998,4486,234,948674,5484,0.005746066605755287,0.18198395331874545,0.810064935064935,185532.0535736028,0.19464131886593172,0.1946413188659318,8.326672684688674e-17
E6_threshold_divergence,decision_tree__unweighted__split456__model42,decision_tree,unweighted,456,42,no_origin_balance,1.0,773.7010836478753,R_x1,1.0000416877063476,6.014139364405448e-05,C,ner_optimal,val,True,0.014052697457373142,0.0,True,773.6688311688312,1232,953160,1000,4518,232,948644,5518,0.005781679264538545,0.1812250815512867,0.8116883116883117,184016.65140630706,0.19305151338071555,0.1930515133807156,5.551115123125783e-17,998,4486,234,948674,5484,0.005746066605755287,0.18198395331874545,0.810064935064935,185532.0535736028,0.19464131886593172,0.1946413188659318,8.326672684688674e-17
E6_threshold_divergence,decision_tree__unweighted__split456__model42,decision_tree,unweighted,456,42,no_origin_balance,1.0,3094.804334591501,R_x4,4.00016675082539,2.000060141393644,B,youden,val,False,0.014052697457373142,0.0,True,773.6688311688312,1232,953160,1000,4518,232,948644,5518,0.005781679264538545,0.1812250815512867,0.8116883116883117,722512.6056252283,0.18949664457894508,0.18949664457894513,5.551115123125783e-17,998,4486,234,948674,5484,0.005746066605755287,0.18198395331874545,0.810064935064935,728670.2142944112,0.1911116284177816,0.19111162841778165,5.551115123125783e-17
E6_threshold_divergence,decision_tree__unweighted__split456__model42,decision_tree,unweighted,456,42,no_origin_balance,1.0,3094.804334591501,R_x4,4.00016675082539,2.000060141393644,C,ner_optimal,val,True,0.014052697457373142,0.0,True,773.6688311688312,1232,953160,1000,4518,232,948644,5518,0.005781679264538545,0.1812250815512867,0.8116883116883117,722512.6056252283,0.18949664457894508,0.18949664457894513,5.551115123125783e-17,998,4486,234,948674,5484,0.005746066605755287,0.18198395331874545,0.810064935064935,728670.2142944112,0.1911116284177816,0.19111162841778165,5.551115123125783e-17
E6_threshold_divergence,decision_tree__unweighted__split456__model42,decision_tree,unweighted,456,42,no_origin_balance,1.0,12379.217338366005,R_x16,16.00066700330156,4.000060141393644,B,youden,val,False,0.014052697457373142,0.013779631000943482,False,773.6688311688312,1232,953160,1000,4518,232,948644,5518,0.005781679264538545,0.1812250815512867,0.8116883116883117,2876496.422500913,0.18860792737850246,0.18860792737850252,5.551115123125783e-17,998,4486,234,948674,5484,0.005746066605755287,0.18198395331874545,0.810064935064935,2901222.857177645,0.19022920580574404,0.1902292058057441,5.551115123125783e-17
E6_threshold_divergence,decision_tree__unweighted__split456__model42,decision_tree,unweighted,456,42,no_origin_balance,1.0,12379.217338366005,R_x16,16.00066700330156,4.000060141393644,C,ner_optimal,val,True,0.0002730664564296603,0.013779631000943482,False,773.6688311688312,1232,953160,1229,860279,3,92883,861508,0.9026754149753665,0.0014265682965219127,0.997564935064935,897416.652015098,0.058842379711483456,0.058842379711483456,0.0,1230,860412,2,92748,861642,0.9028177101233036,0.0014275070156747234,0.9983766233766234,885170.434676732,0.058039412027481356,0.058039412027481356,0.0
E6_threshold_divergence,decision_tree__unweighted__split456__model42,decision_tree,unweighted,456,42,no_origin_balance,1.0,49516.86935346402,R_x64,64.00266801320625,6.000060141393644,B,youden,val,False,0.014052697457373142,0.014049077744402894,False,773.6688311688312,1232,953160,1000,4518,232,948644,5518,0.005781679264538545,0.1812250815512867,0.8116883116883117,11492431.690003652,0.1883857480783918,0.18838574807839187,5.551115123125783e-17,998,4486,234,948674,5484,0.005746066605755287,0.18198395331874545,0.810064935064935,11591433.42871058,0.19000860015273466,0.1900086001527347,5.551115123125783e-17
E6_threshold_divergence,decision_tree__unweighted__split456__model42,decision_tree,unweighted,456,42,no_origin_balance,1.0,49516.86935346402,R_x64,64.00266801320625,6.000060141393644,C,ner_optimal,val,True,3.6197129702486563e-06,0.014049077744402894,False,773.6688311688312,1232,953160,1232,930585,0,22577,931817,0.976344151367255,0.001322148018334072,1.0,930585.0,0.01525429570558314,0.01525429570558314,0.0,1232,930787,0,22373,932019,0.9765578504430046,0.0013218614641976182,1.0,930787.0,0.015257606921358729,0.015257606921358729,0.0
E6_threshold_divergence,decision_tree__unweighted__split456__model456,decision_tree,unweighted,456,456,no_origin_balance,1.0,12.089079431998051,R_x0.015625,0.01562565137041168,-5.999939858606356,B,youden,val,False,0.014052697457373142,-0.04255107697099447,False,773.6688311688312,1232,953160,1000,4518,232,948644,5518,0.005781679264538545,0.1812250815512867,0.8116883116883117,7322.666428223548,0.49166049272943585,0.4916604927294359,5.551115123125783e-17,998,4485,234,948675,5483,0.005745018818263355,0.1820171438993252,0.810064935064935,7313.844587087544,0.49106817423422333,0.4910681742342234,5.551115123125783e-17
E6_threshold_divergence,decision_tree__unweighted__split456__model456,decision_tree,unweighted,456,456,no_origin_balance,1.0,12.089079431998051,R_x0.015625,0.01562565137041168,-5.999939858606356,C,ner_optimal,val,True,0.056603774428367615,-0.04255107697099447,False,773.6688311688312,1232,953160,932,559,300,952603,1491,0.0015622478766630973,0.6250838363514419,0.7564935064935064,4185.723829599416,0.28103902596986685,0.2810390259698669,5.551115123125783e-17,923,561,309,952599,1484,0.001554916638027142,0.621967654986523,0.7491883116883117,4296.525544487398,0.2884785053277034,0.28847850532770347,5.551115123125783e-17
E6_threshold_divergence,decision_tree__unweighted__split456__model456,decision_tree,unweighted,456,456,no_origin_balance,1.0,48.356317727992206,R_x0.0625,0.06250260548164673,-3.999939858606356,B,youden,val,False,0.014052697457373142,-0.005870181135833263,False,773.6688311688312,1232,953160,1000,4518,232,948644,5518,0.005781679264538545,0.1812250815512867,0.8116883116883117,15736.665712894192,0.26414888941612513,0.2641488894161252,5.551115123125783e-17,998,4485,234,948675,5483,0.005745018818263355,0.1820171438993252,0.810064935064935,15800.378348350176,0.26521834225985447,0.2652183422598545,5.551115123125783e-17
E6_threshold_divergence,decision_tree__unweighted__split456__model456,decision_tree,unweighted,456,456,no_origin_balance,1.0,48.356317727992206,R_x0.0625,0.06250260548164673,-3.999939858606356,C,ner_optimal,val,True,0.019922878593206406,-0.005870181135833263,False,773.6688311688312,1232,953160,943,1086,289,952076,2029,0.002125956366029124,0.4647609659931001,0.765422077922078,15060.975823389748,0.2528070500990417,0.2528070500990417,0.0,943,1098,289,952062,2041,0.002138534271033286,0.4620284174424302,0.765422077922078,15072.975823389748,0.2530084769280043,0.2530084769280044,5.551115123125783e-17
E6_threshold_divergence,decision_tree__unweighted__split456__model456,decision_tree,unweighted,456,456,no_origin_balance,1.0,193.42527091196882,R_x0.25,0.2500104219265869,-1.999939858606356,B,youden,val,False,0.014052697457373142,0.0,True,773.6688311688312,1232,953160,1000,4518,232,948644,5518,0.005781679264538545,0.1812250815512867,0.8116883116883117,49392.662851576766,0.20727098858779747,0.20727098858779752,5.551115123125783e-17,998,4485,234,948675,5483,0.005745018818263355,0.1820171438993252,0.810064935064935,49746.5133934007,0.20875588426626226,0.20875588426626232,5.551115123125783e-17
E6_threshold_divergence,decision_tree__unweighted__split456__model456,decision_tree,unweighted,456,456,no_origin_balance,1.0,193.42527091196882,R_x0.25,0.2500104219265869,-1.999939858606356,C,ner_optimal,val,True,0.014052697457373142,0.0,True,773.6688311688312,1232,953160,1000,4518,232,948644,5518,0.005781679264538545,0.1812250815512867,0.8116883116883117,49392.662851576766,0.20727098858779747,0.20727098858779752,5.551115123125783e-17,998,4485,234,948675,5483,0.005745018818263355,0.1820171438993252,0.810064935064935,49746.5133934007,0.20875588426626226,0.20875588426626232,5.551115123125783e-17
E6_threshold_divergence,decision_tree__unweighted__split456__model456,decision_tree,unweighted,456,456,no_origin_balance,1.0,773.6688311688312,val_class_ratio,1.0,0.0,B,youden,val,False,0.014052697457373142,0.0,True,773.6688311688312,1232,953160,1000,4518,232,948644,5518,0.005781679264538545,0.1812250815512867,0.8116883116883117,184009.16883116882,0.19305171097315119,0.1930517109731512,2.7755575615628914e-17,998,4485,234,948675,5483,0.005745018818263355,0.1820171438993252,0.810064935064935,185523.5064935065,0.19464046591706163,0.19464046591706166,2.7755575615628914e-17
E6_threshold_divergence,decision_tree__unweighted__split456__model456,decision_tree,unweighted,456,456,no_origin_balance,1.0,773.6688311688312,val_class_ratio,1.0,0.0,C,ner_optimal,val,True,0.014052697457373142,0.0,True,773.6688311688312,1232,953160,1000,4518,232,948644,5518,0.005781679264538545,0.1812250815512867,0.8116883116883117,184009.16883116882,0.19305171097315119,0.1930517109731512,2.7755575615628914e-17,998,4485,234,948675,5483,0.005745018818263355,0.1820171438993252,0.810064935064935,185523.5064935065,0.19464046591706163,0.19464046591706166,2.7755575615628914e-17
E6_threshold_divergence,decision_tree__unweighted__split456__model456,decision_tree,unweighted,456,456,no_origin_balance,1.0,773.7010836478753,R_x1,1.0000416877063476,6.014139364405448e-05,B,youden,val,False,0.014052697457373142,0.0,True,773.6688311688312,1232,953160,1000,4518,232,948644,5518,0.005781679264538545,0.1812250815512867,0.8116883116883117,184016.65140630706,0.19305151338071555,0.1930515133807156,5.551115123125783e-17,998,4485,234,948675,5483,0.005745018818263355,0.1820171438993252,0.810064935064935,185531.0535736028,0.19464026976786422,0.19464026976786428,5.551115123125783e-17
E6_threshold_divergence,decision_tree__unweighted__split456__model456,decision_tree,unweighted,456,456,no_origin_balance,1.0,773.7010836478753,R_x1,1.0000416877063476,6.014139364405448e-05,C,ner_optimal,val,True,0.014052697457373142,0.0,True,773.6688311688312,1232,953160,1000,4518,232,948644,5518,0.005781679264538545,0.1812250815512867,0.8116883116883117,184016.65140630706,0.19305151338071555,0.1930515133807156,5.551115123125783e-17,998,4485,234,948675,5483,0.005745018818263355,0.1820171438993252,0.810064935064935,185531.0535736028,0.19464026976786422,0.19464026976786428,5.551115123125783e-17
E6_threshold_divergence,decision_tree__unweighted__split456__model456,decision_tree,unweighted,456,456,no_origin_balance,1.0,3094.804334591501,R_x4,4.00016675082539,2.000060141393644,B,youden,val,False,0.014052697457373142,0.0,True,773.6688311688312,1232,953160,1000,4518,232,948644,5518,0.005781679264538545,0.1812250815512867,0.8116883116883117,722512.6056252283,0.18949664457894508,0.18949664457894513,5.551115123125783e-17,998,4485,234,948675,5483,0.005745018818263355,0.1820171438993252,0.810064935064935,728669.2142944112,0.1911113661432647,0.19111136614326477,5.551115123125783e-17
E6_threshold_divergence,decision_tree__unweighted__split456__model456,decision_tree,unweighted,456,456,no_origin_balance,1.0,3094.804334591501,R_x4,4.00016675082539,2.000060141393644,C,ner_optimal,val,True,0.014052697457373142,0.0,True,773.6688311688312,1232,953160,1000,4518,232,948644,5518,0.005781679264538545,0.1812250815512867,0.8116883116883117,722512.6056252283,0.18949664457894508,0.18949664457894513,5.551115123125783e-17,998,4485,234,948675,5483,0.005745018818263355,0.1820171438993252,0.810064935064935,728669.2142944112,0.1911113661432647,0.19111136614326477,5.551115123125783e-17
E6_threshold_divergence,decision_tree__unweighted__split456__model456,decision_tree,unweighted,456,456,no_origin_balance,1.0,12379.217338366005,R_x16,16.00066700330156,4.000060141393644,B,youden,val,False,0.014052697457373142,0.013779631000943482,False,773.6688311688312,1232,953160,1000,4518,232,948644,5518,0.005781679264538545,0.1812250815512867,0.8116883116883117,2876496.422500913,0.18860792737850246,0.18860792737850252,5.551115123125783e-17,998,4485,234,948675,5483,0.005745018818263355,0.1820171438993252,0.810064935064935,2901221.857177645,0.19022914023711482,0.19022914023711487,5.551115123125783e-17
E6_threshold_divergence,decision_tree__unweighted__split456__model456,decision_tree,unweighted,456,456,no_origin_balance,1.0,12379.217338366005,R_x16,16.00066700330156,4.000060141393644,C,ner_optimal,val,True,0.0002730664564296603,0.013779631000943482,False,773.6688311688312,1232,953160,1229,860279,3,92883,861508,0.9026754149753665,0.0014265682965219127,0.997564935064935,897416.652015098,0.058842379711483456,0.058842379711483456,0.0,1230,860411,2,92749,861641,0.9028166623358117,0.001427508672405329,0.9983766233766234,885169.434676732,0.058039346458852135,0.058039346458852135,0.0
E6_threshold_divergence,decision_tree__unweighted__split456__model456,decision_tree,unweighted,456,456,no_origin_balance,1.0,49516.86935346402,R_x64,64.00266801320625,6.000060141393644,B,youden,val,False,0.014052697457373142,0.014049077744402894,False,773.6688311688312,1232,953160,1000,4518,232,948644,5518,0.005781679264538545,0.1812250815512867,0.8116883116883117,11492431.690003652,0.1883857480783918,0.18838574807839187,5.551115123125783e-17,998,4485,234,948675,5483,0.005745018818263355,0.1820171438993252,0.810064935064935,11591432.42871058,0.19000858376057736,0.19000858376057742,5.551115123125783e-17
E6_threshold_divergence,decision_tree__unweighted__split456__model456,decision_tree,unweighted,456,456,no_origin_balance,1.0,49516.86935346402,R_x64,64.00266801320625,6.000060141393644,C,ner_optimal,val,True,3.6197129702486563e-06,0.014049077744402894,False,773.6688311688312,1232,953160,1232,930585,0,22577,931817,0.976344151367255,0.001322148018334072,1.0,930585.0,0.01525429570558314,0.01525429570558314,0.0,1232,930786,0,22374,932018,0.9765568026555126,0.0013218628824765188,1.0,930786.0,0.015257590529201425,0.015257590529201425,0.0
E6_threshold_divergence,decision_tree__unweighted__split456__model789,decision_tree,unweighted,456,789,no_origin_balance,1.0,12.089079431998051,R_x0.015625,0.01562565137041168,-5.999939858606356,B,youden,val,False,0.014052697457373142,-0.04255107697099447,False,773.6688311688312,1232,953160,1000,4518,232,948644,5518,0.005781679264538545,0.1812250815512867,0.8116883116883117,7322.666428223548,0.49166049272943585,0.4916604927294359,5.551115123125783e-17,998,4486,234,948674,5484,0.005746066605755287,0.18198395331874545,0.810064935064935,7314.844587087544,0.4911353165105442,0.4911353165105443,1.1102230246251565e-16
E6_threshold_divergence,decision_tree__unweighted__split456__model789,decision_tree,unweighted,456,789,no_origin_balance,1.0,12.089079431998051,R_x0.015625,0.01562565137041168,-5.999939858606356,C,ner_optimal,val,True,0.056603774428367615,-0.04255107697099447,False,773.6688311688312,1232,953160,932,558,300,952604,1490,0.0015612000913668778,0.625503355704698,0.7564935064935064,4184.723829599416,0.280971883693546,0.28097188369354603,5.551115123125783e-17,924,561,308,952599,1485,0.001555964425519074,0.6222222222222222,0.75,4284.4364650554,0.28766681701601515,0.28766681701601515,0.0
E6_threshold_divergence,decision_tree__unweighted__split456__model789,decision_tree,unweighted,456,789,no_origin_balance,1.0,48.356317727992206,R_x0.0625,0.06250260548164673,-3.999939858606356,B,youden,val,False,0.014052697457373142,-0.005870181135833263,False,773.6688311688312,1232,953160,1000,4518,232,948644,5518,0.005781679264538545,0.1812250815512867,0.8116883116883117,15736.665712894192,0.26414888941612513,0.2641488894161252,5.551115123125783e-17,998,4486,234,948674,5484,0.005746066605755287,0.18198395331874545,0.810064935064935,15801.378348350176,0.2652351278289347,0.26523512782893477,5.551115123125783e-17
E6_threshold_divergence,decision_tree__unweighted__split456__model789,decision_tree,unweighted,456,789,no_origin_balance,1.0,48.356317727992206,R_x0.0625,0.06250260548164673,-3.999939858606356,C,ner_optimal,val,True,0.019922878593206406,-0.005870181135833263,False,773.6688311688312,1232,953160,943,1086,289,952076,2029,0.002125956366029124,0.4647609659931001,0.765422077922078,15060.975823389748,0.2528070500990417,0.2528070500990417,0.0,944,1099,288,952061,2043,0.0021406298460171502,0.4620655898188938,0.7662337662337663,15025.619505661754,0.25221357418539625,0.25221357418539625,0.0
E6_threshold_divergence,decision_tree__unweighted__split456__model789,decision_tree,unweighted,456,789,no_origin_balance,1.0,193.42527091196882,R_x0.25,0.2500104219265869,-1.999939858606356,B,youden,val,False,0.014052697457373142,0.0,True,773.6688311688312,1232,953160,1000,4518,232,948644,5518,0.005781679264538545,0.1812250815512867,0.8116883116883117,49392.662851576766,0.20727098858779747,0.20727098858779752,5.551115123125783e-17,998,4486,234,948674,5484,0.005746066605755287,0.18198395331874545,0.810064935064935,49747.5133934007,0.20876008065853233,0.20876008065853238,5.551115123125783e-17
E6_threshold_divergence,decision_tree__unweighted__split456__model789,decision_tree,unweighted,456,789,no_origin_balance,1.0,193.42527091196882,R_x0.25,0.2500104219265869,-1.999939858606356,C,ner_optimal,val,True,0.014052697457373142,0.0,True,773.6688311688312,1232,953160,1000,4518,232,948644,5518,0.005781679264538545,0.1812250815512867,0.8116883116883117,49392.662851576766,0.20727098858779747,0.20727098858779752,5.551115123125783e-17,998,4486,234,948674,5484,0.005746066605755287,0.18198395331874545,0.810064935064935,49747.5133934007,0.20876008065853233,0.20876008065853238,5.551115123125783e-17
E6_threshold_divergence,decision_tree__unweighted__split456__model789,decision_tree,unweighted,456,789,no_origin_balance,1.0,773.6688311688312,val_class_ratio,1.0,0.0,B,youden,val,False,0.014052697457373142,0.0,True,773.6688311688312,1232,953160,1000,4518,232,948644,5518,0.005781679264538545,0.1812250815512867,0.8116883116883117,184009.16883116882,0.19305171097315119,0.1930517109731512,2.7755575615628914e-17,998,4486,234,948674,5484,0.005746066605755287,0.18198395331874545,0.810064935064935,185524.5064935065,0.19464151505886362,0.19464151505886365,2.7755575615628914e-17
E6_threshold_divergence,decision_tree__unweighted__split456__model789,decision_tree,unweighted,456,789,no_origin_balance,1.0,773.6688311688312,val_class_ratio,1.0,0.0,C,ner_optimal,val,True,0.014052697457373142,0.0,True,773.6688311688312,1232,953160,1000,4518,232,948644,5518,0.005781679264538545,0.1812250815512867,0.8116883116883117,184009.16883116882,0.19305171097315119,0.1930517109731512,2.7755575615628914e-17,998,4486,234,948674,5484,0.005746066605755287,0.18198395331874545,0.810064935064935,185524.5064935065,0.19464151505886362,0.19464151505886365,2.7755575615628914e-17
E6_threshold_divergence,decision_tree__unweighted__split456__model789,decision_tree,unweighted,456,789,no_origin_balance,1.0,773.7010836478753,R_x1,1.0000416877063476,6.014139364405448e-05,B,youden,val,False,0.014052697457373142,0.0,True,773.6688311688312,1232,953160,1000,4518,232,948644,5518,0.005781679264538545,0.1812250815512867,0.8116883116883117,184016.65140630706,0.19305151338071555,0.1930515133807156,5.551115123125783e-17,998,4486,234,948674,5484,0.005746066605755287,0.18198395331874545,0.810064935064935,185532.0535736028,0.19464131886593172,0.1946413188659318,8.326672684688674e-17
E6_threshold_divergence,decision_tree__unweighted__split456__model789,decision_tree,unweighted,456,789,no_origin_balance,1.0,773.7010836478753,R_x1,1.0000416877063476,6.014139364405448e-05,C,ner_optimal,val,True,0.014052697457373142,0.0,True,773.6688311688312,1232,953160,1000,4518,232,948644,5518,0.005781679264538545,0.1812250815512867,0.8116883116883117,184016.65140630706,0.19305151338071555,0.1930515133807156,5.551115123125783e-17,998,4486,234,948674,5484,0.005746066605755287,0.18198395331874545,0.810064935064935,185532.0535736028,0.19464131886593172,0.1946413188659318,8.326672684688674e-17
E6_threshold_divergence,decision_tree__unweighted__split456__model789,decision_tree,unweighted,456,789,no_origin_balance,1.0,3094.804334591501,R_x4,4.00016675082539,2.000060141393644,B,youden,val,False,0.014052697457373142,0.0,True,773.6688311688312,1232,953160,1000,4518,232,948644,5518,0.005781679264538545,0.1812250815512867,0.8116883116883117,722512.6056252283,0.18949664457894508,0.18949664457894513,5.551115123125783e-17,998,4486,234,948674,5484,0.005746066605755287,0.18198395331874545,0.810064935064935,728670.2142944112,0.1911116284177816,0.19111162841778165,5.551115123125783e-17
E6_threshold_divergence,decision_tree__unweighted__split456__model789,decision_tree,unweighted,456,789,no_origin_balance,1.0,3094.804334591501,R_x4,4.00016675082539,2.000060141393644,C,ner_optimal,val,True,0.014052697457373142,0.0,True,773.6688311688312,1232,953160,1000,4518,232,948644,5518,0.005781679264538545,0.1812250815512867,0.8116883116883117,722512.6056252283,0.18949664457894508,0.18949664457894513,5.551115123125783e-17,998,4486,234,948674,5484,0.005746066605755287,0.18198395331874545,0.810064935064935,728670.2142944112,0.1911116284177816,0.19111162841778165,5.551115123125783e-17
E6_threshold_divergence,decision_tree__unweighted__split456__model789,decision_tree,unweighted,456,789,no_origin_balance,1.0,12379.217338366005,R_x16,16.00066700330156,4.000060141393644,B,youden,val,False,0.014052697457373142,0.013779631000943482,False,773.6688311688312,1232,953160,1000,4518,232,948644,5518,0.005781679264538545,0.1812250815512867,0.8116883116883117,2876496.422500913,0.18860792737850246,0.18860792737850252,5.551115123125783e-17,998,4486,234,948674,5484,0.005746066605755287,0.18198395331874545,0.810064935064935,2901222.857177645,0.19022920580574404,0.1902292058057441,5.551115123125783e-17
E6_threshold_divergence,decision_tree__unweighted__split456__model789,decision_tree,unweighted,456,789,no_origin_balance,1.0,12379.217338366005,R_x16,16.00066700330156,4.000060141393644,C,ner_optimal,val,True,0.0002730664564296603,0.013779631000943482,False,773.6688311688312,1232,953160,1229,860279,3,92883,861508,0.9026754149753665,0.0014265682965219127,0.997564935064935,897416.652015098,0.058842379711483456,0.058842379711483456,0.0,1230,860412,2,92748,861642,0.9028177101233036,0.0014275070156747234,0.9983766233766234,885170.434676732,0.058039412027481356,0.058039412027481356,0.0
E6_threshold_divergence,decision_tree__unweighted__split456__model789,decision_tree,unweighted,456,789,no_origin_balance,1.0,49516.86935346402,R_x64,64.00266801320625,6.000060141393644,B,youden,val,False,0.014052697457373142,0.014049077744402894,False,773.6688311688312,1232,953160,1000,4518,232,948644,5518,0.005781679264538545,0.1812250815512867,0.8116883116883117,11492431.690003652,0.1883857480783918,0.18838574807839187,5.551115123125783e-17,998,4486,234,948674,5484,0.005746066605755287,0.18198395331874545,0.810064935064935,11591433.42871058,0.19000860015273466,0.1900086001527347,5.551115123125783e-17
E6_threshold_divergence,decision_tree__unweighted__split456__model789,decision_tree,unweighted,456,789,no_origin_balance,1.0,49516.86935346402,R_x64,64.00266801320625,6.000060141393644,C,ner_optimal,val,True,3.6197129702486563e-06,0.014049077744402894,False,773.6688311688312,1232,953160,1232,930585,0,22577,931817,0.976344151367255,0.001322148018334072,1.0,930585.0,0.01525429570558314,0.01525429570558314,0.0,1232,930787,0,22373,932019,0.9765578504430046,0.0013218614641976182,1.0,930787.0,0.015257606921358729,0.015257606921358729,0.0
E6_threshold_divergence,decision_tree__unweighted__split789__model123,decision_tree,unweighted,789,123,no_origin_balance,1.0,12.089079431998051,R_x0.015625,0.01562565137041168,-5.999939858606356,B,youden,val,False,0.012950669974088669,-0.12704933062195778,False,773.6688311688312,1232,953160,1007,4672,225,948490,5679,0.005950372697229866,0.177319950695545,0.8173701298701299,7392.042872199561,0.49631858510103366,0.49631858510103366,0.0,1009,4697,223,948463,5706,0.005978675428964199,0.17683140553803015,0.8189935064935064,7392.864713335565,0.496373765385679,0.49637376538567907,5.551115123125783e-17
E6_threshold_divergence,decision_tree__unweighted__split789__model123,decision_tree,unweighted,789,123,no_origin_balance,1.0,12.089079431998051,R_x0.015625,0.01562565137041168,-5.999939858606356,C,ner_optimal,val,True,0.14000000059604645,-0.12704933062195778,False,773.6688311688312,1232,953160,894,160,338,953002,1054,0.0011043657022152278,0.8481973434535104,0.7256493506493507,4246.108848015341,0.28509341356199047,0.2850934135619906,1.1102230246251565e-16,895,151,337,953009,1046,0.00109598571656091,0.8556405353728489,0.726461038961039,4225.019768583343,0.2836774447634143,0.2836774447634143,0.0
E6_threshold_divergence,decision_tree__unweighted__split789__model123,decision_tree,unweighted,789,123,no_origin_balance,1.0,48.356317727992206,R_x0.0625,0.06250260548164673,-3.999939858606356,B,youden,val,False,0.012950669974088669,-0.025510869920253754,False,773.6688311688312,1232,953160,1007,4672,225,948490,5679,0.005950372697229866,0.177319950695545,0.8173701298701299,15552.171488798247,0.261052048872661,0.26105204887266104,5.551115123125783e-17,1009,4697,223,948463,5706,0.005978675428964199,0.17683140553803015,0.8189935064935064,15480.458853342261,0.25984831147628984,0.2598483114762899,5.551115123125783e-17
E6_threshold_divergence,decision_tree__unweighted__split789__model123,decision_tree,unweighted,789,123,no_origin_balance,1.0,48.356317727992206,R_x0.0625,0.06250260548164673,-3.999939858606356,C,ner_optimal,val,True,0.03846153989434242,-0.025510869920253754,False,773.6688311688312,1232,953160,950,870,282,952292,1820,0.0019069692391192735,0.521978021978022,0.7711038961038961,14506.481599293802,0.24349954899589588,0.24349954899589588,0.0,950,915,282,952245,1865,0.001954123672453248,0.5093833780160858,0.7711038961038961,14551.481599293802,0.2442548996045058,0.2442548996045058,0.0
E6_threshold_divergence,decision_tree__unweighted__split789__model123,decision_tree,unweighted,789,123,no_origin_balance,1.0,193.42527091196882,R_x0.25,0.2500104219265869,-1.999939858606356,B,youden,val,False,0.012950669974088669,0.0,True,773.6688311688312,1232,953160,1007,4672,225,948490,5679,0.005950372697229866,0.177319950695545,0.8173701298701299,48192.68595519299,0.2022354148155678,0.20223541481556787,5.551115123125783e-17,1009,4697,223,948463,5706,0.005978675428964199,0.17683140553803015,0.8189935064935064,47830.835413369045,0.20071694799894255,0.2007169479989426,5.551115123125783e-17
E6_threshold_divergence,decision_tree__unweighted__split789__model123,decision_tree,unweighted,789,123,no_origin_balance,1.0,193.42527091196882,R_x0.25,0.2500104219265869,-1.999939858606356,C,ner_optimal,val,True,0.012950669974088669,0.0,True,773.6688311688312,1232,953160,1007,4672,225,948490,5679,0.005950372697229866,0.177319950695545,0.8173701298701299,48192.68595519299,0.2022354148155678,0.20223541481556787,5.551115123125783e-17,1009,4697,223,948463,5706,0.005978675428964199,0.17683140553803015,0.8189935064935064,47830.835413369045,0.20071694799894255,0.2007169479989426,5.551115123125783e-17
E6_threshold_divergence,decision_tree__unweighted__split789__model123,decision_tree,unweighted,789,123,no_origin_balance,1.0,773.6688311688312,val_class_ratio,1.0,0.0,B,youden,val,False,0.012950669974088669,0.0,True,773.6688311688312,1232,953160,1007,4672,225,948490,5679,0.005950372697229866,0.177319950695545,0.8173701298701299,178747.48701298703,0.18753146062884193,0.187531460628842,5.551115123125783e-17,1009,4697,223,948463,5706,0.005978675428964199,0.17683140553803015,0.8189935064935064,177225.14935064936,0.18593431255051548,0.1859343125505155,2.7755575615628914e-17
E6_threshold_divergence,decision_tree__unweighted__split789__model123,decision_tree,unweighted,789,123,no_origin_balance,1.0,773.6688311688312,val_class_ratio,1.0,0.0,C,ner_optimal,val,True,0.012950669974088669,0.0,True,773.6688311688312,1232,953160,1007,4672,225,948490,5679,0.005950372697229866,0.177319950695545,0.8173701298701299,178747.48701298703,0.18753146062884193,0.187531460628842,5.551115123125783e-17,1009,4697,223,948463,5706,0.005978675428964199,0.17683140553803015,0.8189935064935064,177225.14935064936,0.18593431255051548,0.1859343125505155,2.7755575615628914e-17
E6_threshold_divergence,decision_tree__unweighted__split789__model123,decision_tree,unweighted,789,123,no_origin_balance,1.0,773.7010836478753,R_x1,1.0000416877063476,6.014139364405448e-05,B,youden,val,False,0.012950669974088669,0.0,True,773.6688311688312,1232,953160,1007,4672,225,948490,5679,0.005950372697229866,0.177319950695545,0.8173701298701299,178754.74382077195,0.18753125630129452,0.18753125630129458,5.551115123125783e-17,1009,4697,223,948463,5706,0.005978675428964199,0.17683140553803015,0.8189935064935064,177232.34165347618,0.1859341071296057,0.18593410712960576,5.551115123125783e-17
E6_threshold_divergence,decision_tree__unweighted__split789__model123,decision_tree,unweighted,789,123,no_origin_balance,1.0,773.7010836478753,R_x1,1.0000416877063476,6.014139364405448e-05,C,ner_optimal,val,True,0.012950669974088669,0.0,True,773.6688311688312,1232,953160,1007,4672,225,948490,5679,0.005950372697229866,0.177319950695545,0.8173701298701299,178754.74382077195,0.18753125630129452,0.18753125630129458,5.551115123125783e-17,1009,4697,223,948463,5706,0.005978675428964199,0.17683140553803015,0.8189935064935064,177232.34165347618,0.1859341071296057,0.18593410712960576,5.551115123125783e-17
E6_threshold_divergence,decision_tree__unweighted__split789__model123,decision_tree,unweighted,789,123,no_origin_balance,1.0,3094.804334591501,R_x4,4.00016675082539,2.000060141393644,B,youden,val,False,0.012950669974088669,0.0,True,773.6688311688312,1232,953160,1007,4672,225,948490,5679,0.005950372697229866,0.177319950695545,0.8173701298701299,701002.9752830878,0.1838552166727262,0.18385521667272625,5.551115123125783e-17,1009,4697,223,948463,5706,0.005978675428964199,0.17683140553803015,0.8189935064935064,694838.3666139047,0.1822383969122715,0.18223839691227156,5.551115123125783e-17
E6_threshold_divergence,decision_tree__unweighted__split789__model123,decision_tree,unweighted,789,123,no_origin_balance,1.0,3094.804334591501,R_x4,4.00016675082539,2.000060141393644,C,ner_optimal,val,True,0.012950669974088669,0.0,True,773.6688311688312,1232,953160,1007,4672,225,948490,5679,0.005950372697229866,0.177319950695545,0.8173701298701299,701002.9752830878,0.1838552166727262,0.18385521667272625,5.551115123125783e-17,1009,4697,223,948463,5706,0.005978675428964199,0.17683140553803015,0.8189935064935064,694838.3666139047,0.1822383969122715,0.18223839691227156,5.551115123125783e-17
E6_threshold_divergence,decision_tree__unweighted__split789__model123,decision_tree,unweighted,789,123,no_origin_balance,1.0,12379.217338366005,R_x16,16.00066700330156,4.000060141393644,B,youden,val,False,0.012950669974088669,0.012677115388214588,False,773.6688311688312,1232,953160,1007,4672,225,948490,5679,0.005950372697229866,0.177319950695545,0.8173701298701299,2789995.9011323513,0.18293620676558411,0.18293620676558417,5.551115123125783e-17,1009,4697,223,948463,5706,0.005978675428964199,0.17683140553803015,0.8189935064935064,2765262.466455619,0.18131446935793796,0.18131446935793802,5.551115123125783e-17
E6_threshold_divergence,decision_tree__unweighted__split789__model123,decision_tree,unweighted,789,123,no_origin_balance,1.0,12379.217338366005,R_x16,16.00066700330156,4.000060141393644,C,ner_optimal,val,True,0.00027355458587408066,0.012677115388214588,False,773.6688311688312,1232,953160,1227,859651,5,93511,860878,0.9020153102387484,0.0014252890653495616,0.9959415584415584,921547.0866918301,0.060424579235710166,0.060424579235710166,0.0,1230,860448,2,92712,861678,0.9028554304730132,0.0014274473759339336,0.9983766233766234,885206.434676732,0.05804177249813326,0.05804177249813326,0.0
E6_threshold_divergence,decision_tree__unweighted__split789__model123,decision_tree,unweighted,789,123,no_origin_balance,1.0,49516.86935346402,R_x64,64.00266801320625,6.000060141393644,B,youden,val,False,0.012950669974088669,0.012944307477027905,False,773.6688311688312,1232,953160,1007,4672,225,948490,5679,0.005950372697229866,0.177319950695545,0.8173701298701299,11145967.604529405,0.1827064542887986,0.18270645428879864,5.551115123125783e-17,1009,4697,223,948463,5706,0.005978675428964199,0.17683140553803015,0.8189935064935064,11046958.865822475,0.18108348746935457,0.18108348746935463,5.551115123125783e-17
E6_threshold_divergence,decision_tree__unweighted__split789__model123,decision_tree,unweighted,789,123,no_origin_balance,1.0,49516.86935346402,R_x64,64.00266801320625,6.000060141393644,C,ner_optimal,val,True,6.362497060763417e-06,0.012944307477027905,False,773.6688311688312,1232,953160,1232,930279,0,22883,931511,0.9760235290666119,0.0013225823420227995,1.0,930279.0,0.015249279705447838,0.015249279705447838,0.0,1232,930370,0,22790,931602,0.9761209230588689,0.0013224531505943524,1.0,930370.0,0.015250771391762586,0.015250771391762586,0.0
E6_threshold_divergence,decision_tree__unweighted__split789__model42,decision_tree,unweighted,789,42,no_origin_balance,1.0,12.089079431998051,R_x0.015625,0.01562565137041168,-5.999939858606356,B,youden,val,False,0.012950669974088669,-0.12704933062195778,False,773.6688311688312,1232,953160,1007,4672,225,948490,5679,0.005950372697229866,0.177319950695545,0.8173701298701299,7392.042872199561,0.49631858510103366,0.49631858510103366,0.0,1009,4696,223,948464,5705,0.005977627641472267,0.1768624014022787,0.8189935064935064,7391.864713335565,0.49630662310935814,0.4963066231093582,5.551115123125783e-17
E6_threshold_divergence,decision_tree__unweighted__split789__model42,decision_tree,unweighted,789,42,no_origin_balance,1.0,12.089079431998051,R_x0.015625,0.01562565137041168,-5.999939858606356,C,ner_optimal,val,True,0.14000000059604645,-0.12704933062195778,False,773.6688311688312,1232,953160,894,160,338,953002,1054,0.0011043657022152278,0.8481973434535104,0.7256493506493507,4246.108848015341,0.28509341356199047,0.2850934135619906,1.1102230246251565e-16,895,150,337,953010,1045,0.001094937929068978,0.8564593301435407,0.726461038961039,4224.019768583343,0.2836103024870934,0.2836103024870934,0.0
E6_threshold_divergence,decision_tree__unweighted__split789__model42,decision_tree,unweighted,789,42,no_origin_balance,1.0,48.356317727992206,R_x0.0625,0.06250260548164673,-3.999939858606356,B,youden,val,False,0.012950669974088669,-0.025510869920253754,False,773.6688311688312,1232,953160,1007,4672,225,948490,5679,0.005950372697229866,0.177319950695545,0.8173701298701299,15552.171488798247,0.261052048872661,0.26105204887266104,5.551115123125783e-17,1009,4696,223,948464,5705,0.005977627641472267,0.1768624014022787,0.8189935064935064,15479.458853342261,0.2598315259072096,0.25983152590720965,5.551115123125783e-17
E6_threshold_divergence,decision_tree__unweighted__split789__model42,decision_tree,unweighted,789,42,no_origin_balance,1.0,48.356317727992206,R_x0.0625,0.06250260548164673,-3.999939858606356,C,ner_optimal,val,True,0.03846153989434242,-0.025510869920253754,False,773.6688311688312,1232,953160,950,870,282,952292,1820,0.0019069692391192735,0.521978021978022,0.7711038961038961,14506.481599293802,0.24349954899589588,0.24349954899589588,0.0,950,914,282,952246,1864,0.0019530758849613157,0.509656652360515,0.7711038961038961,14550.481599293802,0.24423811403542559,0.24423811403542559,0.0
E6_threshold_divergence,decision_tree__unweighted__split789__model42,decision_tree,unweighted,789,42,no_origin_balance,1.0,193.42527091196882,R_x0.25,0.2500104219265869,-1.999939858606356,B,youden,val,False,0.012950669974088669,0.0,True,773.6688311688312,1232,953160,1007,4672,225,948490,5679,0.005950372697229866,0.177319950695545,0.8173701298701299,48192.68595519299,0.2022354148155678,0.20223541481556787,5.551115123125783e-17,1009,4696,223,948464,5705,0.005977627641472267,0.1768624014022787,0.8189935064935064,47829.835413369045,0.20071275160667248,0.20071275160667254,5.551115123125783e-17
E6_threshold_divergence,decision_tree__unweighted__split789__model42,decision_tree,unweighted,789,42,no_origin_balance,1.0,193.42527091196882,R_x0.25,0.2500104219265869,-1.999939858606356,C,ner_optimal,val,True,0.012950669974088669,0.0,True,773.6688311688312,1232,953160,1007,4672,225,948490,5679,0.005950372697229866,0.177319950695545,0.8173701298701299,48192.68595519299,0.2022354148155678,0.20223541481556787,5.551115123125783e-17,1009,4696,223,948464,5705,0.005977627641472267,0.1768624014022787,0.8189935064935064,47829.835413369045,0.20071275160667248,0.20071275160667254,5.551115123125783e-17
E6_threshold_divergence,decision_tree__unweighted__split789__model42,decision_tree,unweighted,789,42,no_origin_balance,1.0,773.6688311688312,val_class_ratio,1.0,0.0,B,youden,val,False,0.012950669974088669,0.0,True,773.6688311688312,1232,953160,1007,4672,225,948490,5679,0.005950372697229866,0.177319950695545,0.8173701298701299,178747.48701298703,0.18753146062884193,0.187531460628842,5.551115123125783e-17,1009,4696,223,948464,5705,0.005977627641472267,0.1768624014022787,0.8189935064935064,177224.14935064936,0.18593326340871347,0.1859332634087135,2.7755575615628914e-17
E6_threshold_divergence,decision_tree__unweighted__split789__model42,decision_tree,unweighted,789,42,no_origin_balance,1.0,773.6688311688312,val_class_ratio,1.0,0.0,C,ner_optimal,val,True,0.012950669974088669,0.0,True,773.6688311688312,1232,953160,1007,4672,225,948490,5679,0.005950372697229866,0.177319950695545,0.8173701298701299,178747.48701298703,0.18753146062884193,0.187531460628842,5.551115123125783e-17,1009,4696,223,948464,5705,0.005977627641472267,0.1768624014022787,0.8189935064935064,177224.14935064936,0.18593326340871347,0.1859332634087135,2.7755575615628914e-17
E6_threshold_divergence,decision_tree__unweighted__split789__model42,decision_tree,unweighted,789,42,no_origin_balance,1.0,773.7010836478753,R_x1,1.0000416877063476,6.014139364405448e-05,B,youden,val,False,0.012950669974088669,0.0,True,773.6688311688312,1232,953160,1007,4672,225,948490,5679,0.005950372697229866,0.177319950695545,0.8173701298701299,178754.74382077195,0.18753125630129452,0.18753125630129458,5.551115123125783e-17,1009,4696,223,948464,5705,0.005977627641472267,0.1768624014022787,0.8189935064935064,177231.34165347618,0.1859330580315382,0.18593305803153826,5.551115123125783e-17
E6_threshold_divergence,decision_tree__unweighted__split789__model42,decision_tree,unweighted,789,42,no_origin_balance,1.0,773.7010836478753,R_x1,1.0000416877063476,6.014139364405448e-05,C,ner_optimal,val,True,0.012950669974088669,0.0,True,773.6688311688312,1232,953160,1007,4672,225,948490,5679,0.005950372697229866,0.177319950695545,0.8173701298701299,178754.74382077195,0.18753125630129452,0.18753125630129458,5.551115123125783e-17,1009,4696,223,948464,5705,0.005977627641472267,0.1768624014022787,0.8189935064935064,177231.34165347618,0.1859330580315382,0.18593305803153826,5.551115123125783e-17
E6_threshold_divergence,decision_tree__unweighted__split789__model42,decision_tree,unweighted,789,42,no_origin_balance,1.0,3094.804334591501,R_x4,4.00016675082539,2.000060141393644,B,youden,val,False,0.012950669974088669,0.0,True,773.6688311688312,1232,953160,1007,4672,225,948490,5679,0.005950372697229866,0.177319950695545,0.8173701298701299,701002.9752830878,0.1838552166727262,0.18385521667272625,5.551115123125783e-17,1009,4696,223,948464,5705,0.005977627641472267,0.1768624014022787,0.8189935064935064,694837.3666139047,0.18223813463775462,0.18223813463775468,5.551115123125783e-17
E6_threshold_divergence,decision_tree__unweighted__split789__model42,decision_tree,unweighted,789,42,no_origin_balance,1.0,3094.804334591501,R_x4,4.00016675082539,2.000060141393644,C,ner_optimal,val,True,0.012950669974088669,0.0,True,773.6688311688312,1232,953160,1007,4672,225,948490,5679,0.005950372697229866,0.177319950695545,0.8173701298701299,701002.9752830878,0.1838552166727262,0.18385521667272625,5.551115123125783e-17,1009,4696,223,948464,5705,0.005977627641472267,0.1768624014022787,0.8189935064935064,694837.3666139047,0.18223813463775462,0.18223813463775468,5.551115123125783e-17
E6_threshold_divergence,decision_tree__unweighted__split789__model42,decision_tree,unweighted,789,42,no_origin_balance,1.0,12379.217338366005,R_x16,16.00066700330156,4.000060141393644,B,youden,val,False,0.012950669974088669,0.012677115388214588,False,773.6688311688312,1232,953160,1007,4672,225,948490,5679,0.005950372697229866,0.177319950695545,0.8173701298701299,2789995.9011323513,0.18293620676558411,0.18293620676558417,5.551115123125783e-17,1009,4696,223,948464,5705,0.005977627641472267,0.1768624014022787,0.8189935064935064,2765261.466455619,0.18131440378930874,0.1813144037893088,5.551115123125783e-17
E6_threshold_divergence,decision_tree__unweighted__split789__model42,decision_tree,unweighted,789,42,no_origin_balance,1.0,12379.217338366005,R_x16,16.00066700330156,4.000060141393644,C,ner_optimal,val,True,0.00027355458587408066,0.012677115388214588,False,773.6688311688312,1232,953160,1227,859651,5,93511,860878,0.9020153102387484,0.0014252890653495616,0.9959415584415584,921547.0866918301,0.060424579235710166,0.060424579235710166,0.0,1230,860448,2,92712,861678,0.9028554304730132,0.0014274473759339336,0.9983766233766234,885206.434676732,0.05804177249813326,0.05804177249813326,0.0
E6_threshold_divergence,decision_tree__unweighted__split789__model42,decision_tree,unweighted,789,42,no_origin_balance,1.0,49516.86935346402,R_x64,64.00266801320625,6.000060141393644,B,youden,val,False,0.012950669974088669,0.012944307477027905,False,773.6688311688312,1232,953160,1007,4672,225,948490,5679,0.005950372697229866,0.177319950695545,0.8173701298701299,11145967.604529405,0.1827064542887986,0.18270645428879864,5.551115123125783e-17,1009,4696,223,948464,5705,0.005977627641472267,0.1768624014022787,0.8189935064935064,11046957.865822475,0.18108347107719724,0.18108347107719733,8.326672684688674e-17
E6_threshold_divergence,decision_tree__unweighted__split789__model42,decision_tree,unweighted,789,42,no_origin_balance,1.0,49516.86935346402,R_x64,64.00266801320625,6.000060141393644,C,ner_optimal,val,True,6.362497060763417e-06,0.012944307477027905,False,773.6688311688312,1232,953160,1232,930279,0,22883,931511,0.9760235290666119,0.0013225823420227995,1.0,930279.0,0.015249279705447838,0.015249279705447838,0.0,1232,930370,0,22790,931602,0.9761209230588689,0.0013224531505943524,1.0,930370.0,0.015250771391762586,0.015250771391762586,0.0
E6_threshold_divergence,decision_tree__unweighted__split789__model456,decision_tree,unweighted,789,456,no_origin_balance,1.0,12.089079431998051,R_x0.015625,0.01562565137041168,-5.999939858606356,B,youden,val,False,0.012950669974088669,-0.12704933062195778,False,773.6688311688312,1232,953160,1007,4676,225,948486,5683,0.0059545638384147425,0.17719514341017067,0.8173701298701299,7396.042872199561,0.49658715420631716,0.49658715420631716,0.0,1009,4695,223,948465,5704,0.005976579853980335,0.17689340813464235,0.8189935064935064,7390.864713335565,0.49623948083303726,0.4962394808330373,5.551115123125783e-17
E6_threshold_divergence,decision_tree__unweighted__split789__model456,decision_tree,unweighted,789,456,no_origin_balance,1.0,12.089079431998051,R_x0.015625,0.01562565137041168,-5.999939858606356,C,ner_optimal,val,True,0.14000000059604645,-0.12704933062195778,False,773.6688311688312,1232,953160,894,160,338,953002,1054,0.0011043657022152278,0.8481973434535104,0.7256493506493507,4246.108848015341,0.28509341356199047,0.2850934135619906,1.1102230246251565e-16,895,151,337,953009,1046,0.00109598571656091,0.8556405353728489,0.726461038961039,4225.019768583343,0.2836774447634143,0.2836774447634143,0.0
E6_threshold_divergence,decision_tree__unweighted__split789__model456,decision_tree,unweighted,789,456,no_origin_balance,1.0,48.356317727992206,R_x0.0625,0.06250260548164673,-3.999939858606356,B,youden,val,False,0.012950669974088669,-0.025510869920253754,False,773.6688311688312,1232,953160,1007,4676,225,948486,5683,0.0059545638384147425,0.17719514341017067,0.8173701298701299,15556.171488798247,0.26111919114898186,0.2611191911489819,5.551115123125783e-17,1009,4695,223,948465,5704,0.005976579853980335,0.17689340813464235,0.8189935064935064,15478.458853342261,0.2598147403381294,0.25981474033812946,5.551115123125783e-17
E6_threshold_divergence,decision_tree__unweighted__split789__model456,decision_tree,unweighted,789,456,no_origin_balance,1.0,48.356317727992206,R_x0.0625,0.06250260548164673,-3.999939858606356,C,ner_optimal,val,True,0.03846153989434242,-0.025510869920253754,False,773.6688311688312,1232,953160,950,874,282,952288,1824,0.001911160380304151,0.5208333333333334,0.7711038961038961,14510.481599293802,0.24356669127221675,0.24356669127221675,0.0,950,913,282,952247,1863,0.0019520280974693837,0.5099302200751477,0.7711038961038961,14549.481599293802,0.24422132846634534,0.24422132846634534,0.0
E6_threshold_divergence,decision_tree__unweighted__split789__model456,decision_tree,unweighted,789,456,no_origin_balance,1.0,193.42527091196882,R_x0.25,0.2500104219265869,-1.999939858606356,B,youden,val,False,0.012950669974088669,0.0,True,773.6688311688312,1232,953160,1007,4676,225,948486,5683,0.0059545638384147425,0.17719514341017067,0.8173701298701299,48196.68595519299,0.20225220038464803,0.20225220038464808,5.551115123125783e-17,1009,4695,223,948465,5704,0.005976579853980335,0.17689340813464235,0.8189935064935064,47828.835413369045,0.20070855521440242,0.20070855521440248,5.551115123125783e-17
E6_threshold_divergence,decision_tree__unweighted__split789__model456,decision_tree,unweighted,789,456,no_origin_balance,1.0,193.42527091196882,R_x0.25,0.2500104219265869,-1.999939858606356,C,ner_optimal,val,True,0.012950669974088669,0.0,True,773.6688311688312,1232,953160,1007,4676,225,948486,5683,0.0059545638384147425,0.17719514341017067,0.8173701298701299,48196.68595519299,0.20225220038464803,0.20225220038464808,5.551115123125783e-17,1009,4695,223,948465,5704,0.005976579853980335,0.17689340813464235,0.8189935064935064,47828.835413369045,0.20070855521440242,0.20070855521440248,5.551115123125783e-17
E6_threshold_divergence,decision_tree__unweighted__split789__model456,decision_tree,unweighted,789,456,no_origin_balance,1.0,773.6688311688312,val_class_ratio,1.0,0.0,B,youden,val,False,0.012950669974088669,0.0,True,773.6688311688312,1232,953160,1007,4676,225,948486,5683,0.0059545638384147425,0.17719514341017067,0.8173701298701299,178751.48701298703,0.18753565719604995,0.18753565719605,5.551115123125783e-17,1009,4695,223,948465,5704,0.005976579853980335,0.17689340813464235,0.8189935064935064,177223.14935064936,0.18593221426691145,0.18593221426691148,2.7755575615628914e-17
E6_threshold_divergence,decision_tree__unweighted__split789__model456,decision_tree,unweighted,789,456,no_origin_balance,1.0,773.6688311688312,val_class_ratio,1.0,0.0,C,ner_optimal,val,True,0.012950669974088669,0.0,True,773.6688311688312,1232,953160,1007,4676,225,948486,5683,0.0059545638384147425,0.17719514341017067,0.8173701298701299,178751.48701298703,0.18753565719604995,0.18753565719605,5.551115123125783e-17,1009,4695,223,948465,5704,0.005976579853980335,0.17689340813464235,0.8189935064935064,177223.14935064936,0.18593221426691145,0.18593221426691148,2.7755575615628914e-17
E6_threshold_divergence,decision_tree__unweighted__split789__model456,decision_tree,unweighted,789,456,no_origin_balance,1.0,773.7010836478753,R_x1,1.0000416877063476,6.014139364405448e-05,B,youden,val,False,0.012950669974088669,0.0,True,773.6688311688312,1232,953160,1007,4676,225,948486,5683,0.0059545638384147425,0.17719514341017067,0.8173701298701299,178758.74382077195,0.18753545269356456,0.18753545269356464,8.326672684688674e-17,1009,4695,223,948465,5704,0.005976579853980335,0.17689340813464235,0.8189935064935064,177230.34165347618,0.18593200893347067,0.18593200893347075,8.326672684688674e-17
E6_threshold_divergence,decision_tree__unweighted__split789__model456,decision_tree,unweighted,789,456,no_origin_balance,1.0,773.7010836478753,R_x1,1.0000416877063476,6.014139364405448e-05,C,ner_optimal,val,True,0.012950669974088669,0.0,True,773.6688311688312,1232,953160,1007,4676,225,948486,5683,0.0059545638384147425,0.17719514341017067,0.8173701298701299,178758.74382077195,0.18753545269356456,0.18753545269356464,8.326672684688674e-17,1009,4695,223,948465,5704,0.005976579853980335,0.17689340813464235,0.8189935064935064,177230.34165347618,0.18593200893347067,0.18593200893347075,8.326672684688674e-17
E6_threshold_divergence,decision_tree__unweighted__split789__model456,decision_tree,unweighted,789,456,no_origin_balance,1.0,3094.804334591501,R_x4,4.00016675082539,2.000060141393644,B,youden,val,False,0.012950669974088669,0.0,True,773.6688311688312,1232,953160,1007,4676,225,948486,5683,0.0059545638384147425,0.17719514341017067,0.8173701298701299,701006.9752830878,0.1838562657707937,0.18385626577079375,5.551115123125783e-17,1009,4695,223,948465,5704,0.005976579853980335,0.17689340813464235,0.8189935064935064,694836.3666139047,0.18223787236323774,0.1822378723632378,5.551115123125783e-17
E6_threshold_divergence,decision_tree__unweighted__split789__model456,decision_tree,unweighted,789,456,no_origin_balance,1.0,3094.804334591501,R_x4,4.00016675082539,2.000060141393644,C,ner_optimal,val,True,0.012950669974088669,0.0,True,773.6688311688312,1232,953160,1007,4676,225,948486,5683,0.0059545638384147425,0.17719514341017067,0.8173701298701299,701006.9752830878,0.1838562657707937,0.18385626577079375,5.551115123125783e-17,1009,4695,223,948465,5704,0.005976579853980335,0.17689340813464235,0.8189935064935064,694836.3666139047,0.18223787236323774,0.1822378723632378,5.551115123125783e-17
E6_threshold_divergence,decision_tree__unweighted__split789__model456,decision_tree,unweighted,789,456,no_origin_balance,1.0,12379.217338366005,R_x16,16.00066700330156,4.000060141393644,B,youden,val,False,0.012950669974088669,0.012677115388214588,False,773.6688311688312,1232,953160,1007,4676,225,948486,5683,0.0059545638384147425,0.17719514341017067,0.8173701298701299,2789999.9011323513,0.182936469040101,0.18293646904010105,5.551115123125783e-17,1009,4695,223,948465,5704,0.005976579853980335,0.17689340813464235,0.8189935064935064,2765260.466455619,0.18131433822067952,0.18131433822067958,5.551115123125783e-17
E6_threshold_divergence,decision_tree__unweighted__split789__model456,decision_tree,unweighted,789,456,no_origin_balance,1.0,12379.217338366005,R_x16,16.00066700330156,4.000060141393644,C,ner_optimal,val,True,0.00027355458587408066,0.012677115388214588,False,773.6688311688312,1232,953160,1227,859655,5,93507,860882,0.9020195013799333,0.0014252824428899664,0.9959415584415584,921551.0866918301,0.06042484151022705,0.06042484151022705,0.0,1230,860446,2,92714,861676,0.9028533348980293,0.0014274506891221294,0.9983766233766234,885204.434676732,0.05804164136087482,0.05804164136087482,0.0
E6_threshold_divergence,decision_tree__unweighted__split789__model456,decision_tree,unweighted,789,456,no_origin_balance,1.0,49516.86935346402,R_x64,64.00266801320625,6.000060141393644,B,youden,val,False,0.012950669974088669,0.012944307477027905,False,773.6688311688312,1232,953160,1007,4676,225,948486,5683,0.0059545638384147425,0.17719514341017067,0.8173701298701299,11145971.604529405,0.1827065198574278,0.18270651985742786,5.551115123125783e-17,1009,4695,223,948465,5704,0.005976579853980335,0.17689340813464235,0.8189935064935064,11046956.865822475,0.18108345468503995,0.18108345468504,5.551115123125783e-17
E6_threshold_divergence,decision_tree__unweighted__split789__model456,decision_tree,unweighted,789,456,no_origin_balance,1.0,49516.86935346402,R_x64,64.00266801320625,6.000060141393644,C,ner_optimal,val,True,6.362497060763417e-06,0.012944307477027905,False,773.6688311688312,1232,953160,1232,930283,0,22879,931515,0.9760277202077968,0.0013225766627483187,1.0,930283.0,0.015249345274077059,0.015249345274077059,0.0,1232,930368,0,22792,931600,0.976118827483885,0.001322455989695148,1.0,930368.0,0.015250738607447975,0.015250738607447975,0.0
E6_threshold_divergence,decision_tree__unweighted__split789__model789,decision_tree,unweighted,789,789,no_origin_balance,1.0,12.089079431998051,R_x0.015625,0.01562565137041168,-5.999939858606356,B,youden,val,False,0.012950669974088669,-0.12704933062195778,False,773.6688311688312,1232,953160,1007,4676,225,948486,5683,0.0059545638384147425,0.17719514341017067,0.8173701298701299,7396.042872199561,0.49658715420631716,0.49658715420631716,0.0,1009,4695,223,948465,5704,0.005976579853980335,0.17689340813464235,0.8189935064935064,7390.864713335565,0.49623948083303726,0.4962394808330373,5.551115123125783e-17
E6_threshold_divergence,decision_tree__unweighted__split789__model789,decision_tree,unweighted,789,789,no_origin_balance,1.0,12.089079431998051,R_x0.015625,0.01562565137041168,-5.999939858606356,C,ner_optimal,val,True,0.14000000059604645,-0.12704933062195778,False,773.6688311688312,1232,953160,894,160,338,953002,1054,0.0011043657022152278,0.8481973434535104,0.7256493506493507,4246.108848015341,0.28509341356199047,0.2850934135619906,1.1102230246251565e-16,895,151,337,953009,1046,0.00109598571656091,0.8556405353728489,0.726461038961039,4225.019768583343,0.2836774447634143,0.2836774447634143,0.0
E6_threshold_divergence,decision_tree__unweighted__split789__model789,decision_tree,unweighted,789,789,no_origin_balance,1.0,48.356317727992206,R_x0.0625,0.06250260548164673,-3.999939858606356,B,youden,val,False,0.012950669974088669,-0.025510869920253754,False,773.6688311688312,1232,953160,1007,4676,225,948486,5683,0.0059545638384147425,0.17719514341017067,0.8173701298701299,15556.171488798247,0.26111919114898186,0.2611191911489819,5.551115123125783e-17,1009,4695,223,948465,5704,0.005976579853980335,0.17689340813464235,0.8189935064935064,15478.458853342261,0.2598147403381294,0.25981474033812946,5.551115123125783e-17
E6_threshold_divergence,decision_tree__unweighted__split789__model789,decision_tree,unweighted,789,789,no_origin_balance,1.0,48.356317727992206,R_x0.0625,0.06250260548164673,-3.999939858606356,C,ner_optimal,val,True,0.03846153989434242,-0.025510869920253754,False,773.6688311688312,1232,953160,950,874,282,952288,1824,0.001911160380304151,0.5208333333333334,0.7711038961038961,14510.481599293802,0.24356669127221675,0.24356669127221675,0.0,950,913,282,952247,1863,0.0019520280974693837,0.5099302200751477,0.7711038961038961,14549.481599293802,0.24422132846634534,0.24422132846634534,0.0
E6_threshold_divergence,decision_tree__unweighted__split789__model789,decision_tree,unweighted,789,789,no_origin_balance,1.0,193.42527091196882,R_x0.25,0.2500104219265869,-1.999939858606356,B,youden,val,False,0.012950669974088669,0.0,True,773.6688311688312,1232,953160,1007,4676,225,948486,5683,0.0059545638384147425,0.17719514341017067,0.8173701298701299,48196.68595519299,0.20225220038464803,0.20225220038464808,5.551115123125783e-17,1009,4695,223,948465,5704,0.005976579853980335,0.17689340813464235,0.8189935064935064,47828.835413369045,0.20070855521440242,0.20070855521440248,5.551115123125783e-17
E6_threshold_divergence,decision_tree__unweighted__split789__model789,decision_tree,unweighted,789,789,no_origin_balance,1.0,193.42527091196882,R_x0.25,0.2500104219265869,-1.999939858606356,C,ner_optimal,val,True,0.012950669974088669,0.0,True,773.6688311688312,1232,953160,1007,4676,225,948486,5683,0.0059545638384147425,0.17719514341017067,0.8173701298701299,48196.68595519299,0.20225220038464803,0.20225220038464808,5.551115123125783e-17,1009,4695,223,948465,5704,0.005976579853980335,0.17689340813464235,0.8189935064935064,47828.835413369045,0.20070855521440242,0.20070855521440248,5.551115123125783e-17
E6_threshold_divergence,decision_tree__unweighted__split789__model789,decision_tree,unweighted,789,789,no_origin_balance,1.0,773.6688311688312,val_class_ratio,1.0,0.0,B,youden,val,False,0.012950669974088669,0.0,True,773.6688311688312,1232,953160,1007,4676,225,948486,5683,0.0059545638384147425,0.17719514341017067,0.8173701298701299,178751.48701298703,0.18753565719604995,0.18753565719605,5.551115123125783e-17,1009,4695,223,948465,5704,0.005976579853980335,0.17689340813464235,0.8189935064935064,177223.14935064936,0.18593221426691145,0.18593221426691148,2.7755575615628914e-17
E6_threshold_divergence,decision_tree__unweighted__split789__model789,decision_tree,unweighted,789,789,no_origin_balance,1.0,773.6688311688312,val_class_ratio,1.0,0.0,C,ner_optimal,val,True,0.012950669974088669,0.0,True,773.6688311688312,1232,953160,1007,4676,225,948486,5683,0.0059545638384147425,0.17719514341017067,0.8173701298701299,178751.48701298703,0.18753565719604995,0.18753565719605,5.551115123125783e-17,1009,4695,223,948465,5704,0.005976579853980335,0.17689340813464235,0.8189935064935064,177223.14935064936,0.18593221426691145,0.18593221426691148,2.7755575615628914e-17
E6_threshold_divergence,decision_tree__unweighted__split789__model789,decision_tree,unweighted,789,789,no_origin_balance,1.0,773.7010836478753,R_x1,1.0000416877063476,6.014139364405448e-05,B,youden,val,False,0.012950669974088669,0.0,True,773.6688311688312,1232,953160,1007,4676,225,948486,5683,0.0059545638384147425,0.17719514341017067,0.8173701298701299,178758.74382077195,0.18753545269356456,0.18753545269356464,8.326672684688674e-17,1009,4695,223,948465,5704,0.005976579853980335,0.17689340813464235,0.8189935064935064,177230.34165347618,0.18593200893347067,0.18593200893347075,8.326672684688674e-17
E6_threshold_divergence,decision_tree__unweighted__split789__model789,decision_tree,unweighted,789,789,no_origin_balance,1.0,773.7010836478753,R_x1,1.0000416877063476,6.014139364405448e-05,C,ner_optimal,val,True,0.012950669974088669,0.0,True,773.6688311688312,1232,953160,1007,4676,225,948486,5683,0.0059545638384147425,0.17719514341017067,0.8173701298701299,178758.74382077195,0.18753545269356456,0.18753545269356464,8.326672684688674e-17,1009,4695,223,948465,5704,0.005976579853980335,0.17689340813464235,0.8189935064935064,177230.34165347618,0.18593200893347067,0.18593200893347075,8.326672684688674e-17
E6_threshold_divergence,decision_tree__unweighted__split789__model789,decision_tree,unweighted,789,789,no_origin_balance,1.0,3094.804334591501,R_x4,4.00016675082539,2.000060141393644,B,youden,val,False,0.012950669974088669,0.0,True,773.6688311688312,1232,953160,1007,4676,225,948486,5683,0.0059545638384147425,0.17719514341017067,0.8173701298701299,701006.9752830878,0.1838562657707937,0.18385626577079375,5.551115123125783e-17,1009,4695,223,948465,5704,0.005976579853980335,0.17689340813464235,0.8189935064935064,694836.3666139047,0.18223787236323774,0.1822378723632378,5.551115123125783e-17
E6_threshold_divergence,decision_tree__unweighted__split789__model789,decision_tree,unweighted,789,789,no_origin_balance,1.0,3094.804334591501,R_x4,4.00016675082539,2.000060141393644,C,ner_optimal,val,True,0.012950669974088669,0.0,True,773.6688311688312,1232,953160,1007,4676,225,948486,5683,0.0059545638384147425,0.17719514341017067,0.8173701298701299,701006.9752830878,0.1838562657707937,0.18385626577079375,5.551115123125783e-17,1009,4695,223,948465,5704,0.005976579853980335,0.17689340813464235,0.8189935064935064,694836.3666139047,0.18223787236323774,0.1822378723632378,5.551115123125783e-17
E6_threshold_divergence,decision_tree__unweighted__split789__model789,decision_tree,unweighted,789,789,no_origin_balance,1.0,12379.217338366005,R_x16,16.00066700330156,4.000060141393644,B,youden,val,False,0.012950669974088669,0.012677115388214588,False,773.6688311688312,1232,953160,1007,4676,225,948486,5683,0.0059545638384147425,0.17719514341017067,0.8173701298701299,2789999.9011323513,0.182936469040101,0.18293646904010105,5.551115123125783e-17,1009,4695,223,948465,5704,0.005976579853980335,0.17689340813464235,0.8189935064935064,2765260.466455619,0.18131433822067952,0.18131433822067958,5.551115123125783e-17
E6_threshold_divergence,decision_tree__unweighted__split789__model789,decision_tree,unweighted,789,789,no_origin_balance,1.0,12379.217338366005,R_x16,16.00066700330156,4.000060141393644,C,ner_optimal,val,True,0.00027355458587408066,0.012677115388214588,False,773.6688311688312,1232,953160,1227,859655,5,93507,860882,0.9020195013799333,0.0014252824428899664,0.9959415584415584,921551.0866918301,0.06042484151022705,0.06042484151022705,0.0,1230,860446,2,92714,861676,0.9028533348980293,0.0014274506891221294,0.9983766233766234,885204.434676732,0.05804164136087482,0.05804164136087482,0.0
E6_threshold_divergence,decision_tree__unweighted__split789__model789,decision_tree,unweighted,789,789,no_origin_balance,1.0,49516.86935346402,R_x64,64.00266801320625,6.000060141393644,B,youden,val,False,0.012950669974088669,0.012944307477027905,False,773.6688311688312,1232,953160,1007,4676,225,948486,5683,0.0059545638384147425,0.17719514341017067,0.8173701298701299,11145971.604529405,0.1827065198574278,0.18270651985742786,5.551115123125783e-17,1009,4695,223,948465,5704,0.005976579853980335,0.17689340813464235,0.8189935064935064,11046956.865822475,0.18108345468503995,0.18108345468504,5.551115123125783e-17
E6_threshold_divergence,decision_tree__unweighted__split789__model789,decision_tree,unweighted,789,789,no_origin_balance,1.0,49516.86935346402,R_x64,64.00266801320625,6.000060141393644,C,ner_optimal,val,True,6.362497060763417e-06,0.012944307477027905,False,773.6688311688312,1232,953160,1232,930283,0,22879,931515,0.9760277202077968,0.0013225766627483187,1.0,930283.0,0.015249345274077059,0.015249345274077059,0.0,1232,930368,0,22792,931600,0.976118827483885,0.001322455989695148,1.0,930368.0,0.015250738607447975,0.015250738607447975,0.0
E6_threshold_divergence,decision_tree__weighted__split123__model123,decision_tree,weighted,123,123,no_origin_balance,773.7010836478753,12.089079431998051,R_x0.015625,0.01562565137041168,-5.999939858606356,B,youden,val,False,0.41689109802246094,-0.5751591920852661,False,773.6688311688312,1232,953160,1141,45079,91,908083,46220,0.04842863639125979,0.02468628299437473,0.9261363636363636,46179.10622831182,3.1005703106327034,3.1005703106327034,0.0,1146,45066,86,908094,46212,0.04842035557716326,0.024798753570501167,0.9301948051948052,46105.660831151836,3.0956390194820904,3.0956390194820904,0.0
E6_threshold_divergence,decision_tree__weighted__split123__model123,decision_tree,weighted,123,123,no_origin_balance,773.7010836478753,12.089079431998051,R_x0.015625,0.01562565137041168,-5.999939858606356,C,ner_optimal,val,True,0.992050290107727,-0.5751591920852661,False,773.6688311688312,1232,953160,945,605,287,952557,1550,0.0016240672091400407,0.6096774193548387,0.7670454545454546,4074.5657969834406,0.2735756226286794,0.2735756226286794,0.0,939,575,293,952585,1514,0.001586350262785103,0.6202113606340819,0.7621753246753247,4117.100273575429,0.2764314842091828,0.27643148420918284,5.551115123125783e-17
E6_threshold_divergence,decision_tree__weighted__split123__model123,decision_tree,weighted,123,123,no_origin_balance,773.7010836478753,48.356317727992206,R_x0.0625,0.06250260548164673,-3.999939858606356,B,youden,val,False,0.41689109802246094,-0.5331724286079407,False,773.6688311688312,1232,953160,1141,45079,91,908083,46220,0.04842863639125979,0.02468628299437473,0.9261363636363636,49479.42491324729,0.8305403049309031,0.8305403049309031,0.0,1146,45066,86,908094,46212,0.04842035557716326,0.024798753570501167,0.9301948051948052,49224.64332460733,0.8262636509744187,0.8262636509744187,0.0
E6_threshold_divergence,decision_tree__weighted__split123__model123,decision_tree,weighted,123,123,no_origin_balance,773.7010836478753,48.356317727992206,R_x0.0625,0.06250260548164673,-3.999939858606356,C,ner_optimal,val,True,0.9500635266304016,-0.5331724286079407,False,773.6688311688312,1232,953160,1008,2773,224,950389,3781,0.0039616762050054795,0.2665961385876752,0.8181818181818182,13604.815171070255,0.22836456487763365,0.2283645648776337,5.551115123125783e-17,1006,2798,226,950362,3804,0.003985783619309466,0.2644584647739222,0.8165584415584416,13726.52780652624,0.2304075807280158,0.23040758072801584,5.551115123125783e-17
E6_threshold_divergence,decision_tree__weighted__split123__model123,decision_tree,weighted,123,123,no_origin_balance,773.7010836478753,193.42527091196882,R_x0.25,0.2500104219265869,-1.999939858606356,B,youden,val,False,0.41689109802246094,-0.48506754636764526,False,773.6688311688312,1232,953160,1141,45079,91,908083,46220,0.04842863639125979,0.02468628299437473,0.9261363636363636,62680.69965298916,0.26303280350545305,0.26303280350545305,0.0,1146,45066,86,908094,46212,0.04842035557716326,0.024798753570501167,0.9301948051948052,61700.57329842931,0.25891980884750077,0.25891980884750077,0.0
E6_threshold_divergence,decision_tree__weighted__split123__model123,decision_tree,weighted,123,123,no_origin_balance,773.7010836478753,193.42527091196882,R_x0.25,0.2500104219265869,-1.999939858606356,C,ner_optimal,val,True,0.9019586443901062,-0.48506754636764526,False,773.6688311688312,1232,953160,1047,5346,185,947816,6393,0.0066984913987305035,0.1637728765837635,0.8498376623376623,41129.67511871423,0.17259625073805251,0.17259625073805254,2.7755575615628914e-17,1051,5299,181,947861,6350,0.00665345057376843,0.16551181102362206,0.8530844155844156,40308.974035066356,0.1691522670546067,0.16915226705460673,2.7755575615628914e-17
E6_threshold_divergence,decision_tree__weighted__split123__model123,decision_tree,weighted,123,123,no_origin_balance,773.7010836478753,773.6688311688312,val_class_ratio,1.0,0.0,B,youden,val,False,0.41689109802246094,0.0,True,773.6688311688312,1232,953160,1141,45079,91,908083,46220,0.04842863639125979,0.02468628299437473,0.9261363636363636,115482.86363636363,0.121157899656263,0.12115789965626299,1.3877787807814457e-17,1146,45066,86,908094,46212,0.04842035557716326,0.024798753570501167,0.9301948051948052,111601.51948051948,0.11708581925439537,0.11708581925439536,1.3877787807814457e-17
E6_threshold_divergence,decision_tree__weighted__split123__model123,decision_tree,weighted,123,123,no_origin_balance,773.7010836478753,773.6688311688312,val_class_ratio,1.0,0.0,C,ner_optimal,val,True,0.41689109802246094,0.0,True,773.6688311688312,1232,953160,1141,45079,91,908083,46220,0.04842863639125979,0.02468628299437473,0.9261363636363636,115482.86363636363,0.121157899656263,0.12115789965626299,1.3877787807814457e-17,1146,45066,86,908094,46212,0.04842035557716326,0.024798753570501167,0.9301948051948052,111601.51948051948,0.11708581925439537,0.11708581925439536,1.3877787807814457e-17
E6_threshold_divergence,decision_tree__weighted__split123__model123,decision_tree,weighted,123,123,no_origin_balance,773.7010836478753,773.7010836478753,R_x1,1.0000416877063476,6.014139364405448e-05,B,youden,val,False,0.41689109802246094,0.0,True,773.6688311688312,1232,953160,1141,45079,91,908083,46220,0.04842863639125979,0.02468628299437473,0.9261363636363636,115485.79861195665,0.12115592814909051,0.12115592814909053,1.3877787807814457e-17,1146,45066,86,908094,46212,0.04842035557716326,0.024798753570501167,0.9301948051948052,111604.29319371727,0.11708384831577127,0.11708384831577129,1.3877787807814457e-17
E6_threshold_divergence,decision_tree__weighted__split123__model123,decision_tree,weighted,123,123,no_origin_balance,773.7010836478753,773.7010836478753,R_x1,1.0000416877063476,6.014139364405448e-05,C,ner_optimal,val,True,0.41689109802246094,0.0,True,773.6688311688312,1232,953160,1141,45079,91,908083,46220,0.04842863639125979,0.02468628299437473,0.9261363636363636,115485.79861195665,0.12115592814909051,0.12115592814909053,1.3877787807814457e-17,1146,45066,86,908094,46212,0.04842035557716326,0.024798753570501167,0.9301948051948052,111604.29319371727,0.11708384831577127,0.11708384831577129,1.3877787807814457e-17
E6_threshold_divergence,decision_tree__weighted__split123__model123,decision_tree,weighted,123,123,no_origin_balance,773.7010836478753,3094.804334591501,R_x4,4.00016675082539,2.000060141393644,B,youden,val,False,0.41689109802246094,0.13267961144447327,False,773.6688311688312,1232,953160,1141,45079,91,908083,46220,0.04842863639125979,0.02468628299437473,0.9261363636363636,326706.1944478266,0.08568670930999989,0.0856867093099999,1.3877787807814457e-17,1146,45066,86,908094,46212,0.04842035557716326,0.024798753570501167,0.9301948051948052,311219.1727748691,0.0816248581828389,0.08162485818283892,1.3877787807814457e-17
E6_threshold_divergence,decision_tree__weighted__split123__model123,decision_tree,weighted,123,123,no_origin_balance,773.7010836478753,3094.804334591501,R_x4,4.00016675082539,2.000060141393644,C,ner_optimal,val,True,0.28421148657798767,0.13267961144447327,False,773.6688311688312,1232,953160,1174,119319,58,833843,120493,0.1262507936973619,0.00974330459030815,0.952922077922078,298817.65140630706,0.07837225515734157,0.07837225515734157,0.0,1179,119282,53,833878,120461,0.12621752906562503,0.0097874000713924,0.9569805194805194,283306.62973334955,0.07430410944177551,0.07430410944177551,0.0
E6_threshold_divergence,decision_tree__weighted__split123__model123,decision_tree,weighted,123,123,no_origin_balance,773.7010836478753,12379.217338366005,R_x16,16.00066700330156,4.000060141393644,B,youden,val,False,0.41689109802246094,0.292383536696434,False,773.6688311688312,1232,953160,1141,45079,91,908083,46220,0.04842863639125979,0.02468628299437473,0.9261363636363636,1171587.7777913064,0.07681940460022724,0.07681940460022725,1.3877787807814457e-17,1146,45066,86,908094,46212,0.04842035557716326,0.024798753570501167,0.9301948051948052,1109678.6910994763,0.07276011064960582,0.07276011064960583,1.3877787807814457e-17
E6_threshold_divergence,decision_tree__weighted__split123__model123,decision_tree,weighted,123,123,no_origin_balance,773.7010836478753,12379.217338366005,R_x16,16.00066700330156,4.000060141393644,C,ner_optimal,val,True,0.12450756132602692,0.292383536696434,False,773.6688311688312,1232,953160,1220,332821,12,620341,334041,0.3500032481344183,0.003652246281145129,0.9902597402597403,481371.6080603921,0.0315628764857602,0.0315628764857602,0.0,1223,333226,9,619934,334449,0.35043147888917764,0.003656760821530338,0.9926948051948052,444638.95604529406,0.029154366845529207,0.029154366845529207,0.0
E6_threshold_divergence,decision_tree__weighted__split123__model123,decision_tree,weighted,123,123,no_origin_balance,773.7010836478753,49516.86935346402,R_x64,64.00266801320625,6.000060141393644,B,youden,val,False,0.41689109802246094,0.292383536696434,False,773.6688311688312,1232,953160,1141,45079,91,908083,46220,0.04842863639125979,0.02468628299437473,0.9261363636363636,4551114.1111652255,0.07460257842278406,0.07460257842278409,2.7755575615628914e-17,1146,45066,86,908094,46212,0.04842035557716326,0.024798753570501167,0.9301948051948052,4303516.764397905,0.07054392376629755,0.07054392376629756,1.3877787807814457e-17
E6_threshold_divergence,decision_tree__weighted__split123__model123,decision_tree,weighted,123,123,no_origin_balance,773.7010836478753,49516.86935346402,R_x64,64.00266801320625,6.000060141393644,C,ner_optimal,val,True,0.12450756132602692,0.292383536696434,False,773.6688311688312,1232,953160,1220,332821,12,620341,334041,0.3500032481344183,0.003652246281145129,0.9902597402597403,927023.4322415682,0.015195913926634852,0.015195913926634854,1.734723475976807e-18,1223,333226,9,619934,334449,0.35043147888917764,0.003656760821530338,0.9926948051948052,778877.8241811761,0.012767487815278405,0.012767487815278405,0.0
E6_threshold_divergence,decision_tree__weighted__split123__model42,decision_tree,weighted,123,42,no_origin_balance,773.7010836478753,12.089079431998051,R_x0.015625,0.01562565137041168,-5.999939858606356,B,youden,val,False,0.41689109802246094,-0.5751591920852661,False,773.6688311688312,1232,953160,1141,45087,91,908075,46228,0.048437018673629546,0.024682010902483342,0.9261363636363636,46187.10622831182,3.1011074488432704,3.1011074488432704,0.0,1146,45065,86,908095,46211,0.04841930778967133,0.024799290212287117,0.9301948051948052,46104.660831151836,3.0955718772057694,3.0955718772057694,0.0
E6_threshold_divergence,decision_tree__weighted__split123__model42,decision_tree,weighted,123,42,no_origin_balance,773.7010836478753,12.089079431998051,R_x0.015625,0.01562565137041168,-5.999939858606356,C,ner_optimal,val,True,0.992050290107727,-0.5751591920852661,False,773.6688311688312,1232,953160,945,605,287,952557,1550,0.0016240672091400407,0.6096774193548387,0.7670454545454546,4074.5657969834406,0.2735756226286794,0.2735756226286794,0.0,939,575,293,952585,1514,0.001586350262785103,0.6202113606340819,0.7621753246753247,4117.100273575429,0.2764314842091828,0.27643148420918284,5.551115123125783e-17
E6_threshold_divergence,decision_tree__weighted__split123__model42,decision_tree,weighted,123,42,no_origin_balance,773.7010836478753,48.356317727992206,R_x0.0625,0.06250260548164673,-3.999939858606356,B,youden,val,False,0.41689109802246094,-0.5331724286079407,False,773.6688311688312,1232,953160,1141,45087,91,908075,46228,0.048437018673629546,0.024682010902483342,0.9261363636363636,49487.42491324729,0.8306745894835449,0.8306745894835449,0.0,1146,45065,86,908095,46211,0.04841930778967133,0.024799290212287117,0.9301948051948052,49223.64332460733,0.8262468654053384,0.8262468654053384,0.0
E6_threshold_divergence,decision_tree__weighted__split123__model42,decision_tree,weighted,123,42,no_origin_balance,773.7010836478753,48.356317727992206,R_x0.0625,0.06250260548164673,-3.999939858606356,C,ner_optimal,val,True,0.9500635266304016,-0.5331724286079407,False,773.6688311688312,1232,953160,1008,2773,224,950389,3781,0.0039616762050054795,0.2665961385876752,0.8181818181818182,13604.815171070255,0.22836456487763365,0.2283645648776337,5.551115123125783e-17,1006,2798,226,950362,3804,0.003985783619309466,0.2644584647739222,0.8165584415584416,13726.52780652624,0.2304075807280158,0.23040758072801584,5.551115123125783e-17
E6_threshold_divergence,decision_tree__weighted__split123__model42,decision_tree,weighted,123,42,no_origin_balance,773.7010836478753,193.42527091196882,R_x0.25,0.2500104219265869,-1.999939858606356,B,youden,val,False,0.41689109802246094,-0.48506754636764526,False,773.6688311688312,1232,953160,1141,45087,91,908075,46228,0.048437018673629546,0.024682010902483342,0.9261363636363636,62688.69965298916,0.2630663746436135,0.2630663746436135,0.0,1146,45065,86,908095,46211,0.04841930778967133,0.024799290212287117,0.9301948051948052,61699.57329842931,0.2589156124552307,0.2589156124552307,0.0
E6_threshold_divergence,decision_tree__weighted__split123__model42,decision_tree,weighted,123,42,no_origin_balance,773.7010836478753,193.42527091196882,R_x0.25,0.2500104219265869,-1.999939858606356,C,ner_optimal,val,True,0.9019586443901062,-0.48506754636764526,False,773.6688311688312,1232,953160,1047,5354,185,947808,6401,0.006706873681100258,0.16356819246992657,0.8498376623376623,41137.67511871423,0.17262982187621295,0.17262982187621298,2.7755575615628914e-17,1051,5298,181,947862,6349,0.006652402786276499,0.1655378799810994,0.8530844155844156,40307.974035066356,0.16914807066233664,0.16914807066233667,2.7755575615628914e-17
E6_threshold_divergence,decision_tree__weighted__split123__model42,decision_tree,weighted,123,42,no_origin_balance,773.7010836478753,773.6688311688312,val_class_ratio,1.0,0.0,B,youden,val,False,0.41689109802246094,0.0,True,773.6688311688312,1232,953160,1141,45087,91,908075,46228,0.048437018673629546,0.024682010902483342,0.9261363636363636,115490.86363636363,0.12116629279067906,0.12116629279067904,1.3877787807814457e-17,1146,45065,86,908095,46211,0.04841930778967133,0.024799290212287117,0.9301948051948052,111600.51948051948,0.11708477011259337,0.11708477011259336,1.3877787807814457e-17
E6_threshold_divergence,decision_tree__weighted__split123__model42,decision_tree,weighted,123,42,no_origin_balance,773.7010836478753,773.6688311688312,val_class_ratio,1.0,0.0,C,ner_optimal,val,True,0.41689109802246094,0.0,True,773.6688311688312,1232,953160,1141,45087,91,908075,46228,0.048437018673629546,0.024682010902483342,0.9261363636363636,115490.86363636363,0.12116629279067906,0.12116629279067904,1.3877787807814457e-17,1146,45065,86,908095,46211,0.04841930778967133,0.024799290212287117,0.9301948051948052,111600.51948051948,0.11708477011259337,0.11708477011259336,1.3877787807814457e-17
E6_threshold_divergence,decision_tree__weighted__split123__model42,decision_tree,weighted,123,42,no_origin_balance,773.7010836478753,773.7010836478753,R_x1,1.0000416877063476,6.014139364405448e-05,B,youden,val,False,0.41689109802246094,0.0,True,773.6688311688312,1232,953160,1141,45087,91,908075,46228,0.048437018673629546,0.024682010902483342,0.9261363636363636,115493.79861195665,0.12116432093363062,0.12116432093363064,1.3877787807814457e-17,1146,45065,86,908095,46211,0.04841930778967133,0.024799290212287117,0.9301948051948052,111603.29319371727,0.11708279921770376,0.11708279921770377,1.3877787807814457e-17
E6_threshold_divergence,decision_tree__weighted__split123__model42,decision_tree,weighted,123,42,no_origin_balance,773.7010836478753,773.7010836478753,R_x1,1.0000416877063476,6.014139364405448e-05,C,ner_optimal,val,True,0.41689109802246094,0.0,True,773.6688311688312,1232,953160,1141,45087,91,908075,46228,0.048437018673629546,0.024682010902483342,0.9261363636363636,115493.79861195665,0.12116432093363062,0.12116432093363064,1.3877787807814457e-17,1146,45065,86,908095,46211,0.04841930778967133,0.024799290212287117,0.9301948051948052,111603.29319371727,0.11708279921770376,0.11708279921770377,1.3877787807814457e-17
E6_threshold_divergence,decision_tree__weighted__split123__model42,decision_tree,weighted,123,42,no_origin_balance,773.7010836478753,3094.804334591501,R_x4,4.00016675082539,2.000060141393644,B,youden,val,False,0.41689109802246094,0.13267961144447327,False,773.6688311688312,1232,953160,1141,45087,91,908075,46228,0.048437018673629546,0.024682010902483342,0.9261363636363636,326714.1944478266,0.08568880750613492,0.08568880750613493,1.3877787807814457e-17,1146,45065,86,908095,46211,0.04841930778967133,0.024799290212287117,0.9301948051948052,311218.1727748691,0.08162459590832202,0.08162459590832204,1.3877787807814457e-17
E6_threshold_divergence,decision_tree__weighted__split123__model42,decision_tree,weighted,123,42,no_origin_balance,773.7010836478753,3094.804334591501,R_x4,4.00016675082539,2.000060141393644,C,ner_optimal,val,True,0.28421148657798767,0.13267961144447327,False,773.6688311688312,1232,953160,1174,119327,58,833835,120501,0.12625917597973163,0.009742657737280188,0.952922077922078,298825.65140630706,0.0783743533534766,0.0783743533534766,0.0,1179,119281,53,833879,120460,0.1262164812781331,0.009787481321600532,0.9569805194805194,283305.62973334955,0.07430384716725863,0.07430384716725863,0.0
E6_threshold_divergence,decision_tree__weighted__split123__model42,decision_tree,weighted,123,42,no_origin_balance,773.7010836478753,12379.217338366005,R_x16,16.00066700330156,4.000060141393644,B,youden,val,False,0.41689109802246094,0.292383536696434,False,773.6688311688312,1232,953160,1141,45087,91,908075,46228,0.048437018673629546,0.024682010902483342,0.9261363636363636,1171595.7777913064,0.07681992914926099,0.076819929149261,1.3877787807814457e-17,1146,45065,86,908095,46211,0.04841930778967133,0.024799290212287117,0.9301948051948052,1109677.6910994763,0.0727600450809766,0.07276004508097661,1.3877787807814457e-17
E6_threshold_divergence,decision_tree__weighted__split123__model42,decision_tree,weighted,123,42,no_origin_balance,773.7010836478753,12379.217338366005,R_x16,16.00066700330156,4.000060141393644,C,ner_optimal,val,True,0.12450756132602692,0.292383536696434,False,773.6688311688312,1232,953160,1220,332829,12,620333,334049,0.350011630416788,0.003652158815024143,0.9902597402597403,481379.6080603921,0.03156340103479395,0.03156340103479396,6.938893903907228e-18,1223,333225,9,619935,334448,0.3504304311016857,0.0036567717552504425,0.9926948051948052,444637.95604529406,0.02915430127689999,0.02915430127689999,0.0
E6_threshold_divergence,decision_tree__weighted__split123__model42,decision_tree,weighted,123,42,no_origin_balance,773.7010836478753,49516.86935346402,R_x64,64.00266801320625,6.000060141393644,B,youden,val,False,0.41689109802246094,0.292383536696434,False,773.6688311688312,1232,953160,1141,45087,91,908075,46228,0.048437018673629546,0.024682010902483342,0.9261363636363636,4551122.1111652255,0.0746027095600425,0.07460270956004252,1.3877787807814457e-17,1146,45065,86,908095,46211,0.04841930778967133,0.024799290212287117,0.9301948051948052,4303515.764397905,0.07054390737414024,0.07054390737414025,1.3877787807814457e-17
E6_threshold_divergence,decision_tree__weighted__split123__model42,decision_tree,weighted,123,42,no_origin_balance,773.7010836478753,49516.86935346402,R_x64,64.00266801320625,6.000060141393644,C,ner_optimal,val,True,0.12450756132602692,0.292383536696434,False,773.6688311688312,1232,953160,1220,332829,12,620333,334049,0.350011630416788,0.003652158815024143,0.9902597402597403,927031.4322415682,0.015196045063893292,0.015196045063893293,1.734723475976807e-18,1223,333225,9,619935,334448,0.3504304311016857,0.0036567717552504425,0.9926948051948052,778876.8241811761,0.0127674714231211,0.0127674714231211,0.0
E6_threshold_divergence,decision_tree__weighted__split123__model456,decision_tree,weighted,123,456,no_origin_balance,773.7010836478753,12.089079431998051,R_x0.015625,0.01562565137041168,-5.999939858606356,B,youden,val,False,0.41689109802246094,-0.5751591920852661,False,773.6688311688312,1232,953160,1141,45078,91,908084,46219,0.04842758860596357,0.0246868171098466,0.9261363636363636,46178.10622831182,3.1005031683563824,3.1005031683563824,0.0,1146,45061,86,908099,46207,0.048415116639703604,0.024801437011708182,0.9301948051948052,46100.660831151836,3.095303308100486,3.095303308100486,0.0
E6_threshold_divergence,decision_tree__weighted__split123__model456,decision_tree,weighted,123,456,no_origin_balance,773.7010836478753,12.089079431998051,R_x0.015625,0.01562565137041168,-5.999939858606356,C,ner_optimal,val,True,0.992050290107727,-0.5751591920852661,False,773.6688311688312,1232,953160,945,605,287,952557,1550,0.0016240672091400407,0.6096774193548387,0.7670454545454546,4074.5657969834406,0.2735756226286794,0.2735756226286794,0.0,939,574,293,952586,1513,0.001585302475293171,0.6206212822207535,0.7621753246753247,4116.100273575429,0.27636434193286186,0.27636434193286197,1.1102230246251565e-16
E6_threshold_divergence,decision_tree__weighted__split123__model456,decision_tree,weighted,123,456,no_origin_balance,773.7010836478753,48.356317727992206,R_x0.0625,0.06250260548164673,-3.999939858606356,B,youden,val,False,0.41689109802246094,-0.5331724286079407,False,773.6688311688312,1232,953160,1141,45078,91,908084,46219,0.04842758860596357,0.0246868171098466,0.9261363636363636,49478.42491324729,0.8305235193618229,0.8305235193618229,0.0,1146,45061,86,908099,46207,0.048415116639703604,0.024801437011708182,0.9301948051948052,49219.64332460733,0.8261797231290176,0.8261797231290176,0.0
E6_threshold_divergence,decision_tree__weighted__split123__model456,decision_tree,weighted,123,456,no_origin_balance,773.7010836478753,48.356317727992206,R_x0.0625,0.06250260548164673,-3.999939858606356,C,ner_optimal,val,True,0.9500635266304016,-0.5331724286079407,False,773.6688311688312,1232,953160,1008,2773,224,950389,3781,0.0039616762050054795,0.2665961385876752,0.8181818181818182,13604.815171070255,0.22836456487763365,0.2283645648776337,5.551115123125783e-17,1006,2797,226,950363,3803,0.003984735831817534,0.26452800420720485,0.8165584415584416,13725.52780652624,0.23039079515893554,0.23039079515893562,8.326672684688674e-17
E6_threshold_divergence,decision_tree__weighted__split123__model456,decision_tree,weighted,123,456,no_origin_balance,773.7010836478753,193.42527091196882,R_x0.25,0.2500104219265869,-1.999939858606356,B,youden,val,False,0.41689109802246094,-0.48506754636764526,False,773.6688311688312,1232,953160,1141,45078,91,908084,46219,0.04842758860596357,0.0246868171098466,0.9261363636363636,62679.69965298916,0.263028607113183,0.263028607113183,0.0,1146,45061,86,908099,46207,0.048415116639703604,0.024801437011708182,0.9301948051948052,61695.57329842931,0.25889882688615046,0.25889882688615046,0.0
E6_threshold_divergence,decision_tree__weighted__split123__model456,decision_tree,weighted,123,456,no_origin_balance,773.7010836478753,193.42527091196882,R_x0.25,0.2500104219265869,-1.999939858606356,C,ner_optimal,val,True,0.9019586443901062,-0.48506754636764526,False,773.6688311688312,1232,953160,1047,5345,185,947817,6392,0.006697443613434284,0.16379849812265332,0.8498376623376623,41128.67511871423,0.17259205434578245,0.1725920543457825,5.551115123125783e-17,1051,5294,181,947866,6345,0.006648211636308771,0.1656422379826635,0.8530844155844156,40303.974035066356,0.16913128509325642,0.16913128509325645,2.7755575615628914e-17
E6_threshold_divergence,decision_tree__weighted__split123__model456,decision_tree,weighted,123,456,no_origin_balance,773.7010836478753,773.6688311688312,val_class_ratio,1.0,0.0,B,youden,val,False,0.41689109802246094,0.0,True,773.6688311688312,1232,953160,1141,45078,91,908084,46219,0.04842758860596357,0.0246868171098466,0.9261363636363636,115481.86363636363,0.121156850514461,0.12115685051446098,1.3877787807814457e-17,1146,45061,86,908099,46207,0.048415116639703604,0.024801437011708182,0.9301948051948052,111596.51948051948,0.11708057354538534,0.11708057354538533,1.3877787807814457e-17
E6_threshold_divergence,decision_tree__weighted__split123__model456,decision_tree,weighted,123,456,no_origin_balance,773.7010836478753,773.6688311688312,val_class_ratio,1.0,0.0,C,ner_optimal,val,True,0.41689109802246094,0.0,True,773.6688311688312,1232,953160,1141,45078,91,908084,46219,0.04842758860596357,0.0246868171098466,0.9261363636363636,115481.86363636363,0.121156850514461,0.12115685051446098,1.3877787807814457e-17,1146,45061,86,908099,46207,0.048415116639703604,0.024801437011708182,0.9301948051948052,111596.51948051948,0.11708057354538534,0.11708057354538533,1.3877787807814457e-17
E6_threshold_divergence,decision_tree__weighted__split123__model456,decision_tree,weighted,123,456,no_origin_balance,773.7010836478753,773.7010836478753,R_x1,1.0000416877063476,6.014139364405448e-05,B,youden,val,False,0.41689109802246094,0.0,True,773.6688311688312,1232,953160,1141,45078,91,908084,46219,0.04842758860596357,0.0246868171098466,0.9261363636363636,115484.79861195665,0.121154879051023,0.12115487905102301,1.3877787807814457e-17,1146,45061,86,908099,46207,0.048415116639703604,0.024801437011708182,0.9301948051948052,111599.29319371727,0.11707860282543371,0.11707860282543373,1.3877787807814457e-17
E6_threshold_divergence,decision_tree__weighted__split123__model456,decision_tree,weighted,123,456,no_origin_balance,773.7010836478753,773.7010836478753,R_x1,1.0000416877063476,6.014139364405448e-05,C,ner_optimal,val,True,0.41689109802246094,0.0,True,773.6688311688312,1232,953160,1141,45078,91,908084,46219,0.04842758860596357,0.0246868171098466,0.9261363636363636,115484.79861195665,0.121154879051023,0.12115487905102301,1.3877787807814457e-17,1146,45061,86,908099,46207,0.048415116639703604,0.024801437011708182,0.9301948051948052,111599.29319371727,0.11707860282543371,0.11707860282543373,1.3877787807814457e-17
E6_threshold_divergence,decision_tree__weighted__split123__model456,decision_tree,weighted,123,456,no_origin_balance,773.7010836478753,3094.804334591501,R_x4,4.00016675082539,2.000060141393644,B,youden,val,False,0.41689109802246094,0.13267961144447327,False,773.6688311688312,1232,953160,1141,45078,91,908084,46219,0.04842758860596357,0.0246868171098466,0.9261363636363636,326705.1944478266,0.085686447035483,0.08568644703548302,1.3877787807814457e-17,1146,45061,86,908099,46207,0.048415116639703604,0.024801437011708182,0.9301948051948052,311214.1727748691,0.08162354681025451,0.08162354681025454,2.7755575615628914e-17
E6_threshold_divergence,decision_tree__weighted__split123__model456,decision_tree,weighted,123,456,no_origin_balance,773.7010836478753,3094.804334591501,R_x4,4.00016675082539,2.000060141393644,C,ner_optimal,val,True,0.28421148657798767,0.13267961144447327,False,773.6688311688312,1232,953160,1174,119318,58,833844,120492,0.12624974591206567,0.00974338545297613,0.952922077922078,298816.65140630706,0.0783719928828247,0.0783719928828247,0.0,1179,119277,53,833883,120456,0.12621229012816537,0.00978780633592349,0.9569805194805194,283301.62973334955,0.07430279806919111,0.07430279806919111,0.0
E6_threshold_divergence,decision_tree__weighted__split123__model456,decision_tree,weighted,123,456,no_origin_balance,773.7010836478753,12379.217338366005,R_x16,16.00066700330156,4.000060141393644,B,youden,val,False,0.41689109802246094,0.292383536696434,False,773.6688311688312,1232,953160,1141,45078,91,908084,46219,0.04842758860596357,0.0246868171098466,0.9261363636363636,1171586.7777913064,0.07681933903159802,0.07681933903159803,1.3877787807814457e-17,1146,45061,86,908099,46207,0.048415116639703604,0.024801437011708182,0.9301948051948052,1109673.6910994763,0.07275978280645971,0.07275978280645973,1.3877787807814457e-17
E6_threshold_divergence,decision_tree__weighted__split123__model456,decision_tree,weighted,123,456,no_origin_balance,773.7010836478753,12379.217338366005,R_x16,16.00066700330156,4.000060141393644,C,ner_optimal,val,True,0.12450756132602692,0.292383536696434,False,773.6688311688312,1232,953160,1220,332820,12,620342,334040,0.35000220034912205,0.003652257214704826,0.9902597402597403,481370.6080603921,0.03156281091713098,0.03156281091713098,0.0,1223,333221,9,619939,334444,0.35042623995171795,0.0036568154907847053,0.9926948051948052,444633.95604529406,0.02915403900238311,0.02915403900238311,0.0
E6_threshold_divergence,decision_tree__weighted__split123__model456,decision_tree,weighted,123,456,no_origin_balance,773.7010836478753,49516.86935346402,R_x64,64.00266801320625,6.000060141393644,B,youden,val,False,0.41689109802246094,0.292383536696434,False,773.6688311688312,1232,953160,1141,45078,91,908084,46219,0.04842758860596357,0.0246868171098466,0.9261363636363636,4551113.1111652255,0.07460256203062676,0.07460256203062678,1.3877787807814457e-17,1146,45061,86,908099,46207,0.048415116639703604,0.024801437011708182,0.9301948051948052,4303511.764397905,0.07054384180551102,0.07054384180551103,1.3877787807814457e-17
E6_threshold_divergence,decision_tree__weighted__split123__model456,decision_tree,weighted,123,456,no_origin_balance,773.7010836478753,49516.86935346402,R_x64,64.00266801320625,6.000060141393644,C,ner_optimal,val,True,0.12450756132602692,0.292383536696434,False,773.6688311688312,1232,953160,1220,332820,12,620342,334040,0.35000220034912205,0.003652257214704826,0.9902597402597403,927022.4322415682,0.015195897534477549,0.01519589753447755,1.734723475976807e-18,1223,333221,9,619939,334444,0.35042623995171795,0.0036568154907847053,0.9926948051948052,778872.8241811761,0.01276740585449188,0.01276740585449188,0.0
E6_threshold_divergence,decision_tree__weighted__split123__model789,decision_tree,weighted,123,789,no_origin_balance,773.7010836478753,12.089079431998051,R_x0.015625,0.01562565137041168,-5.999939858606356,B,youden,val,False,0.41689109802246094,-0.5751591920852661,False,773.6688311688312,1232,953160,1141,45080,91,908082,46221,0.048429684176556013,0.024685748902014235,0.9261363636363636,46180.10622831182,3.1006374529090244,3.1006374529090244,0.0,1146,45061,86,908099,46207,0.048415116639703604,0.024801437011708182,0.9301948051948052,46100.660831151836,3.095303308100486,3.095303308100486,0.0
E6_threshold_divergence,decision_tree__weighted__split123__model789,decision_tree,weighted,123,789,no_origin_balance,773.7010836478753,12.089079431998051,R_x0.015625,0.01562565137041168,-5.999939858606356,C,ner_optimal,val,True,0.992050290107727,-0.5751591920852661,False,773.6688311688312,1232,953160,945,605,287,952557,1550,0.0016240672091400407,0.6096774193548387,0.7670454545454546,4074.5657969834406,0.2735756226286794,0.2735756226286794,0.0,939,575,293,952585,1514,0.001586350262785103,0.6202113606340819,0.7621753246753247,4117.100273575429,0.2764314842091828,0.27643148420918284,5.551115123125783e-17
E6_threshold_divergence,decision_tree__weighted__split123__model789,decision_tree,weighted,123,789,no_origin_balance,773.7010836478753,48.356317727992206,R_x0.0625,0.06250260548164673,-3.999939858606356,B,youden,val,False,0.41689109802246094,-0.5331724286079407,False,773.6688311688312,1232,953160,1141,45080,91,908082,46221,0.048429684176556013,0.024685748902014235,0.9261363636363636,49480.42491324729,0.8305570904999833,0.8305570904999833,0.0,1146,45061,86,908099,46207,0.048415116639703604,0.024801437011708182,0.9301948051948052,49219.64332460733,0.8261797231290176,0.8261797231290176,0.0
E6_threshold_divergence,decision_tree__weighted__split123__model789,decision_tree,weighted,123,789,no_origin_balance,773.7010836478753,48.356317727992206,R_x0.0625,0.06250260548164673,-3.999939858606356,C,ner_optimal,val,True,0.9500635266304016,-0.5331724286079407,False,773.6688311688312,1232,953160,1008,2773,224,950389,3781,0.0039616762050054795,0.2665961385876752,0.8181818181818182,13604.815171070255,0.22836456487763365,0.2283645648776337,5.551115123125783e-17,1006,2798,226,950362,3804,0.003985783619309466,0.2644584647739222,0.8165584415584416,13726.52780652624,0.2304075807280158,0.23040758072801584,5.551115123125783e-17
E6_threshold_divergence,decision_tree__weighted__split123__model789,decision_tree,weighted,123,789,no_origin_balance,773.7010836478753,193.42527091196882,R_x0.25,0.2500104219265869,-1.999939858606356,B,youden,val,False,0.41689109802246094,-0.48506754636764526,False,773.6688311688312,1232,953160,1141,45080,91,908082,46221,0.048429684176556013,0.024685748902014235,0.9261363636363636,62681.69965298916,0.2630369998977231,0.2630369998977231,0.0,1146,45061,86,908099,46207,0.048415116639703604,0.024801437011708182,0.9301948051948052,61695.57329842931,0.25889882688615046,0.25889882688615046,0.0
E6_threshold_divergence,decision_tree__weighted__split123__model789,decision_tree,weighted,123,789,no_origin_balance,773.7010836478753,193.42527091196882,R_x0.25,0.2500104219265869,-1.999939858606356,C,ner_optimal,val,True,0.9019586443901062,-0.48506754636764526,False,773.6688311688312,1232,953160,1047,5347,185,947815,6394,0.006699539184026723,0.16374726305911794,0.8498376623376623,41130.67511871423,0.17260044713032258,0.1726004471303226,2.7755575615628914e-17,1051,5294,181,947866,6345,0.006648211636308771,0.1656422379826635,0.8530844155844156,40303.974035066356,0.16913128509325642,0.16913128509325645,2.7755575615628914e-17
E6_threshold_divergence,decision_tree__weighted__split123__model789,decision_tree,weighted,123,789,no_origin_balance,773.7010836478753,773.6688311688312,val_class_ratio,1.0,0.0,B,youden,val,False,0.41689109802246094,0.0,True,773.6688311688312,1232,953160,1141,45080,91,908082,46221,0.048429684176556013,0.024685748902014235,0.9261363636363636,115483.86363636363,0.121158948798065,0.12115894879806499,1.3877787807814457e-17,1146,45061,86,908099,46207,0.048415116639703604,0.024801437011708182,0.9301948051948052,111596.51948051948,0.11708057354538534,0.11708057354538533,1.3877787807814457e-17
E6_threshold_divergence,decision_tree__weighted__split123__model789,decision_tree,weighted,123,789,no_origin_balance,773.7010836478753,773.6688311688312,val_class_ratio,1.0,0.0,C,ner_optimal,val,True,0.41689109802246094,0.0,True,773.6688311688312,1232,953160,1141,45080,91,908082,46221,0.048429684176556013,0.024685748902014235,0.9261363636363636,115483.86363636363,0.121158948798065,0.12115894879806499,1.3877787807814457e-17,1146,45061,86,908099,46207,0.048415116639703604,0.024801437011708182,0.9301948051948052,111596.51948051948,0.11708057354538534,0.11708057354538533,1.3877787807814457e-17
E6_threshold_divergence,decision_tree__weighted__split123__model789,decision_tree,weighted,123,789,no_origin_balance,773.7010836478753,773.7010836478753,R_x1,1.0000416877063476,6.014139364405448e-05,B,youden,val,False,0.41689109802246094,0.0,True,773.6688311688312,1232,953160,1141,45080,91,908082,46221,0.048429684176556013,0.024685748902014235,0.9261363636363636,115486.79861195665,0.12115697724715803,0.12115697724715804,1.3877787807814457e-17,1146,45061,86,908099,46207,0.048415116639703604,0.024801437011708182,0.9301948051948052,111599.29319371727,0.11707860282543371,0.11707860282543373,1.3877787807814457e-17
E6_threshold_divergence,decision_tree__weighted__split123__model789,decision_tree,weighted,123,789,no_origin_balance,773.7010836478753,773.7010836478753,R_x1,1.0000416877063476,6.014139364405448e-05,C,ner_optimal,val,True,0.41689109802246094,0.0,True,773.6688311688312,1232,953160,1141,45080,91,908082,46221,0.048429684176556013,0.024685748902014235,0.9261363636363636,115486.79861195665,0.12115697724715803,0.12115697724715804,1.3877787807814457e-17,1146,45061,86,908099,46207,0.048415116639703604,0.024801437011708182,0.9301948051948052,111599.29319371727,0.11707860282543371,0.11707860282543373,1.3877787807814457e-17
E6_threshold_divergence,decision_tree__weighted__split123__model789,decision_tree,weighted,123,789,no_origin_balance,773.7010836478753,3094.804334591501,R_x4,4.00016675082539,2.000060141393644,B,youden,val,False,0.41689109802246094,0.13267961144447327,False,773.6688311688312,1232,953160,1141,45080,91,908082,46221,0.048429684176556013,0.024685748902014235,0.9261363636363636,326707.1944478266,0.08568697158451677,0.08568697158451678,1.3877787807814457e-17,1146,45061,86,908099,46207,0.048415116639703604,0.024801437011708182,0.9301948051948052,311214.1727748691,0.08162354681025451,0.08162354681025454,2.7755575615628914e-17
E6_threshold_divergence,decision_tree__weighted__split123__model789,decision_tree,weighted,123,789,no_origin_balance,773.7010836478753,3094.804334591501,R_x4,4.00016675082539,2.000060141393644,C,ner_optimal,val,True,0.28421148657798767,0.13267961144447327,False,773.6688311688312,1232,953160,1174,119320,58,833842,120494,0.1262518414826581,0.009743223728982356,0.952922077922078,298818.65140630706,0.07837251743185845,0.07837251743185845,0.0,1179,119277,53,833883,120456,0.12621229012816537,0.00978780633592349,0.9569805194805194,283301.62973334955,0.07430279806919111,0.07430279806919111,0.0
E6_threshold_divergence,decision_tree__weighted__split123__model789,decision_tree,weighted,123,789,no_origin_balance,773.7010836478753,12379.217338366005,R_x16,16.00066700330156,4.000060141393644,B,youden,val,False,0.41689109802246094,0.292383536696434,False,773.6688311688312,1232,953160,1141,45080,91,908082,46221,0.048429684176556013,0.024685748902014235,0.9261363636363636,1171588.7777913064,0.07681947016885646,0.07681947016885647,1.3877787807814457e-17,1146,45061,86,908099,46207,0.048415116639703604,0.024801437011708182,0.9301948051948052,1109673.6910994763,0.07275978280645971,0.07275978280645973,1.3877787807814457e-17
E6_threshold_divergence,decision_tree__weighted__split123__model789,decision_tree,weighted,123,789,no_origin_balance,773.7010836478753,12379.217338366005,R_x16,16.00066700330156,4.000060141393644,C,ner_optimal,val,True,0.12450756132602692,0.292383536696434,False,773.6688311688312,1232,953160,1220,332822,12,620340,334042,0.3500042959197145,0.0036522353476508944,0.9902597402597403,481372.6080603921,0.03156294205438941,0.03156294205438942,6.938893903907228e-18,1223,333221,9,619939,334444,0.35042623995171795,0.0036568154907847053,0.9926948051948052,444633.95604529406,0.02915403900238311,0.02915403900238311,0.0
E6_threshold_divergence,decision_tree__weighted__split123__model789,decision_tree,weighted,123,789,no_origin_balance,773.7010836478753,49516.86935346402,R_x64,64.00266801320625,6.000060141393644,B,youden,val,False,0.41689109802246094,0.292383536696434,False,773.6688311688312,1232,953160,1141,45080,91,908082,46221,0.048429684176556013,0.024685748902014235,0.9261363636363636,4551115.1111652255,0.07460259481494137,0.07460259481494139,1.3877787807814457e-17,1146,45061,86,908099,46207,0.048415116639703604,0.024801437011708182,0.9301948051948052,4303511.764397905,0.07054384180551102,0.07054384180551103,1.3877787807814457e-17
E6_threshold_divergence,decision_tree__weighted__split123__model789,decision_tree,weighted,123,789,no_origin_balance,773.7010836478753,49516.86935346402,R_x64,64.00266801320625,6.000060141393644,C,ner_optimal,val,True,0.12450756132602692,0.292383536696434,False,773.6688311688312,1232,953160,1220,332822,12,620340,334042,0.3500042959197145,0.0036522353476508944,0.9902597402597403,927024.4322415682,0.015195930318792157,0.01519593031879216,1.734723475976807e-18,1223,333221,9,619939,334444,0.35042623995171795,0.0036568154907847053,0.9926948051948052,778872.8241811761,0.01276740585449188,0.01276740585449188,0.0
E6_threshold_divergence,decision_tree__weighted__split42__model123,decision_tree,weighted,42,123,no_origin_balance,773.7010836478753,12.089079431998051,R_x0.015625,0.01562565137041168,-5.999939858606356,B,youden,val,False,0.47732776403427124,-0.5156716704368591,False,773.6688311688312,1232,953160,1096,28948,136,924214,30044,0.031479661439615086,0.03647982958327786,0.8896103896103896,30592.114802751734,2.0540242253265197,2.0540242253265197,0.0,1107,29210,125,923950,30317,0.03176577339290355,0.036514166969027276,0.898538961038961,30721.134928999756,2.06268693029402,2.06268693029402,0.0
E6_threshold_divergence,decision_tree__weighted__split42__model123,decision_tree,weighted,42,123,no_origin_balance,773.7010836478753,12.089079431998051,R_x0.015625,0.01562565137041168,-5.999939858606356,C,ner_optimal,val,True,0.9929994344711304,-0.5156716704368591,False,773.6688311688312,1232,953160,900,566,332,952596,1466,0.0015360532442576127,0.6139154160982264,0.7305194805194806,4579.574371423353,0.30748304787813896,0.307483047878139,5.551115123125783e-17,951,540,281,952620,1491,0.001562251150470666,0.6378269617706237,0.7719155844155844,3937.0313203914525,0.26434124479769217,0.2643412447976922,5.551115123125783e-17
E6_threshold_divergence,decision_tree__weighted__split42__model123,decision_tree,weighted,42,123,no_origin_balance,773.7010836478753,48.356317727992206,R_x0.0625,0.06250260548164673,-3.999939858606356,B,youden,val,False,0.47732776403427124,-0.47300732135772705,False,773.6688311688312,1232,953160,1096,28948,136,924214,30044,0.031479661439615086,0.03647982958327786,0.8896103896103896,35524.45921100694,0.5962982641238378,0.5962982641238378,0.0,1107,29210,125,923950,30317,0.03176577339290355,0.036514166969027276,0.898538961038961,35254.539715999024,0.5917675117942841,0.5917675117942841,0.0
E6_threshold_divergence,decision_tree__weighted__split42__model123,decision_tree,weighted,42,123,no_origin_balance,773.7010836478753,48.356317727992206,R_x0.0625,0.06250260548164673,-3.999939858606356,C,ner_optimal,val,True,0.9503350853919983,-0.47300732135772705,False,773.6688311688312,1232,953160,978,2676,254,950486,3654,0.0038286074723856184,0.2676518883415435,0.7938311688311688,14958.50470291002,0.25108701402750155,0.25108701402750166,1.1102230246251565e-16,1016,2665,216,950495,3681,0.0038569057578018255,0.276011953273567,0.8246753246753247,13109.964629246317,0.22005821692346333,0.22005821692346336,2.7755575615628914e-17
E6_threshold_divergence,decision_tree__weighted__split42__model123,decision_tree,weighted,42,123,no_origin_balance,773.7010836478753,193.42527091196882,R_x0.25,0.2500104219265869,-1.999939858606356,B,youden,val,False,0.47732776403427124,-0.2889397144317627,False,773.6688311688312,1232,953160,1096,28948,136,924214,30044,0.031479661439615086,0.03647982958327786,0.8896103896103896,55253.836844027755,0.23186677382316723,0.23186677382316723,0.0,1107,29210,125,923950,30317,0.03176577339290355,0.036514166969027276,0.898538961038961,53388.158863996105,0.22403765716935023,0.22403765716935028,5.551115123125783e-17
E6_threshold_divergence,decision_tree__weighted__split42__model123,decision_tree,weighted,42,123,no_origin_balance,773.7010836478753,193.42527091196882,R_x0.25,0.2500104219265869,-1.999939858606356,C,ner_optimal,val,True,0.7662674784660339,-0.2889397144317627,False,773.6688311688312,1232,953160,1017,8074,215,945088,9091,0.009525416127930394,0.11186888131118689,0.825487012987013,49660.4332460733,0.20839465820141234,0.2083946582014124,5.551115123125783e-17,1055,8090,177,945070,9145,0.009582016613718472,0.11536358665937671,0.8563311688311688,42326.27295141848,0.1776176446335774,0.17761764463357743,2.7755575615628914e-17
E6_threshold_divergence,decision_tree__weighted__split42__model123,decision_tree,weighted,42,123,no_origin_balance,773.7010836478753,773.6688311688312,val_class_ratio,1.0,0.0,B,youden,val,False,0.47732776403427124,0.0,True,773.6688311688312,1232,953160,1096,28948,136,924214,30044,0.031479661439615086,0.03647982958327786,0.8896103896103896,134166.96103896102,0.1407601672740789,0.14076016727407886,2.7755575615628914e-17,1107,29210,125,923950,30317,0.03176577339290355,0.036514166969027276,0.898538961038961,125918.6038961039,0.132106470997633,0.13210647099763304,2.7755575615628914e-17
E6_threshold_divergence,decision_tree__weighted__split42__model123,decision_tree,weighted,42,123,no_origin_balance,773.7010836478753,773.6688311688312,val_class_ratio,1.0,0.0,C,ner_optimal,val,True,0.47732776403427124,0.0,True,773.6688311688312,1232,953160,1096,28948,136,924214,30044,0.031479661439615086,0.03647982958327786,0.8896103896103896,134166.96103896102,0.1407601672740789,0.14076016727407886,2.7755575615628914e-17,1107,29210,125,923950,30317,0.03176577339290355,0.036514166969027276,0.898538961038961,125918.6038961039,0.132106470997633,0.13210647099763304,2.7755575615628914e-17
E6_threshold_divergence,decision_tree__weighted__split42__model123,decision_tree,weighted,42,123,no_origin_balance,773.7010836478753,773.7010836478753,R_x1,1.0000416877063476,6.014139364405448e-05,B,youden,val,False,0.47732776403427124,0.0,True,773.6688311688312,1232,953160,1096,28948,136,924214,30044,0.031479661439615086,0.03647982958327786,0.8896103896103896,134171.34737611102,0.14075890124799958,0.14075890124799958,0.0,1107,29210,125,923950,30317,0.03176577339290355,0.036514166969027276,0.898538961038961,125922.63545598442,0.13210519351311675,0.1321051935131168,5.551115123125783e-17
E6_threshold_divergence,decision_tree__weighted__split42__model123,decision_tree,weighted,42,123,no_origin_balance,773.7010836478753,773.7010836478753,R_x1,1.0000416877063476,6.014139364405448e-05,C,ner_optimal,val,True,0.47732776403427124,0.0,True,773.6688311688312,1232,953160,1096,28948,136,924214,30044,0.031479661439615086,0.03647982958327786,0.8896103896103896,134171.34737611102,0.14075890124799958,0.14075890124799958,0.0,1107,29210,125,923950,30317,0.03176577339290355,0.036514166969027276,0.898538961038961,125922.63545598442,0.13210519351311675,0.1321051935131168,5.551115123125783e-17
E6_threshold_divergence,decision_tree__weighted__split42__model123,decision_tree,weighted,42,123,no_origin_balance,773.7010836478753,3094.804334591501,R_x4,4.00016675082539,2.000060141393644,B,youden,val,False,0.47732776403427124,0.31357114017009735,False,773.6688311688312,1232,953160,1096,28948,136,924214,30044,0.031479661439615086,0.03647982958327786,0.8896103896103896,449841.38950444415,0.1179819331042077,0.1179819331042077,0.0,1107,29210,125,923950,30317,0.03176577339290355,0.036514166969027276,0.898538961038961,416060.5418239377,0.10912207759905838,0.10912207759905843,4.163336342344337e-17
E6_threshold_divergence,decision_tree__weighted__split42__model123,decision_tree,weighted,42,123,no_origin_balance,773.7010836478753,3094.804334591501,R_x4,4.00016675082539,2.000060141393644,C,ner_optimal,val,True,0.1637566238641739,0.31357114017009735,False,773.6688311688312,1232,953160,1188,153006,44,800156,154194,0.16156220596525125,0.007704579944744932,0.9642857142857143,289177.39072202606,0.07584386044378948,0.07584386044378948,0.0,1189,153162,43,799998,154351,0.16172704716720174,0.007703221877409281,0.9650974025974026,286238.5863874345,0.0750730869567342,0.07507308695673419,1.3877787807814457e-17
E6_threshold_divergence,decision_tree__weighted__split42__model123,decision_tree,weighted,42,123,no_origin_balance,773.7010836478753,12379.217338366005,R_x16,16.00066700330156,4.000060141393644,B,youden,val,False,0.47732776403427124,0.3514874130487442,False,773.6688311688312,1232,953160,1096,28948,136,924214,30044,0.031479661439615086,0.03647982958327786,0.8896103896103896,1712521.5580177766,0.11228769106825971,0.11228769106825971,0.0,1107,29210,125,923950,30317,0.03176577339290355,0.036514166969027276,0.898538961038961,1576612.1672957507,0.10337629862054379,0.10337629862054383,4.163336342344337e-17
E6_threshold_divergence,decision_tree__weighted__split42__model123,decision_tree,weighted,42,123,no_origin_balance,773.7010836478753,12379.217338366005,R_x16,16.00066700330156,4.000060141393644,C,ner_optimal,val,True,0.12584035098552704,0.3514874130487442,False,773.6688311688312,1232,953160,1221,331252,11,621910,332473,0.3483603207899463,0.0036724786674406642,0.9910714285714286,467423.39072202606,0.030648310994826313,0.030648310994826317,3.469446951953614e-18,1223,331220,9,621940,332443,0.34832961718036193,0.0036788261446323127,0.9926948051948052,442632.95604529406,0.029022836175314665,0.029022836175314665,0.0
E6_threshold_divergence,decision_tree__weighted__split42__model123,decision_tree,weighted,42,123,no_origin_balance,773.7010836478753,49516.86935346402,R_x64,64.00266801320625,6.000060141393644,B,youden,val,False,0.47732776403427124,0.3514874130487442,False,773.6688311688312,1232,953160,1096,28948,136,924214,30044,0.031479661439615086,0.03647982958327786,0.8896103896103896,6763242.232071106,0.11086413055927272,0.11086413055927272,0.0,1107,29210,125,923950,30317,0.03176577339290355,0.036514166969027276,0.898538961038961,6218818.669183003,0.10193985387591514,0.10193985387591518,4.163336342344337e-17
E6_threshold_divergence,decision_tree__weighted__split42__model123,decision_tree,weighted,42,123,no_origin_balance,773.7010836478753,49516.86935346402,R_x64,64.00266801320625,6.000060141393644,C,ner_optimal,val,True,0.12584035098552704,0.3514874130487442,False,773.6688311688312,1232,953160,1221,331252,11,621910,332473,0.3483603207899463,0.0036724786674406642,0.9910714285714286,875937.5628881042,0.01435850632013515,0.014358506320135151,1.734723475976807e-18,1223,331220,9,621940,332443,0.34832961718036193,0.0036788261446323127,0.9926948051948052,776871.8241811761,0.01273460514772477,0.01273460514772477,0.0
E6_threshold_divergence,decision_tree__weighted__split42__model42,decision_tree,weighted,42,42,no_origin_balance,773.7010836478753,12.089079431998051,R_x0.015625,0.01562565137041168,-5.999939858606356,B,youden,val,False,0.47732776403427124,-0.5156716704368591,False,773.6688311688312,1232,953160,1096,28962,136,924200,30058,0.03149433043376216,0.03646283851220973,0.8896103896103896,30606.114802751734,2.054964217195012,2.054964217195012,0.0,1108,29205,124,923955,30313,0.031761582242935814,0.03655197440042226,0.8993506493506493,30704.04584956776,2.061539530600727,2.061539530600727,0.0
E6_threshold_divergence,decision_tree__weighted__split42__model42,decision_tree,weighted,42,42,no_origin_balance,773.7010836478753,12.089079431998051,R_x0.015625,0.01562565137041168,-5.999939858606356,C,ner_optimal,val,True,0.9929994344711304,-0.5156716704368591,False,773.6688311688312,1232,953160,900,566,332,952596,1466,0.0015360532442576127,0.6139154160982264,0.7305194805194806,4579.574371423353,0.30748304787813896,0.307483047878139,5.551115123125783e-17,951,540,281,952620,1491,0.001562251150470666,0.6378269617706237,0.7719155844155844,3937.0313203914525,0.26434124479769217,0.2643412447976922,5.551115123125783e-17
E6_threshold_divergence,decision_tree__weighted__split42__model42,decision_tree,weighted,42,42,no_origin_balance,773.7010836478753,48.356317727992206,R_x0.0625,0.06250260548164673,-3.999939858606356,B,youden,val,False,0.47732776403427124,-0.45592790842056274,False,773.6688311688312,1232,953160,1096,28962,136,924200,30058,0.03149433043376216,0.03646283851220973,0.8896103896103896,35538.45921100694,0.5965332620909609,0.5965332620909609,0.0,1108,29205,124,923955,30313,0.031761582242935814,0.03655197440042226,0.8993506493506493,35201.18339827103,0.5908718956371947,0.5908718956371947,0.0
E6_threshold_divergence,decision_tree__weighted__split42__model42,decision_tree,weighted,42,42,no_origin_balance,773.7010836478753,48.356317727992206,R_x0.0625,0.06250260548164673,-3.999939858606356,C,ner_optimal,val,True,0.933255672454834,-0.45592790842056274,False,773.6688311688312,1232,953160,979,2740,253,950422,3719,0.0038967135166398784,0.2632428072062382,0.7946428571428571,14974.148385182029,0.2513496021369474,0.25134960213694746,5.551115123125783e-17,1018,2732,214,950428,3750,0.003929203094745136,0.2714666666666667,0.8262987012987013,13080.251993790333,0.21955947342846147,0.21955947342846152,5.551115123125783e-17
E6_threshold_divergence,decision_tree__weighted__split42__model42,decision_tree,weighted,42,42,no_origin_balance,773.7010836478753,193.42527091196882,R_x0.25,0.2500104219265869,-1.999939858606356,B,youden,val,False,0.47732776403427124,-0.2889397144317627,False,773.6688311688312,1232,953160,1096,28962,136,924200,30058,0.03149433043376216,0.03646283851220973,0.8896103896103896,55267.836844027755,0.231925523314948,0.231925523314948,0.0,1108,29205,124,923955,30313,0.031761582242935814,0.03655197440042226,0.8993506493506493,53189.73359308414,0.22320498689631163,0.22320498689631169,5.551115123125783e-17
E6_threshold_divergence,decision_tree__weighted__split42__model42,decision_tree,weighted,42,42,no_origin_balance,773.7010836478753,193.42527091196882,R_x0.25,0.2500104219265869,-1.999939858606356,C,ner_optimal,val,True,0.7662674784660339,-0.2889397144317627,False,773.6688311688312,1232,953160,1017,8088,215,945074,9105,0.009540085122077465,0.11169686985172982,0.825487012987013,49674.4332460733,0.20845340769319312,0.20845340769319318,5.551115123125783e-17,1056,8085,176,945075,9141,0.009577825463750744,0.11552346570397112,0.8571428571428571,42127.847680506515,0.17678497436053883,0.17678497436053886,2.7755575615628914e-17
E6_threshold_divergence,decision_tree__weighted__split42__model42,decision_tree,weighted,42,42,no_origin_balance,773.7010836478753,773.6688311688312,val_class_ratio,1.0,0.0,B,youden,val,False,0.47732776403427124,0.0,True,773.6688311688312,1232,953160,1096,28962,136,924200,30058,0.03149433043376216,0.03646283851220973,0.8896103896103896,134180.96103896102,0.140774855259307,0.14077485525930694,5.551115123125783e-17,1108,29205,124,923955,30313,0.031761582242935814,0.03655197440042226,0.8993506493506493,125139.93506493507,0.13128953697693468,0.13128953697693468,0.0
E6_threshold_divergence,decision_tree__weighted__split42__model42,decision_tree,weighted,42,42,no_origin_balance,773.7010836478753,773.6688311688312,val_class_ratio,1.0,0.0,C,ner_optimal,val,True,0.47732776403427124,0.0,True,773.6688311688312,1232,953160,1096,28962,136,924200,30058,0.03149433043376216,0.03646283851220973,0.8896103896103896,134180.96103896102,0.140774855259307,0.14077485525930694,5.551115123125783e-17,1108,29205,124,923955,30313,0.031761582242935814,0.03655197440042226,0.8993506493506493,125139.93506493507,0.13128953697693468,0.13128953697693468,0.0
E6_threshold_divergence,decision_tree__weighted__split42__model42,decision_tree,weighted,42,42,no_origin_balance,773.7010836478753,773.7010836478753,R_x1,1.0000416877063476,6.014139364405448e-05,B,youden,val,False,0.47732776403427124,0.0,True,773.6688311688312,1232,953160,1096,28962,136,924200,30058,0.03149433043376216,0.03646283851220973,0.8896103896103896,134185.34737611102,0.14077358862094477,0.14077358862094477,0.0,1108,29205,124,923955,30313,0.031761582242935814,0.03655197440042226,0.8993506493506493,125143.93437233653,0.13128825971109087,0.1312882597110909,2.7755575615628914e-17
E6_threshold_divergence,decision_tree__weighted__split42__model42,decision_tree,weighted,42,42,no_origin_balance,773.7010836478753,773.7010836478753,R_x1,1.0000416877063476,6.014139364405448e-05,C,ner_optimal,val,True,0.47732776403427124,0.0,True,773.6688311688312,1232,953160,1096,28962,136,924200,30058,0.03149433043376216,0.03646283851220973,0.8896103896103896,134185.34737611102,0.14077358862094477,0.14077358862094477,0.0,1108,29205,124,923955,30313,0.031761582242935814,0.03655197440042226,0.8993506493506493,125143.93437233653,0.13128825971109087,0.1312882597110909,2.7755575615628914e-17
E6_threshold_divergence,decision_tree__weighted__split42__model42,decision_tree,weighted,42,42,no_origin_balance,773.7010836478753,3094.804334591501,R_x4,4.00016675082539,2.000060141393644,B,youden,val,False,0.47732776403427124,0.31357114017009735,False,773.6688311688312,1232,953160,1096,28962,136,924200,30058,0.03149433043376216,0.03646283851220973,0.8896103896103896,449855.38950444415,0.11798560494744399,0.11798560494744399,0.0,1108,29205,124,923955,30313,0.031761582242935814,0.03655197440042226,0.8993506493506493,412960.7374893461,0.10830907791478568,0.10830907791478571,2.7755575615628914e-17
E6_threshold_divergence,decision_tree__weighted__split42__model42,decision_tree,weighted,42,42,no_origin_balance,773.7010836478753,3094.804334591501,R_x4,4.00016675082539,2.000060141393644,C,ner_optimal,val,True,0.1637566238641739,0.31357114017009735,False,773.6688311688312,1232,953160,1188,153020,44,800142,154208,0.16157687495939832,0.007703880473127205,0.9642857142857143,289191.39072202606,0.07584753228702577,0.07584753228702577,0.0,1190,153157,42,800003,154347,0.16172285601723402,0.007709900419185342,0.9659090909090909,283138.782052843,0.07426008727246151,0.07426008727246149,2.7755575615628914e-17
E6_threshold_divergence,decision_tree__weighted__split42__model42,decision_tree,weighted,42,42,no_origin_balance,773.7010836478753,12379.217338366005,R_x16,16.00066700330156,4.000060141393644,B,youden,val,False,0.47732776403427124,0.3514874130487442,False,773.6688311688312,1232,953160,1096,28962,136,924200,30058,0.03149433043376216,0.03646283851220973,0.8896103896103896,1712535.5580177766,0.11228860902906879,0.11228860902906879,0.0,1108,29205,124,923955,30313,0.031761582242935814,0.03655197440042226,0.8993506493506493,1564227.9499573845,0.10256428246570938,0.10256428246570941,2.7755575615628914e-17
E6_threshold_divergence,decision_tree__weighted__split42__model42,decision_tree,weighted,42,42,no_origin_balance,773.7010836478753,12379.217338366005,R_x16,16.00066700330156,4.000060141393644,C,ner_optimal,val,True,0.12584035098552704,0.3514874130487442,False,773.6688311688312,1232,953160,1221,331266,11,621896,332487,0.34837498978409337,0.003672324030713983,0.9910714285714286,467437.39072202606,0.030649228955635387,0.03064922895563539,3.469446951953614e-18,1224,331215,8,621945,332439,0.34832542603039424,0.0036818784799617374,0.9935064935064936,430248.73870692804,0.028210820020480254,0.028210820020480254,0.0
E6_threshold_divergence,decision_tree__weighted__split42__model42,decision_tree,weighted,42,42,no_origin_balance,773.7010836478753,49516.86935346402,R_x64,64.00266801320625,6.000060141393644,B,youden,val,False,0.47732776403427124,0.3514874130487442,False,773.6688311688312,1232,953160,1096,28962,136,924200,30058,0.03149433043376216,0.03646283851220973,0.8896103896103896,6763256.232071106,0.11086436004947499,0.11086436004947499,0.0,1108,29205,124,923955,30313,0.031761582242935814,0.03655197440042226,0.8993506493506493,6169296.799829538,0.1011280836034403,0.10112808360344033,2.7755575615628914e-17
E6_threshold_divergence,decision_tree__weighted__split42__model42,decision_tree,weighted,42,42,no_origin_balance,773.7010836478753,49516.86935346402,R_x64,64.00266801320625,6.000060141393644,C,ner_optimal,val,True,0.12584035098552704,0.3514874130487442,False,773.6688311688312,1232,953160,1221,331266,11,621896,332487,0.34837498978409337,0.003672324030713983,0.9910714285714286,875951.5628881042,0.014358735810337418,0.01435873581033742,1.734723475976807e-18,1224,331215,8,621945,332439,0.34832542603039424,0.0036818784799617374,0.9935064935064936,727349.9548277122,0.011922834875249934,0.011922834875249934,0.0
E6_threshold_divergence,decision_tree__weighted__split42__model456,decision_tree,weighted,42,456,no_origin_balance,773.7010836478753,12.089079431998051,R_x0.015625,0.01562565137041168,-5.999939858606356,B,youden,val,False,0.47732776403427124,-0.5156716704368591,False,773.6688311688312,1232,953160,1096,28952,136,924210,30048,0.03148385258079996,0.03647497337593184,0.8896103896103896,30596.114802751734,2.0542927944318037,2.0542927944318037,0.0,1108,29203,124,923957,30311,0.031759486667951954,0.03655438619643034,0.8993506493506493,30702.04584956776,2.0614052460480856,2.0614052460480856,0.0
E6_threshold_divergence,decision_tree__weighted__split42__model456,decision_tree,weighted,42,456,no_origin_balance,773.7010836478753,12.089079431998051,R_x0.015625,0.01562565137041168,-5.999939858606356,C,ner_optimal,val,True,0.9929994344711304,-0.5156716704368591,False,773.6688311688312,1232,953160,900,566,332,952596,1466,0.0015360532442576127,0.6139154160982264,0.7305194805194806,4579.574371423353,0.30748304787813896,0.307483047878139,5.551115123125783e-17,951,540,281,952620,1491,0.001562251150470666,0.6378269617706237,0.7719155844155844,3937.0313203914525,0.26434124479769217,0.2643412447976922,5.551115123125783e-17
E6_threshold_divergence,decision_tree__weighted__split42__model456,decision_tree,weighted,42,456,no_origin_balance,773.7010836478753,48.356317727992206,R_x0.0625,0.06250260548164673,-3.999939858606356,B,youden,val,False,0.47732776403427124,-0.45592790842056274,False,773.6688311688312,1232,953160,1096,28952,136,924210,30048,0.03148385258079996,0.03647497337593184,0.8896103896103896,35528.45921100694,0.5963654064001587,0.5963654064001587,0.0,1108,29203,124,923957,30311,0.031759486667951954,0.03655438619643034,0.8993506493506493,35199.18339827103,0.5908383244990343,0.5908383244990343,0.0
E6_threshold_divergence,decision_tree__weighted__split42__model456,decision_tree,weighted,42,456,no_origin_balance,773.7010836478753,48.356317727992206,R_x0.0625,0.06250260548164673,-3.999939858606356,C,ner_optimal,val,True,0.933255672454834,-0.45592790842056274,False,773.6688311688312,1232,953160,979,2730,253,950432,3709,0.0038862356636776845,0.26395254785656513,0.7946428571428571,14964.148385182029,0.2511817464461452,0.25118174644614527,5.551115123125783e-17,1018,2730,214,950430,3748,0.003927107519761272,0.27161152614727857,0.8262987012987013,13078.251993790333,0.21952590229030103,0.21952590229030108,5.551115123125783e-17
E6_threshold_divergence,decision_tree__weighted__split42__model456,decision_tree,weighted,42,456,no_origin_balance,773.7010836478753,193.42527091196882,R_x0.25,0.2500104219265869,-1.999939858606356,B,youden,val,False,0.47732776403427124,-0.2889397144317627,False,773.6688311688312,1232,953160,1096,28952,136,924210,30048,0.03148385258079996,0.03647497337593184,0.8896103896103896,55257.836844027755,0.23188355939224745,0.23188355939224745,0.0,1108,29203,124,923957,30311,0.031759486667951954,0.03655438619643034,0.8993506493506493,53187.73359308414,0.2231965941117715,0.2231965941117716,8.326672684688674e-17
E6_threshold_divergence,decision_tree__weighted__split42__model456,decision_tree,weighted,42,456,no_origin_balance,773.7010836478753,193.42527091196882,R_x0.25,0.2500104219265869,-1.999939858606356,C,ner_optimal,val,True,0.7662674784660339,-0.2889397144317627,False,773.6688311688312,1232,953160,1017,8078,215,945084,9095,0.00952960726911527,0.11181968114348544,0.825487012987013,49664.4332460733,0.20841144377049256,0.20841144377049262,5.551115123125783e-17,1056,8083,176,945077,9139,0.00957572988876688,0.1155487471276945,0.8571428571428571,42125.847680506515,0.1767765815759987,0.17677658157599874,2.7755575615628914e-17
E6_threshold_divergence,decision_tree__weighted__split42__model456,decision_tree,weighted,42,456,no_origin_balance,773.7010836478753,773.6688311688312,val_class_ratio,1.0,0.0,B,youden,val,False,0.47732776403427124,0.0,True,773.6688311688312,1232,953160,1096,28952,136,924210,30048,0.03148385258079996,0.03647497337593184,0.8896103896103896,134170.96103896102,0.14076436384128693,0.1407643638412869,2.7755575615628914e-17,1108,29203,124,923957,30311,0.031759486667951954,0.03655438619643034,0.8993506493506493,125137.93506493507,0.13128743869333065,0.13128743869333068,2.7755575615628914e-17
E6_threshold_divergence,decision_tree__weighted__split42__model456,decision_tree,weighted,42,456,no_origin_balance,773.7010836478753,773.6688311688312,val_class_ratio,1.0,0.0,C,ner_optimal,val,True,0.47732776403427124,0.0,True,773.6688311688312,1232,953160,1096,28952,136,924210,30048,0.03148385258079996,0.03647497337593184,0.8896103896103896,134170.96103896102,0.14076436384128693,0.1407643638412869,2.7755575615628914e-17,1108,29203,124,923957,30311,0.031759486667951954,0.03655438619643034,0.8993506493506493,125137.93506493507,0.13128743869333065,0.13128743869333068,2.7755575615628914e-17
E6_threshold_divergence,decision_tree__weighted__split42__model456,decision_tree,weighted,42,456,no_origin_balance,773.7010836478753,773.7010836478753,R_x1,1.0000416877063476,6.014139364405448e-05,B,youden,val,False,0.47732776403427124,0.0,True,773.6688311688312,1232,953160,1096,28952,136,924210,30048,0.03148385258079996,0.03647497337593184,0.8896103896103896,134175.34737611102,0.14076309764026965,0.14076309764026965,0.0,1108,29203,124,923957,30311,0.031759486667951954,0.03655438619643034,0.8993506493506493,125141.93437233653,0.13128616151495584,0.13128616151495587,2.7755575615628914e-17
E6_threshold_divergence,decision_tree__weighted__split42__model456,decision_tree,weighted,42,456,no_origin_balance,773.7010836478753,773.7010836478753,R_x1,1.0000416877063476,6.014139364405448e-05,C,ner_optimal,val,True,0.47732776403427124,0.0,True,773.6688311688312,1232,953160,1096,28952,136,924210,30048,0.03148385258079996,0.03647497337593184,0.8896103896103896,134175.34737611102,0.14076309764026965,0.14076309764026965,0.0,1108,29203,124,923957,30311,0.031759486667951954,0.03655438619643034,0.8993506493506493,125141.93437233653,0.13128616151495584,0.13128616151495587,2.7755575615628914e-17
E6_threshold_divergence,decision_tree__weighted__split42__model456,decision_tree,weighted,42,456,no_origin_balance,773.7010836478753,3094.804334591501,R_x4,4.00016675082539,2.000060141393644,B,youden,val,False,0.47732776403427124,0.31357114017009735,False,773.6688311688312,1232,953160,1096,28952,136,924210,30048,0.03148385258079996,0.03647497337593184,0.8896103896103896,449845.38950444415,0.11798298220227521,0.11798298220227521,0.0,1108,29203,124,923957,30311,0.031759486667951954,0.03655438619643034,0.8993506493506493,412958.7374893461,0.10830855336575192,0.10830855336575196,4.163336342344337e-17
E6_threshold_divergence,decision_tree__weighted__split42__model456,decision_tree,weighted,42,456,no_origin_balance,773.7010836478753,3094.804334591501,R_x4,4.00016675082539,2.000060141393644,C,ner_optimal,val,True,0.1637566238641739,0.31357114017009735,False,773.6688311688312,1232,953160,1188,153010,44,800152,154198,0.16156639710643614,0.007704380082750749,0.9642857142857143,289181.39072202606,0.07584490954185699,0.07584490954185699,0.0,1190,153155,42,800005,154345,0.16172076044225014,0.0077100003239495936,0.9659090909090909,283136.782052843,0.07425956272342775,0.07425956272342774,1.3877787807814457e-17
E6_threshold_divergence,decision_tree__weighted__split42__model456,decision_tree,weighted,42,456,no_origin_balance,773.7010836478753,12379.217338366005,R_x16,16.00066700330156,4.000060141393644,B,youden,val,False,0.47732776403427124,0.3514874130487442,False,773.6688311688312,1232,953160,1096,28952,136,924210,30048,0.03148385258079996,0.03647497337593184,0.8896103896103896,1712525.5580177766,0.1122879533427766,0.1122879533427766,0.0,1108,29203,124,923957,30311,0.031759486667951954,0.03655438619643034,0.8993506493506493,1564225.9499573845,0.10256415132845094,0.10256415132845097,2.7755575615628914e-17
E6_threshold_divergence,decision_tree__weighted__split42__model456,decision_tree,weighted,42,456,no_origin_balance,773.7010836478753,12379.217338366005,R_x16,16.00066700330156,4.000060141393644,C,ner_optimal,val,True,0.12584035098552704,0.3514874130487442,False,773.6688311688312,1232,953160,1221,331256,11,621906,332477,0.34836451193113116,0.003672434484189884,0.9910714285714286,467427.39072202606,0.030648573269343192,0.030648573269343195,3.469446951953614e-18,1224,331213,8,621947,332437,0.34832333045541036,0.003681900630796211,0.9935064935064936,430246.73870692804,0.028210688883221816,0.028210688883221816,0.0
E6_threshold_divergence,decision_tree__weighted__split42__model456,decision_tree,weighted,42,456,no_origin_balance,773.7010836478753,49516.86935346402,R_x64,64.00266801320625,6.000060141393644,B,youden,val,False,0.47732776403427124,0.3514874130487442,False,773.6688311688312,1232,953160,1096,28952,136,924210,30048,0.03148385258079996,0.03647497337593184,0.8896103896103896,6763246.232071106,0.11086419612790194,0.11086419612790194,0.0,1108,29203,124,923957,30311,0.031759486667951954,0.03655438619643034,0.8993506493506493,6169294.799829538,0.1011280508191257,0.10112805081912572,2.7755575615628914e-17
E6_threshold_divergence,decision_tree__weighted__split42__model456,decision_tree,weighted,42,456,no_origin_balance,773.7010836478753,49516.86935346402,R_x64,64.00266801320625,6.000060141393644,C,ner_optimal,val,True,0.12584035098552704,0.3514874130487442,False,773.6688311688312,1232,953160,1221,331256,11,621906,332477,0.34836451193113116,0.003672434484189884,0.9910714285714286,875941.5628881042,0.014358571888764368,0.01435857188876437,1.734723475976807e-18,1224,331213,8,621947,332437,0.34832333045541036,0.003681900630796211,0.9935064935064936,727347.9548277122,0.011922802090935325,0.011922802090935325,0.0
E6_threshold_divergence,decision_tree__weighted__split42__model789,decision_tree,weighted,42,789,no_origin_balance,773.7010836478753,12.089079431998051,R_x0.015625,0.01562565137041168,-5.999939858606356,B,youden,val,False,0.47732776403427124,-0.5156716704368591,False,773.6688311688312,1232,953160,1096,28948,136,924214,30044,0.031479661439615086,0.03647982958327786,0.8896103896103896,30592.114802751734,2.0540242253265197,2.0540242253265197,0.0,1107,29210,125,923950,30317,0.03176577339290355,0.036514166969027276,0.898538961038961,30721.134928999756,2.06268693029402,2.06268693029402,0.0
E6_threshold_divergence,decision_tree__weighted__split42__model789,decision_tree,weighted,42,789,no_origin_balance,773.7010836478753,12.089079431998051,R_x0.015625,0.01562565137041168,-5.999939858606356,C,ner_optimal,val,True,0.9929994344711304,-0.5156716704368591,False,773.6688311688312,1232,953160,900,566,332,952596,1466,0.0015360532442576127,0.6139154160982264,0.7305194805194806,4579.574371423353,0.30748304787813896,0.307483047878139,5.551115123125783e-17,951,540,281,952620,1491,0.001562251150470666,0.6378269617706237,0.7719155844155844,3937.0313203914525,0.26434124479769217,0.2643412447976922,5.551115123125783e-17
E6_threshold_divergence,decision_tree__weighted__split42__model789,decision_tree,weighted,42,789,no_origin_balance,773.7010836478753,48.356317727992206,R_x0.0625,0.06250260548164673,-3.999939858606356,B,youden,val,False,0.47732776403427124,-0.47300732135772705,False,773.6688311688312,1232,953160,1096,28948,136,924214,30044,0.031479661439615086,0.03647982958327786,0.8896103896103896,35524.45921100694,0.5962982641238378,0.5962982641238378,0.0,1107,29210,125,923950,30317,0.03176577339290355,0.036514166969027276,0.898538961038961,35254.539715999024,0.5917675117942841,0.5917675117942841,0.0
E6_threshold_divergence,decision_tree__weighted__split42__model789,decision_tree,weighted,42,789,no_origin_balance,773.7010836478753,48.356317727992206,R_x0.0625,0.06250260548164673,-3.999939858606356,C,ner_optimal,val,True,0.9503350853919983,-0.47300732135772705,False,773.6688311688312,1232,953160,978,2676,254,950486,3654,0.0038286074723856184,0.2676518883415435,0.7938311688311688,14958.50470291002,0.25108701402750155,0.25108701402750166,1.1102230246251565e-16,1016,2665,216,950495,3681,0.0038569057578018255,0.276011953273567,0.8246753246753247,13109.964629246317,0.22005821692346333,0.22005821692346336,2.7755575615628914e-17
E6_threshold_divergence,decision_tree__weighted__split42__model789,decision_tree,weighted,42,789,no_origin_balance,773.7010836478753,193.42527091196882,R_x0.25,0.2500104219265869,-1.999939858606356,B,youden,val,False,0.47732776403427124,-0.2889397144317627,False,773.6688311688312,1232,953160,1096,28948,136,924214,30044,0.031479661439615086,0.03647982958327786,0.8896103896103896,55253.836844027755,0.23186677382316723,0.23186677382316723,0.0,1107,29210,125,923950,30317,0.03176577339290355,0.036514166969027276,0.898538961038961,53388.158863996105,0.22403765716935023,0.22403765716935028,5.551115123125783e-17
E6_threshold_divergence,decision_tree__weighted__split42__model789,decision_tree,weighted,42,789,no_origin_balance,773.7010836478753,193.42527091196882,R_x0.25,0.2500104219265869,-1.999939858606356,C,ner_optimal,val,True,0.7662674784660339,-0.2889397144317627,False,773.6688311688312,1232,953160,1017,8074,215,945088,9091,0.009525416127930394,0.11186888131118689,0.825487012987013,49660.4332460733,0.20839465820141234,0.2083946582014124,5.551115123125783e-17,1055,8090,177,945070,9145,0.009582016613718472,0.11536358665937671,0.8563311688311688,42326.27295141848,0.1776176446335774,0.17761764463357743,2.7755575615628914e-17
E6_threshold_divergence,decision_tree__weighted__split42__model789,decision_tree,weighted,42,789,no_origin_balance,773.7010836478753,773.6688311688312,val_class_ratio,1.0,0.0,B,youden,val,False,0.47732776403427124,0.0,True,773.6688311688312,1232,953160,1096,28948,136,924214,30044,0.031479661439615086,0.03647982958327786,0.8896103896103896,134166.96103896102,0.1407601672740789,0.14076016727407886,2.7755575615628914e-17,1107,29210,125,923950,30317,0.03176577339290355,0.036514166969027276,0.898538961038961,125918.6038961039,0.132106470997633,0.13210647099763304,2.7755575615628914e-17
E6_threshold_divergence,decision_tree__weighted__split42__model789,decision_tree,weighted,42,789,no_origin_balance,773.7010836478753,773.6688311688312,val_class_ratio,1.0,0.0,C,ner_optimal,val,True,0.47732776403427124,0.0,True,773.6688311688312,1232,953160,1096,28948,136,924214,30044,0.031479661439615086,0.03647982958327786,0.8896103896103896,134166.96103896102,0.1407601672740789,0.14076016727407886,2.7755575615628914e-17,1107,29210,125,923950,30317,0.03176577339290355,0.036514166969027276,0.898538961038961,125918.6038961039,0.132106470997633,0.13210647099763304,2.7755575615628914e-17
E6_threshold_divergence,decision_tree__weighted__split42__model789,decision_tree,weighted,42,789,no_origin_balance,773.7010836478753,773.7010836478753,R_x1,1.0000416877063476,6.014139364405448e-05,B,youden,val,False,0.47732776403427124,0.0,True,773.6688311688312,1232,953160,1096,28948,136,924214,30044,0.031479661439615086,0.03647982958327786,0.8896103896103896,134171.34737611102,0.14075890124799958,0.14075890124799958,0.0,1107,29210,125,923950,30317,0.03176577339290355,0.036514166969027276,0.898538961038961,125922.63545598442,0.13210519351311675,0.1321051935131168,5.551115123125783e-17
E6_threshold_divergence,decision_tree__weighted__split42__model789,decision_tree,weighted,42,789,no_origin_balance,773.7010836478753,773.7010836478753,R_x1,1.0000416877063476,6.014139364405448e-05,C,ner_optimal,val,True,0.47732776403427124,0.0,True,773.6688311688312,1232,953160,1096,28948,136,924214,30044,0.031479661439615086,0.03647982958327786,0.8896103896103896,134171.34737611102,0.14075890124799958,0.14075890124799958,0.0,1107,29210,125,923950,30317,0.03176577339290355,0.036514166969027276,0.898538961038961,125922.63545598442,0.13210519351311675,0.1321051935131168,5.551115123125783e-17
E6_threshold_divergence,decision_tree__weighted__split42__model789,decision_tree,weighted,42,789,no_origin_balance,773.7010836478753,3094.804334591501,R_x4,4.00016675082539,2.000060141393644,B,youden,val,False,0.47732776403427124,0.31357114017009735,False,773.6688311688312,1232,953160,1096,28948,136,924214,30044,0.031479661439615086,0.03647982958327786,0.8896103896103896,449841.38950444415,0.1179819331042077,0.1179819331042077,0.0,1107,29210,125,923950,30317,0.03176577339290355,0.036514166969027276,0.898538961038961,416060.5418239377,0.10912207759905838,0.10912207759905843,4.163336342344337e-17
E6_threshold_divergence,decision_tree__weighted__split42__model789,decision_tree,weighted,42,789,no_origin_balance,773.7010836478753,3094.804334591501,R_x4,4.00016675082539,2.000060141393644,C,ner_optimal,val,True,0.1637566238641739,0.31357114017009735,False,773.6688311688312,1232,953160,1188,153006,44,800156,154194,0.16156220596525125,0.007704579944744932,0.9642857142857143,289177.39072202606,0.07584386044378948,0.07584386044378948,0.0,1189,153162,43,799998,154351,0.16172704716720174,0.007703221877409281,0.9650974025974026,286238.5863874345,0.0750730869567342,0.07507308695673419,1.3877787807814457e-17
E6_threshold_divergence,decision_tree__weighted__split42__model789,decision_tree,weighted,42,789,no_origin_balance,773.7010836478753,12379.217338366005,R_x16,16.00066700330156,4.000060141393644,B,youden,val,False,0.47732776403427124,0.3514874130487442,False,773.6688311688312,1232,953160,1096,28948,136,924214,30044,0.031479661439615086,0.03647982958327786,0.8896103896103896,1712521.5580177766,0.11228769106825971,0.11228769106825971,0.0,1107,29210,125,923950,30317,0.03176577339290355,0.036514166969027276,0.898538961038961,1576612.1672957507,0.10337629862054379,0.10337629862054383,4.163336342344337e-17
E6_threshold_divergence,decision_tree__weighted__split42__model789,decision_tree,weighted,42,789,no_origin_balance,773.7010836478753,12379.217338366005,R_x16,16.00066700330156,4.000060141393644,C,ner_optimal,val,True,0.12584035098552704,0.3514874130487442,False,773.6688311688312,1232,953160,1221,331252,11,621910,332473,0.3483603207899463,0.0036724786674406642,0.9910714285714286,467423.39072202606,0.030648310994826313,0.030648310994826317,3.469446951953614e-18,1223,331220,9,621940,332443,0.34832961718036193,0.0036788261446323127,0.9926948051948052,442632.95604529406,0.029022836175314665,0.029022836175314665,0.0
E6_threshold_divergence,decision_tree__weighted__split42__model789,decision_tree,weighted,42,789,no_origin_balance,773.7010836478753,49516.86935346402,R_x64,64.00266801320625,6.000060141393644,B,youden,val,False,0.47732776403427124,0.3514874130487442,False,773.6688311688312,1232,953160,1096,28948,136,924214,30044,0.031479661439615086,0.03647982958327786,0.8896103896103896,6763242.232071106,0.11086413055927272,0.11086413055927272,0.0,1107,29210,125,923950,30317,0.03176577339290355,0.036514166969027276,0.898538961038961,6218818.669183003,0.10193985387591514,0.10193985387591518,4.163336342344337e-17
E6_threshold_divergence,decision_tree__weighted__split42__model789,decision_tree,weighted,42,789,no_origin_balance,773.7010836478753,49516.86935346402,R_x64,64.00266801320625,6.000060141393644,C,ner_optimal,val,True,0.12584035098552704,0.3514874130487442,False,773.6688311688312,1232,953160,1221,331252,11,621910,332473,0.3483603207899463,0.0036724786674406642,0.9910714285714286,875937.5628881042,0.01435850632013515,0.014358506320135151,1.734723475976807e-18,1223,331220,9,621940,332443,0.34832961718036193,0.0036788261446323127,0.9926948051948052,776871.8241811761,0.01273460514772477,0.01273460514772477,0.0
E6_threshold_divergence,decision_tree__weighted__split456__model123,decision_tree,weighted,456,123,no_origin_balance,773.7010836478753,12.089079431998051,R_x0.015625,0.01562565137041168,-5.999939858606356,B,youden,val,False,0.6332982182502747,-0.3489285707473755,False,773.6688311688312,1232,953160,1110,30460,122,922702,31570,0.033078581801645864,0.035159961989230284,0.900974025974026,31934.867690703762,2.144179710760058,2.144179710760058,0.0,1140,30221,92,922939,31361,0.03285966353448059,0.03635088166831415,0.9253246753246753,31333.19530774382,2.1037820573687176,2.1037820573687176,0.0
E6_threshold_divergence,decision_tree__weighted__split456__model123,decision_tree,weighted,456,123,no_origin_balance,773.7010836478753,12.089079431998051,R_x0.015625,0.01562565137041168,-5.999939858606356,C,ner_optimal,val,True,0.9822267889976501,-0.3489285707473755,False,773.6688311688312,1232,953160,948,618,284,952544,1566,0.0016408317738795509,0.6053639846743295,0.7694805194805194,4051.2985586874465,0.272013407285786,0.272013407285786,0.0,923,620,309,952540,1543,0.001616736100051132,0.5981853532080363,0.7491883116883117,4355.525544487398,0.2924398996306355,0.29243989963063555,5.551115123125783e-17
E6_threshold_divergence,decision_tree__weighted__split456__model123,decision_tree,weighted,456,123,no_origin_balance,773.7010836478753,48.356317727992206,R_x0.0625,0.06250260548164673,-3.999939858606356,B,youden,val,False,0.6332982182502747,-0.3021543622016907,False,773.6688311688312,1232,953160,1110,30460,122,922702,31570,0.033078581801645864,0.035159961989230284,0.900974025974026,36359.47076281505,0.6103144082094951,0.6103144082094951,0.0,1140,30221,92,922939,31361,0.03285966353448059,0.03635088166831415,0.9253246753246753,34669.781230975284,0.581952007848673,0.581952007848673,0.0
E6_threshold_divergence,decision_tree__weighted__split456__model123,decision_tree,weighted,456,123,no_origin_balance,773.7010836478753,48.356317727992206,R_x0.0625,0.06250260548164673,-3.999939858606356,C,ner_optimal,val,True,0.9354525804519653,-0.3021543622016907,False,773.6688311688312,1232,953160,1003,2945,229,950217,3948,0.004136656349474116,0.2540526849037487,0.8141233766233766,14018.596759710215,0.23531012431787313,0.2353101243178732,8.326672684688674e-17,1012,2944,220,950216,3956,0.004145047318083136,0.2558139534883721,0.8214285714285714,13582.389900158285,0.22798814394359812,0.22798814394359818,5.551115123125783e-17
E6_threshold_divergence,decision_tree__weighted__split456__model123,decision_tree,weighted,456,123,no_origin_balance,773.7010836478753,193.42527091196882,R_x0.25,0.2500104219265869,-1.999939858606356,B,youden,val,False,0.6332982182502747,-0.1322110891342163,False,773.6688311688312,1232,953160,1110,30460,122,922702,31570,0.033078581801645864,0.035159961989230284,0.900974025974026,54057.8830512602,0.22684808257185424,0.2268480825718543,5.551115123125783e-17,1140,30221,92,922939,31361,0.03285966353448059,0.03635088166831415,0.9253246753246753,48016.12492390113,0.20149449546866172,0.20149449546866174,2.7755575615628914e-17
E6_threshold_divergence,decision_tree__weighted__split456__model123,decision_tree,weighted,456,123,no_origin_balance,773.7010836478753,193.42527091196882,R_x0.25,0.2500104219265869,-1.999939858606356,C,ner_optimal,val,True,0.765509307384491,-0.1322110891342163,False,773.6688311688312,1232,953160,1068,12388,164,940774,13456,0.014098998945927992,0.07936979785969084,0.8668831168831169,44109.74442956289,0.18510179055832646,0.18510179055832648,2.7755575615628914e-17,1089,12396,143,940764,13485,0.01412941432870351,0.08075639599555061,0.8839285714285714,40055.81374041154,0.16808990715103236,0.16808990715103236,0.0
E6_threshold_divergence,decision_tree__weighted__split456__model123,decision_tree,weighted,456,123,no_origin_balance,773.7010836478753,773.6688311688312,val_class_ratio,1.0,0.0,B,youden,val,False,0.6332982182502747,0.0,True,773.6688311688312,1232,953160,1110,30460,122,922702,31570,0.033078581801645864,0.035159961989230284,0.900974025974026,124847.5974025974,0.13098283331507551,0.13098283331507554,2.7755575615628914e-17,1140,30221,92,922939,31361,0.03285966353448059,0.03635088166831415,0.9253246753246753,101398.53246753247,0.10638143907374678,0.10638143907374677,1.3877787807814457e-17
E6_threshold_divergence,decision_tree__weighted__split456__model123,decision_tree,weighted,456,123,no_origin_balance,773.7010836478753,773.6688311688312,val_class_ratio,1.0,0.0,C,ner_optimal,val,True,0.6332982182502747,0.0,True,773.6688311688312,1232,953160,1110,30460,122,922702,31570,0.033078581801645864,0.035159961989230284,0.900974025974026,124847.5974025974,0.13098283331507551,0.13098283331507554,2.7755575615628914e-17,1140,30221,92,922939,31361,0.03285966353448059,0.03635088166831415,0.9253246753246753,101398.53246753247,0.10638143907374678,0.10638143907374677,1.3877787807814457e-17
E6_threshold_divergence,decision_tree__weighted__split456__model123,decision_tree,weighted,456,123,no_origin_balance,773.7010836478753,773.7010836478753,R_x1,1.0000416877063476,6.014139364405448e-05,B,youden,val,False,0.6332982182502747,0.0,True,773.6688311688312,1232,953160,1110,30460,122,922702,31570,0.033078581801645864,0.035159961989230284,0.900974025974026,124851.53220504078,0.13098150116244406,0.1309815011624441,2.7755575615628914e-17,1140,30221,92,922939,31361,0.03285966353448059,0.03635088166831415,0.9253246753246753,101401.49969560452,0.10638011737365892,0.10638011737365893,1.3877787807814457e-17
E6_threshold_divergence,decision_tree__weighted__split456__model123,decision_tree,weighted,456,123,no_origin_balance,773.7010836478753,773.7010836478753,R_x1,1.0000416877063476,6.014139364405448e-05,C,ner_optimal,val,True,0.6332982182502747,0.0,True,773.6688311688312,1232,953160,1110,30460,122,922702,31570,0.033078581801645864,0.035159961989230284,0.900974025974026,124851.53220504078,0.13098150116244406,0.1309815011624441,2.7755575615628914e-17,1140,30221,92,922939,31361,0.03285966353448059,0.03635088166831415,0.9253246753246753,101401.49969560452,0.10638011737365892,0.10638011737365893,1.3877787807814457e-17
E6_threshold_divergence,decision_tree__weighted__split456__model123,decision_tree,weighted,456,123,no_origin_balance,773.7010836478753,3094.804334591501,R_x4,4.00016675082539,2.000060141393644,B,youden,val,False,0.6332982182502747,0.3934133052825928,False,773.6688311688312,1232,953160,1110,30460,122,922702,31570,0.033078581801645864,0.035159961989230284,0.900974025974026,408026.12882016314,0.10701485581009151,0.10701485581009154,2.7755575615628914e-17,1140,30221,92,922939,31361,0.03285966353448059,0.03635088166831415,0.9253246753246753,314942.9987824181,0.08260152284990822,0.08260152284990824,1.3877787807814457e-17
E6_threshold_divergence,decision_tree__weighted__split456__model123,decision_tree,weighted,456,123,no_origin_balance,773.7010836478753,3094.804334591501,R_x4,4.00016675082539,2.000060141393644,C,ner_optimal,val,True,0.23988491296768188,0.3934133052825928,False,773.6688311688312,1232,953160,1178,118191,54,834971,119369,0.1250730830244113,0.009868558838559425,0.9561688311688312,285310.43406794104,0.07482965625554944,0.07482965625554944,0.0,1190,117079,42,836081,118269,0.12392077888331,0.010061808250682766,0.9659090909090909,247060.78205284305,0.06479774725252087,0.06479774725252087,0.0
E6_threshold_divergence,decision_tree__weighted__split456__model123,decision_tree,weighted,456,123,no_origin_balance,773.7010836478753,12379.217338366005,R_x16,16.00066700330156,4.000060141393644,B,youden,val,False,0.6332982182502747,0.5078446418046951,False,773.6688311688312,1232,953160,1110,30460,122,922702,31570,0.033078581801645864,0.035159961989230284,0.900974025974026,1540724.5152806526,0.10102319447200338,0.1010231944720034,2.7755575615628914e-17,1140,30221,92,922939,31361,0.03285966353448059,0.03635088166831415,0.9253246753246753,1169108.9951296723,0.07665687421897055,0.07665687421897056,1.3877787807814457e-17
E6_threshold_divergence,decision_tree__weighted__split456__model123,decision_tree,weighted,456,123,no_origin_balance,773.7010836478753,12379.217338366005,R_x16,16.00066700330156,4.000060141393644,C,ner_optimal,val,True,0.12545357644557953,0.5078446418046951,False,773.6688311688312,1232,953160,1224,333775,8,619387,334999,0.3510070264481964,0.003653742249976866,0.9935064935064936,432808.73870692804,0.028378675711282463,0.028378675711282463,0.0,1226,333576,6,619584,334802,0.3508013478738296,0.003661865819200602,0.9951298701298701,407851.30403019604,0.026742250930691137,0.026742250930691137,0.0
E6_threshold_divergence,decision_tree__weighted__split456__model123,decision_tree,weighted,456,123,no_origin_balance,773.7010836478753,49516.86935346402,R_x64,64.00266801320625,6.000060141393644,B,youden,val,False,0.6332982182502747,0.5078446418046951,False,773.6688311688312,1232,953160,1110,30460,122,922702,31570,0.033078581801645864,0.035159961989230284,0.900974025974026,6071518.06112261,0.09952527913748134,0.09952527913748137,2.7755575615628914e-17,1140,30221,92,922939,31361,0.03285966353448059,0.03635088166831415,0.9253246753246753,4585772.980518689,0.07517071206123613,0.07517071206123614,1.3877787807814457e-17
E6_threshold_divergence,decision_tree__weighted__split456__model123,decision_tree,weighted,456,123,no_origin_balance,773.7010836478753,49516.86935346402,R_x64,64.00266801320625,6.000060141393644,C,ner_optimal,val,True,0.12545357644557953,0.5078446418046951,False,773.6688311688312,1232,953160,1224,333775,8,619387,334999,0.3510070264481964,0.003653742249976866,0.9935064935064936,729909.9548277122,0.011964798797950486,0.011964798797950486,0.0,1226,333576,6,619584,334802,0.3508013478738296,0.003661865819200602,0.9951298701298701,630677.2161207842,0.010338160135270188,0.010338160135270188,0.0
E6_threshold_divergence,decision_tree__weighted__split456__model42,decision_tree,weighted,456,42,no_origin_balance,773.7010836478753,12.089079431998051,R_x0.015625,0.01562565137041168,-5.999939858606356,B,youden,val,False,0.6332982182502747,-0.3489285707473755,False,773.6688311688312,1232,953160,1110,30460,122,922702,31570,0.033078581801645864,0.035159961989230284,0.900974025974026,31934.867690703762,2.144179710760058,2.144179710760058,0.0,1140,30221,92,922939,31361,0.03285966353448059,0.03635088166831415,0.9253246753246753,31333.19530774382,2.1037820573687176,2.1037820573687176,0.0
E6_threshold_divergence,decision_tree__weighted__split456__model42,decision_tree,weighted,456,42,no_origin_balance,773.7010836478753,12.089079431998051,R_x0.015625,0.01562565137041168,-5.999939858606356,C,ner_optimal,val,True,0.9822267889976501,-0.3489285707473755,False,773.6688311688312,1232,953160,948,616,284,952546,1564,0.001638736203287112,0.6061381074168798,0.7694805194805194,4049.2985586874465,0.2718791227331442,0.2718791227331442,0.0,923,618,309,952542,1541,0.001614640525067268,0.5989617131732641,0.7491883116883117,4353.525544487398,0.29230561507799374,0.2923056150779938,5.551115123125783e-17
E6_threshold_divergence,decision_tree__weighted__split456__model42,decision_tree,weighted,456,42,no_origin_balance,773.7010836478753,48.356317727992206,R_x0.0625,0.06250260548164673,-3.999939858606356,B,youden,val,False,0.6332982182502747,-0.3021543622016907,False,773.6688311688312,1232,953160,1110,30460,122,922702,31570,0.033078581801645864,0.035159961989230284,0.900974025974026,36359.47076281505,0.6103144082094951,0.6103144082094951,0.0,1140,30221,92,922939,31361,0.03285966353448059,0.03635088166831415,0.9253246753246753,34669.781230975284,0.581952007848673,0.581952007848673,0.0
E6_threshold_divergence,decision_tree__weighted__split456__model42,decision_tree,weighted,456,42,no_origin_balance,773.7010836478753,48.356317727992206,R_x0.0625,0.06250260548164673,-3.999939858606356,C,ner_optimal,val,True,0.9354525804519653,-0.3021543622016907,False,773.6688311688312,1232,953160,1003,2943,229,950219,3946,0.004134560778881678,0.254181449569184,0.8141233766233766,14016.596759710215,0.2352765531797127,0.23527655317971274,5.551115123125783e-17,1012,2942,220,950218,3954,0.004142951743099272,0.2559433485078402,0.8214285714285714,13580.389900158285,0.22795457280543768,0.2279545728054377,2.7755575615628914e-17
E6_threshold_divergence,decision_tree__weighted__split456__model42,decision_tree,weighted,456,42,no_origin_balance,773.7010836478753,193.42527091196882,R_x0.25,0.2500104219265869,-1.999939858606356,B,youden,val,False,0.6332982182502747,-0.1322110891342163,False,773.6688311688312,1232,953160,1110,30460,122,922702,31570,0.033078581801645864,0.035159961989230284,0.900974025974026,54057.8830512602,0.22684808257185424,0.2268480825718543,5.551115123125783e-17,1140,30221,92,922939,31361,0.03285966353448059,0.03635088166831415,0.9253246753246753,48016.12492390113,0.20149449546866172,0.20149449546866174,2.7755575615628914e-17
E6_threshold_divergence,decision_tree__weighted__split456__model42,decision_tree,weighted,456,42,no_origin_balance,773.7010836478753,193.42527091196882,R_x0.25,0.2500104219265869,-1.999939858606356,C,ner_optimal,val,True,0.765509307384491,-0.1322110891342163,False,773.6688311688312,1232,953160,1068,12388,164,940774,13456,0.014098998945927992,0.07936979785969084,0.8668831168831169,44109.74442956289,0.18510179055832646,0.18510179055832648,2.7755575615628914e-17,1089,12396,143,940764,13485,0.01412941432870351,0.08075639599555061,0.8839285714285714,40055.81374041154,0.16808990715103236,0.16808990715103236,0.0
E6_threshold_divergence,decision_tree__weighted__split456__model42,decision_tree,weighted,456,42,no_origin_balance,773.7010836478753,773.6688311688312,val_class_ratio,1.0,0.0,B,youden,val,False,0.6332982182502747,0.0,True,773.6688311688312,1232,953160,1110,30460,122,922702,31570,0.033078581801645864,0.035159961989230284,0.900974025974026,124847.5974025974,0.13098283331507551,0.13098283331507554,2.7755575615628914e-17,1140,30221,92,922939,31361,0.03285966353448059,0.03635088166831415,0.9253246753246753,101398.53246753247,0.10638143907374678,0.10638143907374677,1.3877787807814457e-17
E6_threshold_divergence,decision_tree__weighted__split456__model42,decision_tree,weighted,456,42,no_origin_balance,773.7010836478753,773.6688311688312,val_class_ratio,1.0,0.0,C,ner_optimal,val,True,0.6332982182502747,0.0,True,773.6688311688312,1232,953160,1110,30460,122,922702,31570,0.033078581801645864,0.035159961989230284,0.900974025974026,124847.5974025974,0.13098283331507551,0.13098283331507554,2.7755575615628914e-17,1140,30221,92,922939,31361,0.03285966353448059,0.03635088166831415,0.9253246753246753,101398.53246753247,0.10638143907374678,0.10638143907374677,1.3877787807814457e-17
E6_threshold_divergence,decision_tree__weighted__split456__model42,decision_tree,weighted,456,42,no_origin_balance,773.7010836478753,773.7010836478753,R_x1,1.0000416877063476,6.014139364405448e-05,B,youden,val,False,0.6332982182502747,0.0,True,773.6688311688312,1232,953160,1110,30460,122,922702,31570,0.033078581801645864,0.035159961989230284,0.900974025974026,124851.53220504078,0.13098150116244406,0.1309815011624441,2.7755575615628914e-17,1140,30221,92,922939,31361,0.03285966353448059,0.03635088166831415,0.9253246753246753,101401.49969560452,0.10638011737365892,0.10638011737365893,1.3877787807814457e-17
E6_threshold_divergence,decision_tree__weighted__split456__model42,decision_tree,weighted,456,42,no_origin_balance,773.7010836478753,773.7010836478753,R_x1,1.0000416877063476,6.014139364405448e-05,C,ner_optimal,val,True,0.6332982182502747,0.0,True,773.6688311688312,1232,953160,1110,30460,122,922702,31570,0.033078581801645864,0.035159961989230284,0.900974025974026,124851.53220504078,0.13098150116244406,0.1309815011624441,2.7755575615628914e-17,1140,30221,92,922939,31361,0.03285966353448059,0.03635088166831415,0.9253246753246753,101401.49969560452,0.10638011737365892,0.10638011737365893,1.3877787807814457e-17
E6_threshold_divergence,decision_tree__weighted__split456__model42,decision_tree,weighted,456,42,no_origin_balance,773.7010836478753,3094.804334591501,R_x4,4.00016675082539,2.000060141393644,B,youden,val,False,0.6332982182502747,0.3934133052825928,False,773.6688311688312,1232,953160,1110,30460,122,922702,31570,0.033078581801645864,0.035159961989230284,0.900974025974026,408026.12882016314,0.10701485581009151,0.10701485581009154,2.7755575615628914e-17,1140,30221,92,922939,31361,0.03285966353448059,0.03635088166831415,0.9253246753246753,314942.9987824181,0.08260152284990822,0.08260152284990824,1.3877787807814457e-17
E6_threshold_divergence,decision_tree__weighted__split456__model42,decision_tree,weighted,456,42,no_origin_balance,773.7010836478753,3094.804334591501,R_x4,4.00016675082539,2.000060141393644,C,ner_optimal,val,True,0.23988491296768188,0.3934133052825928,False,773.6688311688312,1232,953160,1178,118191,54,834971,119369,0.1250730830244113,0.009868558838559425,0.9561688311688312,285310.43406794104,0.07482965625554944,0.07482965625554944,0.0,1190,117079,42,836081,118269,0.12392077888331,0.010061808250682766,0.9659090909090909,247060.78205284305,0.06479774725252087,0.06479774725252087,0.0
E6_threshold_divergence,decision_tree__weighted__split456__model42,decision_tree,weighted,456,42,no_origin_balance,773.7010836478753,12379.217338366005,R_x16,16.00066700330156,4.000060141393644,B,youden,val,False,0.6332982182502747,0.5078446418046951,False,773.6688311688312,1232,953160,1110,30460,122,922702,31570,0.033078581801645864,0.035159961989230284,0.900974025974026,1540724.5152806526,0.10102319447200338,0.1010231944720034,2.7755575615628914e-17,1140,30221,92,922939,31361,0.03285966353448059,0.03635088166831415,0.9253246753246753,1169108.9951296723,0.07665687421897055,0.07665687421897056,1.3877787807814457e-17
E6_threshold_divergence,decision_tree__weighted__split456__model42,decision_tree,weighted,456,42,no_origin_balance,773.7010836478753,12379.217338366005,R_x16,16.00066700330156,4.000060141393644,C,ner_optimal,val,True,0.12545357644557953,0.5078446418046951,False,773.6688311688312,1232,953160,1224,333775,8,619387,334999,0.3510070264481964,0.003653742249976866,0.9935064935064936,432808.73870692804,0.028378675711282463,0.028378675711282463,0.0,1226,333576,6,619584,334802,0.3508013478738296,0.003661865819200602,0.9951298701298701,407851.30403019604,0.026742250930691137,0.026742250930691137,0.0
E6_threshold_divergence,decision_tree__weighted__split456__model42,decision_tree,weighted,456,42,no_origin_balance,773.7010836478753,49516.86935346402,R_x64,64.00266801320625,6.000060141393644,B,youden,val,False,0.6332982182502747,0.5078446418046951,False,773.6688311688312,1232,953160,1110,30460,122,922702,31570,0.033078581801645864,0.035159961989230284,0.900974025974026,6071518.06112261,0.09952527913748134,0.09952527913748137,2.7755575615628914e-17,1140,30221,92,922939,31361,0.03285966353448059,0.03635088166831415,0.9253246753246753,4585772.980518689,0.07517071206123613,0.07517071206123614,1.3877787807814457e-17
E6_threshold_divergence,decision_tree__weighted__split456__model42,decision_tree,weighted,456,42,no_origin_balance,773.7010836478753,49516.86935346402,R_x64,64.00266801320625,6.000060141393644,C,ner_optimal,val,True,0.12545357644557953,0.5078446418046951,False,773.6688311688312,1232,953160,1224,333775,8,619387,334999,0.3510070264481964,0.003653742249976866,0.9935064935064936,729909.9548277122,0.011964798797950486,0.011964798797950486,0.0,1226,333576,6,619584,334802,0.3508013478738296,0.003661865819200602,0.9951298701298701,630677.2161207842,0.010338160135270188,0.010338160135270188,0.0
E6_threshold_divergence,decision_tree__weighted__split456__model456,decision_tree,weighted,456,456,no_origin_balance,773.7010836478753,12.089079431998051,R_x0.015625,0.01562565137041168,-5.999939858606356,B,youden,val,False,0.6332982182502747,-0.3489285707473755,False,773.6688311688312,1232,953160,1110,30460,122,922702,31570,0.033078581801645864,0.035159961989230284,0.900974025974026,31934.867690703762,2.144179710760058,2.144179710760058,0.0,1140,30221,92,922939,31361,0.03285966353448059,0.03635088166831415,0.9253246753246753,31333.19530774382,2.1037820573687176,2.1037820573687176,0.0
E6_threshold_divergence,decision_tree__weighted__split456__model456,decision_tree,weighted,456,456,no_origin_balance,773.7010836478753,12.089079431998051,R_x0.015625,0.01562565137041168,-5.999939858606356,C,ner_optimal,val,True,0.9822267889976501,-0.3489285707473755,False,773.6688311688312,1232,953160,948,616,284,952546,1564,0.001638736203287112,0.6061381074168798,0.7694805194805194,4049.2985586874465,0.2718791227331442,0.2718791227331442,0.0,923,618,309,952542,1541,0.001614640525067268,0.5989617131732641,0.7491883116883117,4353.525544487398,0.29230561507799374,0.2923056150779938,5.551115123125783e-17
E6_threshold_divergence,decision_tree__weighted__split456__model456,decision_tree,weighted,456,456,no_origin_balance,773.7010836478753,48.356317727992206,R_x0.0625,0.06250260548164673,-3.999939858606356,B,youden,val,False,0.6332982182502747,-0.3021543622016907,False,773.6688311688312,1232,953160,1110,30460,122,922702,31570,0.033078581801645864,0.035159961989230284,0.900974025974026,36359.47076281505,0.6103144082094951,0.6103144082094951,0.0,1140,30221,92,922939,31361,0.03285966353448059,0.03635088166831415,0.9253246753246753,34669.781230975284,0.581952007848673,0.581952007848673,0.0
E6_threshold_divergence,decision_tree__weighted__split456__model456,decision_tree,weighted,456,456,no_origin_balance,773.7010836478753,48.356317727992206,R_x0.0625,0.06250260548164673,-3.999939858606356,C,ner_optimal,val,True,0.9354525804519653,-0.3021543622016907,False,773.6688311688312,1232,953160,1003,2943,229,950219,3946,0.004134560778881678,0.254181449569184,0.8141233766233766,14016.596759710215,0.2352765531797127,0.23527655317971274,5.551115123125783e-17,1012,2942,220,950218,3954,0.004142951743099272,0.2559433485078402,0.8214285714285714,13580.389900158285,0.22795457280543768,0.2279545728054377,2.7755575615628914e-17
E6_threshold_divergence,decision_tree__weighted__split456__model456,decision_tree,weighted,456,456,no_origin_balance,773.7010836478753,193.42527091196882,R_x0.25,0.2500104219265869,-1.999939858606356,B,youden,val,False,0.6332982182502747,-0.1322110891342163,False,773.6688311688312,1232,953160,1110,30460,122,922702,31570,0.033078581801645864,0.035159961989230284,0.900974025974026,54057.8830512602,0.22684808257185424,0.2268480825718543,5.551115123125783e-17,1140,30221,92,922939,31361,0.03285966353448059,0.03635088166831415,0.9253246753246753,48016.12492390113,0.20149449546866172,0.20149449546866174,2.7755575615628914e-17
E6_threshold_divergence,decision_tree__weighted__split456__model456,decision_tree,weighted,456,456,no_origin_balance,773.7010836478753,193.42527091196882,R_x0.25,0.2500104219265869,-1.999939858606356,C,ner_optimal,val,True,0.765509307384491,-0.1322110891342163,False,773.6688311688312,1232,953160,1068,12388,164,940774,13456,0.014098998945927992,0.07936979785969084,0.8668831168831169,44109.74442956289,0.18510179055832646,0.18510179055832648,2.7755575615628914e-17,1089,12396,143,940764,13485,0.01412941432870351,0.08075639599555061,0.8839285714285714,40055.81374041154,0.16808990715103236,0.16808990715103236,0.0
E6_threshold_divergence,decision_tree__weighted__split456__model456,decision_tree,weighted,456,456,no_origin_balance,773.7010836478753,773.6688311688312,val_class_ratio,1.0,0.0,B,youden,val,False,0.6332982182502747,0.0,True,773.6688311688312,1232,953160,1110,30460,122,922702,31570,0.033078581801645864,0.035159961989230284,0.900974025974026,124847.5974025974,0.13098283331507551,0.13098283331507554,2.7755575615628914e-17,1140,30221,92,922939,31361,0.03285966353448059,0.03635088166831415,0.9253246753246753,101398.53246753247,0.10638143907374678,0.10638143907374677,1.3877787807814457e-17
E6_threshold_divergence,decision_tree__weighted__split456__model456,decision_tree,weighted,456,456,no_origin_balance,773.7010836478753,773.6688311688312,val_class_ratio,1.0,0.0,C,ner_optimal,val,True,0.6332982182502747,0.0,True,773.6688311688312,1232,953160,1110,30460,122,922702,31570,0.033078581801645864,0.035159961989230284,0.900974025974026,124847.5974025974,0.13098283331507551,0.13098283331507554,2.7755575615628914e-17,1140,30221,92,922939,31361,0.03285966353448059,0.03635088166831415,0.9253246753246753,101398.53246753247,0.10638143907374678,0.10638143907374677,1.3877787807814457e-17
E6_threshold_divergence,decision_tree__weighted__split456__model456,decision_tree,weighted,456,456,no_origin_balance,773.7010836478753,773.7010836478753,R_x1,1.0000416877063476,6.014139364405448e-05,B,youden,val,False,0.6332982182502747,0.0,True,773.6688311688312,1232,953160,1110,30460,122,922702,31570,0.033078581801645864,0.035159961989230284,0.900974025974026,124851.53220504078,0.13098150116244406,0.1309815011624441,2.7755575615628914e-17,1140,30221,92,922939,31361,0.03285966353448059,0.03635088166831415,0.9253246753246753,101401.49969560452,0.10638011737365892,0.10638011737365893,1.3877787807814457e-17
E6_threshold_divergence,decision_tree__weighted__split456__model456,decision_tree,weighted,456,456,no_origin_balance,773.7010836478753,773.7010836478753,R_x1,1.0000416877063476,6.014139364405448e-05,C,ner_optimal,val,True,0.6332982182502747,0.0,True,773.6688311688312,1232,953160,1110,30460,122,922702,31570,0.033078581801645864,0.035159961989230284,0.900974025974026,124851.53220504078,0.13098150116244406,0.1309815011624441,2.7755575615628914e-17,1140,30221,92,922939,31361,0.03285966353448059,0.03635088166831415,0.9253246753246753,101401.49969560452,0.10638011737365892,0.10638011737365893,1.3877787807814457e-17
E6_threshold_divergence,decision_tree__weighted__split456__model456,decision_tree,weighted,456,456,no_origin_balance,773.7010836478753,3094.804334591501,R_x4,4.00016675082539,2.000060141393644,B,youden,val,False,0.6332982182502747,0.3934133052825928,False,773.6688311688312,1232,953160,1110,30460,122,922702,31570,0.033078581801645864,0.035159961989230284,0.900974025974026,408026.12882016314,0.10701485581009151,0.10701485581009154,2.7755575615628914e-17,1140,30221,92,922939,31361,0.03285966353448059,0.03635088166831415,0.9253246753246753,314942.9987824181,0.08260152284990822,0.08260152284990824,1.3877787807814457e-17
E6_threshold_divergence,decision_tree__weighted__split456__model456,decision_tree,weighted,456,456,no_origin_balance,773.7010836478753,3094.804334591501,R_x4,4.00016675082539,2.000060141393644,C,ner_optimal,val,True,0.23988491296768188,0.3934133052825928,False,773.6688311688312,1232,953160,1178,118191,54,834971,119369,0.1250730830244113,0.009868558838559425,0.9561688311688312,285310.43406794104,0.07482965625554944,0.07482965625554944,0.0,1190,117079,42,836081,118269,0.12392077888331,0.010061808250682766,0.9659090909090909,247060.78205284305,0.06479774725252087,0.06479774725252087,0.0
E6_threshold_divergence,decision_tree__weighted__split456__model456,decision_tree,weighted,456,456,no_origin_balance,773.7010836478753,12379.217338366005,R_x16,16.00066700330156,4.000060141393644,B,youden,val,False,0.6332982182502747,0.5078446418046951,False,773.6688311688312,1232,953160,1110,30460,122,922702,31570,0.033078581801645864,0.035159961989230284,0.900974025974026,1540724.5152806526,0.10102319447200338,0.1010231944720034,2.7755575615628914e-17,1140,30221,92,922939,31361,0.03285966353448059,0.03635088166831415,0.9253246753246753,1169108.9951296723,0.07665687421897055,0.07665687421897056,1.3877787807814457e-17
E6_threshold_divergence,decision_tree__weighted__split456__model456,decision_tree,weighted,456,456,no_origin_balance,773.7010836478753,12379.217338366005,R_x16,16.00066700330156,4.000060141393644,C,ner_optimal,val,True,0.12545357644557953,0.5078446418046951,False,773.6688311688312,1232,953160,1224,333775,8,619387,334999,0.3510070264481964,0.003653742249976866,0.9935064935064936,432808.73870692804,0.028378675711282463,0.028378675711282463,0.0,1226,333576,6,619584,334802,0.3508013478738296,0.003661865819200602,0.9951298701298701,407851.30403019604,0.026742250930691137,0.026742250930691137,0.0
E6_threshold_divergence,decision_tree__weighted__split456__model456,decision_tree,weighted,456,456,no_origin_balance,773.7010836478753,49516.86935346402,R_x64,64.00266801320625,6.000060141393644,B,youden,val,False,0.6332982182502747,0.5078446418046951,False,773.6688311688312,1232,953160,1110,30460,122,922702,31570,0.033078581801645864,0.035159961989230284,0.900974025974026,6071518.06112261,0.09952527913748134,0.09952527913748137,2.7755575615628914e-17,1140,30221,92,922939,31361,0.03285966353448059,0.03635088166831415,0.9253246753246753,4585772.980518689,0.07517071206123613,0.07517071206123614,1.3877787807814457e-17
E6_threshold_divergence,decision_tree__weighted__split456__model456,decision_tree,weighted,456,456,no_origin_balance,773.7010836478753,49516.86935346402,R_x64,64.00266801320625,6.000060141393644,C,ner_optimal,val,True,0.12545357644557953,0.5078446418046951,False,773.6688311688312,1232,953160,1224,333775,8,619387,334999,0.3510070264481964,0.003653742249976866,0.9935064935064936,729909.9548277122,0.011964798797950486,0.011964798797950486,0.0,1226,333576,6,619584,334802,0.3508013478738296,0.003661865819200602,0.9951298701298701,630677.2161207842,0.010338160135270188,0.010338160135270188,0.0
E6_threshold_divergence,decision_tree__weighted__split456__model789,decision_tree,weighted,456,789,no_origin_balance,773.7010836478753,12.089079431998051,R_x0.015625,0.01562565137041168,-5.999939858606356,B,youden,val,False,0.6332982182502747,-0.3489285707473755,False,773.6688311688312,1232,953160,1110,30459,122,922703,31569,0.03307753401634964,0.03516107573885774,0.900974025974026,31933.867690703762,2.144112568483737,2.144112568483737,0.0,1140,30221,92,922939,31361,0.03285966353448059,0.03635088166831415,0.9253246753246753,31333.19530774382,2.1037820573687176,2.1037820573687176,0.0
E6_threshold_divergence,decision_tree__weighted__split456__model789,decision_tree,weighted,456,789,no_origin_balance,773.7010836478753,12.089079431998051,R_x0.015625,0.01562565137041168,-5.999939858606356,C,ner_optimal,val,True,0.9822267889976501,-0.3489285707473755,False,773.6688311688312,1232,953160,948,615,284,952547,1563,0.0016376884179908928,0.6065259117082533,0.7694805194805194,4048.2985586874465,0.2718119804568233,0.2718119804568233,0.0,923,618,309,952542,1541,0.001614640525067268,0.5989617131732641,0.7491883116883117,4353.525544487398,0.29230561507799374,0.2923056150779938,5.551115123125783e-17
E6_threshold_divergence,decision_tree__weighted__split456__model789,decision_tree,weighted,456,789,no_origin_balance,773.7010836478753,48.356317727992206,R_x0.0625,0.06250260548164673,-3.999939858606356,B,youden,val,False,0.6332982182502747,-0.3021543622016907,False,773.6688311688312,1232,953160,1110,30459,122,922703,31569,0.03307753401634964,0.03516107573885774,0.900974025974026,36358.47076281505,0.6102976226404149,0.6102976226404149,0.0,1140,30221,92,922939,31361,0.03285966353448059,0.03635088166831415,0.9253246753246753,34669.781230975284,0.581952007848673,0.581952007848673,0.0
E6_threshold_divergence,decision_tree__weighted__split456__model789,decision_tree,weighted,456,789,no_origin_balance,773.7010836478753,48.356317727992206,R_x0.0625,0.06250260548164673,-3.999939858606356,C,ner_optimal,val,True,0.9354525804519653,-0.3021543622016907,False,773.6688311688312,1232,953160,1003,2942,229,950220,3945,0.0041335129935854585,0.25424588086185046,0.8141233766233766,14015.596759710215,0.23525976761063247,0.23525976761063253,5.551115123125783e-17,1012,2942,220,950218,3954,0.004142951743099272,0.2559433485078402,0.8214285714285714,13580.389900158285,0.22795457280543768,0.2279545728054377,2.7755575615628914e-17
E6_threshold_divergence,decision_tree__weighted__split456__model789,decision_tree,weighted,456,789,no_origin_balance,773.7010836478753,193.42527091196882,R_x0.25,0.2500104219265869,-1.999939858606356,B,youden,val,False,0.6332982182502747,-0.1322110891342163,False,773.6688311688312,1232,953160,1110,30459,122,922703,31569,0.03307753401634964,0.03516107573885774,0.900974025974026,54056.8830512602,0.22684388617958418,0.22684388617958423,5.551115123125783e-17,1140,30221,92,922939,31361,0.03285966353448059,0.03635088166831415,0.9253246753246753,48016.12492390113,0.20149449546866172,0.20149449546866174,2.7755575615628914e-17
E6_threshold_divergence,decision_tree__weighted__split456__model789,decision_tree,weighted,456,789,no_origin_balance,773.7010836478753,193.42527091196882,R_x0.25,0.2500104219265869,-1.999939858606356,C,ner_optimal,val,True,0.765509307384491,-0.1322110891342163,False,773.6688311688312,1232,953160,1068,12387,164,940775,13455,0.014097951160631773,0.07937569676700111,0.8668831168831169,44108.74442956289,0.1850975941660564,0.18509759416605642,2.7755575615628914e-17,1089,12396,143,940764,13485,0.01412941432870351,0.08075639599555061,0.8839285714285714,40055.81374041154,0.16808990715103236,0.16808990715103236,0.0
E6_threshold_divergence,decision_tree__weighted__split456__model789,decision_tree,weighted,456,789,no_origin_balance,773.7010836478753,773.6688311688312,val_class_ratio,1.0,0.0,B,youden,val,False,0.6332982182502747,0.0,True,773.6688311688312,1232,953160,1110,30459,122,922703,31569,0.03307753401634964,0.03516107573885774,0.900974025974026,124846.5974025974,0.13098178417327352,0.13098178417327352,0.0,1140,30221,92,922939,31361,0.03285966353448059,0.03635088166831415,0.9253246753246753,101398.53246753247,0.10638143907374678,0.10638143907374677,1.3877787807814457e-17
E6_threshold_divergence,decision_tree__weighted__split456__model789,decision_tree,weighted,456,789,no_origin_balance,773.7010836478753,773.6688311688312,val_class_ratio,1.0,0.0,C,ner_optimal,val,True,0.6332982182502747,0.0,True,773.6688311688312,1232,953160,1110,30459,122,922703,31569,0.03307753401634964,0.03516107573885774,0.900974025974026,124846.5974025974,0.13098178417327352,0.13098178417327352,0.0,1140,30221,92,922939,31361,0.03285966353448059,0.03635088166831415,0.9253246753246753,101398.53246753247,0.10638143907374678,0.10638143907374677,1.3877787807814457e-17
E6_threshold_divergence,decision_tree__weighted__split456__model789,decision_tree,weighted,456,789,no_origin_balance,773.7010836478753,773.7010836478753,R_x1,1.0000416877063476,6.014139364405448e-05,B,youden,val,False,0.6332982182502747,0.0,True,773.6688311688312,1232,953160,1110,30459,122,922703,31569,0.03307753401634964,0.03516107573885774,0.900974025974026,124850.53220504078,0.13098045206437656,0.13098045206437658,2.7755575615628914e-17,1140,30221,92,922939,31361,0.03285966353448059,0.03635088166831415,0.9253246753246753,101401.49969560452,0.10638011737365892,0.10638011737365893,1.3877787807814457e-17
E6_threshold_divergence,decision_tree__weighted__split456__model789,decision_tree,weighted,456,789,no_origin_balance,773.7010836478753,773.7010836478753,R_x1,1.0000416877063476,6.014139364405448e-05,C,ner_optimal,val,True,0.6332982182502747,0.0,True,773.6688311688312,1232,953160,1110,30459,122,922703,31569,0.03307753401634964,0.03516107573885774,0.900974025974026,124850.53220504078,0.13098045206437656,0.13098045206437658,2.7755575615628914e-17,1140,30221,92,922939,31361,0.03285966353448059,0.03635088166831415,0.9253246753246753,101401.49969560452,0.10638011737365892,0.10638011737365893,1.3877787807814457e-17
E6_threshold_divergence,decision_tree__weighted__split456__model789,decision_tree,weighted,456,789,no_origin_balance,773.7010836478753,3094.804334591501,R_x4,4.00016675082539,2.000060141393644,B,youden,val,False,0.6332982182502747,0.3934133052825928,False,773.6688311688312,1232,953160,1110,30459,122,922703,31569,0.03307753401634964,0.03516107573885774,0.900974025974026,408025.12882016314,0.10701459353557463,0.10701459353557466,2.7755575615628914e-17,1140,30221,92,922939,31361,0.03285966353448059,0.03635088166831415,0.9253246753246753,314942.9987824181,0.08260152284990822,0.08260152284990824,1.3877787807814457e-17
E6_threshold_divergence,decision_tree__weighted__split456__model789,decision_tree,weighted,456,789,no_origin_balance,773.7010836478753,3094.804334591501,R_x4,4.00016675082539,2.000060141393644,C,ner_optimal,val,True,0.23988491296768188,0.3934133052825928,False,773.6688311688312,1232,953160,1178,118190,54,834972,119368,0.1250720352391151,0.009868641511963006,0.9561688311688312,285309.43406794104,0.07482939398103255,0.07482939398103255,0.0,1190,117079,42,836081,118269,0.12392077888331,0.010061808250682766,0.9659090909090909,247060.78205284305,0.06479774725252087,0.06479774725252087,0.0
E6_threshold_divergence,decision_tree__weighted__split456__model789,decision_tree,weighted,456,789,no_origin_balance,773.7010836478753,12379.217338366005,R_x16,16.00066700330156,4.000060141393644,B,youden,val,False,0.6332982182502747,0.5078446418046951,False,773.6688311688312,1232,953160,1110,30459,122,922703,31569,0.03307753401634964,0.03516107573885774,0.900974025974026,1540723.5152806526,0.10102312890337416,0.10102312890337418,2.7755575615628914e-17,1140,30221,92,922939,31361,0.03285966353448059,0.03635088166831415,0.9253246753246753,1169108.9951296723,0.07665687421897055,0.07665687421897056,1.3877787807814457e-17
E6_threshold_divergence,decision_tree__weighted__split456__model789,decision_tree,weighted,456,789,no_origin_balance,773.7010836478753,12379.217338366005,R_x16,16.00066700330156,4.000060141393644,C,ner_optimal,val,True,0.12545357644557953,0.5078446418046951,False,773.6688311688312,1232,953160,1224,333774,8,619388,334998,0.35100597866290023,0.003653753156735264,0.9935064935064936,432807.73870692804,0.028378610142653242,0.028378610142653242,0.0,1226,333576,6,619584,334802,0.3508013478738296,0.003661865819200602,0.9951298701298701,407851.30403019604,0.026742250930691137,0.026742250930691137,0.0
E6_threshold_divergence,decision_tree__weighted__split456__model789,decision_tree,weighted,456,789,no_origin_balance,773.7010836478753,49516.86935346402,R_x64,64.00266801320625,6.000060141393644,B,youden,val,False,0.6332982182502747,0.5078446418046951,False,773.6688311688312,1232,953160,1110,30459,122,922703,31569,0.03307753401634964,0.03516107573885774,0.900974025974026,6071517.06112261,0.09952526274532404,0.09952526274532407,2.7755575615628914e-17,1140,30221,92,922939,31361,0.03285966353448059,0.03635088166831415,0.9253246753246753,4585772.980518689,0.07517071206123613,0.07517071206123614,1.3877787807814457e-17
E6_threshold_divergence,decision_tree__weighted__split456__model789,decision_tree,weighted,456,789,no_origin_balance,773.7010836478753,49516.86935346402,R_x64,64.00266801320625,6.000060141393644,C,ner_optimal,val,True,0.12545357644557953,0.5078446418046951,False,773.6688311688312,1232,953160,1224,333774,8,619388,334998,0.35100597866290023,0.003653753156735264,0.9935064935064936,729908.9548277122,0.01196478240579318,0.01196478240579318,0.0,1226,333576,6,619584,334802,0.3508013478738296,0.003661865819200602,0.9951298701298701,630677.2161207842,0.010338160135270188,0.010338160135270188,0.0
E6_threshold_divergence,decision_tree__weighted__split789__model123,decision_tree,weighted,789,123,no_origin_balance,773.7010836478753,12.089079431998051,R_x0.015625,0.01562565137041168,-5.999939858606356,B,youden,val,False,0.45600318908691406,-0.5392088890075684,False,773.6688311688312,1232,953160,1148,46656,84,906506,47804,0.050088328300471295,0.02401472680110451,0.9318181818181818,47671.482672287835,3.2007718622089167,3.2007718622089167,0.0,1138,46568,94,906592,47706,0.04998575009010973,0.02385444178929275,0.9237012987012987,47704.373466607816,3.2029802250095623,3.2029802250095623,0.0
E6_threshold_divergence,decision_tree__weighted__split789__model123,decision_tree,weighted,789,123,no_origin_balance,773.7010836478753,12.089079431998051,R_x0.015625,0.01562565137041168,-5.999939858606356,C,ner_optimal,val,True,0.9952120780944824,-0.5392088890075684,False,773.6688311688312,1232,953160,940,497,292,952665,1437,0.0015056674706672506,0.6541405706332637,0.762987012987013,4027.011194143431,0.27038269834446566,0.27038269834446566,0.0,936,539,296,952621,1475,0.0015454865505997535,0.6345762711864407,0.7597402597402597,4117.367511871424,0.27644942719669596,0.276449427196696,5.551115123125783e-17
E6_threshold_divergence,decision_tree__weighted__split789__model123,decision_tree,weighted,789,123,no_origin_balance,773.7010836478753,48.356317727992206,R_x0.0625,0.06250260548164673,-3.999939858606356,B,youden,val,False,0.45600318908691406,-0.4967414140701294,False,773.6688311688312,1232,953160,1148,46656,84,906506,47804,0.050088328300471295,0.02401472680110451,0.9318181818181818,50717.93068915135,0.8513293291885928,0.8513293291885929,1.1102230246251565e-16,1138,46568,94,906592,47706,0.04998575009010973,0.02385444178929275,0.9237012987012987,51113.493866431265,0.8579690822264165,0.8579690822264165,0.0
E6_threshold_divergence,decision_tree__weighted__split789__model123,decision_tree,weighted,789,123,no_origin_balance,773.7010836478753,48.356317727992206,R_x0.0625,0.06250260548164673,-3.999939858606356,C,ner_optimal,val,True,0.9527446031570435,-0.4967414140701294,False,773.6688311688312,1232,953160,1014,2797,218,950365,3811,0.0039931097638920615,0.2660718971398583,0.823051948051948,13338.6772647023,0.22389728866542907,0.2238972886654291,2.7755575615628914e-17,1019,2849,213,950311,3868,0.0040528420187931164,0.26344364012409516,0.8271103896103896,13148.89567606234,0.22071169669915897,0.22071169669915905,8.326672684688674e-17
E6_threshold_divergence,decision_tree__weighted__split789__model123,decision_tree,weighted,789,123,no_origin_balance,773.7010836478753,193.42527091196882,R_x0.25,0.2500104219265869,-1.999939858606356,B,youden,val,False,0.45600318908691406,-0.43732327222824097,False,773.6688311688312,1232,953160,1148,46656,84,906506,47804,0.050088328300471295,0.02401472680110451,0.9318181818181818,62903.72275660538,0.26396869593351185,0.26396869593351185,0.0,1138,46568,94,906592,47706,0.04998575009010973,0.02385444178929275,0.9237012987012987,64749.975465725074,0.27171629653063006,0.2717162965306301,5.551115123125783e-17
E6_threshold_divergence,decision_tree__weighted__split789__model123,decision_tree,weighted,789,123,no_origin_balance,773.7010836478753,193.42527091196882,R_x0.25,0.2500104219265869,-1.999939858606356,C,ner_optimal,val,True,0.893326461315155,-0.43732327222824097,False,773.6688311688312,1232,953160,1051,5758,181,947404,6809,0.007134370081957766,0.15435453076810104,0.8530844155844156,40767.974035066356,0.17107841110656202,0.17107841110656205,2.7755575615628914e-17,1052,5789,180,947371,6841,0.007167914232307061,0.15377868732641425,0.8538961038961039,40605.54876415439,0.17039681095524542,0.17039681095524545,2.7755575615628914e-17
E6_threshold_divergence,decision_tree__weighted__split789__model123,decision_tree,weighted,789,123,no_origin_balance,773.7010836478753,773.6688311688312,val_class_ratio,1.0,0.0,B,youden,val,False,0.45600318908691406,0.0,True,773.6688311688312,1232,953160,1148,46656,84,906506,47804,0.050088328300471295,0.02401472680110451,0.9318181818181818,111644.18181818182,0.11713057809620822,0.11713057809620822,0.0,1138,46568,94,906592,47706,0.04998575009010973,0.02385444178929275,0.9237012987012987,119292.87012987013,0.1251551367345148,0.1251551367345148,0.0
E6_threshold_divergence,decision_tree__weighted__split789__model123,decision_tree,weighted,789,123,no_origin_balance,773.7010836478753,773.6688311688312,val_class_ratio,1.0,0.0,C,ner_optimal,val,True,0.45600318908691406,0.0,True,773.6688311688312,1232,953160,1148,46656,84,906506,47804,0.050088328300471295,0.02401472680110451,0.9318181818181818,111644.18181818182,0.11713057809620822,0.11713057809620822,0.0,1138,46568,94,906592,47706,0.04998575009010973,0.02385444178929275,0.9237012987012987,119292.87012987013,0.1251551367345148,0.1251551367345148,0.0
E6_threshold_divergence,decision_tree__weighted__split789__model123,decision_tree,weighted,789,123,no_origin_balance,773.7010836478753,773.7010836478753,R_x1,1.0000416877063476,6.014139364405448e-05,B,youden,val,False,0.45600318908691406,0.0,True,773.6688311688312,1232,953160,1148,46656,84,906506,47804,0.050088328300471295,0.02401472680110451,0.9318181818181818,111646.89102642152,0.11712853761974158,0.1171285376197416,1.3877787807814457e-17,1138,46568,94,906592,47706,0.04998575009010973,0.02385444178929275,0.9237012987012987,119295.90186290028,0.12515310010668348,0.1251531001066835,2.7755575615628914e-17
E6_threshold_divergence,decision_tree__weighted__split789__model123,decision_tree,weighted,789,123,no_origin_balance,773.7010836478753,773.7010836478753,R_x1,1.0000416877063476,6.014139364405448e-05,C,ner_optimal,val,True,0.45600318908691406,0.0,True,773.6688311688312,1232,953160,1148,46656,84,906506,47804,0.050088328300471295,0.02401472680110451,0.9318181818181818,111646.89102642152,0.11712853761974158,0.1171285376197416,1.3877787807814457e-17,1138,46568,94,906592,47706,0.04998575009010973,0.02385444178929275,0.9237012987012987,119295.90186290028,0.12515310010668348,0.1251531001066835,2.7755575615628914e-17
E6_threshold_divergence,decision_tree__weighted__split789__model123,decision_tree,weighted,789,123,no_origin_balance,773.7010836478753,3094.804334591501,R_x4,4.00016675082539,2.000060141393644,B,youden,val,False,0.45600318908691406,0.19178202748298645,False,773.6688311688312,1232,953160,1148,46656,84,906506,47804,0.050088328300471295,0.02401472680110451,0.9318181818181818,306619.5641056861,0.08041849804129902,0.08041849804129904,1.3877787807814457e-17,1138,46568,94,906592,47706,0.04998575009010973,0.02385444178929275,0.9237012987012987,337479.6074516011,0.08851230100069682,0.08851230100069686,4.163336342344337e-17
E6_threshold_divergence,decision_tree__weighted__split789__model123,decision_tree,weighted,789,123,no_origin_balance,773.7010836478753,3094.804334591501,R_x4,4.00016675082539,2.000060141393644,C,ner_optimal,val,True,0.2642211616039276,0.19178202748298645,False,773.6688311688312,1232,953160,1194,150494,38,802668,151688,0.15893645601292547,0.00787142028374031,0.9691558441558441,268096.56471447705,0.07031489698726096,0.07031489698726096,0.0,1192,150805,40,802355,151997,0.15926055541119372,0.007842260044606144,0.9675324675324676,274597.17338366003,0.07201984098538676,0.07201984098538676,0.0
E6_threshold_divergence,decision_tree__weighted__split789__model123,decision_tree,weighted,789,123,no_origin_balance,773.7010836478753,12379.217338366005,R_x16,16.00066700330156,4.000060141393644,B,youden,val,False,0.45600318908691406,0.3248433619737625,False,773.6688311688312,1232,953160,1148,46656,84,906506,47804,0.050088328300471295,0.02401472680110451,0.9318181818181818,1086510.2564227444,0.07124098814668837,0.07124098814668839,1.3877787807814457e-17,1138,46568,94,906592,47706,0.04998575009010973,0.02385444178929275,0.9237012987012987,1210214.4298064045,0.07935210122420017,0.0793521012242002,2.7755575615628914e-17
E6_threshold_divergence,decision_tree__weighted__split789__model123,decision_tree,weighted,789,123,no_origin_balance,773.7010836478753,12379.217338366005,R_x16,16.00066700330156,4.000060141393644,C,ner_optimal,val,True,0.13115982711315155,0.3248433619737625,False,773.6688311688312,1232,953160,1223,334568,9,618594,335791,0.3518368724028022,0.003642146454193233,0.9926948051948052,445980.95604529406,0.029242359945941928,0.029242359945941928,0.0,1224,335550,8,617610,336774,0.3528675848079196,0.003634484847405085,0.9935064935064936,434583.73870692804,0.028495060028147272,0.028495060028147272,0.0
E6_threshold_divergence,decision_tree__weighted__split789__model123,decision_tree,weighted,789,123,no_origin_balance,773.7010836478753,49516.86935346402,R_x64,64.00266801320625,6.000060141393644,B,youden,val,False,0.45600318908691406,0.3248433619737625,False,773.6688311688312,1232,953160,1148,46656,84,906506,47804,0.050088328300471295,0.02401472680110451,0.9318181818181818,4206073.025690977,0.06894661067303572,0.06894661067303573,1.3877787807814457e-17,1138,46568,94,906592,47706,0.04998575009010973,0.02385444178929275,0.9237012987012987,4701153.719225618,0.077062051280076,0.07706205128007602,2.7755575615628914e-17
E6_threshold_divergence,decision_tree__weighted__split789__model123,decision_tree,weighted,789,123,no_origin_balance,773.7010836478753,49516.86935346402,R_x64,64.00266801320625,6.000060141393644,C,ner_optimal,val,True,0.13115982711315155,0.3248433619737625,False,773.6688311688312,1232,953160,1223,334568,9,618594,335791,0.3518368724028022,0.003642146454193233,0.9926948051948052,780219.8241811761,0.012789486090381585,0.012789486090381585,0.0,1224,335550,8,617610,336774,0.3528675848079196,0.003634484847405085,0.9935064935064936,731684.9548277122,0.011993894877166688,0.011993894877166688,0.0
E6_threshold_divergence,decision_tree__weighted__split789__model42,decision_tree,weighted,789,42,no_origin_balance,773.7010836478753,12.089079431998051,R_x0.015625,0.01562565137041168,-5.999939858606356,B,youden,val,False,0.45600318908691406,-0.5392088890075684,False,773.6688311688312,1232,953160,1148,46657,84,906505,47805,0.050089376085767516,0.024014224453509047,0.9318181818181818,47672.482672287835,3.2008390044852377,3.2008390044852377,0.0,1138,46577,94,906583,47715,0.04999518017753711,0.023849942366132245,0.9237012987012987,47713.373466607816,3.2035845054964502,3.2035845054964502,0.0
E6_threshold_divergence,decision_tree__weighted__split789__model42,decision_tree,weighted,789,42,no_origin_balance,773.7010836478753,12.089079431998051,R_x0.015625,0.01562565137041168,-5.999939858606356,C,ner_optimal,val,True,0.9952120780944824,-0.5392088890075684,False,773.6688311688312,1232,953160,940,497,292,952665,1437,0.0015056674706672506,0.6541405706332637,0.762987012987013,4027.011194143431,0.27038269834446566,0.27038269834446566,0.0,936,539,296,952621,1475,0.0015454865505997535,0.6345762711864407,0.7597402597402597,4117.367511871424,0.27644942719669596,0.276449427196696,5.551115123125783e-17
E6_threshold_divergence,decision_tree__weighted__split789__model42,decision_tree,weighted,789,42,no_origin_balance,773.7010836478753,48.356317727992206,R_x0.0625,0.06250260548164673,-3.999939858606356,B,youden,val,False,0.45600318908691406,-0.4967414140701294,False,773.6688311688312,1232,953160,1148,46657,84,906505,47805,0.050089376085767516,0.024014224453509047,0.9318181818181818,50718.93068915135,0.851346114757673,0.8513461147576732,2.220446049250313e-16,1138,46577,94,906583,47715,0.04999518017753711,0.023849942366132245,0.9237012987012987,51122.493866431265,0.8581201523481385,0.8581201523481385,0.0
E6_threshold_divergence,decision_tree__weighted__split789__model42,decision_tree,weighted,789,42,no_origin_balance,773.7010836478753,48.356317727992206,R_x0.0625,0.06250260548164673,-3.999939858606356,C,ner_optimal,val,True,0.9527446031570435,-0.4967414140701294,False,773.6688311688312,1232,953160,1014,2797,218,950365,3811,0.0039931097638920615,0.2660718971398583,0.823051948051948,13338.6772647023,0.22389728866542907,0.2238972886654291,2.7755575615628914e-17,1019,2849,213,950311,3868,0.0040528420187931164,0.26344364012409516,0.8271103896103896,13148.89567606234,0.22071169669915897,0.22071169669915905,8.326672684688674e-17
E6_threshold_divergence,decision_tree__weighted__split789__model42,decision_tree,weighted,789,42,no_origin_balance,773.7010836478753,193.42527091196882,R_x0.25,0.2500104219265869,-1.999939858606356,B,youden,val,False,0.45600318908691406,-0.43732327222824097,False,773.6688311688312,1232,953160,1148,46657,84,906505,47805,0.050089376085767516,0.024014224453509047,0.9318181818181818,62904.72275660538,0.2639728923257819,0.2639728923257819,0.0,1138,46577,94,906583,47715,0.04999518017753711,0.023849942366132245,0.9237012987012987,64758.975465725074,0.27175406406106056,0.2717540640610606,5.551115123125783e-17
E6_threshold_divergence,decision_tree__weighted__split789__model42,decision_tree,weighted,789,42,no_origin_balance,773.7010836478753,193.42527091196882,R_x0.25,0.2500104219265869,-1.999939858606356,C,ner_optimal,val,True,0.893326461315155,-0.43732327222824097,False,773.6688311688312,1232,953160,1051,5759,181,947403,6810,0.0071354178672539854,0.15433186490455214,0.8530844155844156,40768.974035066356,0.17108260749883206,0.17108260749883208,2.7755575615628914e-17,1052,5798,180,947362,6850,0.0071773443197344486,0.15357664233576643,0.8538961038961039,40614.54876415439,0.17043457848567592,0.17043457848567595,2.7755575615628914e-17
E6_threshold_divergence,decision_tree__weighted__split789__model42,decision_tree,weighted,789,42,no_origin_balance,773.7010836478753,773.6688311688312,val_class_ratio,1.0,0.0,B,youden,val,False,0.45600318908691406,0.0,True,773.6688311688312,1232,953160,1148,46657,84,906505,47805,0.050089376085767516,0.024014224453509047,0.9318181818181818,111645.18181818182,0.11713162723801022,0.11713162723801022,0.0,1138,46577,94,906583,47715,0.04999518017753711,0.023849942366132245,0.9237012987012987,119301.87012987013,0.12516457901073288,0.12516457901073286,2.7755575615628914e-17
E6_threshold_divergence,decision_tree__weighted__split789__model42,decision_tree,weighted,789,42,no_origin_balance,773.7010836478753,773.6688311688312,val_class_ratio,1.0,0.0,C,ner_optimal,val,True,0.45600318908691406,0.0,True,773.6688311688312,1232,953160,1148,46657,84,906505,47805,0.050089376085767516,0.024014224453509047,0.9318181818181818,111645.18181818182,0.11713162723801022,0.11713162723801022,0.0,1138,46577,94,906583,47715,0.04999518017753711,0.023849942366132245,0.9237012987012987,119301.87012987013,0.12516457901073288,0.12516457901073286,2.7755575615628914e-17
E6_threshold_divergence,decision_tree__weighted__split789__model42,decision_tree,weighted,789,42,no_origin_balance,773.7010836478753,773.7010836478753,R_x1,1.0000416877063476,6.014139364405448e-05,B,youden,val,False,0.45600318908691406,0.0,True,773.6688311688312,1232,953160,1148,46657,84,906505,47805,0.050089376085767516,0.024014224453509047,0.9318181818181818,111647.89102642152,0.1171295867178091,0.11712958671780911,1.3877787807814457e-17,1138,46577,94,906583,47715,0.04999518017753711,0.023849942366132245,0.9237012987012987,119304.90186290028,0.1251625419892911,0.12516254198929114,2.7755575615628914e-17
E6_threshold_divergence,decision_tree__weighted__split789__model42,decision_tree,weighted,789,42,no_origin_balance,773.7010836478753,773.7010836478753,R_x1,1.0000416877063476,6.014139364405448e-05,C,ner_optimal,val,True,0.45600318908691406,0.0,True,773.6688311688312,1232,953160,1148,46657,84,906505,47805,0.050089376085767516,0.024014224453509047,0.9318181818181818,111647.89102642152,0.1171295867178091,0.11712958671780911,1.3877787807814457e-17,1138,46577,94,906583,47715,0.04999518017753711,0.023849942366132245,0.9237012987012987,119304.90186290028,0.1251625419892911,0.12516254198929114,2.7755575615628914e-17
E6_threshold_divergence,decision_tree__weighted__split789__model42,decision_tree,weighted,789,42,no_origin_balance,773.7010836478753,3094.804334591501,R_x4,4.00016675082539,2.000060141393644,B,youden,val,False,0.45600318908691406,0.19178202748298645,False,773.6688311688312,1232,953160,1148,46657,84,906505,47805,0.050089376085767516,0.024014224453509047,0.9318181818181818,306620.5641056861,0.0804187603158159,0.08041876031581591,1.3877787807814457e-17,1138,46577,94,906583,47715,0.04999518017753711,0.023849942366132245,0.9237012987012987,337488.6074516011,0.08851466147134873,0.08851466147134876,2.7755575615628914e-17
E6_threshold_divergence,decision_tree__weighted__split789__model42,decision_tree,weighted,789,42,no_origin_balance,773.7010836478753,3094.804334591501,R_x4,4.00016675082539,2.000060141393644,C,ner_optimal,val,True,0.2642211616039276,0.19178202748298645,False,773.6688311688312,1232,953160,1194,150495,38,802667,151689,0.1589375037982217,0.007871368391907125,0.9691558441558441,268097.56471447705,0.07031515926177782,0.07031515926177782,0.0,1192,150814,40,802346,152006,0.15926998549862112,0.007841795718590056,0.9675324675324676,274606.17338366003,0.07202220145603867,0.07202220145603867,0.0
E6_threshold_divergence,decision_tree__weighted__split789__model42,decision_tree,weighted,789,42,no_origin_balance,773.7010836478753,12379.217338366005,R_x16,16.00066700330156,4.000060141393644,B,youden,val,False,0.45600318908691406,0.3248433619737625,False,773.6688311688312,1232,953160,1148,46657,84,906505,47805,0.050089376085767516,0.024014224453509047,0.9318181818181818,1086511.2564227444,0.0712410537153176,0.07124105371531761,1.3877787807814457e-17,1138,46577,94,906583,47715,0.04999518017753711,0.023849942366132245,0.9237012987012987,1210223.4298064045,0.07935269134186314,0.07935269134186317,2.7755575615628914e-17
E6_threshold_divergence,decision_tree__weighted__split789__model42,decision_tree,weighted,789,42,no_origin_balance,773.7010836478753,12379.217338366005,R_x16,16.00066700330156,4.000060141393644,C,ner_optimal,val,True,0.13115982711315155,0.3248433619737625,False,773.6688311688312,1232,953160,1223,334569,9,618593,335792,0.3518379201880984,0.003642135607757183,0.9926948051948052,445981.95604529406,0.029242425514571145,0.029242425514571145,0.0,1224,335559,8,617601,336783,0.352877014895347,0.0036343877214705016,0.9935064935064936,434592.73870692804,0.02849565014581025,0.02849565014581025,0.0
E6_threshold_divergence,decision_tree__weighted__split789__model42,decision_tree,weighted,789,42,no_origin_balance,773.7010836478753,49516.86935346402,R_x64,64.00266801320625,6.000060141393644,B,youden,val,False,0.45600318908691406,0.3248433619737625,False,773.6688311688312,1232,953160,1148,46657,84,906505,47805,0.050089376085767516,0.024014224453509047,0.9318181818181818,4206074.025690977,0.06894662706519303,0.06894662706519304,1.3877787807814457e-17,1138,46577,94,906583,47715,0.04999518017753711,0.023849942366132245,0.9237012987012987,4701162.719225618,0.07706219880949174,0.07706219880949176,2.7755575615628914e-17
E6_threshold_divergence,decision_tree__weighted__split789__model42,decision_tree,weighted,789,42,no_origin_balance,773.7010836478753,49516.86935346402,R_x64,64.00266801320625,6.000060141393644,C,ner_optimal,val,True,0.13115982711315155,0.3248433619737625,False,773.6688311688312,1232,953160,1223,334569,9,618593,335792,0.3518379201880984,0.003642135607757183,0.9926948051948052,780220.8241811761,0.01278950248253889,0.01278950248253889,0.0,1224,335559,8,617601,336783,0.352877014895347,0.0036343877214705016,0.9935064935064936,731693.9548277122,0.011994042406582433,0.011994042406582433,0.0
E6_threshold_divergence,decision_tree__weighted__split789__model456,decision_tree,weighted,789,456,no_origin_balance,773.7010836478753,12.089079431998051,R_x0.015625,0.01562565137041168,-5.999939858606356,B,youden,val,False,0.45600318908691406,-0.5392088890075684,False,773.6688311688312,1232,953160,1148,46656,84,906506,47804,0.050088328300471295,0.02401472680110451,0.9318181818181818,47671.482672287835,3.2007718622089167,3.2007718622089167,0.0,1138,46568,94,906592,47706,0.04998575009010973,0.02385444178929275,0.9237012987012987,47704.373466607816,3.2029802250095623,3.2029802250095623,0.0
E6_threshold_divergence,decision_tree__weighted__split789__model456,decision_tree,weighted,789,456,no_origin_balance,773.7010836478753,12.089079431998051,R_x0.015625,0.01562565137041168,-5.999939858606356,C,ner_optimal,val,True,0.9952120780944824,-0.5392088890075684,False,773.6688311688312,1232,953160,940,497,292,952665,1437,0.0015056674706672506,0.6541405706332637,0.762987012987013,4027.011194143431,0.27038269834446566,0.27038269834446566,0.0,936,539,296,952621,1475,0.0015454865505997535,0.6345762711864407,0.7597402597402597,4117.367511871424,0.27644942719669596,0.276449427196696,5.551115123125783e-17
E6_threshold_divergence,decision_tree__weighted__split789__model456,decision_tree,weighted,789,456,no_origin_balance,773.7010836478753,48.356317727992206,R_x0.0625,0.06250260548164673,-3.999939858606356,B,youden,val,False,0.45600318908691406,-0.4967414140701294,False,773.6688311688312,1232,953160,1148,46656,84,906506,47804,0.050088328300471295,0.02401472680110451,0.9318181818181818,50717.93068915135,0.8513293291885928,0.8513293291885929,1.1102230246251565e-16,1138,46568,94,906592,47706,0.04998575009010973,0.02385444178929275,0.9237012987012987,51113.493866431265,0.8579690822264165,0.8579690822264165,0.0
E6_threshold_divergence,decision_tree__weighted__split789__model456,decision_tree,weighted,789,456,no_origin_balance,773.7010836478753,48.356317727992206,R_x0.0625,0.06250260548164673,-3.999939858606356,C,ner_optimal,val,True,0.9527446031570435,-0.4967414140701294,False,773.6688311688312,1232,953160,1014,2797,218,950365,3811,0.0039931097638920615,0.2660718971398583,0.823051948051948,13338.6772647023,0.22389728866542907,0.2238972886654291,2.7755575615628914e-17,1019,2849,213,950311,3868,0.0040528420187931164,0.26344364012409516,0.8271103896103896,13148.89567606234,0.22071169669915897,0.22071169669915905,8.326672684688674e-17
E6_threshold_divergence,decision_tree__weighted__split789__model456,decision_tree,weighted,789,456,no_origin_balance,773.7010836478753,193.42527091196882,R_x0.25,0.2500104219265869,-1.999939858606356,B,youden,val,False,0.45600318908691406,-0.43732327222824097,False,773.6688311688312,1232,953160,1148,46656,84,906506,47804,0.050088328300471295,0.02401472680110451,0.9318181818181818,62903.72275660538,0.26396869593351185,0.26396869593351185,0.0,1138,46568,94,906592,47706,0.04998575009010973,0.02385444178929275,0.9237012987012987,64749.975465725074,0.27171629653063006,0.2717162965306301,5.551115123125783e-17
E6_threshold_divergence,decision_tree__weighted__split789__model456,decision_tree,weighted,789,456,no_origin_balance,773.7010836478753,193.42527091196882,R_x0.25,0.2500104219265869,-1.999939858606356,C,ner_optimal,val,True,0.893326461315155,-0.43732327222824097,False,773.6688311688312,1232,953160,1051,5758,181,947404,6809,0.007134370081957766,0.15435453076810104,0.8530844155844156,40767.974035066356,0.17107841110656202,0.17107841110656205,2.7755575615628914e-17,1052,5789,180,947371,6841,0.007167914232307061,0.15377868732641425,0.8538961038961039,40605.54876415439,0.17039681095524542,0.17039681095524545,2.7755575615628914e-17
E6_threshold_divergence,decision_tree__weighted__split789__model456,decision_tree,weighted,789,456,no_origin_balance,773.7010836478753,773.6688311688312,val_class_ratio,1.0,0.0,B,youden,val,False,0.45600318908691406,0.0,True,773.6688311688312,1232,953160,1148,46656,84,906506,47804,0.050088328300471295,0.02401472680110451,0.9318181818181818,111644.18181818182,0.11713057809620822,0.11713057809620822,0.0,1138,46568,94,906592,47706,0.04998575009010973,0.02385444178929275,0.9237012987012987,119292.87012987013,0.1251551367345148,0.1251551367345148,0.0
E6_threshold_divergence,decision_tree__weighted__split789__model456,decision_tree,weighted,789,456,no_origin_balance,773.7010836478753,773.6688311688312,val_class_ratio,1.0,0.0,C,ner_optimal,val,True,0.45600318908691406,0.0,True,773.6688311688312,1232,953160,1148,46656,84,906506,47804,0.050088328300471295,0.02401472680110451,0.9318181818181818,111644.18181818182,0.11713057809620822,0.11713057809620822,0.0,1138,46568,94,906592,47706,0.04998575009010973,0.02385444178929275,0.9237012987012987,119292.87012987013,0.1251551367345148,0.1251551367345148,0.0
E6_threshold_divergence,decision_tree__weighted__split789__model456,decision_tree,weighted,789,456,no_origin_balance,773.7010836478753,773.7010836478753,R_x1,1.0000416877063476,6.014139364405448e-05,B,youden,val,False,0.45600318908691406,0.0,True,773.6688311688312,1232,953160,1148,46656,84,906506,47804,0.050088328300471295,0.02401472680110451,0.9318181818181818,111646.89102642152,0.11712853761974158,0.1171285376197416,1.3877787807814457e-17,1138,46568,94,906592,47706,0.04998575009010973,0.02385444178929275,0.9237012987012987,119295.90186290028,0.12515310010668348,0.1251531001066835,2.7755575615628914e-17
E6_threshold_divergence,decision_tree__weighted__split789__model456,decision_tree,weighted,789,456,no_origin_balance,773.7010836478753,773.7010836478753,R_x1,1.0000416877063476,6.014139364405448e-05,C,ner_optimal,val,True,0.45600318908691406,0.0,True,773.6688311688312,1232,953160,1148,46656,84,906506,47804,0.050088328300471295,0.02401472680110451,0.9318181818181818,111646.89102642152,0.11712853761974158,0.1171285376197416,1.3877787807814457e-17,1138,46568,94,906592,47706,0.04998575009010973,0.02385444178929275,0.9237012987012987,119295.90186290028,0.12515310010668348,0.1251531001066835,2.7755575615628914e-17
E6_threshold_divergence,decision_tree__weighted__split789__model456,decision_tree,weighted,789,456,no_origin_balance,773.7010836478753,3094.804334591501,R_x4,4.00016675082539,2.000060141393644,B,youden,val,False,0.45600318908691406,0.19178202748298645,False,773.6688311688312,1232,953160,1148,46656,84,906506,47804,0.050088328300471295,0.02401472680110451,0.9318181818181818,306619.5641056861,0.08041849804129902,0.08041849804129904,1.3877787807814457e-17,1138,46568,94,906592,47706,0.04998575009010973,0.02385444178929275,0.9237012987012987,337479.6074516011,0.08851230100069682,0.08851230100069686,4.163336342344337e-17
E6_threshold_divergence,decision_tree__weighted__split789__model456,decision_tree,weighted,789,456,no_origin_balance,773.7010836478753,3094.804334591501,R_x4,4.00016675082539,2.000060141393644,C,ner_optimal,val,True,0.2642211616039276,0.19178202748298645,False,773.6688311688312,1232,953160,1194,150494,38,802668,151688,0.15893645601292547,0.00787142028374031,0.9691558441558441,268096.56471447705,0.07031489698726096,0.07031489698726096,0.0,1192,150805,40,802355,151997,0.15926055541119372,0.007842260044606144,0.9675324675324676,274597.17338366003,0.07201984098538676,0.07201984098538676,0.0
E6_threshold_divergence,decision_tree__weighted__split789__model456,decision_tree,weighted,789,456,no_origin_balance,773.7010836478753,12379.217338366005,R_x16,16.00066700330156,4.000060141393644,B,youden,val,False,0.45600318908691406,0.3248433619737625,False,773.6688311688312,1232,953160,1148,46656,84,906506,47804,0.050088328300471295,0.02401472680110451,0.9318181818181818,1086510.2564227444,0.07124098814668837,0.07124098814668839,1.3877787807814457e-17,1138,46568,94,906592,47706,0.04998575009010973,0.02385444178929275,0.9237012987012987,1210214.4298064045,0.07935210122420017,0.0793521012242002,2.7755575615628914e-17
E6_threshold_divergence,decision_tree__weighted__split789__model456,decision_tree,weighted,789,456,no_origin_balance,773.7010836478753,12379.217338366005,R_x16,16.00066700330156,4.000060141393644,C,ner_optimal,val,True,0.13115982711315155,0.3248433619737625,False,773.6688311688312,1232,953160,1223,334568,9,618594,335791,0.3518368724028022,0.003642146454193233,0.9926948051948052,445980.95604529406,0.029242359945941928,0.029242359945941928,0.0,1224,335550,8,617610,336774,0.3528675848079196,0.003634484847405085,0.9935064935064936,434583.73870692804,0.028495060028147272,0.028495060028147272,0.0
E6_threshold_divergence,decision_tree__weighted__split789__model456,decision_tree,weighted,789,456,no_origin_balance,773.7010836478753,49516.86935346402,R_x64,64.00266801320625,6.000060141393644,B,youden,val,False,0.45600318908691406,0.3248433619737625,False,773.6688311688312,1232,953160,1148,46656,84,906506,47804,0.050088328300471295,0.02401472680110451,0.9318181818181818,4206073.025690977,0.06894661067303572,0.06894661067303573,1.3877787807814457e-17,1138,46568,94,906592,47706,0.04998575009010973,0.02385444178929275,0.9237012987012987,4701153.719225618,0.077062051280076,0.07706205128007602,2.7755575615628914e-17
E6_threshold_divergence,decision_tree__weighted__split789__model456,decision_tree,weighted,789,456,no_origin_balance,773.7010836478753,49516.86935346402,R_x64,64.00266801320625,6.000060141393644,C,ner_optimal,val,True,0.13115982711315155,0.3248433619737625,False,773.6688311688312,1232,953160,1223,334568,9,618594,335791,0.3518368724028022,0.003642146454193233,0.9926948051948052,780219.8241811761,0.012789486090381585,0.012789486090381585,0.0,1224,335550,8,617610,336774,0.3528675848079196,0.003634484847405085,0.9935064935064936,731684.9548277122,0.011993894877166688,0.011993894877166688,0.0
E6_threshold_divergence,decision_tree__weighted__split789__model789,decision_tree,weighted,789,789,no_origin_balance,773.7010836478753,12.089079431998051,R_x0.015625,0.01562565137041168,-5.999939858606356,B,youden,val,False,0.45600318908691406,-0.5392088890075684,False,773.6688311688312,1232,953160,1148,46657,84,906505,47805,0.050089376085767516,0.024014224453509047,0.9318181818181818,47672.482672287835,3.2008390044852377,3.2008390044852377,0.0,1138,46577,94,906583,47715,0.04999518017753711,0.023849942366132245,0.9237012987012987,47713.373466607816,3.2035845054964502,3.2035845054964502,0.0
E6_threshold_divergence,decision_tree__weighted__split789__model789,decision_tree,weighted,789,789,no_origin_balance,773.7010836478753,12.089079431998051,R_x0.015625,0.01562565137041168,-5.999939858606356,C,ner_optimal,val,True,0.9952120780944824,-0.5392088890075684,False,773.6688311688312,1232,953160,940,497,292,952665,1437,0.0015056674706672506,0.6541405706332637,0.762987012987013,4027.011194143431,0.27038269834446566,0.27038269834446566,0.0,936,539,296,952621,1475,0.0015454865505997535,0.6345762711864407,0.7597402597402597,4117.367511871424,0.27644942719669596,0.276449427196696,5.551115123125783e-17
E6_threshold_divergence,decision_tree__weighted__split789__model789,decision_tree,weighted,789,789,no_origin_balance,773.7010836478753,48.356317727992206,R_x0.0625,0.06250260548164673,-3.999939858606356,B,youden,val,False,0.45600318908691406,-0.4967414140701294,False,773.6688311688312,1232,953160,1148,46657,84,906505,47805,0.050089376085767516,0.024014224453509047,0.9318181818181818,50718.93068915135,0.851346114757673,0.8513461147576732,2.220446049250313e-16,1138,46577,94,906583,47715,0.04999518017753711,0.023849942366132245,0.9237012987012987,51122.493866431265,0.8581201523481385,0.8581201523481385,0.0
E6_threshold_divergence,decision_tree__weighted__split789__model789,decision_tree,weighted,789,789,no_origin_balance,773.7010836478753,48.356317727992206,R_x0.0625,0.06250260548164673,-3.999939858606356,C,ner_optimal,val,True,0.9527446031570435,-0.4967414140701294,False,773.6688311688312,1232,953160,1014,2797,218,950365,3811,0.0039931097638920615,0.2660718971398583,0.823051948051948,13338.6772647023,0.22389728866542907,0.2238972886654291,2.7755575615628914e-17,1019,2849,213,950311,3868,0.0040528420187931164,0.26344364012409516,0.8271103896103896,13148.89567606234,0.22071169669915897,0.22071169669915905,8.326672684688674e-17
E6_threshold_divergence,decision_tree__weighted__split789__model789,decision_tree,weighted,789,789,no_origin_balance,773.7010836478753,193.42527091196882,R_x0.25,0.2500104219265869,-1.999939858606356,B,youden,val,False,0.45600318908691406,-0.43732327222824097,False,773.6688311688312,1232,953160,1148,46657,84,906505,47805,0.050089376085767516,0.024014224453509047,0.9318181818181818,62904.72275660538,0.2639728923257819,0.2639728923257819,0.0,1138,46577,94,906583,47715,0.04999518017753711,0.023849942366132245,0.9237012987012987,64758.975465725074,0.27175406406106056,0.2717540640610606,5.551115123125783e-17
E6_threshold_divergence,decision_tree__weighted__split789__model789,decision_tree,weighted,789,789,no_origin_balance,773.7010836478753,193.42527091196882,R_x0.25,0.2500104219265869,-1.999939858606356,C,ner_optimal,val,True,0.893326461315155,-0.43732327222824097,False,773.6688311688312,1232,953160,1051,5759,181,947403,6810,0.0071354178672539854,0.15433186490455214,0.8530844155844156,40768.974035066356,0.17108260749883206,0.17108260749883208,2.7755575615628914e-17,1052,5798,180,947362,6850,0.0071773443197344486,0.15357664233576643,0.8538961038961039,40614.54876415439,0.17043457848567592,0.17043457848567595,2.7755575615628914e-17
E6_threshold_divergence,decision_tree__weighted__split789__model789,decision_tree,weighted,789,789,no_origin_balance,773.7010836478753,773.6688311688312,val_class_ratio,1.0,0.0,B,youden,val,False,0.45600318908691406,0.0,True,773.6688311688312,1232,953160,1148,46657,84,906505,47805,0.050089376085767516,0.024014224453509047,0.9318181818181818,111645.18181818182,0.11713162723801022,0.11713162723801022,0.0,1138,46577,94,906583,47715,0.04999518017753711,0.023849942366132245,0.9237012987012987,119301.87012987013,0.12516457901073288,0.12516457901073286,2.7755575615628914e-17
E6_threshold_divergence,decision_tree__weighted__split789__model789,decision_tree,weighted,789,789,no_origin_balance,773.7010836478753,773.6688311688312,val_class_ratio,1.0,0.0,C,ner_optimal,val,True,0.45600318908691406,0.0,True,773.6688311688312,1232,953160,1148,46657,84,906505,47805,0.050089376085767516,0.024014224453509047,0.9318181818181818,111645.18181818182,0.11713162723801022,0.11713162723801022,0.0,1138,46577,94,906583,47715,0.04999518017753711,0.023849942366132245,0.9237012987012987,119301.87012987013,0.12516457901073288,0.12516457901073286,2.7755575615628914e-17
E6_threshold_divergence,decision_tree__weighted__split789__model789,decision_tree,weighted,789,789,no_origin_balance,773.7010836478753,773.7010836478753,R_x1,1.0000416877063476,6.014139364405448e-05,B,youden,val,False,0.45600318908691406,0.0,True,773.6688311688312,1232,953160,1148,46657,84,906505,47805,0.050089376085767516,0.024014224453509047,0.9318181818181818,111647.89102642152,0.1171295867178091,0.11712958671780911,1.3877787807814457e-17,1138,46577,94,906583,47715,0.04999518017753711,0.023849942366132245,0.9237012987012987,119304.90186290028,0.1251625419892911,0.12516254198929114,2.7755575615628914e-17
E6_threshold_divergence,decision_tree__weighted__split789__model789,decision_tree,weighted,789,789,no_origin_balance,773.7010836478753,773.7010836478753,R_x1,1.0000416877063476,6.014139364405448e-05,C,ner_optimal,val,True,0.45600318908691406,0.0,True,773.6688311688312,1232,953160,1148,46657,84,906505,47805,0.050089376085767516,0.024014224453509047,0.9318181818181818,111647.89102642152,0.1171295867178091,0.11712958671780911,1.3877787807814457e-17,1138,46577,94,906583,47715,0.04999518017753711,0.023849942366132245,0.9237012987012987,119304.90186290028,0.1251625419892911,0.12516254198929114,2.7755575615628914e-17
E6_threshold_divergence,decision_tree__weighted__split789__model789,decision_tree,weighted,789,789,no_origin_balance,773.7010836478753,3094.804334591501,R_x4,4.00016675082539,2.000060141393644,B,youden,val,False,0.45600318908691406,0.19178202748298645,False,773.6688311688312,1232,953160,1148,46657,84,906505,47805,0.050089376085767516,0.024014224453509047,0.9318181818181818,306620.5641056861,0.0804187603158159,0.08041876031581591,1.3877787807814457e-17,1138,46577,94,906583,47715,0.04999518017753711,0.023849942366132245,0.9237012987012987,337488.6074516011,0.08851466147134873,0.08851466147134876,2.7755575615628914e-17
E6_threshold_divergence,decision_tree__weighted__split789__model789,decision_tree,weighted,789,789,no_origin_balance,773.7010836478753,3094.804334591501,R_x4,4.00016675082539,2.000060141393644,C,ner_optimal,val,True,0.2642211616039276,0.19178202748298645,False,773.6688311688312,1232,953160,1194,150495,38,802667,151689,0.1589375037982217,0.007871368391907125,0.9691558441558441,268097.56471447705,0.07031515926177782,0.07031515926177782,0.0,1192,150814,40,802346,152006,0.15926998549862112,0.007841795718590056,0.9675324675324676,274606.17338366003,0.07202220145603867,0.07202220145603867,0.0
E6_threshold_divergence,decision_tree__weighted__split789__model789,decision_tree,weighted,789,789,no_origin_balance,773.7010836478753,12379.217338366005,R_x16,16.00066700330156,4.000060141393644,B,youden,val,False,0.45600318908691406,0.3248433619737625,False,773.6688311688312,1232,953160,1148,46657,84,906505,47805,0.050089376085767516,0.024014224453509047,0.9318181818181818,1086511.2564227444,0.0712410537153176,0.07124105371531761,1.3877787807814457e-17,1138,46577,94,906583,47715,0.04999518017753711,0.023849942366132245,0.9237012987012987,1210223.4298064045,0.07935269134186314,0.07935269134186317,2.7755575615628914e-17
E6_threshold_divergence,decision_tree__weighted__split789__model789,decision_tree,weighted,789,789,no_origin_balance,773.7010836478753,12379.217338366005,R_x16,16.00066700330156,4.000060141393644,C,ner_optimal,val,True,0.13115982711315155,0.3248433619737625,False,773.6688311688312,1232,953160,1223,334569,9,618593,335792,0.3518379201880984,0.003642135607757183,0.9926948051948052,445981.95604529406,0.029242425514571145,0.029242425514571145,0.0,1224,335559,8,617601,336783,0.352877014895347,0.0036343877214705016,0.9935064935064936,434592.73870692804,0.02849565014581025,0.02849565014581025,0.0
E6_threshold_divergence,decision_tree__weighted__split789__model789,decision_tree,weighted,789,789,no_origin_balance,773.7010836478753,49516.86935346402,R_x64,64.00266801320625,6.000060141393644,B,youden,val,False,0.45600318908691406,0.3248433619737625,False,773.6688311688312,1232,953160,1148,46657,84,906505,47805,0.050089376085767516,0.024014224453509047,0.9318181818181818,4206074.025690977,0.06894662706519303,0.06894662706519304,1.3877787807814457e-17,1138,46577,94,906583,47715,0.04999518017753711,0.023849942366132245,0.9237012987012987,4701162.719225618,0.07706219880949174,0.07706219880949176,2.7755575615628914e-17
E6_threshold_divergence,decision_tree__weighted__split789__model789,decision_tree,weighted,789,789,no_origin_balance,773.7010836478753,49516.86935346402,R_x64,64.00266801320625,6.000060141393644,C,ner_optimal,val,True,0.13115982711315155,0.3248433619737625,False,773.6688311688312,1232,953160,1223,334569,9,618593,335792,0.3518379201880984,0.003642135607757183,0.9926948051948052,780220.8241811761,0.01278950248253889,0.01278950248253889,0.0,1224,335559,8,617601,336783,0.352877014895347,0.0036343877214705016,0.9935064935064936,731693.9548277122,0.011994042406582433,0.011994042406582433,0.0
E6_threshold_divergence,logistic_regression__unweighted__split123__model42,logistic_regression,unweighted,123,42,no_origin_balance,1.0,12.089079431998051,R_x0.015625,0.01562565137041168,-5.999939858606356,B,youden,val,False,0.0011921977857127786,-0.09607363434042782,False,773.6688311688312,1232,953160,1086,93191,146,859971,94277,0.09878205437167459,0.011519246475810643,0.8814935064935064,94956.00559707172,6.375562366125865,6.375562366125865,0.0,1070,92892,162,860268,93962,0.09845220831691799,0.011387582214086546,0.8685064935064936,94850.43086798368,6.368473838492934,6.368473838492934,0.0
E6_threshold_divergence,logistic_regression__unweighted__split123__model42,logistic_regression,unweighted,123,42,no_origin_balance,1.0,12.089079431998051,R_x0.015625,0.01562565137041168,-5.999939858606356,C,ner_optimal,val,True,0.0972658321261406,-0.09607363434042782,False,773.6688311688312,1232,953160,676,941,556,952221,1617,0.0016942688239867392,0.41805813234384664,0.5487012987012987,7662.528164190917,0.5144795833166519,0.5144795833166519,0.0,682,933,550,952227,1615,0.0016921767994702386,0.42229102167182664,0.5535714285714286,7581.993687598928,0.5090723152359549,0.5090723152359549,0.0
E6_threshold_divergence,logistic_regression__unweighted__split123__model42,logistic_regression,unweighted,123,42,no_origin_balance,1.0,48.356317727992206,R_x0.0625,0.06250260548164673,-3.999939858606356,B,youden,val,False,0.0011921977857127786,-0.017807676806114614,False,773.6688311688312,1232,953160,1086,93191,146,859971,94277,0.09878205437167459,0.011519246475810643,0.8814935064935064,100251.02238828686,1.6827704616613361,1.6827704616613361,0.0,1070,92892,162,860268,93962,0.09845220831691799,0.011387582214086546,0.8685064935064936,100725.72347193473,1.690738589493363,1.690738589493363,0.0
E6_threshold_divergence,logistic_regression__unweighted__split123__model42,logistic_regression,unweighted,123,42,no_origin_balance,1.0,48.356317727992206,R_x0.0625,0.06250260548164673,-3.999939858606356,C,ner_optimal,val,True,0.018999874591827393,-0.017807676806114614,False,773.6688311688312,1232,953160,847,5123,385,948039,5970,0.006255278218429705,0.14187604690117253,0.6875,23740.182325277,0.39849247039797037,0.3984924703979704,5.551115123125783e-17,831,5116,401,948044,5947,0.00623119221451982,0.1397343198251219,0.674512987012987,24506.883408924874,0.41136198440142174,0.41136198440142185,1.1102230246251565e-16
E6_threshold_divergence,logistic_regression__unweighted__split123__model42,logistic_regression,unweighted,123,42,no_origin_balance,1.0,193.42527091196882,R_x0.25,0.2500104219265869,-1.999939858606356,B,youden,val,False,0.0011921977857127786,-0.00529805279802531,False,773.6688311688312,1232,953160,1086,93191,146,859971,94277,0.09878205437167459,0.011519246475810643,0.8814935064935064,121431.08955314745,0.5095724855452042,0.5095724855452042,0.0,1070,92892,162,860268,93962,0.09845220831691799,0.011387582214086546,0.8685064935064936,124226.89388773894,0.5213047772434707,0.5213047772434707,0.0
E6_threshold_divergence,logistic_regression__unweighted__split123__model42,logistic_regression,unweighted,123,42,no_origin_balance,1.0,193.42527091196882,R_x0.25,0.2500104219265869,-1.999939858606356,C,ner_optimal,val,True,0.006490250583738089,-0.00529805279802531,False,773.6688311688312,1232,953160,935,17926,297,935236,18861,0.019762278471993747,0.04957319336196384,0.7589285714285714,75373.30546085474,0.3162959564044374,0.3162959564044374,0.0,921,17791,311,935369,18712,0.019606199549032262,0.04921975203078239,0.747564935064935,77946.2592536223,0.3270930798116163,0.3270930798116163,0.0
E6_threshold_divergence,logistic_regression__unweighted__split123__model42,logistic_regression,unweighted,123,42,no_origin_balance,1.0,773.6688311688312,val_class_ratio,1.0,0.0,B,youden,val,False,0.0011921977857127786,0.0,True,773.6688311688312,1232,953160,1086,93191,146,859971,94277,0.09878205437167459,0.011519246475810643,0.8814935064935064,206146.64935064933,0.21627706717723086,0.21627706717723083,2.7755575615628914e-17,1070,92892,162,860268,93962,0.09845220831691799,0.011387582214086546,0.8685064935064936,218226.35064935064,0.22895038676544407,0.22895038676544405,2.7755575615628914e-17
E6_threshold_divergence,logistic_regression__unweighted__split123__model42,logistic_regression,unweighted,123,42,no_origin_balance,1.0,773.6688311688312,val_class_ratio,1.0,0.0,C,ner_optimal,val,True,0.0011921977857127786,0.0,True,773.6688311688312,1232,953160,1086,93191,146,859971,94277,0.09878205437167459,0.011519246475810643,0.8814935064935064,206146.64935064933,0.21627706717723086,0.21627706717723083,2.7755575615628914e-17,1070,92892,162,860268,93962,0.09845220831691799,0.011387582214086546,0.8685064935064936,218226.35064935064,0.22895038676544407,0.22895038676544405,2.7755575615628914e-17
E6_threshold_divergence,logistic_regression__unweighted__split123__model42,logistic_regression,unweighted,123,42,no_origin_balance,1.0,773.7010836478753,R_x1,1.0000416877063476,6.014139364405448e-05,B,youden,val,False,0.0011921977857127786,0.0,True,773.6688311688312,1232,953160,1086,93191,146,859971,94277,0.09878205437167459,0.011519246475810643,0.8814935064935064,206151.3582125898,0.21627299151617116,0.2162729915161712,2.7755575615628914e-17,1070,92892,162,860268,93962,0.09845220831691799,0.011387582214086546,0.8685064935064936,218231.57555095578,0.22894632418099753,0.22894632418099753,0.0
E6_threshold_divergence,logistic_regression__unweighted__split123__model42,logistic_regression,unweighted,123,42,no_origin_balance,1.0,773.7010836478753,R_x1,1.0000416877063476,6.014139364405448e-05,C,ner_optimal,val,True,0.0011921977857127786,0.0,True,773.6688311688312,1232,953160,1086,93191,146,859971,94277,0.09878205437167459,0.011519246475810643,0.8814935064935064,206151.3582125898,0.21627299151617116,0.2162729915161712,2.7755575615628914e-17,1070,92892,162,860268,93962,0.09845220831691799,0.011387582214086546,0.8685064935064936,218231.57555095578,0.22894632418099753,0.22894632418099753,0.0
E6_threshold_divergence,logistic_regression__unweighted__split123__model42,logistic_regression,unweighted,123,42,no_origin_balance,1.0,3094.804334591501,R_x4,4.00016675082539,2.000060141393644,B,youden,val,False,0.0011921977857127786,0.000834741978906095,False,773.6688311688312,1232,953160,1086,93191,146,859971,94277,0.09878205437167459,0.011519246475810643,0.8814935064935064,545032.4328503592,0.1429481180089129,0.14294811800891294,2.7755575615628914e-17,1070,92892,162,860268,93962,0.09845220831691799,0.011387582214086546,0.8685064935064936,594250.3022038231,0.15585671091537923,0.15585671091537923,0.0
E6_threshold_divergence,logistic_regression__unweighted__split123__model42,logistic_regression,unweighted,123,42,no_origin_balance,1.0,3094.804334591501,R_x4,4.00016675082539,2.000060141393644,C,ner_optimal,val,True,0.00035745580680668354,0.000834741978906095,False,773.6688311688312,1232,953160,1162,227799,70,725363,228961,0.23990196920768572,0.00507510012622237,0.9431818181818182,444435.3034214051,0.1165640544885753,0.11656405448857532,1.3877787807814457e-17,1167,227467,65,725693,228634,0.2395598454303892,0.00510422771766229,0.9472402597402597,428629.28174844757,0.11241853779053011,0.11241853779053011,0.0
E6_threshold_divergence,logistic_regression__unweighted__split123__model42,logistic_regression,unweighted,123,42,no_origin_balance,1.0,12379.217338366005,R_x16,16.00066700330156,4.000060141393644,B,youden,val,False,0.0011921977857127786,0.0011686366124195047,False,773.6688311688312,1232,953160,1086,93191,146,859971,94277,0.09878205437167459,0.011519246475810643,0.8814935064935064,1900556.7314014367,0.12461689963209835,0.12461689963209836,1.3877787807814457e-17,1070,92892,162,860268,93962,0.09845220831691799,0.011387582214086546,0.8685064935064936,2098325.2088152925,0.13758430759897466,0.13758430759897466,0.0
E6_threshold_divergence,logistic_regression__unweighted__split123__model42,logistic_regression,unweighted,123,42,no_origin_balance,1.0,12379.217338366005,R_x16,16.00066700330156,4.000060141393644,C,ner_optimal,val,True,2.3561173293273896e-05,0.0011686366124195047,False,773.6688311688312,1232,953160,1230,519170,2,433992,520400,0.5452674681525659,0.0023635664873174482,0.9983766233766234,543928.434676732,0.035664641855322546,0.035664641855322546,0.0,1230,519278,2,433882,520508,0.5453817718505604,0.0023630760718375125,0.9983766233766234,544036.434676732,0.035671723267278264,0.035671723267278264,0.0
E6_threshold_divergence,logistic_regression__unweighted__split123__model42,logistic_regression,unweighted,123,42,no_origin_balance,1.0,49516.86935346402,R_x64,64.00266801320625,6.000060141393644,B,youden,val,False,0.0011921977857127786,0.0011686366124195047,False,773.6688311688312,1232,953160,1086,93191,146,859971,94277,0.09878205437167459,0.011519246475810643,0.8814935064935064,7322653.925605747,0.12003409503789471,0.12003409503789472,1.3877787807814457e-17,1070,92892,162,860268,93962,0.09845220831691799,0.011387582214086546,0.8685064935064936,8114624.835261171,0.13301620676987352,0.13301620676987352,0.0
E6_threshold_divergence,logistic_regression__unweighted__split123__model42,logistic_regression,unweighted,123,42,no_origin_balance,1.0,49516.86935346402,R_x64,64.00266801320625,6.000060141393644,C,ner_optimal,val,True,2.3561173293273896e-05,0.0011686366124195047,False,773.6688311688312,1232,953160,1230,519170,2,433992,520400,0.5452674681525659,0.0023635664873174482,0.9983766233766234,618203.738706928,0.010133692931363103,0.010133692931363103,0.0,1230,519278,2,433882,520508,0.5453817718505604,0.0023630760718375125,0.9983766233766234,618311.738706928,0.010135463284352032,0.010135463284352032,0.0
E6_threshold_divergence,logistic_regression__unweighted__split42__model42,logistic_regression,unweighted,42,42,no_origin_balance,1.0,12.089079431998051,R_x0.015625,0.01562565137041168,-5.999939858606356,B,youden,val,False,0.0020156772807240486,-0.1105763865634799,False,773.6688311688312,1232,953160,998,57146,234,896016,58144,0.060922428263379694,0.017164281783159055,0.810064935064935,59974.844587087544,4.026847587568223,4.026847587568223,0.0,1032,57274,200,895886,58306,0.06109229750458931,0.017699722155524303,0.8376623376623377,59691.81588639961,4.007844396339892,4.007844396339892,0.0
E6_threshold_divergence,logistic_regression__unweighted__split42__model42,logistic_regression,unweighted,42,42,no_origin_balance,1.0,12.089079431998051,R_x0.015625,0.01562565137041168,-5.999939858606356,C,ner_optimal,val,True,0.11259206384420395,-0.1105763865634799,False,773.6688311688312,1232,953160,626,706,606,952456,1332,0.0013956500145642155,0.46996996996997,0.5081168831168831,8031.9821357908195,0.53928556396566,0.5392855639656601,1.1102230246251565e-16,671,708,561,952452,1379,0.001444898951374278,0.4865844815083394,0.5446428571428571,7489.9735613509065,0.5028938744923277,0.5028938744923277,0.0
E6_threshold_divergence,logistic_regression__unweighted__split42__model42,logistic_regression,unweighted,42,42,no_origin_balance,1.0,48.356317727992206,R_x0.0625,0.06250260548164673,-3.999939858606356,B,youden,val,False,0.0020156772807240486,-0.019188967533409595,False,773.6688311688312,1232,953160,998,57146,234,896016,58144,0.060922428263379694,0.017164281783159055,0.810064935064935,68461.37834835018,1.1491631955933543,1.1491631955933543,0.0,1032,57274,200,895886,58306,0.06109229750458931,0.017699722155524303,0.8376623376623377,66945.26354559844,1.12371434583822,1.12371434583822,0.0
E6_threshold_divergence,logistic_regression__unweighted__split42__model42,logistic_regression,unweighted,42,42,no_origin_balance,1.0,48.356317727992206,R_x0.0625,0.06250260548164673,-3.999939858606356,C,ner_optimal,val,True,0.021204644814133644,-0.019188967533409595,False,773.6688311688312,1232,953160,784,4603,448,948559,5387,0.005644419390733806,0.1455355485427882,0.6363636363636364,26266.63034214051,0.4409003381126192,0.4409003381126193,1.1102230246251565e-16,829,4499,403,948661,5328,0.005582611757013889,0.1555930930930931,0.6728896103896104,23986.596044380858,0.40262866490230226,0.4026286649023023,5.551115123125783e-17
E6_threshold_divergence,logistic_regression__unweighted__split42__model42,logistic_regression,unweighted,42,42,no_origin_balance,1.0,193.42527091196882,R_x0.25,0.2500104219265869,-1.999939858606356,B,youden,val,False,0.0020156772807240486,-0.007434345781803131,False,773.6688311688312,1232,953160,998,57146,234,896016,58144,0.060922428263379694,0.017164281783159055,0.810064935064935,102407.5133934007,0.4297420975996372,0.4297420975996373,5.551115123125783e-17,1032,57274,200,895886,58306,0.06109229750458931,0.017699722155524303,0.8376623376623377,95959.05418239377,0.40268183321280165,0.40268183321280177,1.1102230246251565e-16
E6_threshold_divergence,logistic_regression__unweighted__split42__model42,logistic_regression,unweighted,42,42,no_origin_balance,1.0,193.42527091196882,R_x0.25,0.2500104219265869,-1.999939858606356,C,ner_optimal,val,True,0.00945002306252718,-0.007434345781803131,False,773.6688311688312,1232,953160,865,11278,367,941884,12143,0.012723256851991945,0.07123445606522276,0.7021103896103896,82265.07442469256,0.34521652241129247,0.3452165224112925,5.551115123125783e-17,907,11341,325,941819,12248,0.01283330120118358,0.07405290659699543,0.7362012987012987,74204.21304638986,0.3113899860333969,0.3113899860333969,0.0
E6_threshold_divergence,logistic_regression__unweighted__split42__model42,logistic_regression,unweighted,42,42,no_origin_balance,1.0,773.6688311688312,val_class_ratio,1.0,0.0,B,youden,val,False,0.0020156772807240486,0.0,True,773.6688311688312,1232,953160,998,57146,234,896016,58144,0.060922428263379694,0.017164281783159055,0.810064935064935,238184.5064935065,0.24988932235249744,0.24988932235249747,2.7755575615628914e-17,1032,57274,200,895886,58306,0.06109229750458931,0.017699722155524303,0.8376623376623377,212007.76623376622,0.22242620990575163,0.22242620990575163,0.0
E6_threshold_divergence,logistic_regression__unweighted__split42__model42,logistic_regression,unweighted,42,42,no_origin_balance,1.0,773.6688311688312,val_class_ratio,1.0,0.0,C,ner_optimal,val,True,0.0020156772807240486,0.0,True,773.6688311688312,1232,953160,998,57146,234,896016,58144,0.060922428263379694,0.017164281783159055,0.810064935064935,238184.5064935065,0.24988932235249744,0.24988932235249747,2.7755575615628914e-17,1032,57274,200,895886,58306,0.06109229750458931,0.017699722155524303,0.8376623376623377,212007.76623376622,0.22242620990575163,0.22242620990575163,0.0
E6_threshold_divergence,logistic_regression__unweighted__split42__model42,logistic_regression,unweighted,42,42,no_origin_balance,1.0,773.7010836478753,R_x1,1.0000416877063476,6.014139364405448e-05,B,youden,val,False,0.0020156772807240486,0.0,True,773.6688311688312,1232,953160,998,57146,234,896016,58144,0.060922428263379694,0.017164281783159055,0.810064935064935,238192.0535736028,0.24988682310120794,0.24988682310120802,8.326672684688674e-17,1032,57274,200,895886,58306,0.06109229750458931,0.017699722155524303,0.8376623376623377,212014.21672957507,0.22242370505644712,0.2224237050564472,8.326672684688674e-17
E6_threshold_divergence,logistic_regression__unweighted__split42__model42,logistic_regression,unweighted,42,42,no_origin_balance,1.0,773.7010836478753,R_x1,1.0000416877063476,6.014139364405448e-05,C,ner_optimal,val,True,0.0020156772807240486,0.0,True,773.6688311688312,1232,953160,998,57146,234,896016,58144,0.060922428263379694,0.017164281783159055,0.810064935064935,238192.0535736028,0.24988682310120794,0.24988682310120802,8.326672684688674e-17,1032,57274,200,895886,58306,0.06109229750458931,0.017699722155524303,0.8376623376623377,212014.21672957507,0.22242370505644712,0.2224237050564472,8.326672684688674e-17
E6_threshold_divergence,logistic_regression__unweighted__split42__model42,logistic_regression,unweighted,42,42,no_origin_balance,1.0,3094.804334591501,R_x4,4.00016675082539,2.000060141393644,B,youden,val,False,0.0020156772807240486,0.0018644857773324475,False,773.6688311688312,1232,953160,998,57146,234,896016,58144,0.060922428263379694,0.017164281783159055,0.810064935064935,781330.2142944112,0.20492300447660064,0.2049230044766007,5.551115123125783e-17,1032,57274,200,895886,58306,0.06109229750458931,0.017699722155524303,0.8376623376623377,676234.8669183003,0.1773591730173585,0.17735917301735857,5.551115123125783e-17
E6_threshold_divergence,logistic_regression__unweighted__split42__model42,logistic_regression,unweighted,42,42,no_origin_balance,1.0,3094.804334591501,R_x4,4.00016675082539,2.000060141393644,C,ner_optimal,val,True,0.00015119150339160115,0.0018644857773324475,False,773.6688311688312,1232,953160,1192,337757,40,615405,338949,0.355145778368263,0.0035167532578647526,0.9675324675324676,461549.17338366003,0.12105258646484632,0.12105258646484632,0.0,1194,338386,38,614774,339580,0.3558076765102809,0.003516108133576771,0.9691558441558441,455988.56471447705,0.11959418051258625,0.11959418051258625,0.0
E6_threshold_divergence,logistic_regression__unweighted__split42__model42,logistic_regression,unweighted,42,42,no_origin_balance,1.0,12379.217338366005,R_x16,16.00066700330156,4.000060141393644,B,youden,val,False,0.0020156772807240486,0.001983883252250962,False,773.6688311688312,1232,953160,998,57146,234,896016,58144,0.060922428263379694,0.017164281783159055,0.810064935064935,2953882.857177645,0.19368204982044882,0.19368204982044887,5.551115123125783e-17,1032,57274,200,895886,58306,0.06109229750458931,0.017699722155524303,0.8376623376623377,2533117.467673201,0.16609304000758635,0.1660930400075864,5.551115123125783e-17
E6_threshold_divergence,logistic_regression__unweighted__split42__model42,logistic_regression,unweighted,42,42,no_origin_balance,1.0,12379.217338366005,R_x16,16.00066700330156,4.000060141393644,C,ner_optimal,val,True,3.1794028473086655e-05,0.001983883252250962,False,773.6688311688312,1232,953160,1221,485056,11,468106,486277,0.509513890489672,0.0025109145610423688,0.9910714285714286,621227.3907220261,0.040733028443319504,0.04073302844331951,6.938893903907228e-18,1227,485900,5,467260,487127,0.510405577582377,0.002518850320347671,0.9959415584415584,547796.0866918301,0.03591823849625099,0.03591823849625099,0.0
E6_threshold_divergence,logistic_regression__unweighted__split42__model42,logistic_regression,unweighted,42,42,no_origin_balance,1.0,49516.86935346402,R_x64,64.00266801320625,6.000060141393644,B,youden,val,False,0.0020156772807240486,0.001998557998376782,False,773.6688311688312,1232,953160,998,57146,234,896016,58144,0.060922428263379694,0.017164281783159055,0.810064935064935,11644093.42871058,0.19087181115641086,0.19087181115641091,5.551115123125783e-17,1032,57274,200,895886,58306,0.06109229750458931,0.017699722155524303,0.8376623376623377,9960647.870692804,0.1632765067551433,0.16327650675514335,5.551115123125783e-17
E6_threshold_divergence,logistic_regression__unweighted__split42__model42,logistic_regression,unweighted,42,42,no_origin_balance,1.0,49516.86935346402,R_x64,64.00266801320625,6.000060141393644,C,ner_optimal,val,True,1.7119282347266562e-05,0.001998557998376782,False,773.6688311688312,1232,953160,1229,542121,3,411041,543350,0.5693141407008007,0.0022618938069384376,0.997564935064935,690671.6080603921,0.011321597645356243,0.011321597645356243,0.0,1230,542780,2,410380,544010,0.570006873485947,0.002260987849488061,0.9983766233766234,641813.738706928,0.010520711765331862,0.010520711765331862,0.0
E6_threshold_divergence,logistic_regression__unweighted__split456__model42,logistic_regression,unweighted,456,42,no_origin_balance,1.0,12.089079431998051,R_x0.015625,0.01562565137041168,-5.999939858606356,B,youden,val,False,0.001517430879175663,-0.15406507160514593,False,773.6688311688312,1232,953160,1048,73139,184,880023,74187,0.07773204777062723,0.014126464205318991,0.8506493506493507,75363.39061548765,5.060069597183682,5.060069597183682,0.0,1053,73294,179,879866,74347,0.0778998566626711,0.014163315264906452,0.8547077922077922,75457.94521832764,5.066418208454977,5.066418208454977,0.0
E6_threshold_divergence,logistic_regression__unweighted__split456__model42,logistic_regression,unweighted,456,42,no_origin_balance,1.0,12.089079431998051,R_x0.015625,0.01562565137041168,-5.999939858606356,C,ner_optimal,val,True,0.1555825024843216,-0.15406507160514593,False,773.6688311688312,1232,953160,600,453,632,952709,1053,0.0011033179169190083,0.5698005698005698,0.487012987012987,8093.298201022769,0.5434024641603727,0.5434024641603729,1.1102230246251565e-16,606,446,626,952714,1052,0.0011022724415125022,0.5760456273764258,0.49188311688311687,8013.76372443078,0.5380623383559967,0.5380623383559967,0.0
E6_threshold_divergence,logistic_regression__unweighted__split456__model42,logistic_regression,unweighted,456,42,no_origin_balance,1.0,48.356317727992206,R_x0.0625,0.06250260548164673,-3.999939858606356,B,youden,val,False,0.001517430879175663,-0.015736802481114864,False,773.6688311688312,1232,953160,1048,73139,184,880023,74187,0.07773204777062723,0.014126464205318991,0.8506493506493507,82036.56246195057,1.3770303863089075,1.3770303863089075,0.0,1053,73294,179,879866,74347,0.0778998566626711,0.014163315264906452,0.8547077922077922,81949.7808733106,1.3755737079579002,1.3755737079579002,0.0
E6_threshold_divergence,logistic_regression__unweighted__split456__model42,logistic_regression,unweighted,456,42,no_origin_balance,1.0,48.356317727992206,R_x0.0625,0.06250260548164673,-3.999939858606356,C,ner_optimal,val,True,0.017254233360290527,-0.015736802481114864,False,773.6688311688312,1232,953160,818,5412,414,947750,6230,0.006527702395446745,0.13130016051364365,0.663961038961039,25431.515539388773,0.42688246090111515,0.4268824609011152,5.551115123125783e-17,811,5410,421,947750,6221,0.0065182859873091975,0.13036489310400257,0.6582792207792207,25768.00976348472,0.43253070794477283,0.43253070794477294,1.1102230246251565e-16
E6_threshold_divergence,logistic_regression__unweighted__split456__model42,logistic_regression,unweighted,456,42,no_origin_balance,1.0,193.42527091196882,R_x0.25,0.2500104219265869,-1.999939858606356,B,youden,val,False,0.001517430879175663,-0.003321581520140171,False,773.6688311688312,1232,953160,1048,73139,184,880023,74187,0.07773204777062723,0.014126464205318991,0.8506493506493507,108729.24984780226,0.4562705835902139,0.4562705835902139,0.0,1053,73294,179,879866,74347,0.0778998566626711,0.014163315264906452,0.8547077922077922,107917.12349324243,0.45286258283363084,0.4528625828336309,5.551115123125783e-17
E6_threshold_divergence,logistic_regression__unweighted__split456__model42,logistic_regression,unweighted,456,42,no_origin_balance,1.0,193.42527091196882,R_x0.25,0.2500104219265869,-1.999939858606356,C,ner_optimal,val,True,0.004839012399315834,-0.003321581520140171,False,773.6688311688312,1232,953160,942,23253,290,929909,24195,0.025351165242027924,0.03893366398016119,0.7646103896103896,79346.32856447095,0.3329683198452031,0.3329683198452031,0.0,936,23506,296,929654,24442,0.02561002187780283,0.03829473856476557,0.7597402597402597,80759.88018994278,0.3389001369596569,0.33890013695965693,5.551115123125783e-17
E6_threshold_divergence,logistic_regression__unweighted__split456__model42,logistic_regression,unweighted,456,42,no_origin_balance,1.0,773.6688311688312,val_class_ratio,1.0,0.0,B,youden,val,False,0.001517430879175663,0.0,True,773.6688311688312,1232,953160,1048,73139,184,880023,74187,0.07773204777062723,0.014126464205318991,0.8506493506493507,215494.06493506493,0.22608383160756318,0.22608383160756318,0.0,1053,73294,179,879866,74347,0.0778998566626711,0.014163315264906452,0.8547077922077922,211780.72077922078,0.22218800702843258,0.22218800702843255,2.7755575615628914e-17
E6_threshold_divergence,logistic_regression__unweighted__split456__model42,logistic_regression,unweighted,456,42,no_origin_balance,1.0,773.6688311688312,val_class_ratio,1.0,0.0,C,ner_optimal,val,True,0.001517430879175663,0.0,True,773.6688311688312,1232,953160,1048,73139,184,880023,74187,0.07773204777062723,0.014126464205318991,0.8506493506493507,215494.06493506493,0.22608383160756318,0.22608383160756318,0.0,1053,73294,179,879866,74347,0.0778998566626711,0.014163315264906452,0.8547077922077922,211780.72077922078,0.22218800702843258,0.22218800702843255,2.7755575615628914e-17
E6_threshold_divergence,logistic_regression__unweighted__split456__model42,logistic_regression,unweighted,456,42,no_origin_balance,1.0,773.7010836478753,R_x1,1.0000416877063476,6.014139364405448e-05,B,youden,val,False,0.001517430879175663,0.0,True,773.6688311688312,1232,953160,1048,73139,184,880023,74187,0.07773204777062723,0.014126464205318991,0.8506493506493507,215499.99939120904,0.22608063291054048,0.22608063291054048,0.0,1053,73294,179,879866,74347,0.0778998566626711,0.014163315264906452,0.8547077922077922,211786.49397296968,0.22218480155256354,0.22218480155256357,2.7755575615628914e-17
E6_threshold_divergence,logistic_regression__unweighted__split456__model42,logistic_regression,unweighted,456,42,no_origin_balance,1.0,773.7010836478753,R_x1,1.0000416877063476,6.014139364405448e-05,C,ner_optimal,val,True,0.001517430879175663,0.0,True,773.6688311688312,1232,953160,1048,73139,184,880023,74187,0.07773204777062723,0.014126464205318991,0.8506493506493507,215499.99939120904,0.22608063291054048,0.22608063291054048,0.0,1053,73294,179,879866,74347,0.0778998566626711,0.014163315264906452,0.8547077922077922,211786.49397296968,0.22218480155256354,0.22218480155256357,2.7755575615628914e-17
E6_threshold_divergence,logistic_regression__unweighted__split456__model42,logistic_regression,unweighted,456,42,no_origin_balance,1.0,3094.804334591501,R_x4,4.00016675082539,2.000060141393644,B,youden,val,False,0.001517430879175663,0.0013649412139784545,False,773.6688311688312,1232,953160,1048,73139,184,880023,74187,0.07773204777062723,0.014126464205318991,0.8506493506493507,642582.9975648362,0.16853314524062213,0.16853314524062213,0.0,1053,73294,179,879866,74347,0.0778998566626711,0.014163315264906452,0.8547077922077922,627263.9758918787,0.1645153562322967,0.16451535623229674,2.7755575615628914e-17
E6_threshold_divergence,logistic_regression__unweighted__split456__model42,logistic_regression,unweighted,456,42,no_origin_balance,1.0,3094.804334591501,R_x4,4.00016675082539,2.000060141393644,C,ner_optimal,val,True,0.00015248966519720852,0.0013649412139784545,False,773.6688311688312,1232,953160,1193,337836,39,615326,339029,0.35522960119196056,0.003518873016762578,0.9683441558441559,458533.36904906854,0.12026161783999142,0.1202616178399914,2.7755575615628914e-17,1205,336870,27,616290,338075,0.3542307563349232,0.003564297862900244,0.9780844155844156,420429.7170339705,0.11026800091642708,0.11026800091642708,0.0
E6_threshold_divergence,logistic_regression__unweighted__split456__model42,logistic_regression,unweighted,456,42,no_origin_balance,1.0,12379.217338366005,R_x16,16.00066700330156,4.000060141393644,B,youden,val,False,0.001517430879175663,0.0014610815815103706,False,773.6688311688312,1232,953160,1048,73139,184,880023,74187,0.07773204777062723,0.014126464205318991,0.8506493506493507,2350914.9902593447,0.15414627332314254,0.15414627332314254,0.0,1053,73294,179,879866,74347,0.0778998566626711,0.014163315264906452,0.8547077922077922,2289173.903567515,0.15009799490223,0.15009799490223003,2.7755575615628914e-17
E6_threshold_divergence,logistic_regression__unweighted__split456__model42,logistic_regression,unweighted,456,42,no_origin_balance,1.0,12379.217338366005,R_x16,16.00066700330156,4.000060141393644,C,ner_optimal,val,True,5.63492976652924e-05,0.0014610815815103706,False,773.6688311688312,1232,953160,1216,436361,16,516801,437577,0.45848674656378813,0.002778939478080429,0.987012987012987,634428.4774138561,0.041598605601912066,0.041598605601912066,0.0,1228,435691,4,517469,436919,0.45779826318745337,0.0028105896058537166,0.9967532467532467,485207.869353464,0.03181441488007518,0.03181441488007518,0.0
E6_threshold_divergence,logistic_regression__unweighted__split456__model42,logistic_regression,unweighted,456,42,no_origin_balance,1.0,49516.86935346402,R_x64,64.00266801320625,6.000060141393644,B,youden,val,False,0.001517430879175663,0.0014942840734875062,False,773.6688311688312,1232,953160,1048,73139,184,880023,74187,0.07773204777062723,0.014126464205318991,0.8506493506493507,9184242.961037379,0.15054955534377265,0.15054955534377265,0.0,1053,73294,179,879866,74347,0.0778998566626711,0.014163315264906452,0.8547077922077922,8936813.61427006,0.14649365456971333,0.14649365456971336,2.7755575615628914e-17
E6_threshold_divergence,logistic_regression__unweighted__split456__model42,logistic_regression,unweighted,456,42,no_origin_balance,1.0,49516.86935346402,R_x64,64.00266801320625,6.000060141393644,C,ner_optimal,val,True,2.3146805688156746e-05,0.0014942840734875062,False,773.6688311688312,1232,953160,1229,516949,3,436213,518178,0.5429392892243664,0.0023717718621786336,0.997564935064935,665499.6080603921,0.010908974261677225,0.010908974261677225,0.0,1232,516891,0,436269,518123,0.5428827986823025,0.0023778137623691672,1.0,516891.0,0.008472958581488606,0.008472958581488606,0.0
E6_threshold_divergence,logistic_regression__unweighted__split789__model42,logistic_regression,unweighted,789,42,no_origin_balance,1.0,12.089079431998051,R_x0.015625,0.01562565137041168,-5.999939858606356,B,youden,val,False,0.0014876696513965726,-0.11010801314841956,False,773.6688311688312,1232,953160,1056,75787,176,877375,76843,0.0805149655173859,0.013742305740275627,0.8571428571428571,77914.67798003166,5.231368838387873,5.231368838387873,0.0,1059,76337,173,876823,77396,0.08109456072557188,0.013682877668096543,0.859577922077922,78428.41074173566,5.265862025429293,5.265862025429293,0.0
E6_threshold_divergence,logistic_regression__unweighted__split789__model42,logistic_regression,unweighted,789,42,no_origin_balance,1.0,12.089079431998051,R_x0.015625,0.01562565137041168,-5.999939858606356,C,ner_optimal,val,True,0.11159568279981613,-0.11010801314841956,False,773.6688311688312,1232,953160,658,724,574,952438,1382,0.0014480392793751846,0.4761215629522431,0.5340909090909091,7663.131593966881,0.5145200989654098,0.5145200989654098,0.0,651,748,581,952412,1399,0.0014658547012129188,0.4653323802716226,0.5284090909090909,7771.755149990868,0.5218133317789293,0.5218133317789293,0.0
E6_threshold_divergence,logistic_regression__unweighted__split789__model42,logistic_regression,unweighted,789,42,no_origin_balance,1.0,48.356317727992206,R_x0.0625,0.06250260548164673,-3.999939858606356,B,youden,val,False,0.0014876696513965726,-0.022526207263581455,False,773.6688311688312,1232,953160,1056,75787,176,877375,76843,0.0805149655173859,0.013742305740275627,0.8571428571428571,84297.71192012663,1.4149850667398254,1.4149850667398254,0.0,1059,76337,173,876823,77396,0.08109456072557188,0.013682877668096543,0.859577922077922,84702.64296694266,1.421782064798882,1.421782064798882,0.0
E6_threshold_divergence,logistic_regression__unweighted__split789__model42,logistic_regression,unweighted,789,42,no_origin_balance,1.0,48.356317727992206,R_x0.0625,0.06250260548164673,-3.999939858606356,C,ner_optimal,val,True,0.024013876914978027,-0.022526207263581455,False,773.6688311688312,1232,953160,809,4027,423,949135,4836,0.005067089692516927,0.1672870140612076,0.6566558441558441,24481.722398940703,0.4109396425302043,0.41093964253020443,1.1102230246251565e-16,800,4056,432,949104,4856,0.005088056060821969,0.16474464579901152,0.6493506493506493,24945.929258492633,0.41873161883872556,0.4187316188387256,5.551115123125783e-17
E6_threshold_divergence,logistic_regression__unweighted__split789__model42,logistic_regression,unweighted,789,42,no_origin_balance,1.0,193.42527091196882,R_x0.25,0.2500104219265869,-1.999939858606356,B,youden,val,False,0.0014876696513965726,-0.00502078456338495,False,773.6688311688312,1232,953160,1056,75787,176,877375,76843,0.0805149655173859,0.013742305740275627,0.8571428571428571,109829.84768050651,0.46088912382781344,0.4608891238278135,5.551115123125783e-17,1059,76337,173,876823,77396,0.08109456072557188,0.013682877668096543,0.859577922077922,109799.5718677706,0.4607620746412789,0.4607620746412789,0.0
E6_threshold_divergence,logistic_regression__unweighted__split789__model42,logistic_regression,unweighted,789,42,no_origin_balance,1.0,193.42527091196882,R_x0.25,0.2500104219265869,-1.999939858606356,C,ner_optimal,val,True,0.006508454214781523,-0.00502078456338495,False,773.6688311688312,1232,953160,921,17464,311,935698,18385,0.01926353267099332,0.050095186293173784,0.747564935064935,77619.2592536223,0.32572085953930824,0.32572085953930824,0.0,922,17613,310,935547,18535,0.019420741162960293,0.04974372808200701,0.7483766233766234,77574.83398271033,0.32553443367585816,0.3255344336758582,5.551115123125783e-17
E6_threshold_divergence,logistic_regression__unweighted__split789__model42,logistic_regression,unweighted,789,42,no_origin_balance,1.0,773.6688311688312,val_class_ratio,1.0,0.0,B,youden,val,False,0.0014876696513965726,0.0,True,773.6688311688312,1232,953160,1056,75787,176,877375,76843,0.0805149655173859,0.013742305740275627,0.8571428571428571,211952.7142857143,0.22236845260576849,0.22236845260576849,0.0,1059,76337,173,876823,77396,0.08109456072557188,0.013682877668096543,0.859577922077922,210181.7077922078,0.22051041566180685,0.22051041566180685,0.0
E6_threshold_divergence,logistic_regression__unweighted__split789__model42,logistic_regression,unweighted,789,42,no_origin_balance,1.0,773.6688311688312,val_class_ratio,1.0,0.0,C,ner_optimal,val,True,0.0014876696513965726,0.0,True,773.6688311688312,1232,953160,1056,75787,176,877375,76843,0.0805149655173859,0.013742305740275627,0.8571428571428571,211952.7142857143,0.22236845260576849,0.22236845260576849,0.0,1059,76337,173,876823,77396,0.08109456072557188,0.013682877668096543,0.859577922077922,210181.7077922078,0.22051041566180685,0.22051041566180685,0.0
E6_threshold_divergence,logistic_regression__unweighted__split789__model42,logistic_regression,unweighted,789,42,no_origin_balance,1.0,773.7010836478753,R_x1,1.0000416877063476,6.014139364405448e-05,B,youden,val,False,0.0014876696513965726,0.0,True,773.6688311688312,1232,953160,1056,75787,176,877375,76843,0.0805149655173859,0.013742305740275627,0.8571428571428571,211958.39072202606,0.22236513809981048,0.2223651380998105,2.7755575615628914e-17,1059,76337,173,876823,77396,0.08109456072557188,0.013682877668096543,0.859577922077922,210187.28747108244,0.22050707710187814,0.22050707710187817,2.7755575615628914e-17
E6_threshold_divergence,logistic_regression__unweighted__split789__model42,logistic_regression,unweighted,789,42,no_origin_balance,1.0,773.7010836478753,R_x1,1.0000416877063476,6.014139364405448e-05,C,ner_optimal,val,True,0.0014876696513965726,0.0,True,773.6688311688312,1232,953160,1056,75787,176,877375,76843,0.0805149655173859,0.013742305740275627,0.8571428571428571,211958.39072202606,0.22236513809981048,0.2223651380998105,2.7755575615628914e-17,1059,76337,173,876823,77396,0.08109456072557188,0.013682877668096543,0.859577922077922,210187.28747108244,0.22050707710187814,0.22050707710187817,2.7755575615628914e-17
E6_threshold_divergence,logistic_regression__unweighted__split789__model42,logistic_regression,unweighted,789,42,no_origin_balance,1.0,3094.804334591501,R_x4,4.00016675082539,2.000060141393644,B,youden,val,False,0.0014876696513965726,0.0013092631561448798,False,773.6688311688312,1232,953160,1056,75787,176,877375,76843,0.0805149655173859,0.013742305740275627,0.8571428571428571,620472.5628881042,0.16273414166780975,0.16273414166780978,2.7755575615628914e-17,1059,76337,173,876823,77396,0.08109456072557188,0.013682877668096543,0.859577922077922,611738.1498843298,0.16044332771702796,0.160443327717028,2.7755575615628914e-17
E6_threshold_divergence,logistic_regression__unweighted__split789__model42,logistic_regression,unweighted,789,42,no_origin_balance,1.0,3094.804334591501,R_x4,4.00016675082539,2.000060141393644,C,ner_optimal,val,True,0.00017840649525169283,0.0013092631561448798,False,773.6688311688312,1232,953160,1190,317020,42,636142,318210,0.33341575910996923,0.0037396687721944627,0.9659090909090909,447001.782052843,0.11723717643171458,0.11723717643171457,1.3877787807814457e-17,1196,317254,36,635906,318450,0.33366792680575696,0.0037556916313392997,0.9707792207792207,428666.95604529406,0.11242841879853427,0.11242841879853427,0.0
E6_threshold_divergence,logistic_regression__unweighted__split789__model42,logistic_regression,unweighted,789,42,no_origin_balance,1.0,12379.217338366005,R_x16,16.00066700330156,4.000060141393644,B,youden,val,False,0.0014876696513965726,0.0014491442670987453,False,773.6688311688312,1232,953160,1056,75787,176,877375,76843,0.0805149655173859,0.013742305740275627,0.8571428571428571,2254529.251552417,0.14782639255980956,0.1478263925598096,2.7755575615628914e-17,1059,76337,173,876823,77396,0.08109456072557188,0.013682877668096543,0.859577922077922,2217941.599537319,0.14542739037081542,0.14542739037081545,2.7755575615628914e-17
E6_threshold_divergence,logistic_regression__unweighted__split789__model42,logistic_regression,unweighted,789,42,no_origin_balance,1.0,12379.217338366005,R_x16,16.00066700330156,4.000060141393644,C,ner_optimal,val,True,3.852538429782726e-05,0.0014491442670987453,False,773.6688311688312,1232,953160,1223,466432,9,486730,467655,0.49000203270347464,0.00261517571714191,0.9926948051948052,577844.9560452941,0.03788850166935683,0.03788850166935683,0.0,1229,466716,3,486444,467945,0.4903069179121367,0.0026263770314887435,0.997564935064935,503853.652015098,0.033036993289925334,0.033036993289925334,0.0
E6_threshold_divergence,logistic_regression__unweighted__split789__model42,logistic_regression,unweighted,789,42,no_origin_balance,1.0,49516.86935346402,R_x64,64.00266801320625,6.000060141393644,B,youden,val,False,0.0014876696513965726,0.0014717195517732762,False,773.6688311688312,1232,953160,1056,75787,176,877375,76843,0.0805149655173859,0.013742305740275627,0.8571428571428571,8790756.006209668,0.1440994552828095,0.14409945528280954,2.7755575615628914e-17,1059,76337,173,876823,77396,0.08109456072557188,0.013682877668096543,0.859577922077922,8642755.398149276,0.1416734060342623,0.14167340603426232,2.7755575615628914e-17
E6_threshold_divergence,logistic_regression__unweighted__split789__model42,logistic_regression,unweighted,789,42,no_origin_balance,1.0,49516.86935346402,R_x64,64.00266801320625,6.000060141393644,C,ner_optimal,val,True,1.595009962329641e-05,0.0014717195517732762,False,773.6688311688312,1232,953160,1231,548505,1,404657,549736,0.5760052976024577,0.00223925666137928,0.9991883116883117,598021.869353464,0.00980286855421412,0.00980286855421412,0.0,1231,548514,1,404646,549745,0.5760159347521773,0.0022392200020009277,0.9991883116883117,598030.869353464,0.009803016083629865,0.009803016083629865,0.0
E6_threshold_divergence,logistic_regression__weighted__split123__model42,logistic_regression,weighted,123,42,no_origin_balance,773.7010836478753,12.089079431998051,R_x0.015625,0.01562565137041168,-5.999939858606356,B,youden,val,False,0.5396656394004822,-0.3775644302368164,False,773.6688311688312,1232,953160,1078,67566,154,885596,68644,0.07192417387368319,0.015704213041198064,0.875,69427.7182325277,4.661535041896753,4.661535041896753,0.0,1086,67502,146,885658,68588,0.0718656484966345,0.015833673528897182,0.8814935064935064,69267.00559707172,4.650744429718712,4.650744429718712,0.0
E6_threshold_divergence,logistic_regression__weighted__split123__model42,logistic_regression,weighted,123,42,no_origin_balance,773.7010836478753,12.089079431998051,R_x0.015625,0.01562565137041168,-5.999939858606356,C,ner_optimal,val,True,0.9172300696372986,-0.3775644302368164,False,773.6688311688312,1232,953160,837,3457,395,949705,4294,0.004499190061966023,0.19492314857941315,0.6793831168831169,8232.18637563923,0.5527277323581743,0.5527277323581743,0.0,816,3466,416,949694,4282,0.004486626040452979,0.19056515646893976,0.6623376623376623,8495.05704371119,0.5703774673905168,0.5703774673905168,0.0
E6_threshold_divergence,logistic_regression__weighted__split123__model42,logistic_regression,weighted,123,42,no_origin_balance,773.7010836478753,48.356317727992206,R_x0.0625,0.06250260548164673,-3.999939858606356,B,youden,val,False,0.5396656394004822,-0.31998997926712036,False,773.6688311688312,1232,953160,1078,67566,154,885596,68644,0.07192417387368319,0.015704213041198064,0.875,75012.8729301108,1.2591337604741883,1.2591337604741883,0.0,1086,67502,146,885658,68588,0.0718656484966345,0.015833673528897182,0.8814935064935064,74562.02238828686,1.2515659775595478,1.2515659775595478,0.0
E6_threshold_divergence,logistic_regression__weighted__split123__model42,logistic_regression,weighted,123,42,no_origin_balance,773.7010836478753,48.356317727992206,R_x0.0625,0.06250260548164673,-3.999939858606356,C,ner_optimal,val,True,0.8596556186676025,-0.31998997926712036,False,773.6688311688312,1232,953160,891,4998,341,948164,5889,0.006170407609435935,0.15129903209373408,0.7232142857142857,21487.504345245343,0.36067998854865707,0.3606799885486571,5.551115123125783e-17,870,5008,362,948152,5878,0.0061588948775765096,0.14800952705001702,0.7061688311688312,22512.987017533178,0.3778932987849138,0.37789329878491384,5.551115123125783e-17
E6_threshold_divergence,logistic_regression__weighted__split123__model42,logistic_regression,weighted,123,42,no_origin_balance,773.7010836478753,193.42527091196882,R_x0.25,0.2500104219265869,-1.999939858606356,B,youden,val,False,0.5396656394004822,-0.1984415054321289,False,773.6688311688312,1232,953160,1078,67566,154,885596,68644,0.07192417387368319,0.015704213041198064,0.875,97353.4917204432,0.40853344011854714,0.40853344011854714,0.0,1086,67502,146,885658,68588,0.0718656484966345,0.015833673528897182,0.8814935064935064,95742.08955314745,0.40177136451975703,0.40177136451975715,1.1102230246251565e-16
E6_threshold_divergence,logistic_regression__weighted__split123__model42,logistic_regression,weighted,123,42,no_origin_balance,773.7010836478753,193.42527091196882,R_x0.25,0.2500104219265869,-1.999939858606356,C,ner_optimal,val,True,0.7381071448326111,-0.1984415054321289,False,773.6688311688312,1232,953160,976,16468,256,936694,17444,0.018277566707250885,0.055950470075670715,0.7922077922077922,65984.86935346402,0.27689839569547614,0.2768983956954762,5.551115123125783e-17,966,16551,266,936609,17517,0.01835409349617348,0.05514642918307929,0.7840909090909091,68002.12206258372,0.2853635793707739,0.28536357937077395,5.551115123125783e-17
E6_threshold_divergence,logistic_regression__weighted__split123__model42,logistic_regression,weighted,123,42,no_origin_balance,773.7010836478753,773.6688311688312,val_class_ratio,1.0,0.0,B,youden,val,False,0.5396656394004822,0.0,True,773.6688311688312,1232,953160,1078,67566,154,885596,68644,0.07192417387368319,0.015704213041198064,0.875,186711.0,0.19588631499433462,0.19588631499433462,0.0,1086,67502,146,885658,68588,0.0718656484966345,0.015833673528897182,0.8814935064935064,180457.64935064933,0.18932566342549978,0.18932566342549972,5.551115123125783e-17
E6_threshold_divergence,logistic_regression__weighted__split123__model42,logistic_regression,weighted,123,42,no_origin_balance,773.7010836478753,773.6688311688312,val_class_ratio,1.0,0.0,C,ner_optimal,val,True,0.5396656394004822,0.0,True,773.6688311688312,1232,953160,1078,67566,154,885596,68644,0.07192417387368319,0.015704213041198064,0.875,186711.0,0.19588631499433462,0.19588631499433462,0.0,1086,67502,146,885658,68588,0.0718656484966345,0.015833673528897182,0.8814935064935064,180457.64935064933,0.18932566342549978,0.18932566342549972,5.551115123125783e-17
E6_threshold_divergence,logistic_regression__weighted__split123__model42,logistic_regression,weighted,123,42,no_origin_balance,773.7010836478753,773.7010836478753,R_x1,1.0000416877063476,6.014139364405448e-05,B,youden,val,False,0.5396656394004822,0.0,True,773.6688311688312,1232,953160,1078,67566,154,885596,68644,0.07192417387368319,0.015704213041198064,0.875,186715.9668817728,0.19588336002963677,0.19588336002963677,0.0,1086,67502,146,885658,68588,0.0718656484966345,0.015833673528897182,0.8814935064935064,180462.3582125898,0.1893227112598094,0.18932271125980943,2.7755575615628914e-17
E6_threshold_divergence,logistic_regression__weighted__split123__model42,logistic_regression,weighted,123,42,no_origin_balance,773.7010836478753,773.7010836478753,R_x1,1.0000416877063476,6.014139364405448e-05,C,ner_optimal,val,True,0.5396656394004822,0.0,True,773.6688311688312,1232,953160,1078,67566,154,885596,68644,0.07192417387368319,0.015704213041198064,0.875,186715.9668817728,0.19588336002963677,0.19588336002963677,0.0,1086,67502,146,885658,68588,0.0718656484966345,0.015833673528897182,0.8814935064935064,180462.3582125898,0.1893227112598094,0.18932271125980943,2.7755575615628914e-17
E6_threshold_divergence,logistic_regression__weighted__split123__model42,logistic_regression,weighted,123,42,no_origin_balance,773.7010836478753,3094.804334591501,R_x4,4.00016675082539,2.000060141393644,B,youden,val,False,0.5396656394004822,0.44902753829956055,False,773.6688311688312,1232,953160,1078,67566,154,885596,68644,0.07192417387368319,0.015704213041198064,0.875,544165.8675270912,0.1427208400074092,0.1427208400074092,0.0,1086,67502,146,885658,68588,0.0718656484966345,0.015833673528897182,0.8814935064935064,519343.4328503592,0.13621054794482246,0.13621054794482249,2.7755575615628914e-17
E6_threshold_divergence,logistic_regression__weighted__split123__model42,logistic_regression,weighted,123,42,no_origin_balance,773.7010836478753,3094.804334591501,R_x4,4.00016675082539,2.000060141393644,C,ner_optimal,val,True,0.09063810110092163,0.44902753829956055,False,773.6688311688312,1232,953160,1228,341754,4,611408,342982,0.3593714964679158,0.0035803628178738243,0.9967532467532467,354133.217338366,0.09288011848803025,0.09288011848803025,0.0,1227,341970,5,611190,343197,0.35959752386859906,0.003575206076976197,0.9959415584415584,357444.0216729575,0.0937484580953643,0.0937484580953643,0.0
E6_threshold_divergence,logistic_regression__weighted__split123__model42,logistic_regression,weighted,123,42,no_origin_balance,773.7010836478753,12379.217338366005,R_x16,16.00066700330156,4.000060141393644,B,youden,val,False,0.5396656394004822,0.5272189090028405,False,773.6688311688312,1232,953160,1078,67566,154,885596,68644,0.07192417387368319,0.015704213041198064,0.875,1973965.4701083647,0.12943021000185229,0.12943021000185229,0.0,1086,67502,146,885658,68588,0.0718656484966345,0.015833673528897182,0.8814935064935064,1874867.7314014367,0.12293250711607574,0.12293250711607576,1.3877787807814457e-17
E6_threshold_divergence,logistic_regression__weighted__split123__model42,logistic_regression,weighted,123,42,no_origin_balance,773.7010836478753,12379.217338366005,R_x16,16.00066700330156,4.000060141393644,C,ner_optimal,val,True,0.012446730397641659,0.5272189090028405,False,773.6688311688312,1232,953160,1230,376590,2,576572,377820,0.39587424061760657,0.003255518500873432,0.9983766233766234,401348.434676732,0.026315866701190276,0.026315866701190276,0.0,1231,376674,1,576486,377905,0.3959641321385762,0.003257432423492677,0.9991883116883117,389053.217338366,0.025509686154356413,0.025509686154356413,0.0
E6_threshold_divergence,logistic_regression__weighted__split123__model42,logistic_regression,weighted,123,42,no_origin_balance,773.7010836478753,49516.86935346402,R_x64,64.00266801320625,6.000060141393644,B,youden,val,False,0.5396656394004822,0.535304507240653,False,773.6688311688312,1232,953160,1078,67566,154,885596,68644,0.07192417387368319,0.015704213041198064,0.875,7693163.880433459,0.12610755250046307,0.12610755250046307,0.0,1086,67502,146,885658,68588,0.0718656484966345,0.015833673528897182,0.8814935064935064,7296964.925605747,0.11961299690888906,0.11961299690888907,1.3877787807814457e-17
E6_threshold_divergence,logistic_regression__weighted__split123__model42,logistic_regression,weighted,123,42,no_origin_balance,773.7010836478753,49516.86935346402,R_x64,64.00266801320625,6.000060141393644,C,ner_optimal,val,True,0.00436113215982914,0.535304507240653,False,773.6688311688312,1232,953160,1231,404597,1,548565,405828,0.42522061119411897,0.0030333047497954797,0.9991883116883117,454113.869353464,0.007443905980780142,0.007443905980780142,0.0,1232,404426,0,548734,405658,0.425043378402166,0.003037041054287109,1.0,404426.0,0.0066294146101926925,0.0066294146101926925,0.0
E6_threshold_divergence,logistic_regression__weighted__split42__model42,logistic_regression,weighted,42,42,no_origin_balance,773.7010836478753,12.089079431998051,R_x0.015625,0.01562565137041168,-5.999939858606356,B,youden,val,False,0.5718259811401367,-0.3686034679412842,False,773.6688311688312,1232,953160,1040,54487,192,898675,55527,0.05818037414317358,0.018729627028292544,0.8441558441558441,56808.103250943626,3.814225365740086,3.814225365740086,0.0,1065,54127,167,899033,55192,0.05782948725471295,0.019296274822438033,0.864448051948052,56145.87626514368,3.769761938472361,3.769761938472361,0.0
E6_threshold_divergence,logistic_regression__weighted__split42__model42,logistic_regression,weighted,42,42,no_origin_balance,773.7010836478753,12.089079431998051,R_x0.015625,0.01562565137041168,-5.999939858606356,C,ner_optimal,val,True,0.9404294490814209,-0.3686034679412842,False,773.6688311688312,1232,953160,778,3061,454,950101,3839,0.004022447752186204,0.20265694191195624,0.6314935064935064,8549.442062127117,0.574029001324715,0.5740290013247152,2.220446049250313e-16,808,2961,424,950199,3769,0.003949111057091845,0.21438047227381268,0.6558441558441559,8086.769679167174,0.5429641243419775,0.5429641243419776,1.1102230246251565e-16
E6_threshold_divergence,logistic_regression__weighted__split42__model42,logistic_regression,weighted,42,42,no_origin_balance,773.7010836478753,48.356317727992206,R_x0.0625,0.06250260548164673,-3.999939858606356,B,youden,val,False,0.5718259811401367,-0.28487467765808105,False,773.6688311688312,1232,953160,1040,54487,192,898675,55527,0.05818037414317358,0.018729627028292544,0.8441558441558441,63771.413003774505,1.0704394583181385,1.0704394583181385,0.0,1065,54127,167,899033,55192,0.05782948725471295,0.019296274822438033,0.864448051948052,62202.505060574695,1.0441044456570512,1.0441044456570512,0.0
E6_threshold_divergence,logistic_regression__weighted__split42__model42,logistic_regression,weighted,42,42,no_origin_balance,773.7010836478753,48.356317727992206,R_x0.0625,0.06250260548164673,-3.999939858606356,C,ner_optimal,val,True,0.8567006587982178,-0.28487467765808105,False,773.6688311688312,1232,953160,855,5168,377,947994,6023,0.006310810839129332,0.14195583596214512,0.6939935064935064,23398.33178345306,0.3927543145130738,0.3927543145130738,0.0,897,5052,335,948108,5949,0.006233287789503684,0.1507816439737771,0.7280844155844156,21251.36643887739,0.35671627940885914,0.3567162794088592,5.551115123125783e-17
E6_threshold_divergence,logistic_regression__weighted__split42__model42,logistic_regression,weighted,42,42,no_origin_balance,773.7010836478753,193.42527091196882,R_x0.25,0.2500104219265869,-1.999939858606356,B,youden,val,False,0.5718259811401367,-0.2114660143852234,False,773.6688311688312,1232,953160,1040,54487,192,898675,55527,0.05818037414317358,0.018729627028292544,0.8441558441558441,91624.65201509802,0.3844929814626515,0.38449298146265154,5.551115123125783e-17,1065,54127,167,899033,55192,0.05782948725471295,0.019296274822438033,0.864448051948052,86429.0202422988,0.36269007245322377,0.3626900724532238,5.551115123125783e-17
E6_threshold_divergence,logistic_regression__weighted__split42__model42,logistic_regression,weighted,42,42,no_origin_balance,773.7010836478753,193.42527091196882,R_x0.25,0.2500104219265869,-1.999939858606356,C,ner_optimal,val,True,0.7832919955253601,-0.2114660143852234,False,773.6688311688312,1232,953160,917,10825,315,942337,11742,0.012303094948207973,0.07809572474876511,0.7443181818181818,71753.96033727018,0.3011077645051653,0.30110776450516535,5.551115123125783e-17,950,10767,282,942393,11717,0.01227692604296767,0.08107877443031493,0.7711038961038961,65312.92639717521,0.2740786594677878,0.2740786594677878,0.0
E6_threshold_divergence,logistic_regression__weighted__split42__model42,logistic_regression,weighted,42,42,no_origin_balance,773.7010836478753,773.6688311688312,val_class_ratio,1.0,0.0,B,youden,val,False,0.5718259811401367,0.0,True,773.6688311688312,1232,953160,1040,54487,192,898675,55527,0.05818037414317358,0.018729627028292544,0.8441558441558441,203031.41558441558,0.21300874521005453,0.21300874521005453,0.0,1065,54127,167,899033,55192,0.05782948725471295,0.019296274822438033,0.864448051948052,183329.6948051948,0.19233884636912463,0.1923388463691246,2.7755575615628914e-17
E6_threshold_divergence,logistic_regression__weighted__split42__model42,logistic_regression,weighted,42,42,no_origin_balance,773.7010836478753,773.6688311688312,val_class_ratio,1.0,0.0,C,ner_optimal,val,True,0.5718259811401367,0.0,True,773.6688311688312,1232,953160,1040,54487,192,898675,55527,0.05818037414317358,0.018729627028292544,0.8441558441558441,203031.41558441558,0.21300874521005453,0.21300874521005453,0.0,1065,54127,167,899033,55192,0.05782948725471295,0.019296274822438033,0.864448051948052,183329.6948051948,0.19233884636912463,0.1923388463691246,2.7755575615628914e-17
E6_threshold_divergence,logistic_regression__weighted__split42__model42,logistic_regression,weighted,42,42,no_origin_balance,773.7010836478753,773.7010836478753,R_x1,1.0000416877063476,6.014139364405448e-05,B,youden,val,False,0.5718259811401367,0.0,True,773.6688311688312,1232,953160,1040,54487,192,898675,55527,0.05818037414317358,0.018729627028292544,0.8441558441558441,203037.60806039206,0.21300636224877972,0.21300636224877975,2.7755575615628914e-17,1065,54127,167,899033,55192,0.05782948725471295,0.019296274822438033,0.864448051948052,183335.08096919517,0.19233647915226698,0.192336479152267,2.7755575615628914e-17
E6_threshold_divergence,logistic_regression__weighted__split42__model42,logistic_regression,weighted,42,42,no_origin_balance,773.7010836478753,773.7010836478753,R_x1,1.0000416877063476,6.014139364405448e-05,C,ner_optimal,val,True,0.5718259811401367,0.0,True,773.6688311688312,1232,953160,1040,54487,192,898675,55527,0.05818037414317358,0.018729627028292544,0.8441558441558441,203037.60806039206,0.21300636224877972,0.21300636224877975,2.7755575615628914e-17,1065,54127,167,899033,55192,0.05782948725471295,0.019296274822438033,0.864448051948052,183335.08096919517,0.19233647915226698,0.192336479152267,2.7755575615628914e-17
E6_threshold_divergence,logistic_regression__weighted__split42__model42,logistic_regression,weighted,42,42,no_origin_balance,773.7010836478753,3094.804334591501,R_x4,4.00016675082539,2.000060141393644,B,youden,val,False,0.5718259811401367,0.5261587984859943,False,773.6688311688312,1232,953160,1040,54487,192,898675,55527,0.05818037414317358,0.018729627028292544,0.8441558441558441,648689.4322415682,0.17013470744531178,0.1701347074453118,2.7755575615628914e-17,1065,54127,167,899033,55192,0.05782948725471295,0.019296274822438033,0.864448051948052,570959.3238767807,0.14974808082702776,0.14974808082702779,2.7755575615628914e-17
E6_threshold_divergence,logistic_regression__weighted__split42__model42,logistic_regression,weighted,42,42,no_origin_balance,773.7010836478753,3094.804334591501,R_x4,4.00016675082539,2.000060141393644,C,ner_optimal,val,True,0.04566718265414238,0.5261587984859943,False,773.6688311688312,1232,953160,1227,346399,5,606763,347626,0.3642374113835586,0.0035296554342885743,0.9959415584415584,361873.0216729575,0.09491007193061896,0.09491007193061896,0.0,1228,346353,4,606807,347581,0.36419102423322913,0.0035329894326790014,0.9967532467532467,358732.217338366,0.09408631899115424,0.09408631899115424,0.0
E6_threshold_divergence,logistic_regression__weighted__split42__model42,logistic_regression,weighted,42,42,no_origin_balance,773.7010836478753,12379.217338366005,R_x16,16.00066700330156,4.000060141393644,B,youden,val,False,0.5718259811401367,0.5261587984859943,False,773.6688311688312,1232,953160,1040,54487,192,898675,55527,0.05818037414317358,0.018729627028292544,0.8441558441558441,2431296.728966273,0.1594167937444448,0.15941679374444484,2.7755575615628914e-17,1065,54127,167,899033,55192,0.05782948725471295,0.019296274822438033,0.864448051948052,2121456.2955071228,0.13910098124571796,0.139100981245718,2.7755575615628914e-17
E6_threshold_divergence,logistic_regression__weighted__split42__model42,logistic_regression,weighted,42,42,no_origin_balance,773.7010836478753,12379.217338366005,R_x16,16.00066700330156,4.000060141393644,C,ner_optimal,val,True,0.04566718265414238,0.5261587984859943,False,773.6688311688312,1232,953160,1227,346399,5,606763,347626,0.3642374113835586,0.0035296554342885743,0.9959415584415584,408295.08669183,0.026771349151485907,0.026771349151485907,0.0,1228,346353,4,606807,347581,0.36419102423322913,0.0035329894326790014,0.9967532467532467,395869.869353464,0.02595664468285349,0.02595664468285349,0.0
E6_threshold_divergence,logistic_regression__weighted__split42__model42,logistic_regression,weighted,42,42,no_origin_balance,773.7010836478753,49516.86935346402,R_x64,64.00266801320625,6.000060141393644,B,youden,val,False,0.5718259811401367,0.5691868413705379,False,773.6688311688312,1232,953160,1040,54487,192,898675,55527,0.05818037414317358,0.018729627028292544,0.8441558441558441,9561725.915865092,0.15673731531922808,0.1567373153192281,2.7755575615628914e-17,1065,54127,167,899033,55192,0.05782948725471295,0.019296274822438033,0.864448051948052,8323444.182028491,0.1364392063503905,0.13643920635039053,2.7755575615628914e-17
E6_threshold_divergence,logistic_regression__weighted__split42__model42,logistic_regression,weighted,42,42,no_origin_balance,773.7010836478753,49516.86935346402,R_x64,64.00266801320625,6.000060141393644,C,ner_optimal,val,True,0.0026391397695988417,0.5691868413705379,False,773.6688311688312,1232,953160,1232,404936,0,548226,406168,0.4255768581948336,0.003033227629946229,1.0,404936.0,0.006637774610418193,0.006637774610418193,0.0,1232,405833,0,547327,407065,0.42651761540331434,0.003026543672386474,1.0,405833.0,0.006652478375520691,0.006652478375520691,0.0
E6_threshold_divergence,logistic_regression__weighted__split456__model42,logistic_regression,weighted,456,42,no_origin_balance,773.7010836478753,12.089079431998051,R_x0.015625,0.01562565137041168,-5.999939858606356,B,youden,val,False,0.5317200422286987,-0.39031702280044556,False,773.6688311688312,1232,953160,1089,68952,143,884210,70041,0.07338792993250168,0.015548036150254851,0.8839285714285714,70680.73835877572,4.745665665448926,4.745665665448926,0.0,1091,69066,141,884094,70157,0.07350962707147587,0.015550835982154312,0.885551948051948,70770.56019991172,4.7516965083261296,4.7516965083261296,0.0
E6_threshold_divergence,logistic_regression__weighted__split456__model42,logistic_regression,weighted,456,42,no_origin_balance,773.7010836478753,12.089079431998051,R_x0.015625,0.01562565137041168,-5.999939858606356,C,ner_optimal,val,True,0.9220370650291443,-0.39031702280044556,False,773.6688311688312,1232,953160,793,3220,439,949942,4013,0.004204762393728376,0.1976077747321206,0.6436688311688312,8527.105870647145,0.5725292985844107,0.5725292985844108,1.1102230246251565e-16,778,3286,454,949874,4064,0.004258208367211796,0.19143700787401574,0.6314935064935064,8774.442062127117,0.5891360134969136,0.5891360134969138,2.220446049250313e-16
E6_threshold_divergence,logistic_regression__weighted__split456__model42,logistic_regression,weighted,456,42,no_origin_balance,773.7010836478753,48.356317727992206,R_x0.0625,0.06250260548164673,-3.999939858606356,B,youden,val,False,0.5317200422286987,-0.3088761568069458,False,773.6688311688312,1232,953160,1089,68952,143,884210,70041,0.07338792993250168,0.015548036150254851,0.8839285714285714,75866.95343510289,1.273469987790803,1.273469987790803,0.0,1091,69066,141,884094,70157,0.07350962707147587,0.015550835982154312,0.885551948051948,75884.2407996469,1.2737601660425715,1.2737601660425715,0.0
E6_threshold_divergence,logistic_regression__weighted__split456__model42,logistic_regression,weighted,456,42,no_origin_balance,773.7010836478753,48.356317727992206,R_x0.0625,0.06250260548164673,-3.999939858606356,C,ner_optimal,val,True,0.8405961990356445,-0.3088761568069458,False,773.6688311688312,1232,953160,868,5254,364,947908,6122,0.006414541583455051,0.14178373080692583,0.7045454545454546,22855.699652989162,0.38364592540202475,0.38364592540202475,0.0,861,5335,371,947825,6196,0.006492091300010897,0.13896061975468044,0.6988636363636364,23275.19387708511,0.3906873746793407,0.39068737467934084,1.1102230246251565e-16
E6_threshold_divergence,logistic_regression__weighted__split456__model42,logistic_regression,weighted,456,42,no_origin_balance,773.7010836478753,193.42527091196882,R_x0.25,0.2500104219265869,-1.999939858606356,B,youden,val,False,0.5317200422286987,-0.1755010485649109,False,773.6688311688312,1232,953160,1089,68952,143,884210,70041,0.07338792993250168,0.015548036150254851,0.8839285714285714,96611.81374041154,0.4054210683762722,0.4054210683762722,0.0,1091,69066,141,884094,70157,0.07350962707147587,0.015550835982154312,0.885551948051948,96338.9631985876,0.40427608047168184,0.40427608047168184,0.0
E6_threshold_divergence,logistic_regression__weighted__split456__model42,logistic_regression,weighted,456,42,no_origin_balance,773.7010836478753,193.42527091196882,R_x0.25,0.2500104219265869,-1.999939858606356,C,ner_optimal,val,True,0.7072210907936096,-0.1755010485649109,False,773.6688311688312,1232,953160,985,19728,247,933434,20713,0.02170277684059204,0.04755467580746391,0.799512987012987,67504.0419152563,0.28327343969066116,0.2832734396906612,5.551115123125783e-17,990,19884,242,933276,20874,0.021871516106589325,0.04742742167289451,0.8035714285714286,66692.91556069645,0.27986963532634823,0.27986963532634823,0.0
E6_threshold_divergence,logistic_regression__weighted__split456__model42,logistic_regression,weighted,456,42,no_origin_balance,773.7010836478753,773.6688311688312,val_class_ratio,1.0,0.0,B,youden,val,False,0.5317200422286987,0.0,True,773.6688311688312,1232,953160,1089,68952,143,884210,70041,0.07338792993250168,0.015548036150254851,0.8839285714285714,179586.64285714284,0.1884118541033435,0.18841185410334343,5.551115123125783e-17,1091,69066,141,884094,70157,0.07350962707147587,0.015550835982154312,0.885551948051948,178153.3051948052,0.18690807964539552,0.18690807964539552,0.0
E6_threshold_divergence,logistic_regression__weighted__split456__model42,logistic_regression,weighted,456,42,no_origin_balance,773.7010836478753,773.6688311688312,val_class_ratio,1.0,0.0,C,ner_optimal,val,True,0.5317200422286987,0.0,True,773.6688311688312,1232,953160,1089,68952,143,884210,70041,0.07338792993250168,0.015548036150254851,0.8839285714285714,179586.64285714284,0.1884118541033435,0.18841185410334343,5.551115123125783e-17,1091,69066,141,884094,70157,0.07350962707147587,0.015550835982154312,0.885551948051948,178153.3051948052,0.18690807964539552,0.18690807964539552,0.0
E6_threshold_divergence,logistic_regression__weighted__split456__model42,logistic_regression,weighted,456,42,no_origin_balance,773.7010836478753,773.7010836478753,R_x1,1.0000416877063476,6.014139364405448e-05,B,youden,val,False,0.5317200422286987,0.0,True,773.6688311688312,1232,953160,1089,68952,143,884210,70041,0.07338792993250168,0.015548036150254851,0.8839285714285714,179591.25496164616,0.18840883852263945,0.18840883852263945,0.0,1091,69066,141,884094,70157,0.07350962707147587,0.015550835982154312,0.885551948051948,178157.85279435042,0.1869050590789594,0.1869050590789594,0.0
E6_threshold_divergence,logistic_regression__weighted__split456__model42,logistic_regression,weighted,456,42,no_origin_balance,773.7010836478753,773.7010836478753,R_x1,1.0000416877063476,6.014139364405448e-05,C,ner_optimal,val,True,0.5317200422286987,0.0,True,773.6688311688312,1232,953160,1089,68952,143,884210,70041,0.07338792993250168,0.015548036150254851,0.8839285714285714,179591.25496164616,0.18840883852263945,0.18840883852263945,0.0,1091,69066,141,884094,70157,0.07350962707147587,0.015550835982154312,0.885551948051948,178157.85279435042,0.1869050590789594,0.1869050590789594,0.0
E6_threshold_divergence,logistic_regression__weighted__split456__model42,logistic_regression,weighted,456,42,no_origin_balance,773.7010836478753,3094.804334591501,R_x4,4.00016675082539,2.000060141393644,B,youden,val,False,0.5317200422286987,0.3473881036043167,False,773.6688311688312,1232,953160,1089,68952,143,884210,70041,0.07338792993250168,0.015548036150254851,0.8839285714285714,511509.01984658465,0.1341557810592313,0.1341557810592313,0.0,1091,69066,141,884094,70157,0.07350962707147587,0.015550835982154312,0.885551948051948,505433.41117740166,0.1325623037307788,0.13256230373077882,2.7755575615628914e-17
E6_threshold_divergence,logistic_regression__weighted__split456__model42,logistic_regression,weighted,456,42,no_origin_balance,773.7010836478753,3094.804334591501,R_x4,4.00016675082539,2.000060141393644,C,ner_optimal,val,True,0.18433193862438202,0.3473881036043167,False,773.6688311688312,1232,953160,1205,307192,27,645970,308397,0.32313384199816847,0.003907301303190368,0.9780844155844156,390751.7170339705,0.1024842178045085,0.1024842178045085,0.0,1219,306913,13,646247,308132,0.3228568554640022,0.003956096737761738,0.989448051948052,347145.4563496895,0.09104740685066307,0.09104740685066307,0.0
E6_threshold_divergence,logistic_regression__weighted__split456__model42,logistic_regression,weighted,456,42,no_origin_balance,773.7010836478753,12379.217338366005,R_x16,16.00066700330156,4.000060141393644,B,youden,val,False,0.5317200422286987,0.5097973998636007,False,773.6688311688312,1232,953160,1089,68952,143,884210,70041,0.07338792993250168,0.015548036150254851,0.8839285714285714,1839180.0793863386,0.12059251669337923,0.12059251669337925,2.7755575615628914e-17,1091,69066,141,884094,70157,0.07350962707147587,0.015550835982154312,0.885551948051948,1814535.6447096067,0.11897661489373365,0.11897661489373366,1.3877787807814457e-17
E6_threshold_divergence,logistic_regression__weighted__split456__model42,logistic_regression,weighted,456,42,no_origin_balance,773.7010836478753,12379.217338366005,R_x16,16.00066700330156,4.000060141393644,C,ner_optimal,val,True,0.021922642365098,0.5097973998636007,False,773.6688311688312,1232,953160,1229,361165,3,591997,362394,0.3797111046381264,0.0033913365011562003,0.997564935064935,398302.652015098,0.026116158907166075,0.026116158907166075,0.0,1232,360984,0,592176,362216,0.37952539417765446,0.0034012854208538552,1.0,360984.0,0.023669226050212388,0.023669226050212388,0.0
E6_threshold_divergence,logistic_regression__weighted__split456__model42,logistic_regression,weighted,456,42,no_origin_balance,773.7010836478753,49516.86935346402,R_x64,64.00266801320625,6.000060141393644,B,youden,val,False,0.5317200422286987,0.5097973998636007,False,773.6688311688312,1232,953160,1089,68952,143,884210,70041,0.07338792993250168,0.015548036150254851,0.8839285714285714,7149864.317545354,0.11720170060191622,0.11720170060191623,1.3877787807814457e-17,1091,69066,141,884094,70157,0.07350962707147587,0.015550835982154312,0.885551948051948,7050944.578838427,0.11558019268447237,0.11558019268447238,1.3877787807814457e-17
E6_threshold_divergence,logistic_regression__weighted__split456__model42,logistic_regression,weighted,456,42,no_origin_balance,773.7010836478753,49516.86935346402,R_x64,64.00266801320625,6.000060141393644,C,ner_optimal,val,True,0.021922642365098,0.5097973998636007,False,773.6688311688312,1232,953160,1229,361165,3,591997,362394,0.3797111046381264,0.0033913365011562003,0.997564935064935,509715.6080603921,0.00835533842809022,0.00835533842809022,0.0,1232,360984,0,592176,362216,0.37952539417765446,0.0034012854208538552,1.0,360984.0,0.005917306512553097,0.005917306512553097,0.0
E6_threshold_divergence,logistic_regression__weighted__split789__model42,logistic_regression,weighted,789,42,no_origin_balance,773.7010836478753,12.089079431998051,R_x0.015625,0.01562565137041168,-5.999939858606356,B,youden,val,False,0.5317416191101074,-0.3985729217529297,False,773.6688311688312,1232,953160,1096,71536,136,881626,72632,0.07610274163500609,0.01508976759555017,0.8896103896103896,73180.11480275173,4.9134794892802685,4.9134794892802685,0.0,1094,72032,138,881128,73126,0.07662050813502208,0.014960479172934388,0.887987012987013,73700.29296161573,4.948405434958803,4.948405434958803,0.0
E6_threshold_divergence,logistic_regression__weighted__split789__model42,logistic_regression,weighted,789,42,no_origin_balance,773.7010836478753,12.089079431998051,R_x0.015625,0.01562565137041168,-5.999939858606356,C,ner_optimal,val,True,0.9303145408630371,-0.3985729217529297,False,773.6688311688312,1232,953160,798,3289,434,949873,4087,0.00428229850564861,0.19525324198678737,0.6477272727272727,8535.660473487154,0.5731036740921102,0.5731036740921102,0.0,809,3183,423,949977,3992,0.004182767667792689,0.20265531062124248,0.6566558441558441,8296.680599735177,0.5570580213735251,0.5570580213735252,1.1102230246251565e-16
E6_threshold_divergence,logistic_regression__weighted__split789__model42,logistic_regression,weighted,789,42,no_origin_balance,773.7010836478753,48.356317727992206,R_x0.0625,0.06250260548164673,-3.999939858606356,B,youden,val,False,0.5317416191101074,-0.3310827612876892,False,773.6688311688312,1232,953160,1096,71536,136,881626,72632,0.07610274163500609,0.01508976759555017,0.8896103896103896,78112.45921100694,1.3111620801122748,1.3111620801122748,0.0,1094,72032,138,881128,73126,0.07662050813502208,0.014960479172934388,0.887987012987013,78705.17184646292,1.321111098999441,1.321111098999441,0.0
E6_threshold_divergence,logistic_regression__weighted__split789__model42,logistic_regression,weighted,789,42,no_origin_balance,773.7010836478753,48.356317727992206,R_x0.0625,0.06250260548164673,-3.999939858606356,C,ner_optimal,val,True,0.8628243803977966,-0.3310827612876892,False,773.6688311688312,1232,953160,876,4815,356,948347,5691,0.005962946120784498,0.15392725355824988,0.711038961038961,22029.849111165226,0.36978355408230135,0.3697835540823014,5.551115123125783e-17,875,4695,357,948465,5570,0.005836176330061442,0.1570915619389587,0.7102272727272727,21958.205428893216,0.36858097410436313,0.3685809741043632,5.551115123125783e-17
E6_threshold_divergence,logistic_regression__weighted__split789__model42,logistic_regression,weighted,789,42,no_origin_balance,773.7010836478753,193.42527091196882,R_x0.25,0.2500104219265869,-1.999939858606356,B,youden,val,False,0.5317416191101074,-0.24608957767486572,False,773.6688311688312,1232,953160,1096,71536,136,881626,72632,0.07610274163500609,0.01508976759555017,0.8896103896103896,97841.83684402776,0.4105827278202765,0.4105827278202765,0.0,1094,72032,138,881128,73126,0.07662050813502208,0.014960479172934388,0.887987012987013,98724.68738585169,0.4142875150096005,0.4142875150096005,0.0
E6_threshold_divergence,logistic_regression__weighted__split789__model42,logistic_regression,weighted,789,42,no_origin_balance,773.7010836478753,193.42527091196882,R_x0.25,0.2500104219265869,-1.999939858606356,C,ner_optimal,val,True,0.7778311967849731,-0.24608957767486572,False,773.6688311688312,1232,953160,947,11486,285,941676,12433,0.013027114587895565,0.07616826188369662,0.7686688311688312,66612.2022099111,0.2795309304450224,0.2795309304450224,0.0,947,11328,285,941832,12275,0.012861591463465745,0.07714867617107943,0.7686688311688312,66454.2022099111,0.2788679004663537,0.2788679004663537,0.0
E6_threshold_divergence,logistic_regression__weighted__split789__model42,logistic_regression,weighted,789,42,no_origin_balance,773.7010836478753,773.6688311688312,val_class_ratio,1.0,0.0,B,youden,val,False,0.5317416191101074,0.0,True,773.6688311688312,1232,953160,1096,71536,136,881626,72632,0.07610274163500609,0.01508976759555017,0.8896103896103896,176754.96103896102,0.1854410183379087,0.18544101833790866,2.7755575615628914e-17,1094,72032,138,881128,73126,0.07662050813502208,0.014960479172934388,0.887987012987013,178798.2987012987,0.18758476929508028,0.18758476929508028,0.0
E6_threshold_divergence,logistic_regression__weighted__split789__model42,logistic_regression,weighted,789,42,no_origin_balance,773.7010836478753,773.6688311688312,val_class_ratio,1.0,0.0,C,ner_optimal,val,True,0.5317416191101074,0.0,True,773.6688311688312,1232,953160,1096,71536,136,881626,72632,0.07610274163500609,0.01508976759555017,0.8896103896103896,176754.96103896102,0.1854410183379087,0.18544101833790866,2.7755575615628914e-17,1094,72032,138,881128,73126,0.07662050813502208,0.014960479172934388,0.887987012987013,178798.2987012987,0.18758476929508028,0.18758476929508028,0.0
E6_threshold_divergence,logistic_regression__weighted__split789__model42,logistic_regression,weighted,789,42,no_origin_balance,773.7010836478753,773.7010836478753,R_x1,1.0000416877063476,6.014139364405448e-05,B,youden,val,False,0.5317416191101074,0.0,True,773.6688311688312,1232,953160,1096,71536,136,881626,72632,0.07610274163500609,0.01508976759555017,0.8896103896103896,176759.34737611102,0.1854378897472769,0.1854378897472769,0.0,1094,72032,138,881128,73126,0.07662050813502208,0.014960479172934388,0.887987012987013,178802.7495434068,0.18758161901214035,0.1875816190121404,5.551115123125783e-17
E6_threshold_divergence,logistic_regression__weighted__split789__model42,logistic_regression,weighted,789,42,no_origin_balance,773.7010836478753,773.7010836478753,R_x1,1.0000416877063476,6.014139364405448e-05,C,ner_optimal,val,True,0.5317416191101074,0.0,True,773.6688311688312,1232,953160,1096,71536,136,881626,72632,0.07610274163500609,0.01508976759555017,0.8896103896103896,176759.34737611102,0.1854378897472769,0.1854378897472769,0.0,1094,72032,138,881128,73126,0.07662050813502208,0.014960479172934388,0.887987012987013,178802.7495434068,0.18758161901214035,0.1875816190121404,5.551115123125783e-17
E6_threshold_divergence,logistic_regression__weighted__split789__model42,logistic_regression,weighted,789,42,no_origin_balance,773.7010836478753,3094.804334591501,R_x4,4.00016675082539,2.000060141393644,B,youden,val,False,0.5317416191101074,0.430244505405426,False,773.6688311688312,1232,953160,1096,71536,136,881626,72632,0.07610274163500609,0.01508976759555017,0.8896103896103896,492429.38950444415,0.129151680229027,0.129151680229027,0.0,1094,72032,138,881128,73126,0.07662050813502208,0.014960479172934388,0.887987012987013,499114.9981736272,0.13090514501277534,0.13090514501277536,2.7755575615628914e-17
E6_threshold_divergence,logistic_regression__weighted__split789__model42,logistic_regression,weighted,789,42,no_origin_balance,773.7010836478753,3094.804334591501,R_x4,4.00016675082539,2.000060141393644,C,ner_optimal,val,True,0.1014971137046814,0.430244505405426,False,773.6688311688312,1232,953160,1221,340255,11,612907,341476,0.3577935318118094,0.0035756539258981596,0.9910714285714286,374297.84768050653,0.09816878716904764,0.09816878716904764,0.0,1229,341106,3,612054,342335,0.35869433105055365,0.0035900506813501395,0.997564935064935,350390.4130037745,0.0918984762894047,0.0918984762894047,0.0
E6_threshold_divergence,logistic_regression__weighted__split789__model42,logistic_regression,weighted,789,42,no_origin_balance,773.7010836478753,12379.217338366005,R_x16,16.00066700330156,4.000060141393644,B,youden,val,False,0.5317416191101074,0.5007236823439598,False,773.6688311688312,1232,953160,1096,71536,136,881626,72632,0.07610274163500609,0.01508976759555017,0.8896103896103896,1755109.5580177766,0.11508012784946454,0.11508012784946454,0.0,1094,72032,138,881128,73126,0.07662050813502208,0.014960479172934388,0.887987012987013,1780363.9926945087,0.11673602651293409,0.1167360265129341,1.3877787807814457e-17
E6_threshold_divergence,logistic_regression__weighted__split789__model42,logistic_regression,weighted,789,42,no_origin_balance,773.7010836478753,12379.217338366005,R_x16,16.00066700330156,4.000060141393644,C,ner_optimal,val,True,0.031017936766147614,0.5007236823439598,False,773.6688311688312,1232,953160,1229,355242,3,597920,356471,0.373505072328619,0.003447685786501567,0.997564935064935,392379.652015098,0.025727795916298313,0.025727795916298313,0.0,1231,356019,1,597141,357250,0.37432208149271995,0.0034457662701189644,0.9991883116883117,368398.217338366,0.02415536611782533,0.02415536611782533,0.0
E6_threshold_divergence,logistic_regression__weighted__split789__model42,logistic_regression,weighted,789,42,no_origin_balance,773.7010836478753,49516.86935346402,R_x64,64.00266801320625,6.000060141393644,B,youden,val,False,0.5317416191101074,0.5007236823439598,False,773.6688311688312,1232,953160,1096,71536,136,881626,72632,0.07610274163500609,0.01508976759555017,0.8896103896103896,6805830.232071106,0.11156223975457392,0.11156223975457392,0.0,1094,72032,138,881128,73126,0.07662050813502208,0.014960479172934388,0.887987012987013,6905359.970778035,0.11319374688797378,0.11319374688797379,1.3877787807814457e-17
E6_threshold_divergence,logistic_regression__weighted__split789__model42,logistic_regression,weighted,789,42,no_origin_balance,773.7010836478753,49516.86935346402,R_x64,64.00266801320625,6.000060141393644,C,ner_optimal,val,True,0.031017936766147614,0.5007236823439598,False,773.6688311688312,1232,953160,1229,355242,3,597920,356471,0.373505072328619,0.003447685786501567,0.997564935064935,503792.6080603921,0.00825824768037328,0.00825824768037328,0.0,1231,356019,1,597141,357250,0.37432208149271995,0.0034457662701189644,0.9991883116883117,405535.869353464,0.006647607763222565,0.006647607763222565,0.0
E6_threshold_divergence,random_forest__unweighted__split123__model123,random_forest,unweighted,123,123,no_origin_balance,1.0,12.089079431998051,R_x0.015625,0.01562565137041168,-5.999939858606356,B,youden,val,False,0.0016072592698037624,-0.05519677931442857,False,773.6688311688312,1232,953160,1144,36634,88,916528,37778,0.03958323292057578,0.030282174810736407,0.9285714285714286,37697.83899001583,2.531118722167785,2.531118722167785,0.0,1147,36499,85,916661,37646,0.03944500792127344,0.030468044413749135,0.9310064935064936,37526.571751719835,2.519619449929401,2.519619449929401,0.0
E6_threshold_divergence,random_forest__unweighted__split123__model123,random_forest,unweighted,123,123,no_origin_balance,1.0,12.089079431998051,R_x0.015625,0.01562565137041168,-5.999939858606356,C,ner_optimal,val,True,0.05680403858423233,-0.05519677931442857,False,773.6688311688312,1232,953160,1005,681,227,952481,1686,0.0017665660094258765,0.5960854092526691,0.8157467532467533,3425.221031063558,0.22997713692776775,0.2299771369277678,5.551115123125783e-17,994,631,238,952529,1625,0.001702654674389559,0.6116923076923076,0.8068181818181818,3508.2009048155364,0.23554859454029503,0.23554859454029511,8.326672684688674e-17
E6_threshold_divergence,random_forest__unweighted__split123__model123,random_forest,unweighted,123,123,no_origin_balance,1.0,48.356317727992206,R_x0.0625,0.06250260548164673,-3.999939858606356,B,youden,val,False,0.0016072592698037624,-0.023007980082184076,False,773.6688311688312,1232,953160,1144,36634,88,916528,37778,0.03958323292057578,0.030282174810736407,0.9285714285714286,40889.355960063316,0.6863511091133748,0.6863511091133748,0.0,1147,36499,85,916661,37646,0.03944500792127344,0.030468044413749135,0.9310064935064936,40609.287006879335,0.68164999235248,0.68164999235248,0.0
E6_threshold_divergence,random_forest__unweighted__split123__model123,random_forest,unweighted,123,123,no_origin_balance,1.0,48.356317727992206,R_x0.0625,0.06250260548164673,-3.999939858606356,C,ner_optimal,val,True,0.02461523935198784,-0.023007980082184076,False,773.6688311688312,1232,953160,1037,1647,195,951515,2684,0.002812255735052819,0.38636363636363635,0.8417207792207793,11076.48195695848,0.18592505305434415,0.18592505305434417,2.7755575615628914e-17,1028,1592,204,951568,2620,0.002745203228861935,0.39236641221374047,0.8344155844155844,11456.68881651041,0.1923070415601268,0.19230704156012687,8.326672684688674e-17
E6_threshold_divergence,random_forest__unweighted__split123__model123,random_forest,unweighted,123,123,no_origin_balance,1.0,193.42527091196882,R_x0.25,0.2500104219265869,-1.999939858606356,B,youden,val,False,0.0016072592698037624,-0.006506954785436392,False,773.6688311688312,1232,953160,1144,36634,88,916528,37778,0.03958323292057578,0.030282174810736407,0.9285714285714286,53655.42384025326,0.22515920584977223,0.22515920584977225,2.7755575615628914e-17,1147,36499,85,916661,37646,0.03944500792127344,0.030468044413749135,0.9310064935064936,52940.14802751735,0.22215762795824986,0.2221576279582499,2.7755575615628914e-17
E6_threshold_divergence,random_forest__unweighted__split123__model123,random_forest,unweighted,123,123,no_origin_balance,1.0,193.42527091196882,R_x0.25,0.2500104219265869,-1.999939858606356,C,ner_optimal,val,True,0.008114214055240154,-0.006506954785436392,False,773.6688311688312,1232,953160,1069,5314,163,947848,6383,0.0066880135457683095,0.16747610841297195,0.8676948051948052,36842.31915865092,0.15460482332826792,0.15460482332826794,2.7755575615628914e-17,1062,5149,170,948011,6211,0.006507808112389877,0.17098695862180002,0.862012987012987,38031.2960550347,0.15959423678552698,0.159594236785527,2.7755575615628914e-17
E6_threshold_divergence,random_forest__unweighted__split123__model123,random_forest,unweighted,123,123,no_origin_balance,1.0,773.6688311688312,val_class_ratio,1.0,0.0,B,youden,val,False,0.0016072592698037624,0.0,True,773.6688311688312,1232,953160,1144,36634,88,916528,37778,0.03958323292057578,0.030282174810736407,0.9285714285714286,104716.85714285714,0.10986283220325774,0.10986283220325774,0.0,1147,36499,85,916661,37646,0.03944500792127344,0.030468044413749135,0.9310064935064936,102260.85064935064,0.10728613312492201,0.107286133124922,1.3877787807814457e-17
E6_threshold_divergence,random_forest__unweighted__split123__model123,random_forest,unweighted,123,123,no_origin_balance,1.0,773.6688311688312,val_class_ratio,1.0,0.0,C,ner_optimal,val,True,0.0016072592698037624,0.0,True,773.6688311688312,1232,953160,1144,36634,88,916528,37778,0.03958323292057578,0.030282174810736407,0.9285714285714286,104716.85714285714,0.10986283220325774,0.10986283220325774,0.0,1147,36499,85,916661,37646,0.03944500792127344,0.030468044413749135,0.9310064935064936,102260.85064935064,0.10728613312492201,0.107286133124922,1.3877787807814457e-17
E6_threshold_divergence,random_forest__unweighted__split123__model123,random_forest,unweighted,123,123,no_origin_balance,1.0,773.7010836478753,R_x1,1.0000416877063476,6.014139364405448e-05,B,youden,val,False,0.0016072592698037624,0.0,True,773.6688311688312,1232,953160,1144,36634,88,916528,37778,0.03958323292057578,0.030282174810736407,0.9285714285714286,104719.69536101303,0.10986123003387163,0.10986123003387165,1.3877787807814457e-17,1147,36499,85,916661,37646,0.03944500792127344,0.030468044413749135,0.9310064935064936,102263.5921100694,0.10728453685969232,0.10728453685969233,1.3877787807814457e-17
E6_threshold_divergence,random_forest__unweighted__split123__model123,random_forest,unweighted,123,123,no_origin_balance,1.0,773.7010836478753,R_x1,1.0000416877063476,6.014139364405448e-05,C,ner_optimal,val,True,0.0016072592698037624,0.0,True,773.6688311688312,1232,953160,1144,36634,88,916528,37778,0.03958323292057578,0.030282174810736407,0.9285714285714286,104719.69536101303,0.10986123003387163,0.10986123003387165,1.3877787807814457e-17,1147,36499,85,916661,37646,0.03944500792127344,0.030468044413749135,0.9310064935064936,102263.5921100694,0.10728453685969232,0.10728453685969233,1.3877787807814457e-17
E6_threshold_divergence,random_forest__unweighted__split123__model123,random_forest,unweighted,123,123,no_origin_balance,1.0,3094.804334591501,R_x4,4.00016675082539,2.000060141393644,B,youden,val,False,0.0016072592698037624,0.0012944669288117439,False,773.6688311688312,1232,953160,1144,36634,88,916528,37778,0.03958323292057578,0.030282174810736407,0.9285714285714286,308976.7814440521,0.08103673607989648,0.08103673607989649,1.3877787807814457e-17,1147,36499,85,916661,37646,0.03944500792127344,0.030468044413749135,0.9310064935064936,299557.3684402776,0.07856626408505293,0.07856626408505295,1.3877787807814457e-17
E6_threshold_divergence,random_forest__unweighted__split123__model123,random_forest,unweighted,123,123,no_origin_balance,1.0,3094.804334591501,R_x4,4.00016675082539,2.000060141393644,C,ner_optimal,val,True,0.0003127923409920186,0.0012944669288117439,False,773.6688311688312,1232,953160,1197,156597,35,796565,157794,0.16533423303164102,0.007585839765770562,0.9715909090909091,264915.1517107026,0.06948049342870519,0.06948049342870519,0.0,1203,156968,29,796192,158171,0.16572959538638213,0.007605692573227709,0.976461038961039,246717.32570315353,0.06470766740433723,0.06470766740433721,1.3877787807814457e-17
E6_threshold_divergence,random_forest__unweighted__split123__model123,random_forest,unweighted,123,123,no_origin_balance,1.0,12379.217338366005,R_x16,16.00066700330156,4.000060141393644,B,youden,val,False,0.0016072592698037624,0.0014231482055038214,False,773.6688311688312,1232,953160,1144,36634,88,916528,37778,0.03958323292057578,0.030282174810736407,0.9285714285714286,1126005.1257762085,0.07383061259140268,0.0738306125914027,1.3877787807814457e-17,1147,36499,85,916661,37646,0.03944500792127344,0.030468044413749135,0.9310064935064936,1088732.4737611103,0.07138669589139308,0.0713866958913931,1.3877787807814457e-17
E6_threshold_divergence,random_forest__unweighted__split123__model123,random_forest,unweighted,123,123,no_origin_balance,1.0,12379.217338366005,R_x16,16.00066700330156,4.000060141393644,C,ner_optimal,val,True,0.00018411106429994106,0.0014231482055038214,False,773.6688311688312,1232,953160,1231,339302,1,613860,340533,0.3568054702774745,0.00361492131452752,0.9991883116883117,351681.217338366,0.023059255343161077,0.023059255343161077,0.0,1231,339448,1,613712,340679,0.3569591949639142,0.0036133721186219284,0.9991883116883117,351827.217338366,0.02306882836302714,0.02306882836302714,0.0
E6_threshold_divergence,random_forest__unweighted__split123__model123,random_forest,unweighted,123,123,no_origin_balance,1.0,49516.86935346402,R_x64,64.00266801320625,6.000060141393644,B,youden,val,False,0.0016072592698037624,0.0014231482055038214,False,773.6688311688312,1232,953160,1144,36634,88,916528,37778,0.03958323292057578,0.030282174810736407,0.9285714285714286,4394118.503104834,0.07202908171927923,0.07202908171927924,1.3877787807814457e-17,1147,36499,85,916661,37646,0.03944500792127344,0.030468044413749135,0.9310064935064936,4245432.895044441,0.06959180384297813,0.06959180384297814,1.3877787807814457e-17
E6_threshold_divergence,random_forest__unweighted__split123__model123,random_forest,unweighted,123,123,no_origin_balance,1.0,49516.86935346402,R_x64,64.00266801320625,6.000060141393644,C,ner_optimal,val,True,0.00018411106429994106,0.0014231482055038214,False,773.6688311688312,1232,953160,1231,339302,1,613860,340533,0.3568054702774745,0.00361492131452752,0.9991883116883117,388818.869353464,0.006373580069556502,0.006373580069556502,0.0,1231,339448,1,613712,340679,0.3569591949639142,0.0036133721186219284,0.9991883116883117,388964.869353464,0.006375973324523018,0.006375973324523018,0.0
E6_threshold_divergence,random_forest__unweighted__split123__model42,random_forest,unweighted,123,42,no_origin_balance,1.0,12.089079431998051,R_x0.015625,0.01562565137041168,-5.999939858606356,B,youden,val,False,0.0009719082736410201,-0.06916536152129993,False,773.6688311688312,1232,953160,1153,44371,79,908791,45524,0.04769937782509111,0.025327299885774538,0.9358766233766234,45326.03727512785,3.0432933192572587,3.0432933192572587,0.0,1155,44519,77,908641,45674,0.04785664590650383,0.025287909970661646,0.9375,45449.85911626385,3.0516069995293726,3.0516069995293726,0.0
E6_threshold_divergence,random_forest__unweighted__split123__model42,random_forest,unweighted,123,42,no_origin_balance,1.0,12.089079431998051,R_x0.015625,0.01562565137041168,-5.999939858606356,C,ner_optimal,val,True,0.07013726979494095,-0.06916536152129993,False,773.6688311688312,1232,953160,1002,534,230,952628,1536,0.0016093982149929693,0.65234375,0.8133116883116883,3314.488269359552,0.22254228724366293,0.222542287243663,8.326672684688674e-17,990,476,242,952684,1466,0.0015360564631723653,0.6753069577080492,0.8035714285714286,3401.5572225435285,0.2283882949573115,0.22838829495731156,5.551115123125783e-17
E6_threshold_divergence,random_forest__unweighted__split123__model42,random_forest,unweighted,123,42,no_origin_balance,1.0,48.356317727992206,R_x0.0625,0.06250260548164673,-3.999939858606356,B,youden,val,False,0.0009719082736410201,-0.024776774866040796,False,773.6688311688312,1232,953160,1153,44371,79,908791,45524,0.04769937782509111,0.025327299885774538,0.9358766233766234,48191.149100511386,0.8089158622818472,0.8089158622818472,0.0,1155,44519,77,908641,45674,0.04785664590650383,0.025287909970661646,0.9375,48242.4364650554,0.8097767498823432,0.8097767498823432,0.0
E6_threshold_divergence,random_forest__unweighted__split123__model42,random_forest,unweighted,123,42,no_origin_balance,1.0,48.356317727992206,R_x0.0625,0.06250260548164673,-3.999939858606356,C,ner_optimal,val,True,0.025748683139681816,-0.024776774866040796,False,773.6688311688312,1232,953160,1037,1520,195,951642,2557,0.0026791870024329575,0.4055533828705514,0.8417207792207793,10949.48195695848,0.18379328578115614,0.18379328578115617,2.7755575615628914e-17,1028,1483,204,951677,2511,0.0026309943922413434,0.40939864595778575,0.8344155844155844,11347.68881651041,0.19047741453038275,0.1904774145303828,5.551115123125783e-17
E6_threshold_divergence,random_forest__unweighted__split123__model42,random_forest,unweighted,123,42,no_origin_balance,1.0,193.42527091196882,R_x0.25,0.2500104219265869,-1.999939858606356,B,youden,val,False,0.0009719082736410201,-0.007220925239380449,False,773.6688311688312,1232,953160,1153,44371,79,908791,45524,0.04769937782509111,0.025327299885774538,0.9358766233766234,59651.596402045536,0.2503214980379942,0.25032149803799425,5.551115123125783e-17,1155,44519,77,908641,45674,0.04785664590650383,0.025287909970661646,0.9375,59412.7458602216,0.24931918747058576,0.2493191874705858,2.7755575615628914e-17
E6_threshold_divergence,random_forest__unweighted__split123__model42,random_forest,unweighted,123,42,no_origin_balance,1.0,193.42527091196882,R_x0.25,0.2500104219265869,-1.999939858606356,C,ner_optimal,val,True,0.008192833513021469,-0.007220925239380449,False,773.6688311688312,1232,953160,1074,5038,158,948124,6112,0.006404063730492857,0.17571989528795812,0.8717532467532467,35599.19280409107,0.14938817750329114,0.14938817750329114,0.0,1065,4950,167,948210,6015,0.006302441763971199,0.1770573566084788,0.864448051948052,37252.02024229879,0.1563240897887211,0.15632408978872112,2.7755575615628914e-17
E6_threshold_divergence,random_forest__unweighted__split123__model42,random_forest,unweighted,123,42,no_origin_balance,1.0,773.6688311688312,val_class_ratio,1.0,0.0,B,youden,val,False,0.0009719082736410201,0.0,True,773.6688311688312,1232,953160,1153,44371,79,908791,45524,0.04769937782509111,0.025327299885774538,0.9358766233766234,105490.83766233767,0.11067484752018306,0.11067484752018304,1.3877787807814457e-17,1155,44519,77,908641,45674,0.04785664590650383,0.025287909970661646,0.9375,104091.5,0.10920674388350331,0.1092067438835033,1.3877787807814457e-17
E6_threshold_divergence,random_forest__unweighted__split123__model42,random_forest,unweighted,123,42,no_origin_balance,1.0,773.6688311688312,val_class_ratio,1.0,0.0,C,ner_optimal,val,True,0.0009719082736410201,0.0,True,773.6688311688312,1232,953160,1153,44371,79,908791,45524,0.04769937782509111,0.025327299885774538,0.9358766233766234,105490.83766233767,0.11067484752018306,0.11067484752018304,1.3877787807814457e-17,1155,44519,77,908641,45674,0.04785664590650383,0.025287909970661646,0.9375,104091.5,0.10920674388350331,0.1092067438835033,1.3877787807814457e-17
E6_threshold_divergence,random_forest__unweighted__split123__model42,random_forest,unweighted,123,42,no_origin_balance,1.0,773.7010836478753,R_x1,1.0000416877063476,6.014139364405448e-05,B,youden,val,False,0.0009719082736410201,0.0,True,773.6688311688312,1232,953160,1153,44371,79,908791,45524,0.04769937782509111,0.025327299885774538,0.9358766233766234,105493.38560818214,0.11067290697703101,0.11067290697703103,1.3877787807814457e-17,1155,44519,77,908641,45674,0.04785664590650383,0.025287909970661646,0.9375,104093.9834408864,0.10920479686764643,0.10920479686764645,1.3877787807814457e-17
E6_threshold_divergence,random_forest__unweighted__split123__model42,random_forest,unweighted,123,42,no_origin_balance,1.0,773.7010836478753,R_x1,1.0000416877063476,6.014139364405448e-05,C,ner_optimal,val,True,0.0009719082736410201,0.0,True,773.6688311688312,1232,953160,1153,44371,79,908791,45524,0.04769937782509111,0.025327299885774538,0.9358766233766234,105493.38560818214,0.11067290697703101,0.11067290697703103,1.3877787807814457e-17,1155,44519,77,908641,45674,0.04785664590650383,0.025287909970661646,0.9375,104093.9834408864,0.10920479686764643,0.10920479686764645,1.3877787807814457e-17
E6_threshold_divergence,random_forest__unweighted__split123__model42,random_forest,unweighted,123,42,no_origin_balance,1.0,3094.804334591501,R_x4,4.00016675082539,2.000060141393644,B,youden,val,False,0.0009719082736410201,0.0004123084363527596,False,773.6688311688312,1232,953160,1153,44371,79,908791,45524,0.04769937782509111,0.025327299885774538,0.9358766233766234,288860.5424327286,0.07576075921179021,0.07576075921179022,1.3877787807814457e-17,1155,44519,77,908641,45674,0.04785664590650383,0.025287909970661646,0.9375,282818.9337635456,0.0741761992169116,0.07417619921691161,1.3877787807814457e-17
E6_threshold_divergence,random_forest__unweighted__split123__model42,random_forest,unweighted,123,42,no_origin_balance,1.0,3094.804334591501,R_x4,4.00016675082539,2.000060141393644,C,ner_optimal,val,True,0.0005595998372882605,0.0004123084363527596,False,773.6688311688312,1232,953160,1184,109352,48,843810,110536,0.1158179955029055,0.01071144242599696,0.961038961038961,257902.60806039206,0.06764128193073098,0.06764128193073098,0.0,1189,109248,43,843912,110437,0.11571450724649829,0.010766319258944014,0.9650974025974026,242324.58638743454,0.06355556382253406,0.06355556382253405,1.3877787807814457e-17
E6_threshold_divergence,random_forest__unweighted__split123__model42,random_forest,unweighted,123,42,no_origin_balance,1.0,12379.217338366005,R_x16,16.00066700330156,4.000060141393644,B,youden,val,False,0.0009719082736410201,0.000784866584581323,False,773.6688311688312,1232,953160,1153,44371,79,908791,45524,0.04769937782509111,0.025327299885774538,0.9358766233766234,1022329.1697309144,0.06703272227048,0.06703272227048003,2.7755575615628914e-17,1155,44519,77,908641,45674,0.04785664590650383,0.025287909970661646,0.9375,997718.7350541824,0.06541904980422789,0.0654190498042279,1.3877787807814457e-17
E6_threshold_divergence,random_forest__unweighted__split123__model42,random_forest,unweighted,123,42,no_origin_balance,1.0,12379.217338366005,R_x16,16.00066700330156,4.000060141393644,C,ner_optimal,val,True,0.0001870416890596971,0.000784866584581323,False,773.6688311688312,1232,953160,1232,344922,0,608240,346154,0.36269507142752366,0.003559109529284654,1.0,344922.0,0.022616062727686983,0.022616062727686983,0.0,1232,345164,0,607996,346396,0.36294939605528964,0.0035566230556934838,1.0,345164.0,0.022631930335958127,0.022631930335958127,0.0
E6_threshold_divergence,random_forest__unweighted__split123__model42,random_forest,unweighted,123,42,no_origin_balance,1.0,49516.86935346402,R_x64,64.00266801320625,6.000060141393644,B,youden,val,False,0.0009719082736410201,0.000784866584581323,False,773.6688311688312,1232,953160,1153,44371,79,908791,45524,0.04769937782509111,0.025327299885774538,0.9358766233766234,3956203.6789236576,0.06485071303515245,0.06485071303515248,2.7755575615628914e-17,1155,44519,77,908641,45674,0.04785664590650383,0.025287909970661646,0.9375,3857317.9402167294,0.06322976245105696,0.06322976245105698,1.3877787807814457e-17
E6_threshold_divergence,random_forest__unweighted__split123__model42,random_forest,unweighted,123,42,no_origin_balance,1.0,49516.86935346402,R_x64,64.00266801320625,6.000060141393644,C,ner_optimal,val,True,0.0001870416890596971,0.000784866584581323,False,773.6688311688312,1232,953160,1232,344922,0,608240,346154,0.36269507142752366,0.003559109529284654,1.0,344922.0,0.005654015681921746,0.005654015681921746,0.0,1232,345164,0,607996,346396,0.36294939605528964,0.0035566230556934838,1.0,345164.0,0.005657982583989532,0.005657982583989532,0.0
E6_threshold_divergence,random_forest__unweighted__split123__model456,random_forest,unweighted,123,456,no_origin_balance,1.0,12.089079431998051,R_x0.015625,0.01562565137041168,-5.999939858606356,B,youden,val,False,0.0017935760552063584,-0.07226794434245676,False,773.6688311688312,1232,953160,1139,33888,93,919274,35027,0.03670077557067626,0.03251777200445371,0.924512987012987,35012.284387175816,2.3508044729490827,2.3508044729490827,0.0,1146,33653,86,919507,34799,0.03646195693174293,0.03293198080404609,0.9301948051948052,34692.660831151836,2.3293442198318575,2.3293442198318575,0.0
E6_threshold_divergence,random_forest__unweighted__split123__model456,random_forest,unweighted,123,456,no_origin_balance,1.0,12.089079431998051,R_x0.015625,0.01562565137041168,-5.999939858606356,C,ner_optimal,val,True,0.07406152039766312,-0.07226794434245676,False,773.6688311688312,1232,953160,993,479,239,952683,1472,0.001542339956034929,0.6745923913043478,0.8060064935064936,3368.2899842475344,0.22615465685120922,0.22615465685120928,5.551115123125783e-17,982,438,250,952722,1420,0.0014878582385434915,0.6915492957746479,0.797077922077922,3460.269857999513,0.23233039495062446,0.23233039495062452,5.551115123125783e-17
E6_threshold_divergence,random_forest__unweighted__split123__model456,random_forest,unweighted,123,456,no_origin_balance,1.0,48.356317727992206,R_x0.0625,0.06250260548164673,-3.999939858606356,B,youden,val,False,0.0017935760552063584,-0.02989922312553972,False,773.6688311688312,1232,953160,1139,33888,93,919274,35027,0.03670077557067626,0.03251777200445371,0.924512987012987,38385.13754870328,0.6443163779775304,0.6443163779775305,1.1102230246251565e-16,1146,33653,86,919507,34799,0.03646195693174293,0.03293198080404609,0.9301948051948052,37811.64332460733,0.6346899510618603,0.6346899510618603,0.0
E6_threshold_divergence,random_forest__unweighted__split123__model456,random_forest,unweighted,123,456,no_origin_balance,1.0,48.356317727992206,R_x0.0625,0.06250260548164673,-3.999939858606356,C,ner_optimal,val,True,0.03169279918074608,-0.02989922312553972,False,773.6688311688312,1232,953160,1031,1274,201,951888,2305,0.0024151451077856732,0.4472885032537961,0.8368506493506493,10993.619863326434,0.18453416565755174,0.18453416565755176,2.7755575615628914e-17,1024,1206,208,951954,2230,0.002336566107008441,0.4591928251121076,0.8311688311688312,11264.114087422378,0.1890745651419149,0.18907456514191492,2.7755575615628914e-17
E6_threshold_divergence,random_forest__unweighted__split123__model456,random_forest,unweighted,123,456,no_origin_balance,1.0,193.42527091196882,R_x0.25,0.2500104219265869,-1.999939858606356,B,youden,val,False,0.0017935760552063584,-0.006367092370055616,False,773.6688311688312,1232,953160,1139,33888,93,919274,35027,0.03670077557067626,0.03251777200445371,0.924512987012987,51876.5501948131,0.21769435423464234,0.21769435423464234,0.0,1146,33653,86,919507,34799,0.03646195693174293,0.03293198080404609,0.9301948051948052,50287.57329842931,0.21102638386936118,0.21102638386936118,0.0
E6_threshold_divergence,random_forest__unweighted__split123__model456,random_forest,unweighted,123,456,no_origin_balance,1.0,193.42527091196882,R_x0.25,0.2500104219265869,-1.999939858606356,C,ner_optimal,val,True,0.008160668425261974,-0.006367092370055616,False,773.6688311688312,1232,953160,1070,5331,162,947831,6401,0.006706873681100258,0.1671613810342134,0.8685064935064936,36665.893887738945,0.15386447368517056,0.15386447368517056,0.0,1063,5190,169,947970,6253,0.006551815187051023,0.16999840076763154,0.8628246753246753,37878.87078412273,0.15895460055691096,0.15895460055691096,0.0
E6_threshold_divergence,random_forest__unweighted__split123__model456,random_forest,unweighted,123,456,no_origin_balance,1.0,773.6688311688312,val_class_ratio,1.0,0.0,B,youden,val,False,0.0017935760552063584,0.0,True,773.6688311688312,1232,953160,1139,33888,93,919274,35027,0.03670077557067626,0.03251777200445371,0.924512987012987,105839.2012987013,0.11104033037339095,0.11104033037339094,1.3877787807814457e-17,1146,33653,86,919507,34799,0.03646195693174293,0.03293198080404609,0.9301948051948052,100188.51948051948,0.10511196386810136,0.10511196386810134,1.3877787807814457e-17
E6_threshold_divergence,random_forest__unweighted__split123__model456,random_forest,unweighted,123,456,no_origin_balance,1.0,773.6688311688312,val_class_ratio,1.0,0.0,C,ner_optimal,val,True,0.0017935760552063584,0.0,True,773.6688311688312,1232,953160,1139,33888,93,919274,35027,0.03670077557067626,0.03251777200445371,0.924512987012987,105839.2012987013,0.11104033037339095,0.11104033037339094,1.3877787807814457e-17,1146,33653,86,919507,34799,0.03646195693174293,0.03293198080404609,0.9301948051948052,100188.51948051948,0.10511196386810136,0.10511196386810134,1.3877787807814457e-17
E6_threshold_divergence,random_forest__unweighted__split123__model456,random_forest,unweighted,123,456,no_origin_balance,1.0,773.7010836478753,R_x1,1.0000416877063476,6.014139364405448e-05,B,youden,val,False,0.0017935760552063584,0.0,True,773.6688311688312,1232,953160,1139,33888,93,919274,35027,0.03670077557067626,0.03251777200445371,0.924512987012987,105842.20077925241,0.1110388482989203,0.11103884829892033,2.7755575615628914e-17,1146,33653,86,919507,34799,0.03646195693174293,0.03293198080404609,0.9301948051948052,100191.29319371727,0.10511049207123638,0.10511049207123639,1.3877787807814457e-17
E6_threshold_divergence,random_forest__unweighted__split123__model456,random_forest,unweighted,123,456,no_origin_balance,1.0,773.7010836478753,R_x1,1.0000416877063476,6.014139364405448e-05,C,ner_optimal,val,True,0.0017935760552063584,0.0,True,773.6688311688312,1232,953160,1139,33888,93,919274,35027,0.03670077557067626,0.03251777200445371,0.924512987012987,105842.20077925241,0.1110388482989203,0.11103884829892033,2.7755575615628914e-17,1146,33653,86,919507,34799,0.03646195693174293,0.03293198080404609,0.9301948051948052,100191.29319371727,0.10511049207123638,0.10511049207123639,1.3877787807814457e-17
E6_threshold_divergence,random_forest__unweighted__split123__model456,random_forest,unweighted,123,456,no_origin_balance,1.0,3094.804334591501,R_x4,4.00016675082539,2.000060141393644,B,youden,val,False,0.0017935760552063584,0.0013427659287117422,False,773.6688311688312,1232,953160,1139,33888,93,919274,35027,0.03670077557067626,0.03251777200445371,0.924512987012987,321704.80311700964,0.0843749718149898,0.08437497181498983,2.7755575615628914e-17,1146,33653,86,919507,34799,0.03646195693174293,0.03293198080404609,0.9301948051948052,299806.1727748691,0.07863151912170518,0.0786315191217052,1.3877787807814457e-17
E6_threshold_divergence,random_forest__unweighted__split123__model456,random_forest,unweighted,123,456,no_origin_balance,1.0,3094.804334591501,R_x4,4.00016675082539,2.000060141393644,C,ner_optimal,val,True,0.00045081012649461627,0.0013427659287117422,False,773.6688311688312,1232,953160,1189,126634,43,826528,127823,0.13393105991864995,0.009301925318604633,0.9650974025974026,259710.58638743454,0.06811546857298274,0.06811546857298274,0.0,1193,126507,39,826653,127700,0.13380246271972104,0.009342208300704776,0.9683441558441559,247204.36904906854,0.06483540646258595,0.06483540646258594,1.3877787807814457e-17
E6_threshold_divergence,random_forest__unweighted__split123__model456,random_forest,unweighted,123,456,no_origin_balance,1.0,12379.217338366005,R_x16,16.00066700330156,4.000060141393644,B,youden,val,False,0.0017935760552063584,0.0016120429208967835,False,773.6688311688312,1232,953160,1139,33888,93,919274,35027,0.03670077557067626,0.03251777200445371,0.924512987012987,1185155.2124680385,0.07770900269400717,0.0777090026940072,2.7755575615628914e-17,1146,33653,86,919507,34799,0.03646195693174293,0.03293198080404609,0.9301948051948052,1098265.6910994763,0.07201177588432238,0.0720117758843224,1.3877787807814457e-17
E6_threshold_divergence,random_forest__unweighted__split123__model456,random_forest,unweighted,123,456,no_origin_balance,1.0,12379.217338366005,R_x16,16.00066700330156,4.000060141393644,C,ner_optimal,val,True,0.00018153313430957496,0.0016120429208967835,False,773.6688311688312,1232,953160,1231,348893,1,604269,350124,0.3668547790535146,0.003515897224983149,0.9991883116883117,361272.217338366,0.023688124066006375,0.023688124066006375,0.0,1230,349205,2,603955,350435,0.36718140973520313,0.003509923380940831,0.9983766233766234,373963.434676732,0.024520269790011203,0.024520269790011203,0.0
E6_threshold_divergence,random_forest__unweighted__split123__model456,random_forest,unweighted,123,456,no_origin_balance,1.0,49516.86935346402,R_x64,64.00266801320625,6.000060141393644,B,youden,val,False,0.0017935760552063584,0.0017348734472761862,False,773.6688311688312,1232,953160,1139,33888,93,919274,35027,0.03670077557067626,0.03251777200445371,0.924512987012987,4638956.849872154,0.07604251041376152,0.07604251041376155,2.7755575615628914e-17,1146,33653,86,919507,34799,0.03646195693174293,0.03293198080404609,0.9301948051948052,4292103.764397905,0.07035684007497668,0.0703568400749767,1.3877787807814457e-17
E6_threshold_divergence,random_forest__unweighted__split123__model456,random_forest,unweighted,123,456,no_origin_balance,1.0,49516.86935346402,R_x64,64.00266801320625,6.000060141393644,C,ner_optimal,val,True,5.8702607930172235e-05,0.0017348734472761862,False,773.6688311688312,1232,953160,1231,364305,1,588857,365536,0.38300324603884767,0.0033676573579620064,0.9991883116883117,413821.869353464,0.006783433178650991,0.006783433178650991,0.0,1231,364458,1,588702,365689,0.38316436013713445,0.0033662483695161734,0.9991883116883117,413974.869353464,0.006785941178718642,0.006785941178718642,0.0
E6_threshold_divergence,random_forest__unweighted__split123__model789,random_forest,unweighted,123,789,no_origin_balance,1.0,12.089079431998051,R_x0.015625,0.01562565137041168,-5.999939858606356,B,youden,val,False,0.0016296972753480077,-0.0680368224857375,False,773.6688311688312,1232,953160,1143,35616,89,917546,36759,0.03851553970372823,0.03109442585489268,0.9277597402597403,36691.92806944783,2.463579573184815,2.463579573184815,0.0,1146,35303,86,917857,36449,0.038190806293430794,0.03144119180224423,0.9301948051948052,36342.660831151836,2.4401289757613136,2.4401289757613136,0.0
E6_threshold_divergence,random_forest__unweighted__split123__model789,random_forest,unweighted,123,789,no_origin_balance,1.0,12.089079431998051,R_x0.015625,0.01562565137041168,-5.999939858606356,C,ner_optimal,val,True,0.06966651976108551,-0.0680368224857375,False,773.6688311688312,1232,953160,998,550,234,952612,1548,0.001621971638547602,0.6447028423772609,0.810064935064935,3378.844587087544,0.2268633169115503,0.22686331691155037,8.326672684688674e-17,985,490,247,952670,1475,0.0015454865505997535,0.6677966101694915,0.799512987012987,3476.0026197035186,0.2333867283842454,0.23338672838424546,5.551115123125783e-17
E6_threshold_divergence,random_forest__unweighted__split123__model789,random_forest,unweighted,123,789,no_origin_balance,1.0,48.356317727992206,R_x0.0625,0.06250260548164673,-3.999939858606356,B,youden,val,False,0.0016296972753480077,-0.018776390585117042,False,773.6688311688312,1232,953160,1143,35616,89,917546,36759,0.03851553970372823,0.03109442585489268,0.9277597402597403,39919.7122777913,0.6700750881013984,0.6700750881013984,0.0,1146,35303,86,917857,36449,0.038190806293430794,0.03144119180224423,0.9301948051948052,39461.64332460733,0.6623861400442245,0.6623861400442245,0.0
E6_threshold_divergence,random_forest__unweighted__split123__model789,random_forest,unweighted,123,789,no_origin_balance,1.0,48.356317727992206,R_x0.0625,0.06250260548164673,-3.999939858606356,C,ner_optimal,val,True,0.02040608786046505,-0.018776390585117042,False,773.6688311688312,1232,953160,1047,1955,185,951207,3002,0.003145451459250582,0.34876748834110594,0.8498376623376623,10900.918779678557,0.18297812521416898,0.18297812521416904,5.551115123125783e-17,1038,1851,194,951309,2889,0.003027058064191653,0.3592938733125649,0.8425324675324676,11232.125639230488,0.18853762083502085,0.1885376208350209,5.551115123125783e-17
E6_threshold_divergence,random_forest__unweighted__split123__model789,random_forest,unweighted,123,789,no_origin_balance,1.0,193.42527091196882,R_x0.25,0.2500104219265869,-1.999939858606356,B,youden,val,False,0.0016296972753480077,-0.0060674360720440745,False,773.6688311688312,1232,953160,1143,35616,89,917546,36759,0.03851553970372823,0.03109442585489268,0.9277597402597403,52830.849111165226,0.2216989668305444,0.2216989668305444,0.0,1146,35303,86,917857,36449,0.038190806293430794,0.03144119180224423,0.9301948051948052,51937.57329842931,0.2179504311149522,0.2179504311149522,0.0
E6_threshold_divergence,random_forest__unweighted__split123__model789,random_forest,unweighted,123,789,no_origin_balance,1.0,193.42527091196882,R_x0.25,0.2500104219265869,-1.999939858606356,C,ner_optimal,val,True,0.007697133347392082,-0.0060674360720440745,False,773.6688311688312,1232,953160,1071,5641,161,947521,6712,0.007032734908224486,0.15956495828367104,0.8693181818181818,36782.46861682698,0.15435366697719935,0.15435366697719938,2.7755575615628914e-17,1065,5496,167,947664,6561,0.006874533734566091,0.1623228166438043,0.864448051948052,37798.02024229879,0.1586153199681712,0.15861531996817121,2.7755575615628914e-17
E6_threshold_divergence,random_forest__unweighted__split123__model789,random_forest,unweighted,123,789,no_origin_balance,1.0,773.6688311688312,val_class_ratio,1.0,0.0,B,youden,val,False,0.0016296972753480077,0.0,True,773.6688311688312,1232,953160,1143,35616,89,917546,36759,0.03851553970372823,0.03109442585489268,0.9277597402597403,104472.52597402598,0.10960649416050398,0.10960649416050398,0.0,1146,35303,86,917857,36449,0.038190806293430794,0.03144119180224423,0.9301948051948052,101838.51948051948,0.10684304784141119,0.10684304784141117,1.3877787807814457e-17
E6_threshold_divergence,random_forest__unweighted__split123__model789,random_forest,unweighted,123,789,no_origin_balance,1.0,773.6688311688312,val_class_ratio,1.0,0.0,C,ner_optimal,val,True,0.0016296972753480077,0.0,True,773.6688311688312,1232,953160,1143,35616,89,917546,36759,0.03851553970372823,0.03109442585489268,0.9277597402597403,104472.52597402598,0.10960649416050398,0.10960649416050398,0.0,1146,35303,86,917857,36449,0.038190806293430794,0.03144119180224423,0.9301948051948052,101838.51948051948,0.10684304784141119,0.10684304784141117,1.3877787807814457e-17
E6_threshold_divergence,random_forest__unweighted__split123__model789,random_forest,unweighted,123,789,no_origin_balance,1.0,773.7010836478753,R_x1,1.0000416877063476,6.014139364405448e-05,B,youden,val,False,0.0016296972753480077,0.0,True,773.6688311688312,1232,953160,1143,35616,89,917546,36759,0.03851553970372823,0.03109442585489268,0.9277597402597403,104475.3964446609,0.1096049365128309,0.10960493651283092,1.3877787807814457e-17,1146,35303,86,917857,36449,0.038190806293430794,0.03144119180224423,0.9301948051948052,101841.29319371727,0.10684150388263414,0.10684150388263415,1.3877787807814457e-17
E6_threshold_divergence,random_forest__unweighted__split123__model789,random_forest,unweighted,123,789,no_origin_balance,1.0,773.7010836478753,R_x1,1.0000416877063476,6.014139364405448e-05,C,ner_optimal,val,True,0.0016296972753480077,0.0,True,773.6688311688312,1232,953160,1143,35616,89,917546,36759,0.03851553970372823,0.03109442585489268,0.9277597402597403,104475.3964446609,0.1096049365128309,0.10960493651283092,1.3877787807814457e-17,1146,35303,86,917857,36449,0.038190806293430794,0.03144119180224423,0.9301948051948052,101841.29319371727,0.10684150388263414,0.10684150388263415,1.3877787807814457e-17
E6_threshold_divergence,random_forest__unweighted__split123__model789,random_forest,unweighted,123,789,no_origin_balance,1.0,3094.804334591501,R_x4,4.00016675082539,2.000060141393644,B,youden,val,False,0.0016296972753480077,0.0011763932998292148,False,773.6688311688312,1232,953160,1143,35616,89,917546,36759,0.03851553970372823,0.03109442585489268,0.9277597402597403,311053.5857786436,0.08158142893340252,0.08158142893340253,1.3877787807814457e-17,1146,35303,86,917857,36449,0.038190806293430794,0.03144119180224423,0.9301948051948052,301456.1727748691,0.07906427207455462,0.07906427207455463,1.3877787807814457e-17
E6_threshold_divergence,random_forest__unweighted__split123__model789,random_forest,unweighted,123,789,no_origin_balance,1.0,3094.804334591501,R_x4,4.00016675082539,2.000060141393644,C,ner_optimal,val,True,0.00045330397551879287,0.0011763932998292148,False,773.6688311688312,1232,953160,1188,128479,44,824683,129667,0.1358631760048785,0.009161930174986697,0.9642857142857143,264650.39072202606,0.0694110533683118,0.0694110533683118,0.0,1195,128174,37,824986,129369,0.1355512200437556,0.009237143365102923,0.9699675324675324,242681.76037988556,0.06364924145884569,0.06364924145884569,0.0
E6_threshold_divergence,random_forest__unweighted__split123__model789,random_forest,unweighted,123,789,no_origin_balance,1.0,12379.217338366005,R_x16,16.00066700330156,4.000060141393644,B,youden,val,False,0.0016296972753480077,0.0014352369908010587,False,773.6688311688312,1232,953160,1143,35616,89,917546,36759,0.03851553970372823,0.03109442585489268,0.9277597402597403,1137366.3431145744,0.07457555203854542,0.07457555203854543,1.3877787807814457e-17,1146,35303,86,917857,36449,0.038190806293430794,0.03144119180224423,0.9301948051948052,1099915.6910994763,0.07211996412253474,0.07211996412253475,1.3877787807814457e-17
E6_threshold_divergence,random_forest__unweighted__split123__model789,random_forest,unweighted,123,789,no_origin_balance,1.0,12379.217338366005,R_x16,16.00066700330156,4.000060141393644,C,ner_optimal,val,True,0.00019446028454694897,0.0014352369908010587,False,773.6688311688312,1232,953160,1230,344846,2,608316,346076,0.36261334417441854,0.0035541326182688196,0.9983766233766234,369604.434676732,0.024234456135242916,0.024234456135242916,0.0,1231,344993,1,608167,346224,0.36276917660667735,0.0035555016405564026,0.9991883116883117,357372.217338366,0.023432406412049887,0.023432406412049887,0.0
E6_threshold_divergence,random_forest__unweighted__split123__model789,random_forest,unweighted,123,789,no_origin_balance,1.0,49516.86935346402,R_x64,64.00266801320625,6.000060141393644,B,youden,val,False,0.0016296972753480077,0.0014352369908010587,False,773.6688311688312,1232,953160,1143,35616,89,917546,36759,0.03851553970372823,0.03109442585489268,0.9277597402597403,4442617.372458298,0.07282408281483115,0.07282408281483117,2.7755575615628914e-17,1146,35303,86,917857,36449,0.038190806293430794,0.03144119180224423,0.9301948051948052,4293753.764397905,0.07038388713452977,0.07038388713452978,1.3877787807814457e-17
E6_threshold_divergence,random_forest__unweighted__split123__model789,random_forest,unweighted,123,789,no_origin_balance,1.0,49516.86935346402,R_x64,64.00266801320625,6.000060141393644,C,ner_optimal,val,True,0.00019446028454694897,0.0014352369908010587,False,773.6688311688312,1232,953160,1230,344846,2,608316,346076,0.36261334417441854,0.0035541326182688196,0.9983766233766234,443879.73870692804,0.007276146501343196,0.007276146501343196,0.0,1231,344993,1,608167,346224,0.36276917660667735,0.0035555016405564026,0.9991883116883117,394509.869353464,0.006466867836778705,0.006466867836778705,0.0
E6_threshold_divergence,random_forest__unweighted__split42__model123,random_forest,unweighted,42,123,no_origin_balance,1.0,12.089079431998051,R_x0.015625,0.01562565137041168,-5.999939858606356,B,youden,val,False,0.002303920453414321,-0.053575616562739015,False,773.6688311688312,1232,953160,1111,25574,121,927588,26685,0.027960150629614183,0.04163387670976204,0.9017857142857143,27036.778611271766,1.8153108603445374,1.8153108603445376,2.220446049250313e-16,1127,25592,105,927568,26719,0.02799583399693208,0.04217972229499607,0.9147727272727273,26861.353340359794,1.8035324083313002,1.8035324083313002,0.0
E6_threshold_divergence,random_forest__unweighted__split42__model123,random_forest,unweighted,42,123,no_origin_balance,1.0,12.089079431998051,R_x0.015625,0.01562565137041168,-5.999939858606356,C,ner_optimal,val,True,0.055879537016153336,-0.053575616562739015,False,773.6688311688312,1232,953160,977,636,255,952526,1613,0.0016900776828018616,0.6057036577805331,0.7930194805194806,3718.715255159503,0.2496830072206008,0.24968300722060083,2.7755575615628914e-17,1016,677,216,952483,1693,0.0017739042238409375,0.6001181334908446,0.8246753246753247,3288.241157311579,0.22077999639391283,0.22077999639391285,2.7755575615628914e-17
E6_threshold_divergence,random_forest__unweighted__split42__model123,random_forest,unweighted,42,123,no_origin_balance,1.0,48.356317727992206,R_x0.0625,0.06250260548164673,-3.999939858606356,B,youden,val,False,0.002303920453414321,-0.028844235697761178,False,773.6688311688312,1232,953160,1111,25574,121,927588,26685,0.027960150629614183,0.04163387670976204,0.9017857142857143,31425.114445087056,0.5274884293718486,0.5274884293718486,0.0,1127,25592,105,927568,26719,0.02799583399693208,0.04217972229499607,0.9147727272727273,30669.413361439183,0.5148035566282796,0.5148035566282797,1.1102230246251565e-16
E6_threshold_divergence,random_forest__unweighted__split42__model123,random_forest,unweighted,42,123,no_origin_balance,1.0,48.356317727992206,R_x0.0625,0.06250260548164673,-3.999939858606356,C,ner_optimal,val,True,0.0311481561511755,-0.028844235697761178,False,773.6688311688312,1232,953160,1005,1254,227,951908,2259,0.002366946984159582,0.4448871181938911,0.8157467532467533,12230.884124254231,0.2053023503798434,0.20530235037984346,5.551115123125783e-17,1036,1256,196,951904,2292,0.0024015289315082273,0.45200698080279234,0.8409090909090909,10733.838274686472,0.1801735838556662,0.18017358385566623,2.7755575615628914e-17
E6_threshold_divergence,random_forest__unweighted__split42__model123,random_forest,unweighted,42,123,no_origin_balance,1.0,193.42527091196882,R_x0.25,0.2500104219265869,-1.999939858606356,B,youden,val,False,0.002303920453414321,-0.005881983088329434,False,773.6688311688312,1232,953160,1111,25574,121,927588,26685,0.027960150629614183,0.04163387670976204,0.9017857142857143,48978.457780348224,0.20553282162867642,0.20553282162867642,0.0,1127,25592,105,927568,26719,0.02799583399693208,0.04217972229499607,0.9147727272727273,45901.653445756725,0.19262134370252443,0.19262134370252446,2.7755575615628914e-17
E6_threshold_divergence,random_forest__unweighted__split42__model123,random_forest,unweighted,42,123,no_origin_balance,1.0,193.42527091196882,R_x0.25,0.2500104219265869,-1.999939858606356,C,ner_optimal,val,True,0.008185903541743755,-0.005881983088329434,False,773.6688311688312,1232,953160,1040,4682,192,948480,5722,0.005995427464967298,0.18175463124781546,0.8441558441558441,41819.652015098014,0.1754916644525541,0.17549166445255412,2.7755575615628914e-17,1067,4794,165,948366,5861,0.006141082490213665,0.18205084456577375,0.8660714285714286,36709.16970047486,0.15404607597121586,0.1540460759712159,2.7755575615628914e-17
E6_threshold_divergence,random_forest__unweighted__split42__model123,random_forest,unweighted,42,123,no_origin_balance,1.0,773.6688311688312,val_class_ratio,1.0,0.0,B,youden,val,False,0.002303920453414321,0.0,True,773.6688311688312,1232,953160,1111,25574,121,927588,26685,0.027960150629614183,0.04163387670976204,0.9017857142857143,119187.92857142857,0.1250450381587861,0.1250450381587861,0.0,1127,25592,105,927568,26719,0.02799583399693208,0.04217972229499607,0.9147727272727273,106827.22727272726,0.11207690972420922,0.11207690972420922,0.0
E6_threshold_divergence,random_forest__unweighted__split42__model123,random_forest,unweighted,42,123,no_origin_balance,1.0,773.6688311688312,val_class_ratio,1.0,0.0,C,ner_optimal,val,True,0.002303920453414321,0.0,True,773.6688311688312,1232,953160,1111,25574,121,927588,26685,0.027960150629614183,0.04163387670976204,0.9017857142857143,119187.92857142857,0.1250450381587861,0.1250450381587861,0.0,1127,25592,105,927568,26719,0.02799583399693208,0.04217972229499607,0.9147727272727273,106827.22727272726,0.11207690972420922,0.11207690972420922,0.0
E6_threshold_divergence,random_forest__unweighted__split42__model123,random_forest,unweighted,42,123,no_origin_balance,1.0,773.7010836478753,R_x1,1.0000416877063476,6.014139364405448e-05,B,youden,val,False,0.002303920453414321,0.0,True,773.6688311688312,1232,953160,1111,25574,121,927588,26685,0.027960150629614183,0.04163387670976204,0.9017857142857143,119191.83112139291,0.12504391969288337,0.1250439196928834,2.7755575615628914e-17,1127,25592,105,927568,26719,0.02799583399693208,0.04217972229499607,0.9147727272727273,106830.6137830269,0.11207579047108564,0.11207579047108565,1.3877787807814457e-17
E6_threshold_divergence,random_forest__unweighted__split42__model123,random_forest,unweighted,42,123,no_origin_balance,1.0,773.7010836478753,R_x1,1.0000416877063476,6.014139364405448e-05,C,ner_optimal,val,True,0.002303920453414321,0.0,True,773.6688311688312,1232,953160,1111,25574,121,927588,26685,0.027960150629614183,0.04163387670976204,0.9017857142857143,119191.83112139291,0.12504391969288337,0.1250439196928834,2.7755575615628914e-17,1127,25592,105,927568,26719,0.02799583399693208,0.04217972229499607,0.9147727272727273,106830.6137830269,0.11207579047108564,0.11207579047108565,1.3877787807814457e-17
E6_threshold_divergence,random_forest__unweighted__split42__model123,random_forest,unweighted,42,123,no_origin_balance,1.0,3094.804334591501,R_x4,4.00016675082539,2.000060141393644,B,youden,val,False,0.002303920453414321,0.0019175325578544289,False,773.6688311688312,1232,953160,1111,25574,121,927588,26685,0.027960150629614183,0.04163387670976204,0.9017857142857143,400045.32448557165,0.1049216942089351,0.10492169420893514,4.163336342344337e-17,1127,25592,105,927568,26719,0.02799583399693208,0.04217972229499607,0.9147727272727273,350546.4551321076,0.09193940216322594,0.09193940216322595,1.3877787807814457e-17
E6_threshold_divergence,random_forest__unweighted__split42__model123,random_forest,unweighted,42,123,no_origin_balance,1.0,3094.804334591501,R_x4,4.00016675082539,2.000060141393644,C,ner_optimal,val,True,0.00038638789555989206,0.0019175325578544289,False,773.6688311688312,1232,953160,1192,135260,40,817902,136452,0.142972399239727,0.008735672617477208,0.9675324675324676,259052.17338366003,0.0679427836205113,0.0679427836205113,0.0,1190,135349,42,817811,136539,0.1430638563609083,0.008715458586923883,0.9659090909090909,265330.782052843,0.0695895026758901,0.06958950267589009,1.3877787807814457e-17
E6_threshold_divergence,random_forest__unweighted__split42__model123,random_forest,unweighted,42,123,no_origin_balance,1.0,12379.217338366005,R_x16,16.00066700330156,4.000060141393644,B,youden,val,False,0.002303920453414321,0.002097852309816517,False,773.6688311688312,1232,953160,1111,25574,121,927588,26685,0.027960150629614183,0.04163387670976204,0.9017857142857143,1523459.2979422866,0.09989113783794804,0.09989113783794808,4.163336342344337e-17,1127,25592,105,927568,26719,0.02799583399693208,0.04217972229499607,0.9147727272727273,1325409.8205284304,0.08690530508626101,0.08690530508626103,1.3877787807814457e-17
E6_threshold_divergence,random_forest__unweighted__split42__model123,random_forest,unweighted,42,123,no_origin_balance,1.0,12379.217338366005,R_x16,16.00066700330156,4.000060141393644,C,ner_optimal,val,True,0.000206068143597804,0.002097852309816517,False,773.6688311688312,1232,953160,1227,310640,5,642522,311867,0.3267696569760497,0.003934369458775696,0.9959415584415584,372536.08669183,0.024426680539221805,0.024426680539221805,0.0,1227,310926,5,642234,312153,0.3270700089690609,0.003930764721146361,0.9959415584415584,372822.08669183,0.024445433167178614,0.024445433167178614,0.0
E6_threshold_divergence,random_forest__unweighted__split42__model123,random_forest,unweighted,42,123,no_origin_balance,1.0,49516.86935346402,R_x64,64.00266801320625,6.000060141393644,B,youden,val,False,0.002303920453414321,0.002253314007248264,False,773.6688311688312,1232,953160,1111,25574,121,927588,26685,0.027960150629614183,0.04163387670976204,0.9017857142857143,6017115.191769146,0.09863349874520128,0.0986334987452013,2.7755575615628914e-17,1127,25592,105,927568,26719,0.02799583399693208,0.04217972229499607,0.9147727272727273,5224863.282113722,0.08564678081701978,0.0856467808170198,2.7755575615628914e-17
E6_threshold_divergence,random_forest__unweighted__split42__model123,random_forest,unweighted,42,123,no_origin_balance,1.0,49516.86935346402,R_x64,64.00266801320625,6.000060141393644,C,ner_optimal,val,True,5.060644616605714e-05,0.002253314007248264,False,773.6688311688312,1232,953160,1232,382152,0,571010,383384,0.4017041180057712,0.0032134883041545813,1.0,382152.0,0.006264295698383283,0.006264295698383283,0.0,1231,382213,1,570947,383444,0.40176782705638775,0.003210377525792554,0.9991883116883117,431729.869353464,0.007076983931667194,0.007076983931667194,0.0
E6_threshold_divergence,random_forest__unweighted__split42__model42,random_forest,unweighted,42,42,no_origin_balance,1.0,12.089079431998051,R_x0.015625,0.01562565137041168,-5.999939858606356,B,youden,val,False,0.0025640910025686026,-0.06727359839715064,False,773.6688311688312,1232,953160,1096,20937,136,932225,22033,0.023085853431601622,0.0497435664684791,0.8896103896103896,22581.114802751734,1.5161474497199294,1.5161474497199294,0.0,1117,21023,115,932137,22140,0.023198015071375283,0.0504516711833785,0.9066558441558441,22413.244134679775,1.5048762309380708,1.5048762309380708,0.0
E6_threshold_divergence,random_forest__unweighted__split42__model42,random_forest,unweighted,42,42,no_origin_balance,1.0,12.089079431998051,R_x0.015625,0.01562565137041168,-5.999939858606356,C,ner_optimal,val,True,0.06983768939971924,-0.06727359839715064,False,773.6688311688312,1232,953160,956,451,276,952711,1407,0.0014742339117806691,0.6794598436389481,0.775974025974026,3787.5859232314624,0.2543071406466921,0.2543071406466921,0.0,993,494,239,952666,1487,0.001558060000502938,0.667787491593813,0.8060064935064936,3383.2899842475344,0.22716179099602246,0.22716179099602252,5.551115123125783e-17
E6_threshold_divergence,random_forest__unweighted__split42__model42,random_forest,unweighted,42,42,no_origin_balance,1.0,48.356317727992206,R_x0.0625,0.06250260548164673,-3.999939858606356,B,youden,val,False,0.0025640910025686026,-0.022536412114277482,False,773.6688311688312,1232,953160,1096,20937,136,932225,22033,0.023085853431601622,0.0497435664684791,0.8896103896103896,27513.45921100694,0.46182907022219016,0.46182907022219016,0.0,1117,21023,115,932137,22140,0.023198015071375283,0.0504516711833785,0.9066558441558441,26583.976538719104,0.44622717461763456,0.4462271746176346,5.551115123125783e-17
E6_threshold_divergence,random_forest__unweighted__split42__model42,random_forest,unweighted,42,42,no_origin_balance,1.0,48.356317727992206,R_x0.0625,0.06250260548164673,-3.999939858606356,C,ner_optimal,val,True,0.025100503116846085,-0.022536412114277482,False,773.6688311688312,1232,953160,1009,1546,223,951616,2555,0.0026770914318405186,0.3949119373776908,0.8189935064935064,12329.458853342261,0.20695698330451456,0.20695698330451462,5.551115123125783e-17,1035,1552,197,951608,2587,0.002710626241628178,0.40007730962504834,0.8400974025974026,11078.194592414464,0.1859538006150998,0.18595380061509983,2.7755575615628914e-17
E6_threshold_divergence,random_forest__unweighted__split42__model42,random_forest,unweighted,42,42,no_origin_balance,1.0,193.42527091196882,R_x0.25,0.2500104219265869,-1.999939858606356,B,youden,val,False,0.0025640910025686026,-0.005687234224751592,False,773.6688311688312,1232,953160,1096,20937,136,932225,22033,0.023085853431601622,0.0497435664684791,0.8896103896103896,47242.836844027755,0.1982494753477553,0.1982494753477553,0.0,1117,21023,115,932137,22140,0.023198015071375283,0.0504516711833785,0.9066558441558441,43266.906154876415,0.1815649105375255,0.18156491053752552,2.7755575615628914e-17
E6_threshold_divergence,random_forest__unweighted__split42__model42,random_forest,unweighted,42,42,no_origin_balance,1.0,193.42527091196882,R_x0.25,0.2500104219265869,-1.999939858606356,C,ner_optimal,val,True,0.008251325227320194,-0.005687234224751592,False,773.6688311688312,1232,953160,1038,4846,194,948316,5884,0.006165168682954838,0.17641060503059144,0.8425324675324676,42370.50255692195,0.17780324940821976,0.1778032494082198,2.7755575615628914e-17,1065,4937,167,948223,6002,0.006288820526576082,0.17744085304898366,0.864448051948052,37239.02024229879,0.15626953668921037,0.1562695366892104,2.7755575615628914e-17
E6_threshold_divergence,random_forest__unweighted__split42__model42,random_forest,unweighted,42,42,no_origin_balance,1.0,773.6688311688312,val_class_ratio,1.0,0.0,B,youden,val,False,0.0025640910025686026,0.0,True,773.6688311688312,1232,953160,1096,20937,136,932225,22033,0.023085853431601622,0.0497435664684791,0.8896103896103896,126155.96103896103,0.13235549229820917,0.13235549229820914,2.7755575615628914e-17,1117,21023,115,932137,22140,0.023198015071375283,0.0504516711833785,0.9066558441558441,109994.91558441559,0.11540026394772711,0.11540026394772714,2.7755575615628914e-17
E6_threshold_divergence,random_forest__unweighted__split42__model42,random_forest,unweighted,42,42,no_origin_balance,1.0,773.6688311688312,val_class_ratio,1.0,0.0,C,ner_optimal,val,True,0.0025640910025686026,0.0,True,773.6688311688312,1232,953160,1096,20937,136,932225,22033,0.023085853431601622,0.0497435664684791,0.8896103896103896,126155.96103896103,0.13235549229820917,0.13235549229820914,2.7755575615628914e-17,1117,21023,115,932137,22140,0.023198015071375283,0.0504516711833785,0.9066558441558441,109994.91558441559,0.11540026394772711,0.11540026394772714,2.7755575615628914e-17
E6_threshold_divergence,random_forest__unweighted__split42__model42,random_forest,unweighted,42,42,no_origin_balance,1.0,773.7010836478753,R_x1,1.0000416877063476,6.014139364405448e-05,B,youden,val,False,0.0025640910025686026,0.0,True,773.6688311688312,1232,953160,1096,20937,136,932225,22033,0.023085853431601622,0.0497435664684791,0.8896103896103896,126160.34737611104,0.13235457662914663,0.13235457662914663,0.0,1117,21023,115,932137,22140,0.023198015071375283,0.0504516711833785,0.9066558441558441,109998.62461950566,0.11539934451749824,0.11539934451749827,2.7755575615628914e-17
E6_threshold_divergence,random_forest__unweighted__split42__model42,random_forest,unweighted,42,42,no_origin_balance,1.0,773.7010836478753,R_x1,1.0000416877063476,6.014139364405448e-05,C,ner_optimal,val,True,0.0025640910025686026,0.0,True,773.6688311688312,1232,953160,1096,20937,136,932225,22033,0.023085853431601622,0.0497435664684791,0.8896103896103896,126160.34737611104,0.13235457662914663,0.13235457662914663,0.0,1117,21023,115,932137,22140,0.023198015071375283,0.0504516711833785,0.9066558441558441,109998.62461950566,0.11539934451749824,0.11539934451749827,2.7755575615628914e-17
E6_threshold_divergence,random_forest__unweighted__split42__model42,random_forest,unweighted,42,42,no_origin_balance,1.0,3094.804334591501,R_x4,4.00016675082539,2.000060141393644,B,youden,val,False,0.0025640910025686026,0.0022301828139461577,False,773.6688311688312,1232,953160,1096,20937,136,932225,22033,0.023085853431601622,0.0497435664684791,0.8896103896103896,441830.38950444415,0.11588085194949445,0.11588085194949445,0.0,1117,21023,115,932137,22140,0.023198015071375283,0.0504516711833785,0.9066558441558441,376925.49847802264,0.09885795301249142,0.09885795301249145,2.7755575615628914e-17
E6_threshold_divergence,random_forest__unweighted__split42__model42,random_forest,unweighted,42,42,no_origin_balance,1.0,3094.804334591501,R_x4,4.00016675082539,2.000060141393644,C,ner_optimal,val,True,0.00033390818862244487,0.0022301828139461577,False,773.6688311688312,1232,953160,1194,147186,38,805976,148380,0.15547038225303178,0.008046906591184795,0.9691558441558441,264788.56471447705,0.06944729288542704,0.06944729288542704,0.0,1197,147711,35,805449,148908,0.15602393984861565,0.00803852042872109,0.9715909090909091,256029.15171070254,0.0671499220717233,0.0671499220717233,0.0
E6_threshold_divergence,random_forest__unweighted__split42__model42,random_forest,unweighted,42,42,no_origin_balance,1.0,12379.217338366005,R_x16,16.00066700330156,4.000060141393644,B,youden,val,False,0.0025640910025686026,0.0024390000762650743,False,773.6688311688312,1232,953160,1096,20937,136,932225,22033,0.023085853431601622,0.0497435664684791,0.8896103896103896,1704510.5580177766,0.1117624207795814,0.1117624207795814,0.0,1117,21023,115,932137,22140,0.023198015071375283,0.0504516711833785,0.9066558441558441,1444632.9939120905,0.09472260513623972,0.09472260513623974,2.7755575615628914e-17
E6_threshold_divergence,random_forest__unweighted__split42__model42,random_forest,unweighted,42,42,no_origin_balance,1.0,12379.217338366005,R_x16,16.00066700330156,4.000060141393644,C,ner_optimal,val,True,0.00012509092630352825,0.0024390000762650743,False,773.6688311688312,1232,953160,1232,349565,0,603597,350797,0.3675599385578702,0.0035120026682098193,1.0,349565.0,0.02292049787315364,0.02292049787315364,0.0,1230,349692,2,603468,350922,0.367691682243774,0.003505052404807906,0.9983766233766234,374450.434676732,0.024552201712441154,0.024552201712441154,0.0
E6_threshold_divergence,random_forest__unweighted__split42__model42,random_forest,unweighted,42,42,no_origin_balance,1.0,49516.86935346402,R_x64,64.00266801320625,6.000060141393644,B,youden,val,False,0.0025640910025686026,0.0025499559997115284,False,773.6688311688312,1232,953160,1096,20937,136,932225,22033,0.023085853431601622,0.0497435664684791,0.8896103896103896,6755231.232071106,0.11073281298710314,0.11073281298710314,0.0,1117,21023,115,932137,22140,0.023198015071375283,0.0504516711833785,0.9066558441558441,5715462.975648362,0.09368876816717679,0.09368876816717682,2.7755575615628914e-17
E6_threshold_divergence,random_forest__unweighted__split42__model42,random_forest,unweighted,42,42,no_origin_balance,1.0,49516.86935346402,R_x64,64.00266801320625,6.000060141393644,C,ner_optimal,val,True,1.4135002857074142e-05,0.0025499559997115284,False,773.6688311688312,1232,953160,1232,389529,0,563633,390761,0.40943363013598155,0.0031528223133833726,1.0,389529.0,0.0063852206428215525,0.0063852206428215525,0.0,1232,390214,0,562946,391446,0.4101522225668279,0.0031473051199910076,1.0,390214.0,0.006396449270575411,0.006396449270575411,0.0
E6_threshold_divergence,random_forest__unweighted__split42__model456,random_forest,unweighted,42,456,no_origin_balance,1.0,12.089079431998051,R_x0.015625,0.01562565137041168,-5.999939858606356,B,youden,val,False,0.002475208602845669,-0.06179297808557749,False,773.6688311688312,1232,953160,1106,23358,126,929804,24464,0.02563301948671094,0.045209287115761936,0.8977272727272727,24881.224008431753,1.670582017575903,1.670582017575903,0.0,1124,23389,108,929771,24513,0.025684414789730006,0.0458532207400155,0.9123376623376623,24694.62057865579,1.6580530385314607,1.658053038531461,2.220446049250313e-16
E6_threshold_divergence,random_forest__unweighted__split42__model456,random_forest,unweighted,42,456,no_origin_balance,1.0,12.089079431998051,R_x0.015625,0.01562565137041168,-5.999939858606356,C,ner_optimal,val,True,0.06426818668842316,-0.06179297808557749,False,773.6688311688312,1232,953160,954,506,278,952656,1460,0.0015297665324802963,0.6534246575342466,0.7743506493506493,3866.7640820954584,0.25962334246771723,0.25962334246771723,0.0,995,512,237,952648,1507,0.0015790157503415788,0.6602521566025216,0.8076298701298701,3377.1118253835384,0.22674697534642171,0.22674697534642177,5.551115123125783e-17
E6_threshold_divergence,random_forest__unweighted__split42__model456,random_forest,unweighted,42,456,no_origin_balance,1.0,48.356317727992206,R_x0.0625,0.06250260548164673,-3.999939858606356,B,youden,val,False,0.002475208602845669,-0.02304744254797697,False,773.6688311688312,1232,953160,1106,23358,126,929804,24464,0.02563301948671094,0.045209287115761936,0.8977272727272727,29450.89603372702,0.4943500498485212,0.49435004984852127,5.551115123125783e-17,1124,23389,108,929771,24513,0.025684414789730006,0.0458532207400155,0.9123376623376623,28611.482314623157,0.48026001287961845,0.48026001287961845,0.0
E6_threshold_divergence,random_forest__unweighted__split42__model456,random_forest,unweighted,42,456,no_origin_balance,1.0,48.356317727992206,R_x0.0625,0.06250260548164673,-3.999939858606356,C,ner_optimal,val,True,0.02552265115082264,-0.02304744254797697,False,773.6688311688312,1232,953160,1007,1511,225,951651,2518,0.0026383233758804016,0.3999205718824464,0.8173701298701299,12391.171488798247,0.2079928650100835,0.20799286501008354,5.551115123125783e-17,1037,1454,195,951706,2491,0.0026100386424027025,0.416298675230831,0.8417207792207793,10883.48195695848,0.18268543822186156,0.1826854382218616,2.7755575615628914e-17
E6_threshold_divergence,random_forest__unweighted__split42__model456,random_forest,unweighted,42,456,no_origin_balance,1.0,193.42527091196882,R_x0.25,0.2500104219265869,-1.999939858606356,B,youden,val,False,0.002475208602845669,-0.004912679083645344,False,773.6688311688312,1232,953160,1106,23358,126,929804,24464,0.02563301948671094,0.045209287115761936,0.8977272727272727,47729.58413490807,0.2002920579166757,0.20029205791667576,5.551115123125783e-17,1124,23389,108,929771,24513,0.025684414789730006,0.0458532207400155,0.9123376623376623,44278.92925849263,0.18581175646665785,0.18581175646665785,0.0
E6_threshold_divergence,random_forest__unweighted__split42__model456,random_forest,unweighted,42,456,no_origin_balance,1.0,193.42527091196882,R_x0.25,0.2500104219265869,-1.999939858606356,C,ner_optimal,val,True,0.007387887686491013,-0.004912679083645344,False,773.6688311688312,1232,953160,1042,5568,190,947594,6610,0.006925860808010109,0.15763993948562785,0.8457792207792207,42318.80147327408,0.17758629138044635,0.17758629138044638,2.7755575615628914e-17,1070,5621,162,947539,6691,0.007010746108517255,0.15991630548497981,0.8685064935064936,36955.893887738945,0.15508142744348655,0.15508142744348655,0.0
E6_threshold_divergence,random_forest__unweighted__split42__model456,random_forest,unweighted,42,456,no_origin_balance,1.0,773.6688311688312,val_class_ratio,1.0,0.0,B,youden,val,False,0.002475208602845669,0.0,True,773.6688311688312,1232,953160,1106,23358,126,929804,24464,0.02563301948671094,0.045209287115761936,0.8977272727272727,120840.27272727272,0.12677858148398247,0.12677858148398247,0.0,1124,23389,108,929771,24513,0.025684414789730006,0.0458532207400155,0.9123376623376623,106945.23376623377,0.11220071526945503,0.11220071526945503,0.0
E6_threshold_divergence,random_forest__unweighted__split42__model456,random_forest,unweighted,42,456,no_origin_balance,1.0,773.6688311688312,val_class_ratio,1.0,0.0,C,ner_optimal,val,True,0.002475208602845669,0.0,True,773.6688311688312,1232,953160,1106,23358,126,929804,24464,0.02563301948671094,0.045209287115761936,0.8977272727272727,120840.27272727272,0.12677858148398247,0.12677858148398247,0.0,1124,23389,108,929771,24513,0.025684414789730006,0.0458532207400155,0.9123376623376623,106945.23376623377,0.11220071526945503,0.11220071526945503,0.0
E6_threshold_divergence,random_forest__unweighted__split42__model456,random_forest,unweighted,42,456,no_origin_balance,1.0,773.7010836478753,R_x1,1.0000416877063476,6.014139364405448e-05,B,youden,val,False,0.002475208602845669,0.0,True,773.6688311688312,1232,953160,1106,23358,126,929804,24464,0.02563301948671094,0.045209287115761936,0.8977272727272727,120844.33653963229,0.12677755993371437,0.1267775599337144,2.7755575615628914e-17,1124,23389,108,929771,24513,0.025684414789730006,0.0458532207400155,0.9123376623376623,106948.71703397053,0.11219969236341769,0.11219969236341772,2.7755575615628914e-17
E6_threshold_divergence,random_forest__unweighted__split42__model456,random_forest,unweighted,42,456,no_origin_balance,1.0,773.7010836478753,R_x1,1.0000416877063476,6.014139364405448e-05,C,ner_optimal,val,True,0.002475208602845669,0.0,True,773.6688311688312,1232,953160,1106,23358,126,929804,24464,0.02563301948671094,0.045209287115761936,0.8977272727272727,120844.33653963229,0.12677755993371437,0.1267775599337144,2.7755575615628914e-17,1124,23389,108,929771,24513,0.025684414789730006,0.0458532207400155,0.9123376623376623,106948.71703397053,0.11219969236341769,0.11219969236341772,2.7755575615628914e-17
E6_threshold_divergence,random_forest__unweighted__split42__model456,random_forest,unweighted,42,456,no_origin_balance,1.0,3094.804334591501,R_x4,4.00016675082539,2.000060141393644,B,youden,val,False,0.002475208602845669,0.0020075812935829163,False,773.6688311688312,1232,953160,1106,23358,126,929804,24464,0.02563301948671094,0.045209287115761936,0.8977272727272727,413303.34615852917,0.10839893543797402,0.10839893543797406,4.163336342344337e-17,1124,23389,108,929771,24513,0.025684414789730006,0.0458532207400155,0.9123376623376623,357627.86813588213,0.09379667633760765,0.09379667633760767,2.7755575615628914e-17
E6_threshold_divergence,random_forest__unweighted__split42__model456,random_forest,unweighted,42,456,no_origin_balance,1.0,3094.804334591501,R_x4,4.00016675082539,2.000060141393644,C,ner_optimal,val,True,0.00046762730926275253,0.0020075812935829163,False,773.6688311688312,1232,953160,1180,111539,52,841623,112719,0.11810531080455242,0.010468510189054196,0.9577922077922078,272468.82539875805,0.07146162954589738,0.07146162954589738,0.0,1185,111335,47,841825,112520,0.11789704859219273,0.010531461073586918,0.9618506493506493,256790.80372580056,0.06734968398601261,0.06734968398601263,1.3877787807814457e-17
E6_threshold_divergence,random_forest__unweighted__split42__model456,random_forest,unweighted,42,456,no_origin_balance,1.0,12379.217338366005,R_x16,16.00066700330156,4.000060141393644,B,youden,val,False,0.002475208602845669,0.0024380933355132584,False,773.6688311688312,1232,953160,1106,23358,126,929804,24464,0.02563301948671094,0.045209287115761936,0.8977272727272727,1583139.3846341167,0.10380427931403893,0.10380427931403897,4.163336342344337e-17,1124,23389,108,929771,24513,0.025684414789730006,0.0458532207400155,0.9123376623376623,1360344.4725435285,0.08919592233115514,0.08919592233115517,2.7755575615628914e-17
E6_threshold_divergence,random_forest__unweighted__split42__model456,random_forest,unweighted,42,456,no_origin_balance,1.0,12379.217338366005,R_x16,16.00066700330156,4.000060141393644,C,ner_optimal,val,True,3.711526733241044e-05,0.0024380933355132584,False,773.6688311688312,1232,953160,1232,363401,0,589761,364633,0.3820570959163616,0.003378739719114836,1.0,363401.0,0.023827705427036192,0.023827705427036192,0.0,1231,363645,1,589515,364876,0.38231250890619367,0.0033737488900338745,0.9991883116883117,376024.217338366,0.02465539248425409,0.02465539248425409,0.0
E6_threshold_divergence,random_forest__unweighted__split42__model456,random_forest,unweighted,42,456,no_origin_balance,1.0,49516.86935346402,R_x64,64.00266801320625,6.000060141393644,B,youden,val,False,0.002475208602845669,0.0024565170133428182,False,773.6688311688312,1232,953160,1106,23358,126,929804,24464,0.02563301948671094,0.045209287115761936,0.8977272727272727,6262483.538536467,0.10265561528305515,0.1026556152830552,4.163336342344337e-17,1124,23389,108,929771,24513,0.025684414789730006,0.0458532207400155,0.9123376623376623,5371210.890174114,0.088045733829542,0.08804573382954205,4.163336342344337e-17
E6_threshold_divergence,random_forest__unweighted__split42__model456,random_forest,unweighted,42,456,no_origin_balance,1.0,49516.86935346402,R_x64,64.00266801320625,6.000060141393644,C,ner_optimal,val,True,1.8691589502850547e-05,0.0024565170133428182,False,773.6688311688312,1232,953160,1232,387560,0,565602,388792,0.4073705408877256,0.0031687894812650465,1.0,387560.0,0.006352944485088199,0.006352944485088199,0.0,1232,388154,0,565006,389386,0.4079937803334479,0.0031639555608059867,1.0,388154.0,0.006362681426527311,0.006362681426527311,0.0
E6_threshold_divergence,random_forest__unweighted__split42__model789,random_forest,unweighted,42,789,no_origin_balance,1.0,12.089079431998051,R_x0.015625,0.01562565137041168,-5.999939858606356,B,youden,val,False,0.0021883791778236628,-0.0702192762400955,False,773.6688311688312,1232,953160,1115,28564,117,924598,29679,0.031097219806495012,0.03756865123487988,0.9050324675324676,29978.422293543772,2.0128195132972233,2.0128195132972233,0.0,1132,28859,100,924301,29991,0.0314241946705337,0.03774465673035244,0.9188311688311688,30067.907943199803,2.0188277835131823,2.0188277835131823,0.0
E6_threshold_divergence,random_forest__unweighted__split42__model789,random_forest,unweighted,42,789,no_origin_balance,1.0,12.089079431998051,R_x0.015625,0.01562565137041168,-5.999939858606356,C,ner_optimal,val,True,0.07240765541791916,-0.0702192762400955,False,773.6688311688312,1232,953160,952,439,280,952723,1391,0.0014574693470411591,0.6843997124370956,0.7727272727272727,3823.9422409594545,0.25674818657759474,0.25674818657759474,0.0,998,464,234,952696,1462,0.001531865313204637,0.6826265389876881,0.810064935064935,3292.844587087544,0.2210890811479544,0.22108908114795445,5.551115123125783e-17
E6_threshold_divergence,random_forest__unweighted__split42__model789,random_forest,unweighted,42,789,no_origin_balance,1.0,48.356317727992206,R_x0.0625,0.06250260548164673,-3.999939858606356,B,youden,val,False,0.0021883791778236628,-0.023909805109724402,False,773.6688311688312,1232,953160,1115,28564,117,924598,29679,0.031097219806495012,0.03756865123487988,0.9050324675324676,34221.68917417509,0.5744305276749552,0.5744305276749552,0.0,1132,28859,100,924301,29991,0.0314241946705337,0.03774465673035244,0.9188311688311688,33694.63177279922,0.5655835692549189,0.5655835692549189,0.0
E6_threshold_divergence,random_forest__unweighted__split42__model789,random_forest,unweighted,42,789,no_origin_balance,1.0,48.356317727992206,R_x0.0625,0.06250260548164673,-3.999939858606356,C,ner_optimal,val,True,0.026098184287548065,-0.023909805109724402,False,773.6688311688312,1232,953160,995,1447,237,951715,2442,0.0025586916933677288,0.40745290745290746,0.8076298701298701,12907.447301534154,0.21665884832920912,0.21665884832920917,5.551115123125783e-17,1035,1445,197,951715,2480,0.00259851297999145,0.4173387096774194,0.8400974025974026,10971.194592414464,0.1841577447235162,0.18415774472351623,2.7755575615628914e-17
E6_threshold_divergence,random_forest__unweighted__split42__model789,random_forest,unweighted,42,789,no_origin_balance,1.0,193.42527091196882,R_x0.25,0.2500104219265869,-1.999939858606356,B,youden,val,False,0.0021883791778236628,-0.0039575917180627584,False,773.6688311688312,1232,953160,1115,28564,117,924598,29679,0.031097219806495012,0.03756865123487988,0.9050324675324676,51194.75669670035,0.2148332812693881,0.21483328126938814,2.7755575615628914e-17,1132,28859,100,924301,29991,0.0314241946705337,0.03774465673035244,0.9188311688311688,48201.527091196884,0.2022725156903531,0.20227251569035312,2.7755575615628914e-17
E6_threshold_divergence,random_forest__unweighted__split42__model789,random_forest,unweighted,42,789,no_origin_balance,1.0,193.42527091196882,R_x0.25,0.2500104219265869,-1.999939858606356,C,ner_optimal,val,True,0.006145970895886421,-0.0039575917180627584,False,773.6688311688312,1232,953160,1046,7295,186,945867,8341,0.008739577155765857,0.12540462774247693,0.849025974025974,43272.100389626205,0.18158670758407838,0.1815867075840784,2.7755575615628914e-17,1084,7338,148,945822,8422,0.00882446625705161,0.12871052006649253,0.8798701298701299,35964.94009497139,0.1509229966075349,0.15092299660753491,2.7755575615628914e-17
E6_threshold_divergence,random_forest__unweighted__split42__model789,random_forest,unweighted,42,789,no_origin_balance,1.0,773.6688311688312,val_class_ratio,1.0,0.0,B,youden,val,False,0.0021883791778236628,0.0,True,773.6688311688312,1232,953160,1115,28564,117,924598,29679,0.031097219806495012,0.03756865123487988,0.9050324675324676,119083.25324675324,0.12493521890003068,0.12493521890003068,0.0,1132,28859,100,924301,29991,0.0314241946705337,0.03774465673035244,0.9188311688311688,106225.88311688311,0.11144601443292115,0.11144601443292114,1.3877787807814457e-17
E6_threshold_divergence,random_forest__unweighted__split42__model789,random_forest,unweighted,42,789,no_origin_balance,1.0,773.6688311688312,val_class_ratio,1.0,0.0,C,ner_optimal,val,True,0.0021883791778236628,0.0,True,773.6688311688312,1232,953160,1115,28564,117,924598,29679,0.031097219806495012,0.03756865123487988,0.9050324675324676,119083.25324675324,0.12493521890003068,0.12493521890003068,0.0,1132,28859,100,924301,29991,0.0314241946705337,0.03774465673035244,0.9188311688311688,106225.88311688311,0.11144601443292115,0.11144601443292114,1.3877787807814457e-17
E6_threshold_divergence,random_forest__unweighted__split42__model789,random_forest,unweighted,42,789,no_origin_balance,1.0,773.7010836478753,R_x1,1.0000416877063476,6.014139364405448e-05,B,youden,val,False,0.0021883791778236628,0.0,True,773.6688311688312,1232,953160,1115,28564,117,924598,29679,0.031097219806495012,0.03756865123487988,0.9050324675324676,119087.0267868014,0.12493396966799634,0.12493396966799639,4.163336342344337e-17,1132,28859,100,924301,29991,0.0314241946705337,0.03774465673035244,0.9188311688311688,106229.10836478753,0.11144475229921164,0.11144475229921166,2.7755575615628914e-17
E6_threshold_divergence,random_forest__unweighted__split42__model789,random_forest,unweighted,42,789,no_origin_balance,1.0,773.7010836478753,R_x1,1.0000416877063476,6.014139364405448e-05,C,ner_optimal,val,True,0.0021883791778236628,0.0,True,773.6688311688312,1232,953160,1115,28564,117,924598,29679,0.031097219806495012,0.03756865123487988,0.9050324675324676,119087.0267868014,0.12493396966799634,0.12493396966799639,4.163336342344337e-17,1132,28859,100,924301,29991,0.0314241946705337,0.03774465673035244,0.9188311688311688,106229.10836478753,0.11144475229921164,0.11144475229921166,2.7755575615628914e-17
E6_threshold_divergence,random_forest__unweighted__split42__model789,random_forest,unweighted,42,789,no_origin_balance,1.0,3094.804334591501,R_x4,4.00016675082539,2.000060141393644,B,youden,val,False,0.0021883791778236628,0.0017721687036100775,False,773.6688311688312,1232,953160,1115,28564,117,924598,29679,0.031097219806495012,0.03756865123487988,0.9050324675324676,390656.1071472056,0.1024591417676484,0.10245914176764845,4.163336342344337e-17,1132,28859,100,924301,29991,0.0314241946705337,0.03774465673035244,0.9188311688311688,338339.43345915014,0.08873781145142627,0.0887378114514263,2.7755575615628914e-17
E6_threshold_divergence,random_forest__unweighted__split42__model789,random_forest,unweighted,42,789,no_origin_balance,1.0,3094.804334591501,R_x4,4.00016675082539,2.000060141393644,C,ner_optimal,val,True,0.00041621047421358526,0.0017721687036100775,False,773.6688311688312,1232,953160,1183,121139,49,832023,122322,0.12816719300414714,0.009671195696604046,0.9602272727272727,272784.4123949836,0.07154439997286555,0.07154439997286555,0.0,1187,121391,45,831769,122578,0.12843569518604514,0.009683630015174012,0.963474025974026,260657.19505661755,0.06836373990436567,0.06836373990436567,0.0
E6_threshold_divergence,random_forest__unweighted__split42__model789,random_forest,unweighted,42,789,no_origin_balance,1.0,12379.217338366005,R_x16,16.00066700330156,4.000060141393644,B,youden,val,False,0.0021883791778236628,0.0020106518059037626,False,773.6688311688312,1232,953160,1115,28564,117,924598,29679,0.031097219806495012,0.03756865123487988,0.9050324675324676,1476932.4285888225,0.09684043479256142,0.09684043479256146,4.163336342344337e-17,1132,28859,100,924301,29991,0.0314241946705337,0.03774465673035244,0.9188311688311688,1266780.7338366006,0.08306107623947992,0.08306107623947996,4.163336342344337e-17
E6_threshold_divergence,random_forest__unweighted__split42__model789,random_forest,unweighted,42,789,no_origin_balance,1.0,12379.217338366005,R_x16,16.00066700330156,4.000060141393644,C,ner_optimal,val,True,0.00017772737191990018,0.0020106518059037626,False,773.6688311688312,1232,953160,1232,344134,0,609028,345366,0.36186941661410277,0.0035672301268798896,1.0,344134.0,0.02256439464786193,0.02256439464786193,0.0,1230,344241,2,608919,345471,0.3619801926252525,0.00356035673037679,0.9983766233766234,368999.434676732,0.024194787114565047,0.024194787114565047,0.0
E6_threshold_divergence,random_forest__unweighted__split42__model789,random_forest,unweighted,42,789,no_origin_balance,1.0,49516.86935346402,R_x64,64.00266801320625,6.000060141393644,B,youden,val,False,0.0021883791778236628,0.0021616841877403203,False,773.6688311688312,1232,953160,1115,28564,117,924598,29679,0.031097219806495012,0.03756865123487988,0.9050324675324676,5822037.71435529,0.09543575804878968,0.09543575804878972,4.163336342344337e-17,1132,28859,100,924301,29991,0.0314241946705337,0.03774465673035244,0.9188311688311688,4980545.935346402,0.08164189243649334,0.08164189243649338,4.163336342344337e-17
E6_threshold_divergence,random_forest__unweighted__split42__model789,random_forest,unweighted,42,789,no_origin_balance,1.0,49516.86935346402,R_x64,64.00266801320625,6.000060141393644,C,ner_optimal,val,True,2.6694990083342418e-05,0.0021616841877403203,False,773.6688311688312,1232,953160,1232,377313,0,575849,378545,0.3966338849573656,0.003254566828250274,1.0,377313.0,0.006184974049184858,0.006184974049184858,0.0,1231,377464,1,575696,378695,0.39679188425720247,0.003250637056206182,0.9991883116883117,426980.869353464,0.006999137576626209,0.006999137576626209,0.0
E6_threshold_divergence,random_forest__unweighted__split456__model123,random_forest,unweighted,456,123,no_origin_balance,1.0,12.089079431998051,R_x0.015625,0.01562565137041168,-5.999939858606356,B,youden,val,False,0.0010922804940491915,-0.047297716839239,False,773.6688311688312,1232,953160,1139,42001,93,911161,43140,0.0452014576789041,0.026402410755679184,0.924512987012987,43125.284387175816,2.895529760740403,2.895529760740403,0.0,1152,41500,80,911660,42652,0.044690232105885214,0.027009284441526775,0.935064935064935,42467.12635455984,2.851339532251693,2.851339532251693,0.0
E6_threshold_divergence,random_forest__unweighted__split456__model123,random_forest,unweighted,456,123,no_origin_balance,1.0,12.089079431998051,R_x0.015625,0.01562565137041168,-5.999939858606356,C,ner_optimal,val,True,0.04838999733328819,-0.047297716839239,False,773.6688311688312,1232,953160,1008,737,224,952425,1745,0.00182838534190282,0.5776504297994269,0.8181818181818182,3444.9537927675638,0.23130203946667224,0.23130203946667233,8.326672684688674e-17,1008,707,224,952453,1715,0.0017969555486634422,0.5877551020408164,0.8181818181818182,3414.9537927675638,0.22928777117704577,0.22928777117704582,5.551115123125783e-17
E6_threshold_divergence,random_forest__unweighted__split456__model123,random_forest,unweighted,456,123,no_origin_balance,1.0,48.356317727992206,R_x0.0625,0.06250260548164673,-3.999939858606356,B,youden,val,False,0.0010922804940491915,-0.028702906100079417,False,773.6688311688312,1232,953160,1139,42001,93,911161,43140,0.0452014576789041,0.026402410755679184,0.924512987012987,46498.13754870328,0.7804976999253604,0.7804976999253606,1.1102230246251565e-16,1152,41500,80,911660,42652,0.044690232105885214,0.027009284441526775,0.935064935064935,45368.50541823938,0.761536181764222,0.761536181764222,0.0
E6_threshold_divergence,random_forest__unweighted__split456__model123,random_forest,unweighted,456,123,no_origin_balance,1.0,48.356317727992206,R_x0.0625,0.06250260548164673,-3.999939858606356,C,ner_optimal,val,True,0.02979518659412861,-0.028702906100079417,False,773.6688311688312,1232,953160,1024,1279,208,951883,2303,0.002413049537193235,0.44463742943986106,0.8311688311688312,11337.114087422378,0.190299911684771,0.19029991168477103,2.7755575615628914e-17,1024,1297,208,951863,2321,0.0024319147687742564,0.44118914261094355,0.8311688311688312,11355.114087422378,0.19060205192821497,0.190602051928215,2.7755575615628914e-17
E6_threshold_divergence,random_forest__unweighted__split456__model123,random_forest,unweighted,456,123,no_origin_balance,1.0,193.42527091196882,R_x0.25,0.2500104219265869,-1.999939858606356,B,youden,val,False,0.0010922804940491915,-0.004961047088727355,False,773.6688311688312,1232,953160,1139,42001,93,911161,43140,0.0452014576789041,0.026402410755679184,0.924512987012987,59989.5501948131,0.25173968472159985,0.25173968472159985,0.0,1152,41500,80,911660,42652,0.044690232105885214,0.027009284441526775,0.935064935064935,56974.021672957504,0.2390853441423542,0.2390853441423542,0.0
E6_threshold_divergence,random_forest__unweighted__split456__model123,random_forest,unweighted,456,123,no_origin_balance,1.0,193.42527091196882,R_x0.25,0.2500104219265869,-1.999939858606356,C,ner_optimal,val,True,0.0060533275827765465,-0.004961047088727355,False,773.6688311688312,1232,953160,1062,7284,170,945878,8346,0.008744816082246955,0.12724658519051044,0.862012987012987,40166.2960550347,0.16855353428209474,0.1685535342820948,5.551115123125783e-17,1076,7241,156,945919,8317,0.008714448570398745,0.12937357220151496,0.8733766233766234,37415.342262267135,0.15700945305084604,0.15700945305084604,0.0
E6_threshold_divergence,random_forest__unweighted__split456__model123,random_forest,unweighted,456,123,no_origin_balance,1.0,773.6688311688312,val_class_ratio,1.0,0.0,B,youden,val,False,0.0010922804940491915,0.0,True,773.6688311688312,1232,953160,1139,42001,93,911161,43140,0.0452014576789041,0.026402410755679184,0.924512987012987,113952.2012987013,0.11955201781306529,0.11955201781306528,1.3877787807814457e-17,1152,41500,80,911660,42652,0.044690232105885214,0.027009284441526775,0.935064935064935,103393.50649350649,0.10847444971831223,0.10847444971831223,0.0
E6_threshold_divergence,random_forest__unweighted__split456__model123,random_forest,unweighted,456,123,no_origin_balance,1.0,773.6688311688312,val_class_ratio,1.0,0.0,C,ner_optimal,val,True,0.0010922804940491915,0.0,True,773.6688311688312,1232,953160,1139,42001,93,911161,43140,0.0452014576789041,0.026402410755679184,0.924512987012987,113952.2012987013,0.11955201781306529,0.11955201781306528,1.3877787807814457e-17,1152,41500,80,911660,42652,0.044690232105885214,0.027009284441526775,0.935064935064935,103393.50649350649,0.10847444971831223,0.10847444971831223,0.0
E6_threshold_divergence,random_forest__unweighted__split456__model123,random_forest,unweighted,456,123,no_origin_balance,1.0,773.7010836478753,R_x1,1.0000416877063476,6.014139364405448e-05,B,youden,val,False,0.0010922804940491915,0.0,True,773.6688311688312,1232,953160,1139,42001,93,911161,43140,0.0452014576789041,0.026402410755679184,0.924512987012987,113955.20077925241,0.1195501809206597,0.11955018092065972,2.7755575615628914e-17,1152,41500,80,911660,42652,0.044690232105885214,0.027009284441526775,0.935064935064935,103396.08669183002,0.10847263473688724,0.10847263473688724,0.0
E6_threshold_divergence,random_forest__unweighted__split456__model123,random_forest,unweighted,456,123,no_origin_balance,1.0,773.7010836478753,R_x1,1.0000416877063476,6.014139364405448e-05,C,ner_optimal,val,True,0.0010922804940491915,0.0,True,773.6688311688312,1232,953160,1139,42001,93,911161,43140,0.0452014576789041,0.026402410755679184,0.924512987012987,113955.20077925241,0.1195501809206597,0.11955018092065972,2.7755575615628914e-17,1152,41500,80,911660,42652,0.044690232105885214,0.027009284441526775,0.935064935064935,103396.08669183002,0.10847263473688724,0.10847263473688724,0.0
E6_threshold_divergence,random_forest__unweighted__split456__model123,random_forest,unweighted,456,123,no_origin_balance,1.0,3094.804334591501,R_x4,4.00016675082539,2.000060141393644,B,youden,val,False,0.0010922804940491915,0.0005228441441431642,False,773.6688311688312,1232,953160,1139,42001,93,911161,43140,0.0452014576789041,0.026402410755679184,0.924512987012987,329817.80311700964,0.08650280497042465,0.08650280497042467,2.7755575615628914e-17,1152,41500,80,911660,42652,0.044690232105885214,0.027009284441526775,0.935064935064935,289084.34676732006,0.07581945738552051,0.07581945738552051,0.0
E6_threshold_divergence,random_forest__unweighted__split456__model123,random_forest,unweighted,456,123,no_origin_balance,1.0,3094.804334591501,R_x4,4.00016675082539,2.000060141393644,C,ner_optimal,val,True,0.0005694363499060273,0.0005228441441431642,False,773.6688311688312,1232,953160,1175,93039,57,860123,94214,0.09871604389801276,0.01247160719213705,0.9537337662337663,269442.8470717156,0.07066799254208767,0.07066799254208767,0.0,1185,92250,47,860910,93435,0.09790002430866981,0.012682613581634292,0.9618506493506493,237705.80372580056,0.06234417483138744,0.06234417483138745,6.938893903907228e-18
E6_threshold_divergence,random_forest__unweighted__split456__model123,random_forest,unweighted,456,123,no_origin_balance,1.0,12379.217338366005,R_x16,16.00066700330156,4.000060141393644,B,youden,val,False,0.0010922804940491915,0.0009107443765969947,False,773.6688311688312,1232,953160,1139,42001,93,911161,43140,0.0452014576789041,0.026402410755679184,0.924512987012987,1193268.2124680385,0.07824096098286588,0.07824096098286591,2.7755575615628914e-17,1152,41500,80,911660,42652,0.044690232105885214,0.027009284441526775,0.935064935064935,1031837.3870692804,0.06765616304767882,0.06765616304767882,0.0
E6_threshold_divergence,random_forest__unweighted__split456__model123,random_forest,unweighted,456,123,no_origin_balance,1.0,12379.217338366005,R_x16,16.00066700330156,4.000060141393644,C,ner_optimal,val,True,0.00018153611745219678,0.0009107443765969947,False,773.6688311688312,1232,953160,1230,345998,2,607164,347228,0.36382039283566325,0.0035423410554448376,0.9983766233766234,370756.434676732,0.024309991196103907,0.024309991196103907,0.0,1232,345550,0,607610,346782,0.3633538420271754,0.0035526642097917422,1.0,345550.0,0.022657239826836897,0.022657239826836897,0.0
E6_threshold_divergence,random_forest__unweighted__split456__model123,random_forest,unweighted,456,123,no_origin_balance,1.0,49516.86935346402,R_x64,64.00266801320625,6.000060141393644,B,youden,val,False,0.0010922804940491915,0.0009107443765969947,False,773.6688311688312,1232,953160,1139,42001,93,911161,43140,0.0452014576789041,0.026402410755679184,0.924512987012987,4647069.849872154,0.0761754999859762,0.07617549998597622,2.7755575615628914e-17,1152,41500,80,911660,42652,0.044690232105885214,0.027009284441526775,0.935064935064935,4002849.5482771215,0.0656153394632184,0.0656153394632184,0.0
E6_threshold_divergence,random_forest__unweighted__split456__model123,random_forest,unweighted,456,123,no_origin_balance,1.0,49516.86935346402,R_x64,64.00266801320625,6.000060141393644,C,ner_optimal,val,True,0.00018153611745219678,0.0009107443765969947,False,773.6688311688312,1232,953160,1230,345998,2,607164,347228,0.36382039283566325,0.0035423410554448376,0.9983766233766234,445031.73870692804,0.007295030266558445,0.007295030266558445,0.0,1232,345550,0,607610,346782,0.3633538420271754,0.0035526642097917422,1.0,345550.0,0.005664309956709224,0.005664309956709224,0.0
E6_threshold_divergence,random_forest__unweighted__split456__model42,random_forest,unweighted,456,42,no_origin_balance,1.0,12.089079431998051,R_x0.015625,0.01562565137041168,-5.999939858606356,B,youden,val,False,0.0015110090607777238,-0.06856991944368929,False,773.6688311688312,1232,953160,1140,37570,92,915592,38710,0.04055976881665224,0.029449754585378456,0.9253246753246753,38682.19530774382,2.5972106460508844,2.5972106460508844,0.0,1142,37248,90,915912,38390,0.04022456181527087,0.029747330033862984,0.926948051948052,38336.01714887982,2.5739674564521833,2.5739674564521833,0.0
E6_threshold_divergence,random_forest__unweighted__split456__model42,random_forest,unweighted,456,42,no_origin_balance,1.0,12.089079431998051,R_x0.015625,0.01562565137041168,-5.999939858606356,C,ner_optimal,val,True,0.07008092850446701,-0.06856991944368929,False,773.6688311688312,1232,953160,985,454,247,952708,1439,0.0015077630412596893,0.684503127171647,0.799512987012987,3440.0026197035186,0.23096960643669362,0.23096960643669368,5.551115123125783e-17,988,417,244,952743,1405,0.001472141426164511,0.703202846975089,0.801948051948052,3366.7353814075245,0.22605027727775603,0.2260502772777561,5.551115123125783e-17
E6_threshold_divergence,random_forest__unweighted__split456__model42,random_forest,unweighted,456,42,no_origin_balance,1.0,48.356317727992206,R_x0.0625,0.06250260548164673,-3.999939858606356,B,youden,val,False,0.0015110090607777238,-0.019835319719277322,False,773.6688311688312,1232,953160,1140,37570,92,915592,38710,0.04055976881665224,0.029449754585378456,0.9253246753246753,42018.781230975284,0.7053091550192145,0.7053091550192145,0.0,1142,37248,90,915912,38390,0.04022456181527087,0.029747330033862984,0.926948051948052,41600.0685955193,0.6982808251520068,0.6982808251520068,0.0
E6_threshold_divergence,random_forest__unweighted__split456__model42,random_forest,unweighted,456,42,no_origin_balance,1.0,48.356317727992206,R_x0.0625,0.06250260548164673,-3.999939858606356,C,ner_optimal,val,True,0.021346328780055046,-0.019835319719277322,False,773.6688311688312,1232,953160,1031,1702,201,951460,2733,0.0028635972145675684,0.37724112696670326,0.8368506493506493,11421.619863326434,0.19171838922388618,0.1917183892238862,2.7755575615628914e-17,1036,1742,196,951418,2778,0.002910753652587197,0.37293016558675307,0.8409090909090909,11219.838274686472,0.18833137042865342,0.18833137042865344,2.7755575615628914e-17
E6_threshold_divergence,random_forest__unweighted__split456__model42,random_forest,unweighted,456,42,no_origin_balance,1.0,193.42527091196882,R_x0.25,0.2500104219265869,-1.999939858606356,B,youden,val,False,0.0015110090607777238,-0.0060387206031009555,False,773.6688311688312,1232,953160,1140,37570,92,915592,38710,0.04055976881665224,0.029449754585378456,0.9253246753246753,55365.12492390113,0.2323337822612971,0.23233378226129714,2.7755575615628914e-17,1142,37248,90,915912,38390,0.04022456181527087,0.029747330033862984,0.926948051948052,54656.274382077194,0.22935916732696274,0.22935916732696277,2.7755575615628914e-17
E6_threshold_divergence,random_forest__unweighted__split456__model42,random_forest,unweighted,456,42,no_origin_balance,1.0,193.42527091196882,R_x0.25,0.2500104219265869,-1.999939858606356,C,ner_optimal,val,True,0.007549729663878679,-0.0060387206031009555,False,773.6688311688312,1232,953160,1050,5225,182,947937,6275,0.006574852733776617,0.16733067729083664,0.8522727272727273,40428.399305978324,0.1696534223383109,0.16965342233831096,5.551115123125783e-17,1065,5260,167,947900,6325,0.006627255886470129,0.1683794466403162,0.864448051948052,37562.02024229879,0.15762497139243817,0.1576249713924382,2.7755575615628914e-17
E6_threshold_divergence,random_forest__unweighted__split456__model42,random_forest,unweighted,456,42,no_origin_balance,1.0,773.6688311688312,val_class_ratio,1.0,0.0,B,youden,val,False,0.0015110090607777238,0.0,True,773.6688311688312,1232,953160,1140,37570,92,915592,38710,0.04055976881665224,0.029449754585378456,0.9253246753246753,108747.53246753247,0.11409158217668858,0.11409158217668856,1.3877787807814457e-17,1142,37248,90,915912,38390,0.04022456181527087,0.029747330033862984,0.926948051948052,106878.1948051948,0.11213038189306603,0.11213038189306601,1.3877787807814457e-17
E6_threshold_divergence,random_forest__unweighted__split456__model42,random_forest,unweighted,456,42,no_origin_balance,1.0,773.6688311688312,val_class_ratio,1.0,0.0,C,ner_optimal,val,True,0.0015110090607777238,0.0,True,773.6688311688312,1232,953160,1140,37570,92,915592,38710,0.04055976881665224,0.029449754585378456,0.9253246753246753,108747.53246753247,0.11409158217668858,0.11409158217668856,1.3877787807814457e-17,1142,37248,90,915912,38390,0.04022456181527087,0.029747330033862984,0.926948051948052,106878.1948051948,0.11213038189306603,0.11213038189306601,1.3877787807814457e-17
E6_threshold_divergence,random_forest__unweighted__split456__model42,random_forest,unweighted,456,42,no_origin_balance,1.0,773.7010836478753,R_x1,1.0000416877063476,6.014139364405448e-05,B,youden,val,False,0.0015110090607777238,0.0,True,773.6688311688312,1232,953160,1140,37570,92,915592,38710,0.04055976881665224,0.029449754585378456,0.9253246753246753,108750.49969560452,0.11408993907181778,0.11408993907181779,1.3877787807814457e-17,1142,37248,90,915912,38390,0.04022456181527087,0.029747330033862984,0.926948051948052,106881.09752830878,0.11212875287070172,0.11212875287070173,1.3877787807814457e-17
E6_threshold_divergence,random_forest__unweighted__split456__model42,random_forest,unweighted,456,42,no_origin_balance,1.0,773.7010836478753,R_x1,1.0000416877063476,6.014139364405448e-05,C,ner_optimal,val,True,0.0015110090607777238,0.0,True,773.6688311688312,1232,953160,1140,37570,92,915592,38710,0.04055976881665224,0.029449754585378456,0.9253246753246753,108750.49969560452,0.11408993907181778,0.11408993907181779,1.3877787807814457e-17,1142,37248,90,915912,38390,0.04022456181527087,0.029747330033862984,0.926948051948052,106881.09752830878,0.11212875287070172,0.11212875287070173,1.3877787807814457e-17
E6_threshold_divergence,random_forest__unweighted__split456__model42,random_forest,unweighted,456,42,no_origin_balance,1.0,3094.804334591501,R_x4,4.00016675082539,2.000060141393644,B,youden,val,False,0.0015110090607777238,0.0010566915152594447,False,773.6688311688312,1232,953160,1140,37570,92,915592,38710,0.04055976881665224,0.029449754585378456,0.9253246753246753,322291.9987824181,0.08452897827444793,0.08452897827444796,2.7755575615628914e-17,1142,37248,90,915912,38390,0.04022456181527087,0.029747330033862984,0.926948051948052,315780.3901132351,0.08282114925663646,0.08282114925663647,1.3877787807814457e-17
E6_threshold_divergence,random_forest__unweighted__split456__model42,random_forest,unweighted,456,42,no_origin_balance,1.0,3094.804334591501,R_x4,4.00016675082539,2.000060141393644,C,ner_optimal,val,True,0.0004543175455182791,0.0010566915152594447,False,773.6688311688312,1232,953160,1192,126597,40,826565,127789,0.1338954352185785,0.009327876421288217,0.9675324675324676,250389.17338366003,0.06567069948079331,0.06567069948079331,0.0,1194,125591,38,827569,126785,0.13284373716460324,0.00941751784517096,0.9691558441558441,243193.56471447705,0.06378347469343698,0.06378347469343697,1.3877787807814457e-17
E6_threshold_divergence,random_forest__unweighted__split456__model42,random_forest,unweighted,456,42,no_origin_balance,1.0,12379.217338366005,R_x16,16.00066700330156,4.000060141393644,B,youden,val,False,0.0015110090607777238,0.0013240942935226485,False,773.6688311688312,1232,953160,1140,37570,92,915592,38710,0.04055976881665224,0.029449754585378456,0.9253246753246753,1176457.9951296723,0.07713873807510548,0.07713873807510549,1.3877787807814457e-17,1142,37248,90,915912,38390,0.04022456181527087,0.029747330033862984,0.926948051948052,1151377.5604529404,0.07549424835312014,0.07549424835312016,1.3877787807814457e-17
E6_threshold_divergence,random_forest__unweighted__split456__model42,random_forest,unweighted,456,42,no_origin_balance,1.0,12379.217338366005,R_x16,16.00066700330156,4.000060141393644,C,ner_optimal,val,True,0.00018691476725507528,0.0013240942935226485,False,773.6688311688312,1232,953160,1230,343283,2,609879,344513,0.36097565575642765,0.0035702571455939252,0.9983766233766234,368041.434676732,0.02413197236777266,0.02413197236777266,0.0,1230,342705,2,610455,343935,0.3603707910376449,0.0035762571416110603,0.9983766233766234,367463.434676732,0.024094073700083724,0.024094073700083724,0.0
E6_threshold_divergence,random_forest__unweighted__split456__model42,random_forest,unweighted,456,42,no_origin_balance,1.0,49516.86935346402,R_x64,64.00266801320625,6.000060141393644,B,youden,val,False,0.0015110090607777238,0.001493663252404076,False,773.6688311688312,1232,953160,1140,37570,92,915592,38710,0.04055976881665224,0.029449754585378456,0.9253246753246753,4593121.980518689,0.07529117802526986,0.07529117802526987,1.3877787807814457e-17,1142,37248,90,915912,38390,0.04022456181527087,0.029747330033862984,0.926948051948052,4493766.241811762,0.07366252312724106,0.07366252312724107,1.3877787807814457e-17
E6_threshold_divergence,random_forest__unweighted__split456__model42,random_forest,unweighted,456,42,no_origin_balance,1.0,49516.86935346402,R_x64,64.00266801320625,6.000060141393644,C,ner_optimal,val,True,1.7345808373647742e-05,0.001493663252404076,False,773.6688311688312,1232,953160,1232,413419,0,539743,414651,0.4344652208626626,0.0029711733481892003,1.0,413419.0,0.006776829280835685,0.006776829280835685,0.0,1232,413487,0,539673,414719,0.4345373808665622,0.0029706861754585636,1.0,413487.0,0.006777943947532419,0.006777943947532419,0.0
E6_threshold_divergence,random_forest__unweighted__split456__model456,random_forest,unweighted,456,456,no_origin_balance,1.0,12.089079431998051,R_x0.015625,0.01562565137041168,-5.999939858606356,B,youden,val,False,0.0010174724739044905,-0.05478282389231026,False,773.6688311688312,1232,953160,1142,43785,90,909377,44927,0.04707385000324813,0.025419013065639817,0.926948051948052,44873.01714887982,3.012876516761793,3.012876516761793,0.0,1150,43421,82,909739,44571,0.04670093630290279,0.02580153014291804,0.9334415584415584,44412.30451342384,2.981943221687485,2.981943221687485,0.0
E6_threshold_divergence,random_forest__unweighted__split456__model456,random_forest,unweighted,456,456,no_origin_balance,1.0,12.089079431998051,R_x0.015625,0.01562565137041168,-5.999939858606356,C,ner_optimal,val,True,0.05580029636621475,-0.05478282389231026,False,773.6688311688312,1232,953160,996,597,236,952565,1593,0.001669121976877474,0.6252354048964218,0.8084415584415584,3450.02274595154,0.2316423805220084,0.23164238052200847,8.326672684688674e-17,991,547,241,952613,1538,0.001611497162591472,0.6443433029908973,0.8043831168831169,3460.4681431115305,0.23234370826440584,0.2323437082644059,5.551115123125783e-17
E6_threshold_divergence,random_forest__unweighted__split456__model456,random_forest,unweighted,456,456,no_origin_balance,1.0,48.356317727992206,R_x0.0625,0.06250260548164673,-3.999939858606356,B,youden,val,False,0.0010174724739044905,-0.03385394182987511,False,773.6688311688312,1232,953160,1142,43785,90,909377,44927,0.04707385000324813,0.025419013065639817,0.926948051948052,48137.0685955193,0.8080080902294092,0.8080080902294092,0.0,1150,43421,82,909739,44571,0.04670093630290279,0.02580153014291804,0.9334415584415584,47386.21805369536,0.7954046365907025,0.7954046365907025,0.0
E6_threshold_divergence,random_forest__unweighted__split456__model456,random_forest,unweighted,456,456,no_origin_balance,1.0,48.356317727992206,R_x0.0625,0.06250260548164673,-3.999939858606356,C,ner_optimal,val,True,0.0348714143037796,-0.03385394182987511,False,773.6688311688312,1232,953160,1017,1052,215,952110,2069,0.0021678677778778997,0.4915418076365394,0.825487012987013,11448.608311518325,0.19217140568537908,0.19217140568537913,5.551115123125783e-17,1019,1050,213,952110,2069,0.002167872320807383,0.49250845819236344,0.8271103896103896,11349.89567606234,0.19051445792384203,0.19051445792384208,5.551115123125783e-17
E6_threshold_divergence,random_forest__unweighted__split456__model456,random_forest,unweighted,456,456,no_origin_balance,1.0,193.42527091196882,R_x0.25,0.2500104219265869,-1.999939858606356,B,youden,val,False,0.0010174724739044905,-0.005801862804219127,False,773.6688311688312,1232,953160,1142,43785,90,909377,44927,0.04707385000324813,0.025419013065639817,0.926948051948052,61193.274382077194,0.2567909835963133,0.25679098359631336,5.551115123125783e-17,1150,43421,82,909739,44571,0.04670093630290279,0.02580153014291804,0.9334415584415584,59281.87221478144,0.24876999031650676,0.24876999031650676,0.0
E6_threshold_divergence,random_forest__unweighted__split456__model456,random_forest,unweighted,456,456,no_origin_balance,1.0,193.42527091196882,R_x0.25,0.2500104219265869,-1.999939858606356,C,ner_optimal,val,True,0.006819335278123617,-0.005801862804219127,False,773.6688311688312,1232,953160,1066,6302,166,946860,7368,0.0077200820625444,0.1446796959826276,0.8652597402597403,38410.594971386825,0.16118592382614735,0.16118592382614738,2.7755575615628914e-17,1069,6363,163,946797,7432,0.007787156640038894,0.14383745963401506,0.8676948051948052,37891.31915865092,0.1590068388195558,0.15900683881955582,2.7755575615628914e-17
E6_threshold_divergence,random_forest__unweighted__split456__model456,random_forest,unweighted,456,456,no_origin_balance,1.0,773.6688311688312,val_class_ratio,1.0,0.0,B,youden,val,False,0.0010174724739044905,0.0,True,773.6688311688312,1232,953160,1142,43785,90,909377,44927,0.04707385000324813,0.025419013065639817,0.926948051948052,113415.1948051948,0.11898862185277898,0.11898862185277896,1.3877787807814457e-17,1150,43421,82,909739,44571,0.04670093630290279,0.02580153014291804,0.9334415584415584,106861.84415584416,0.11211322774334231,0.11211322774334231,0.0
E6_threshold_divergence,random_forest__unweighted__split456__model456,random_forest,unweighted,456,456,no_origin_balance,1.0,773.6688311688312,val_class_ratio,1.0,0.0,C,ner_optimal,val,True,0.0010174724739044905,0.0,True,773.6688311688312,1232,953160,1142,43785,90,909377,44927,0.04707385000324813,0.025419013065639817,0.926948051948052,113415.1948051948,0.11898862185277898,0.11898862185277896,1.3877787807814457e-17,1150,43421,82,909739,44571,0.04670093630290279,0.02580153014291804,0.9334415584415584,106861.84415584416,0.11211322774334231,0.11211322774334231,0.0
E6_threshold_divergence,random_forest__unweighted__split456__model456,random_forest,unweighted,456,456,no_origin_balance,1.0,773.7010836478753,R_x1,1.0000416877063476,6.014139364405448e-05,B,youden,val,False,0.0010174724739044905,0.0,True,773.6688311688312,1232,953160,1142,43785,90,909377,44927,0.04707385000324813,0.025419013065639817,0.926948051948052,113418.09752830878,0.11898670693803937,0.11898670693803938,1.3877787807814457e-17,1150,43421,82,909739,44571,0.04670093630290279,0.02580153014291804,0.9334415584415584,106864.48885912578,0.11211132874795786,0.11211132874795787,1.3877787807814457e-17
E6_threshold_divergence,random_forest__unweighted__split456__model456,random_forest,unweighted,456,456,no_origin_balance,1.0,773.7010836478753,R_x1,1.0000416877063476,6.014139364405448e-05,C,ner_optimal,val,True,0.0010174724739044905,0.0,True,773.6688311688312,1232,953160,1142,43785,90,909377,44927,0.04707385000324813,0.025419013065639817,0.926948051948052,113418.09752830878,0.11898670693803937,0.11898670693803938,1.3877787807814457e-17,1150,43421,82,909739,44571,0.04670093630290279,0.02580153014291804,0.9334415584415584,106864.48885912578,0.11211132874795786,0.11211132874795787,1.3877787807814457e-17
E6_threshold_divergence,random_forest__unweighted__split456__model456,random_forest,unweighted,456,456,no_origin_balance,1.0,3094.804334591501,R_x4,4.00016675082539,2.000060141393644,B,youden,val,False,0.0010174724739044905,0.0005641172756440938,False,773.6688311688312,1232,953160,1142,43785,90,909377,44927,0.04707385000324813,0.025419013065639817,0.926948051948052,322317.3901132351,0.08453563777347087,0.08453563777347088,1.3877787807814457e-17,1150,43421,82,909739,44571,0.04670093630290279,0.02580153014291804,0.9334415584415584,297194.9554365031,0.07794666335582062,0.07794666335582064,1.3877787807814457e-17
E6_threshold_divergence,random_forest__unweighted__split456__model456,random_forest,unweighted,456,456,no_origin_balance,1.0,3094.804334591501,R_x4,4.00016675082539,2.000060141393644,C,ner_optimal,val,True,0.0004533551982603967,0.0005641172756440938,False,773.6688311688312,1232,953160,1189,118718,43,834444,119907,0.12563679151377732,0.009916018247475126,0.9650974025974026,251794.58638743454,0.06603930349737296,0.06603930349737296,0.0,1195,117500,37,835660,118695,0.12436713635487305,0.010067820885462741,0.9699675324675324,232007.76037988556,0.060849723265685135,0.060849723265685135,0.0
E6_threshold_divergence,random_forest__unweighted__split456__model456,random_forest,unweighted,456,456,no_origin_balance,1.0,12379.217338366005,R_x16,16.00066700330156,4.000060141393644,B,youden,val,False,0.0010174724739044905,0.0008443622500635684,False,773.6688311688312,1232,953160,1142,43785,90,909377,44927,0.04707385000324813,0.025419013065639817,0.926948051948052,1157914.5604529404,0.07592287048232875,0.07592287048232876,1.3877787807814457e-17,1150,43421,82,909739,44571,0.04670093630290279,0.02580153014291804,0.9334415584415584,1058516.8217460124,0.06940549700778631,0.06940549700778634,2.7755575615628914e-17
E6_threshold_divergence,random_forest__unweighted__split456__model456,random_forest,unweighted,456,456,no_origin_balance,1.0,12379.217338366005,R_x16,16.00066700330156,4.000060141393644,C,ner_optimal,val,True,0.00017311022384092212,0.0008443622500635684,False,773.6688311688312,1232,953160,1228,332693,4,620469,333921,0.34987751389887195,0.0036775165383429015,0.9967532467532467,382209.869353464,0.025060977207713594,0.025060977207713594,0.0,1230,332320,2,620840,333550,0.34948951793393074,0.003687603058012292,0.9983766233766234,357078.434676732,0.023413143485638055,0.023413143485638055,0.0
E6_threshold_divergence,random_forest__unweighted__split456__model456,random_forest,unweighted,456,456,no_origin_balance,1.0,49516.86935346402,R_x64,64.00266801320625,6.000060141393644,B,youden,val,False,0.0010174724739044905,0.0009858872763288673,False,773.6688311688312,1232,953160,1142,43785,90,909377,44927,0.04707385000324813,0.025419013065639817,0.926948051948052,4500303.241811762,0.07376967865954322,0.07376967865954323,1.3877787807814457e-17,1150,43421,82,909739,44571,0.04670093630290279,0.02580153014291804,0.9334415584415584,4103804.2869840497,0.06727020542077775,0.06727020542077776,1.3877787807814457e-17
E6_threshold_divergence,random_forest__unweighted__split456__model456,random_forest,unweighted,456,456,no_origin_balance,1.0,49516.86935346402,R_x64,64.00266801320625,6.000060141393644,C,ner_optimal,val,True,3.158519757562317e-05,0.0009858872763288673,False,773.6688311688312,1232,953160,1231,376889,1,576273,378120,0.39618857620647235,0.0032555802390775417,0.9991883116883117,426405.869353464,0.0069897120861758906,0.0069897120861758906,0.0,1232,376404,0,576756,377636,0.39568227730324645,0.003262400830429302,1.0,376404.0,0.006170073578194701,0.006170073578194701,0.0
E6_threshold_divergence,random_forest__unweighted__split456__model789,random_forest,unweighted,456,789,no_origin_balance,1.0,12.089079431998051,R_x0.015625,0.01562565137041168,-5.999939858606356,B,youden,val,False,0.0013346525374799967,-0.07605999684892595,False,773.6688311688312,1232,953160,1139,39084,93,914078,40223,0.04214506796983217,0.02831713198916043,0.924512987012987,40208.284387175816,2.6996757407123884,2.6996757407123884,0.0,1149,38509,83,914651,39658,0.0415531563550407,0.028972716728024612,0.9326298701298701,39512.393592855835,2.652952048710998,2.652952048710998,0.0
E6_threshold_divergence,random_forest__unweighted__split456__model789,random_forest,unweighted,456,789,no_origin_balance,1.0,12.089079431998051,R_x0.015625,0.01562565137041168,-5.999939858606356,C,ner_optimal,val,True,0.07739464938640594,-0.07605999684892595,False,773.6688311688312,1232,953160,990,425,242,952737,1415,0.0014826161941504242,0.6996466431095406,0.8035714285714286,3350.5572225435285,0.22496403886494648,0.22496403886494654,5.551115123125783e-17,988,378,244,952782,1366,0.0014312777139791615,0.7232796486090776,0.801948051948052,3327.7353814075245,0.22343172850124163,0.22343172850124168,5.551115123125783e-17
E6_threshold_divergence,random_forest__unweighted__split456__model789,random_forest,unweighted,456,789,no_origin_balance,1.0,48.356317727992206,R_x0.0625,0.06250260548164673,-3.999939858606356,B,youden,val,False,0.0013346525374799967,-0.02277656621299684,False,773.6688311688312,1232,953160,1139,39084,93,914078,40223,0.04214506796983217,0.02831713198916043,0.924512987012987,43581.13754870328,0.7315341949183568,0.7315341949183569,1.1102230246251565e-16,1149,38509,83,914651,39658,0.0415531563550407,0.028972716728024612,0.9326298701298701,42522.574371423354,0.713765609580347,0.713765609580347,0.0
E6_threshold_divergence,random_forest__unweighted__split456__model789,random_forest,unweighted,456,789,no_origin_balance,1.0,48.356317727992206,R_x0.0625,0.06250260548164673,-3.999939858606356,C,ner_optimal,val,True,0.024111218750476837,-0.02277656621299684,False,773.6688311688312,1232,953160,1029,1595,203,951567,2624,0.002749388617279656,0.39214939024390244,0.8352272727272727,11411.332498782418,0.19154570995567918,0.1915457099556792,2.7755575615628914e-17,1030,1644,202,951516,2674,0.002801783753426265,0.3851907255048616,0.836038961038961,11411.976181054426,0.19155651452892167,0.19155651452892172,5.551115123125783e-17
E6_threshold_divergence,random_forest__unweighted__split456__model789,random_forest,unweighted,456,789,no_origin_balance,1.0,193.42527091196882,R_x0.25,0.2500104219265869,-1.999939858606356,B,youden,val,False,0.0013346525374799967,-0.004230553517118096,False,773.6688311688312,1232,953160,1139,39084,93,914078,40223,0.04214506796983217,0.02831713198916043,0.924512987012987,57072.5501948131,0.23949880846984897,0.23949880846984897,0.0,1149,38509,83,914651,39658,0.0415531563550407,0.028972716728024612,0.9326298701298701,54563.297485693416,0.22896899979768412,0.22896899979768415,2.7755575615628914e-17
E6_threshold_divergence,random_forest__unweighted__split456__model789,random_forest,unweighted,456,789,no_origin_balance,1.0,193.42527091196882,R_x0.25,0.2500104219265869,-1.999939858606356,C,ner_optimal,val,True,0.005565206054598093,-0.004230553517118096,False,773.6688311688312,1232,953160,1069,8330,163,944832,9399,0.009848133999165964,0.11373550377699755,0.8676948051948052,39858.31915865092,0.1672611424147543,0.16726114241475432,2.7755575615628914e-17,1083,8336,149,944824,9419,0.00986911038650785,0.11498035884913473,0.8790584415584416,37156.36536588335,0.15592268440473825,0.15592268440473825,0.0
E6_threshold_divergence,random_forest__unweighted__split456__model789,random_forest,unweighted,456,789,no_origin_balance,1.0,773.6688311688312,val_class_ratio,1.0,0.0,B,youden,val,False,0.0013346525374799967,0.0,True,773.6688311688312,1232,953160,1139,39084,93,914078,40223,0.04214506796983217,0.02831713198916043,0.924512987012987,111035.2012987013,0.11649167117661391,0.1164916711766139,1.3877787807814457e-17,1149,38509,83,914651,39658,0.0415531563550407,0.028972716728024612,0.9326298701298701,102723.51298701299,0.10777153152357737,0.10777153152357735,1.3877787807814457e-17
E6_threshold_divergence,random_forest__unweighted__split456__model789,random_forest,unweighted,456,789,no_origin_balance,1.0,773.6688311688312,val_class_ratio,1.0,0.0,C,ner_optimal,val,True,0.0013346525374799967,0.0,True,773.6688311688312,1232,953160,1139,39084,93,914078,40223,0.04214506796983217,0.02831713198916043,0.924512987012987,111035.2012987013,0.11649167117661391,0.1164916711766139,1.3877787807814457e-17,1149,38509,83,914651,39658,0.0415531563550407,0.028972716728024612,0.9326298701298701,102723.51298701299,0.10777153152357737,0.10777153152357735,1.3877787807814457e-17
E6_threshold_divergence,random_forest__unweighted__split456__model789,random_forest,unweighted,456,789,no_origin_balance,1.0,773.7010836478753,R_x1,1.0000416877063476,6.014139364405448e-05,B,youden,val,False,0.0013346525374799967,0.0,True,773.6688311688312,1232,953160,1139,39084,93,914078,40223,0.04214506796983217,0.02831713198916043,0.924512987012987,111038.20077925241,0.11648996185772197,0.116489961857722,2.7755575615628914e-17,1149,38509,83,914651,39658,0.0415531563550407,0.028972716728024612,0.9326298701298701,102726.18994277365,0.10776984735201842,0.10776984735201843,1.3877787807814457e-17
E6_threshold_divergence,random_forest__unweighted__split456__model789,random_forest,unweighted,456,789,no_origin_balance,1.0,773.7010836478753,R_x1,1.0000416877063476,6.014139364405448e-05,C,ner_optimal,val,True,0.0013346525374799967,0.0,True,773.6688311688312,1232,953160,1139,39084,93,914078,40223,0.04214506796983217,0.02831713198916043,0.924512987012987,111038.20077925241,0.11648996185772197,0.116489961857722,2.7755575615628914e-17,1149,38509,83,914651,39658,0.0415531563550407,0.028972716728024612,0.9326298701298701,102726.18994277365,0.10776984735201842,0.10776984735201843,1.3877787807814457e-17
E6_threshold_divergence,random_forest__unweighted__split456__model789,random_forest,unweighted,456,789,no_origin_balance,1.0,3094.804334591501,R_x4,4.00016675082539,2.000060141393644,B,youden,val,False,0.0013346525374799967,0.0008530089980922639,False,773.6688311688312,1232,953160,1139,39084,93,914078,40223,0.04214506796983217,0.02831713198916043,0.924512987012987,326900.80311700964,0.08573775020469021,0.08573775020469024,2.7755575615628914e-17,1149,38509,83,914651,39658,0.0415531563550407,0.028972716728024612,0.9326298701298701,295377.7597710946,0.07747005924060199,0.07747005924060202,2.7755575615628914e-17
E6_threshold_divergence,random_forest__unweighted__split456__model789,random_forest,unweighted,456,789,no_origin_balance,1.0,3094.804334591501,R_x4,4.00016675082539,2.000060141393644,C,ner_optimal,val,True,0.00048164353938773274,0.0008530089980922639,False,773.6688311688312,1232,953160,1185,113958,47,839204,115143,0.12064514236258819,0.010291550506761157,0.9618506493506493,259413.80372580056,0.06803763004378478,0.0680376300437848,1.3877787807814457e-17,1190,112800,42,840360,113990,0.11943729620533282,0.010439512237915607,0.9659090909090909,242781.78205284305,0.063675474594798,0.06367547459479798,1.3877787807814457e-17
E6_threshold_divergence,random_forest__unweighted__split456__model789,random_forest,unweighted,456,789,no_origin_balance,1.0,12379.217338366005,R_x16,16.00066700330156,4.000060141393644,B,youden,val,False,0.0013346525374799967,0.001175914439954795,False,773.6688311688312,1232,953160,1139,39084,93,914078,40223,0.04214506796983217,0.02831713198916043,0.924512987012987,1190351.2124680385,0.07804969729143228,0.07804969729143231,2.7755575615628914e-17,1149,38509,83,914651,39658,0.0415531563550407,0.028972716728024612,0.9326298701298701,1065984.0390843784,0.0698951122127479,0.06989511221274791,1.3877787807814457e-17
E6_threshold_divergence,random_forest__unweighted__split456__model789,random_forest,unweighted,456,789,no_origin_balance,1.0,12379.217338366005,R_x16,16.00066700330156,4.000060141393644,C,ner_optimal,val,True,0.00015873809752520174,0.001175914439954795,False,773.6688311688312,1232,953160,1232,348878,0,604284,350110,0.3668401100593675,0.0035188940618662706,1.0,348878.0,0.022875452224879765,0.022875452224879765,0.0,1231,348329,1,604831,349560,0.3662645956797626,0.003521569973681199,0.9991883116883117,360708.217338366,0.023651143359126513,0.023651143359126513,0.0
E6_threshold_divergence,random_forest__unweighted__split456__model789,random_forest,unweighted,456,789,no_origin_balance,1.0,49516.86935346402,R_x64,64.00266801320625,6.000060141393644,B,youden,val,False,0.0013346525374799967,0.001309971463342663,False,773.6688311688312,1232,953160,1139,39084,93,914078,40223,0.04214506796983217,0.02831713198916043,0.924512987012987,4644152.849872154,0.07612768406311779,0.07612768406311782,2.7755575615628914e-17,1149,38509,83,914651,39658,0.0415531563550407,0.028972716728024612,0.9326298701298701,4148409.1563375136,0.06800137545578437,0.06800137545578439,1.3877787807814457e-17
E6_threshold_divergence,random_forest__unweighted__split456__model789,random_forest,unweighted,456,789,no_origin_balance,1.0,49516.86935346402,R_x64,64.00266801320625,6.000060141393644,C,ner_optimal,val,True,2.468107413733378e-05,0.001309971463342663,False,773.6688311688312,1232,953160,1232,381296,0,571866,382528,0.4008072137922074,0.0032206792705370586,1.0,381296.0,0.006250264011730286,0.006250264011730286,0.0,1232,380590,0,572570,381822,0.400068315744474,0.0032266344003226634,1.0,380590.0,0.006238691148673025,0.006238691148673025,0.0
E6_threshold_divergence,random_forest__unweighted__split789__model123,random_forest,unweighted,789,123,no_origin_balance,1.0,12.089079431998051,R_x0.015625,0.01562565137041168,-5.999939858606356,B,youden,val,False,0.0013111376902088523,-0.07922916172537953,False,773.6688311688312,1232,953160,1154,38357,78,914805,39511,0.04139904483892397,0.029207056262812888,0.9366883116883117,39299.94819569585,2.6386879811517825,2.6386879811517825,0.0,1143,38290,89,914870,39433,0.04131740416935599,0.028985874774934698,0.9277597402597403,39365.92806944783,2.6431180200668547,2.6431180200668547,0.0
E6_threshold_divergence,random_forest__unweighted__split789__model123,random_forest,unweighted,789,123,no_origin_balance,1.0,12.089079431998051,R_x0.015625,0.01562565137041168,-5.999939858606356,C,ner_optimal,val,True,0.08054029941558838,-0.07922916172537953,False,773.6688311688312,1232,953160,998,387,234,952775,1385,0.001451182635263843,0.7205776173285199,0.810064935064935,3215.844587087544,0.21591912587124643,0.2159191258712465,8.326672684688674e-17,1002,391,230,952769,1393,0.0014595679762613265,0.719310839913855,0.8133116883116883,3171.488269359552,0.21294094172977673,0.2129409417297768,5.551115123125783e-17
E6_threshold_divergence,random_forest__unweighted__split789__model123,random_forest,unweighted,789,123,no_origin_balance,1.0,48.356317727992206,R_x0.0625,0.06250260548164673,-3.999939858606356,B,youden,val,False,0.0013111376902088523,-0.02947407274041325,False,773.6688311688312,1232,953160,1154,38357,78,914805,39511,0.04139904483892397,0.029207056262812888,0.9366883116883117,42128.79278278339,0.7071557615217118,0.7071557615217118,0.0,1143,38290,89,914870,39433,0.04131740416935599,0.028985874774934698,0.9277597402597403,42593.7122777913,0.7149596998219084,0.7149596998219084,0.0
E6_threshold_divergence,random_forest__unweighted__split789__model123,random_forest,unweighted,789,123,no_origin_balance,1.0,48.356317727992206,R_x0.0625,0.06250260548164673,-3.999939858606356,C,ner_optimal,val,True,0.0307852104306221,-0.02947407274041325,False,773.6688311688312,1232,953160,1025,1217,207,951945,2242,0.0023491346341238525,0.45718108831400533,0.8319805194805194,11226.757769694386,0.188447518090109,0.18844751809010904,2.7755575615628914e-17,1033,1250,199,951910,2283,0.0023920988440808387,0.45247481384143673,0.838474025974026,10872.90722787045,0.1825079353762498,0.18250793537624985,5.551115123125783e-17
E6_threshold_divergence,random_forest__unweighted__split789__model123,random_forest,unweighted,789,123,no_origin_balance,1.0,193.42527091196882,R_x0.25,0.2500104219265869,-1.999939858606356,B,youden,val,False,0.0013111376902088523,-0.012211916618980467,False,773.6688311688312,1232,953160,1154,38357,78,914805,39511,0.04139904483892397,0.029207056262812888,0.9366883116883117,53444.17113113357,0.22427270661419418,0.22427270661419418,0.0,1143,38290,89,914870,39433,0.04131740416935599,0.028985874774934698,0.9277597402597403,55504.849111165226,0.23292011976067192,0.23292011976067192,0.0
E6_threshold_divergence,random_forest__unweighted__split789__model123,random_forest,unweighted,789,123,no_origin_balance,1.0,193.42527091196882,R_x0.25,0.2500104219265869,-1.999939858606356,C,ner_optimal,val,True,0.01352305430918932,-0.012211916618980467,False,773.6688311688312,1232,953160,1047,2658,185,950504,3705,0.003882044522492807,0.28259109311740893,0.8498376623376623,38441.67511871423,0.16131634831614425,0.16131634831614428,2.7755575615628914e-17,1052,2689,180,950471,3741,0.003919773007317748,0.28120823309275594,0.8538961038961039,37505.54876415439,0.1573879949180744,0.15738799491807443,2.7755575615628914e-17
E6_threshold_divergence,random_forest__unweighted__split789__model123,random_forest,unweighted,789,123,no_origin_balance,1.0,773.6688311688312,val_class_ratio,1.0,0.0,B,youden,val,False,0.0013111376902088523,0.0,True,773.6688311688312,1232,953160,1154,38357,78,914805,39511,0.04139904483892397,0.029207056262812888,0.9366883116883117,98703.16883116883,0.10355362041123091,0.1035536204112309,1.3877787807814457e-17,1143,38290,89,914870,39433,0.04131740416935599,0.028985874774934698,0.9277597402597403,107146.52597402598,0.11241189933906792,0.11241189933906792,0.0
E6_threshold_divergence,random_forest__unweighted__split789__model123,random_forest,unweighted,789,123,no_origin_balance,1.0,773.6688311688312,val_class_ratio,1.0,0.0,C,ner_optimal,val,True,0.0013111376902088523,0.0,True,773.6688311688312,1232,953160,1154,38357,78,914805,39511,0.04139904483892397,0.029207056262812888,0.9366883116883117,98703.16883116883,0.10355362041123091,0.1035536204112309,1.3877787807814457e-17,1143,38290,89,914870,39433,0.04131740416935599,0.028985874774934698,0.9277597402597403,107146.52597402598,0.11241189933906792,0.11241189933906792,0.0
E6_threshold_divergence,random_forest__unweighted__split789__model123,random_forest,unweighted,789,123,no_origin_balance,1.0,773.7010836478753,R_x1,1.0000416877063476,6.014139364405448e-05,B,youden,val,False,0.0013111376902088523,0.0,True,773.6688311688312,1232,953160,1154,38357,78,914805,39511,0.04139904483892397,0.029207056262812888,0.9366883116883117,98705.68452453427,0.10355194288731476,0.10355194288731479,2.7755575615628914e-17,1143,38290,89,914870,39433,0.04131740416935599,0.028985874774934698,0.9277597402597403,107149.3964446609,0.11241022474536277,0.11241022474536279,1.3877787807814457e-17
E6_threshold_divergence,random_forest__unweighted__split789__model123,random_forest,unweighted,789,123,no_origin_balance,1.0,773.7010836478753,R_x1,1.0000416877063476,6.014139364405448e-05,C,ner_optimal,val,True,0.0013111376902088523,0.0,True,773.6688311688312,1232,953160,1154,38357,78,914805,39511,0.04139904483892397,0.029207056262812888,0.9366883116883117,98705.68452453427,0.10355194288731476,0.10355194288731479,2.7755575615628914e-17,1143,38290,89,914870,39433,0.04131740416935599,0.028985874774934698,0.9277597402597403,107149.3964446609,0.11241022474536277,0.11241022474536279,1.3877787807814457e-17
E6_threshold_divergence,random_forest__unweighted__split789__model123,random_forest,unweighted,789,123,no_origin_balance,1.0,3094.804334591501,R_x4,4.00016675082539,2.000060141393644,B,youden,val,False,0.0013111376902088523,0.0008926155569497496,False,773.6688311688312,1232,953160,1154,38357,78,914805,39511,0.04139904483892397,0.029207056262812888,0.9366883116883117,279751.7380981371,0.07337175195559491,0.07337175195559492,1.3877787807814457e-17,1143,38290,89,914870,39433,0.04131740416935599,0.028985874774934698,0.9277597402597403,313727.5857786436,0.0822827509915355,0.08228275099153551,1.3877787807814457e-17
E6_threshold_divergence,random_forest__unweighted__split789__model123,random_forest,unweighted,789,123,no_origin_balance,1.0,3094.804334591501,R_x4,4.00016675082539,2.000060141393644,C,ner_optimal,val,True,0.0004185221332591027,0.0008926155569497496,False,773.6688311688312,1232,953160,1193,129234,39,823928,130427,0.13665949283000522,0.009146879097119462,0.9683441558441559,249931.36904906854,0.06555062907011347,0.06555062907011346,1.3877787807814457e-17,1192,129497,40,823663,130689,0.1369342995331059,0.009120890051955405,0.9675324675324676,253289.17338366003,0.0664312955797408,0.0664312955797408,0.0
E6_threshold_divergence,random_forest__unweighted__split789__model123,random_forest,unweighted,789,123,no_origin_balance,1.0,12379.217338366005,R_x16,16.00066700330156,4.000060141393644,B,youden,val,False,0.0013111376902088523,0.0011001726670656353,False,773.6688311688312,1232,953160,1154,38357,78,914805,39511,0.04139904483892397,0.029207056262812888,0.9366883116883117,1003935.9523925483,0.06582670422266494,0.06582670422266497,2.7755575615628914e-17,1143,38290,89,914870,39433,0.04131740416935599,0.028985874774934698,0.9277597402597403,1140040.3431145744,0.07475088255307867,0.07475088255307868,1.3877787807814457e-17
E6_threshold_divergence,random_forest__unweighted__split789__model123,random_forest,unweighted,789,123,no_origin_balance,1.0,12379.217338366005,R_x16,16.00066700330156,4.000060141393644,C,ner_optimal,val,True,0.00021096502314321697,0.0011001726670656353,False,773.6688311688312,1232,953160,1223,322647,9,630515,323870,0.33934622388657093,0.0037762065026090714,0.9926948051948052,434059.95604529406,0.028460716317014932,0.028460716317014932,0.0,1231,323197,1,629963,324428,0.3399316004325267,0.003794370399595596,0.9991883116883117,335576.217338366,0.022003272569579225,0.022003272569579225,0.0
E6_threshold_divergence,random_forest__unweighted__split789__model123,random_forest,unweighted,789,123,no_origin_balance,1.0,49516.86935346402,R_x64,64.00266801320625,6.000060141393644,B,youden,val,False,0.0013111376902088523,0.0011001726670656353,False,773.6688311688312,1232,953160,1154,38357,78,914805,39511,0.04139904483892397,0.029207056262812888,0.9366883116883117,3900672.8095701933,0.06394044228943246,0.06394044228943248,1.3877787807814457e-17,1143,38290,89,914870,39433,0.04131740416935599,0.028985874774934698,0.9277597402597403,4445291.372458298,0.07286791544346446,0.07286791544346448,1.3877787807814457e-17
E6_threshold_divergence,random_forest__unweighted__split789__model123,random_forest,unweighted,789,123,no_origin_balance,1.0,49516.86935346402,R_x64,64.00266801320625,6.000060141393644,C,ner_optimal,val,True,0.00021096502314321697,0.0011001726670656353,False,773.6688311688312,1232,953160,1223,322647,9,630515,323870,0.33934622388657093,0.0037762065026090714,0.9926948051948052,768298.8241811761,0.012594075183149837,0.012594075183149837,0.0,1231,323197,1,629963,324428,0.3399316004325267,0.003794370399595596,0.9991883116883117,372713.869353464,0.006109584376161039,0.006109584376161039,0.0
E6_threshold_divergence,random_forest__unweighted__split789__model42,random_forest,unweighted,789,42,no_origin_balance,1.0,12.089079431998051,R_x0.015625,0.01562565137041168,-5.999939858606356,B,youden,val,False,0.001252372283488512,-0.07939419476315379,False,773.6688311688312,1232,953160,1152,39176,80,913986,40328,0.0422550854259352,0.02856576076175362,0.935064935064935,40143.12635455984,2.6953008820819617,2.6953008820819617,0.0,1144,39016,88,914144,40160,0.04207914567599058,0.02848605577689243,0.9285714285714286,40079.83899001583,2.6910516243641274,2.6910516243641274,0.0
E6_threshold_divergence,random_forest__unweighted__split789__model42,random_forest,unweighted,789,42,no_origin_balance,1.0,12.089079431998051,R_x0.015625,0.01562565137041168,-5.999939858606356,C,ner_optimal,val,True,0.0806465670466423,-0.07939419476315379,False,773.6688311688312,1232,953160,989,403,243,952759,1392,0.0014585171323373786,0.7104885057471264,0.8027597402597403,3340.6463019755265,0.22429859709757538,0.22429859709757544,5.551115123125783e-17,999,413,233,952747,1412,0.0014794759386080353,0.7075070821529745,0.8108766233766234,3229.755507655546,0.2168531367439011,0.21685313674390114,2.7755575615628914e-17
E6_threshold_divergence,random_forest__unweighted__split789__model42,random_forest,unweighted,789,42,no_origin_balance,1.0,48.356317727992206,R_x0.0625,0.06250260548164673,-3.999939858606356,B,youden,val,False,0.001252372283488512,-0.02649142174050212,False,773.6688311688312,1232,953160,1152,39176,80,913986,40328,0.0422550854259352,0.02856576076175362,0.935064935064935,43044.50541823938,0.7225265192217892,0.7225265192217892,0.0,1144,39016,88,914144,40160,0.04207914567599058,0.02848605577689243,0.9285714285714286,43271.355960063316,0.7263343346624603,0.7263343346624603,0.0
E6_threshold_divergence,random_forest__unweighted__split789__model42,random_forest,unweighted,789,42,no_origin_balance,1.0,48.356317727992206,R_x0.0625,0.06250260548164673,-3.999939858606356,C,ner_optimal,val,True,0.02774379402399063,-0.02649142174050212,False,773.6688311688312,1232,953160,1030,1268,202,951894,2298,0.002407810610712138,0.4482158398607485,0.836038961038961,11035.976181054426,0.18524514055475869,0.18524514055475874,5.551115123125783e-17,1036,1333,196,951827,2369,0.0024822085683869942,0.43731532292106373,0.8409090909090909,10810.838274686472,0.1814660726748432,0.18146607267484322,2.7755575615628914e-17
E6_threshold_divergence,random_forest__unweighted__split789__model42,random_forest,unweighted,789,42,no_origin_balance,1.0,193.42527091196882,R_x0.25,0.2500104219265869,-1.999939858606356,B,youden,val,False,0.001252372283488512,-0.004975310061126947,False,773.6688311688312,1232,953160,1152,39176,80,913986,40328,0.0422550854259352,0.02856576076175362,0.935064935064935,54650.021672957504,0.229332928506746,0.229332928506746,0.0,1144,39016,88,914144,40160,0.04207914567599058,0.02848605577689243,0.9285714285714286,56037.42384025326,0.23515501223704363,0.23515501223704366,2.7755575615628914e-17
E6_threshold_divergence,random_forest__unweighted__split789__model42,random_forest,unweighted,789,42,no_origin_balance,1.0,193.42527091196882,R_x0.25,0.2500104219265869,-1.999939858606356,C,ner_optimal,val,True,0.0062276823446154594,-0.004975310061126947,False,773.6688311688312,1232,953160,1076,7287,156,945875,8363,0.008762628432282683,0.12866196341025948,0.8733766233766234,37461.342262267135,0.1572024870952686,0.1572024870952686,0.0,1077,7243,155,945917,8320,0.008717591932874542,0.1294471153846154,0.8741883116883117,37223.91699135517,0.15620615752369782,0.15620615752369785,2.7755575615628914e-17
E6_threshold_divergence,random_forest__unweighted__split789__model42,random_forest,unweighted,789,42,no_origin_balance,1.0,773.6688311688312,val_class_ratio,1.0,0.0,B,youden,val,False,0.001252372283488512,0.0,True,773.6688311688312,1232,953160,1152,39176,80,913986,40328,0.0422550854259352,0.02856576076175362,0.935064935064935,101069.50649350649,0.10603624417045038,0.10603624417045038,0.0,1144,39016,88,914144,40160,0.04207914567599058,0.02848605577689243,0.9285714285714286,107098.85714285714,0.11236188797563593,0.11236188797563593,0.0
E6_threshold_divergence,random_forest__unweighted__split789__model42,random_forest,unweighted,789,42,no_origin_balance,1.0,773.6688311688312,val_class_ratio,1.0,0.0,C,ner_optimal,val,True,0.001252372283488512,0.0,True,773.6688311688312,1232,953160,1152,39176,80,913986,40328,0.0422550854259352,0.02856576076175362,0.935064935064935,101069.50649350649,0.10603624417045038,0.10603624417045038,0.0,1144,39016,88,914144,40160,0.04207914567599058,0.02848605577689243,0.9285714285714286,107098.85714285714,0.11236188797563593,0.11236188797563593,0.0
E6_threshold_divergence,random_forest__unweighted__split789__model42,random_forest,unweighted,789,42,no_origin_balance,1.0,773.7010836478753,R_x1,1.0000416877063476,6.014139364405448e-05,B,youden,val,False,0.001252372283488512,0.0,True,773.6688311688312,1232,953160,1152,39176,80,913986,40328,0.0422550854259352,0.02856576076175362,0.935064935064935,101072.08669183002,0.1060345308279852,0.1060345308279852,0.0,1144,39016,88,914144,40160,0.04207914567599058,0.02848605577689243,0.9285714285714286,107101.69536101303,0.11236018163068948,0.11236018163068949,1.3877787807814457e-17
E6_threshold_divergence,random_forest__unweighted__split789__model42,random_forest,unweighted,789,42,no_origin_balance,1.0,773.7010836478753,R_x1,1.0000416877063476,6.014139364405448e-05,C,ner_optimal,val,True,0.001252372283488512,0.0,True,773.6688311688312,1232,953160,1152,39176,80,913986,40328,0.0422550854259352,0.02856576076175362,0.935064935064935,101072.08669183002,0.1060345308279852,0.1060345308279852,0.0,1144,39016,88,914144,40160,0.04207914567599058,0.02848605577689243,0.9285714285714286,107101.69536101303,0.11236018163068948,0.11236018163068949,1.3877787807814457e-17
E6_threshold_divergence,random_forest__unweighted__split789__model42,random_forest,unweighted,789,42,no_origin_balance,1.0,3094.804334591501,R_x4,4.00016675082539,2.000060141393644,B,youden,val,False,0.001252372283488512,0.0007621454424224794,False,773.6688311688312,1232,953160,1152,39176,80,913986,40328,0.0422550854259352,0.02856576076175362,0.935064935064935,286760.34676732006,0.07520993140829499,0.07520993140829499,0.0,1144,39016,88,914144,40160,0.04207914567599058,0.02848605577689243,0.9285714285714286,311358.7814440521,0.08166147397910094,0.08166147397910095,1.3877787807814457e-17
E6_threshold_divergence,random_forest__unweighted__split789__model42,random_forest,unweighted,789,42,no_origin_balance,1.0,3094.804334591501,R_x4,4.00016675082539,2.000060141393644,C,ner_optimal,val,True,0.0004902268410660326,0.0007621454424224794,False,773.6688311688312,1232,953160,1185,111318,47,841844,112503,0.11787898918056904,0.010533052451934616,0.9618506493506493,256773.80372580056,0.06734522531922568,0.0673452253192257,1.3877787807814457e-17,1188,111338,44,841822,112526,0.11790333531714432,0.010557560030570713,0.9642857142857143,247509.39072202606,0.06491540587449833,0.06491540587449833,0.0
E6_threshold_divergence,random_forest__unweighted__split789__model42,random_forest,unweighted,789,42,no_origin_balance,1.0,12379.217338366005,R_x16,16.00066700330156,4.000060141393644,B,youden,val,False,0.001252372283488512,0.0010528823331696913,False,773.6688311688312,1232,953160,1152,39176,80,913986,40328,0.0422550854259352,0.02856576076175362,0.935064935064935,1029513.3870692804,0.06750378155337244,0.06750378155337246,1.3877787807814457e-17,1144,39016,88,914144,40160,0.04207914567599058,0.02848605577689243,0.9285714285714286,1128387.1257762085,0.0739867970662038,0.07398679706620381,1.3877787807814457e-17
E6_threshold_divergence,random_forest__unweighted__split789__model42,random_forest,unweighted,789,42,no_origin_balance,1.0,12379.217338366005,R_x16,16.00066700330156,4.000060141393644,C,ner_optimal,val,True,0.00019948995031882077,0.0010528823331696913,False,773.6688311688312,1232,953160,1227,342082,5,611080,343309,0.3597141222597795,0.0035740397134942574,0.9959415584415584,403978.08669183,0.026488289379144842,0.026488289379144842,0.0,1231,342663,1,610497,343894,0.36032783175047567,0.003579591385717692,0.9991883116883117,355042.217338366,0.023279631505968193,0.023279631505968193,0.0
E6_threshold_divergence,random_forest__unweighted__split789__model42,random_forest,unweighted,789,42,no_origin_balance,1.0,49516.86935346402,R_x64,64.00266801320625,6.000060141393644,B,youden,val,False,0.001252372283488512,0.0010528823331696913,False,773.6688311688312,1232,953160,1152,39176,80,913986,40328,0.0422550854259352,0.02856576076175362,0.935064935064935,4000525.5482771215,0.0655772440896418,0.06557724408964181,1.3877787807814457e-17,1144,39016,88,914144,40160,0.04207914567599058,0.02848605577689243,0.9285714285714286,4396500.503104834,0.07206812783797951,0.07206812783797953,1.3877787807814457e-17
E6_threshold_divergence,random_forest__unweighted__split789__model42,random_forest,unweighted,789,42,no_origin_balance,1.0,49516.86935346402,R_x64,64.00266801320625,6.000060141393644,C,ner_optimal,val,True,0.00019948995031882077,0.0010528823331696913,False,773.6688311688312,1232,953160,1227,342082,5,611080,343309,0.3597141222597795,0.0035740397134942574,0.9959415584415584,589666.3467673201,0.00966590351361738,0.00966590351361738,0.0,1231,342663,1,610497,343894,0.36032783175047567,0.003579591385717692,0.9991883116883117,392179.869353464,0.0064286741102582805,0.0064286741102582805,0.0
E6_threshold_divergence,random_forest__unweighted__split789__model456,random_forest,unweighted,789,456,no_origin_balance,1.0,12.089079431998051,R_x0.015625,0.01562565137041168,-5.999939858606356,B,youden,val,False,0.0010401657782495022,-0.09680893504992127,False,773.6688311688312,1232,953160,1155,42632,77,910530,43787,0.04587937476555804,0.02637769200904378,0.9375,43562.85911626385,2.924909524111867,2.924909524111867,0.0,1149,42524,83,910636,43673,0.04576002313514782,0.02630916126668651,0.9326298701298701,43527.393592855835,2.9225282881393415,2.9225282881393415,0.0
E6_threshold_divergence,random_forest__unweighted__split789__model456,random_forest,unweighted,789,456,no_origin_balance,1.0,12.089079431998051,R_x0.015625,0.01562565137041168,-5.999939858606356,C,ner_optimal,val,True,0.09784910082817078,-0.09680893504992127,False,773.6688311688312,1232,953160,969,293,263,952869,1262,0.001322305043828859,0.7678288431061807,0.786525974025974,3472.4278906154877,0.23314671293604453,0.23314671293604458,5.551115123125783e-17,984,295,248,952865,1279,0.0013401202021810744,0.7693510555121188,0.7987012987012987,3293.0916991355166,0.22110567281336163,0.22110567281336166,2.7755575615628914e-17
E6_threshold_divergence,random_forest__unweighted__split789__model456,random_forest,unweighted,789,456,no_origin_balance,1.0,48.356317727992206,R_x0.0625,0.06250260548164673,-3.999939858606356,B,youden,val,False,0.0010401657782495022,-0.025337873492389917,False,773.6688311688312,1232,953160,1155,42632,77,910530,43787,0.04587937476555804,0.02637769200904378,0.9375,46355.4364650554,0.7781023810279668,0.7781023810279668,0.0,1149,42524,83,910636,43673,0.04576002313514782,0.02630916126668651,0.9326298701298701,46537.574371423354,0.7811596694374329,0.7811596694374329,0.0
E6_threshold_divergence,random_forest__unweighted__split789__model456,random_forest,unweighted,789,456,no_origin_balance,1.0,48.356317727992206,R_x0.0625,0.06250260548164673,-3.999939858606356,C,ner_optimal,val,True,0.02637803927063942,-0.025337873492389917,False,773.6688311688312,1232,953160,1029,1445,203,951717,2474,0.0025922208228467488,0.4159256265157639,0.8352272727272727,11261.332498782418,0.1890278745936461,0.18902787459364612,2.7755575615628914e-17,1039,1441,193,951719,2480,0.00259851297999145,0.4189516129032258,0.8433441558441559,10773.769321502496,0.18084384920044208,0.1808438492004421,2.7755575615628914e-17
E6_threshold_divergence,random_forest__unweighted__split789__model456,random_forest,unweighted,789,456,no_origin_balance,1.0,193.42527091196882,R_x0.25,0.2500104219265869,-1.999939858606356,B,youden,val,False,0.0010401657782495022,-0.004827732685953379,False,773.6688311688312,1232,953160,1155,42632,77,910530,43787,0.04587937476555804,0.02637769200904378,0.9375,57525.7458602216,0.24140059525699167,0.2414005952569917,2.7755575615628914e-17,1149,42524,83,910636,43673,0.04576002313514782,0.02630916126668651,0.9326298701298701,58578.297485693416,0.2458175147619556,0.24581751476195562,2.7755575615628914e-17
E6_threshold_divergence,random_forest__unweighted__split789__model456,random_forest,unweighted,789,456,no_origin_balance,1.0,193.42527091196882,R_x0.25,0.2500104219265869,-1.999939858606356,C,ner_optimal,val,True,0.005867898464202881,-0.004827732685953379,False,773.6688311688312,1232,953160,1080,7455,152,945707,8535,0.008942847503232418,0.1265377855887522,0.8766233766233766,36855.64117861926,0.15466072774988462,0.15466072774988462,0.0,1075,7300,157,945860,8375,0.008775220244930803,0.12835820895522387,0.872564935064935,37667.76753317911,0.15806872850646758,0.15806872850646764,5.551115123125783e-17
E6_threshold_divergence,random_forest__unweighted__split789__model456,random_forest,unweighted,789,456,no_origin_balance,1.0,773.6688311688312,val_class_ratio,1.0,0.0,B,youden,val,False,0.0010401657782495022,0.0,True,773.6688311688312,1232,953160,1155,42632,77,910530,43787,0.04587937476555804,0.02637769200904378,0.9375,102204.5,0.10722701330311807,0.10722701330311805,1.3877787807814457e-17,1149,42524,83,910636,43673,0.04576002313514782,0.02630916126668651,0.9326298701298701,106738.51298701299,0.1119838358586313,0.11198383585863128,1.3877787807814457e-17
E6_threshold_divergence,random_forest__unweighted__split789__model456,random_forest,unweighted,789,456,no_origin_balance,1.0,773.6688311688312,val_class_ratio,1.0,0.0,C,ner_optimal,val,True,0.0010401657782495022,0.0,True,773.6688311688312,1232,953160,1155,42632,77,910530,43787,0.04587937476555804,0.02637769200904378,0.9375,102204.5,0.10722701330311807,0.10722701330311805,1.3877787807814457e-17,1149,42524,83,910636,43673,0.04576002313514782,0.02630916126668651,0.9326298701298701,106738.51298701299,0.1119838358586313,0.11198383585863128,1.3877787807814457e-17
E6_threshold_divergence,random_forest__unweighted__split789__model456,random_forest,unweighted,789,456,no_origin_balance,1.0,773.7010836478753,R_x1,1.0000416877063476,6.014139364405448e-05,B,youden,val,False,0.0010401657782495022,0.0,True,773.6688311688312,1232,953160,1155,42632,77,910530,43787,0.04587937476555804,0.02637769200904378,0.9375,102206.9834408864,0.10722514881424791,0.10722514881424793,1.3877787807814457e-17,1149,42524,83,910636,43673,0.04576002313514782,0.02630916126668651,0.9326298701298701,106741.18994277365,0.11198197609308629,0.11198197609308631,2.7755575615628914e-17
E6_threshold_divergence,random_forest__unweighted__split789__model456,random_forest,unweighted,789,456,no_origin_balance,1.0,773.7010836478753,R_x1,1.0000416877063476,6.014139364405448e-05,C,ner_optimal,val,True,0.0010401657782495022,0.0,True,773.6688311688312,1232,953160,1155,42632,77,910530,43787,0.04587937476555804,0.02637769200904378,0.9375,102206.9834408864,0.10722514881424791,0.10722514881424793,1.3877787807814457e-17,1149,42524,83,910636,43673,0.04576002313514782,0.02630916126668651,0.9326298701298701,106741.18994277365,0.11198197609308629,0.11198197609308631,2.7755575615628914e-17
E6_threshold_divergence,random_forest__unweighted__split789__model456,random_forest,unweighted,789,456,no_origin_balance,1.0,3094.804334591501,R_x4,4.00016675082539,2.000060141393644,B,youden,val,False,0.0010401657782495022,0.00056798494188115,False,773.6688311688312,1232,953160,1155,42632,77,910530,43787,0.04587937476555804,0.02637769200904378,0.9375,280931.9337635456,0.07368128720356197,0.07368128720356198,1.3877787807814457e-17,1149,42524,83,910636,43673,0.04576002313514782,0.02630916126668651,0.9326298701298701,299392.7597710946,0.07852309142586897,0.07852309142586898,1.3877787807814457e-17
E6_threshold_divergence,random_forest__unweighted__split789__model456,random_forest,unweighted,789,456,no_origin_balance,1.0,3094.804334591501,R_x4,4.00016675082539,2.000060141393644,C,ner_optimal,val,True,0.0004721808363683522,0.00056798494188115,False,773.6688311688312,1232,953160,1190,118616,42,834546,119806,0.12553096519885917,0.009932724571390415,0.9659090909090909,248597.78205284305,0.06520086318496304,0.06520086318496304,0.0,1191,118557,41,834603,119748,0.12547045658387748,0.009945886361358854,0.9667207792207793,245443.97771825155,0.0643737006767789,0.0643737006767789,0.0
E6_threshold_divergence,random_forest__unweighted__split789__model456,random_forest,unweighted,789,456,no_origin_balance,1.0,12379.217338366005,R_x16,16.00066700330156,4.000060141393644,B,youden,val,False,0.0010401657782495022,0.0008511798951076344,False,773.6688311688312,1232,953160,1155,42632,77,910530,43787,0.04587937476555804,0.02637769200904378,0.9375,995831.7350541824,0.06529532180089048,0.0652953218008905,1.3877787807814457e-17,1149,42524,83,910636,43673,0.04576002313514782,0.02630916126668651,0.9326298701298701,1069999.0390843784,0.07015837025906463,0.07015837025906464,1.3877787807814457e-17
E6_threshold_divergence,random_forest__unweighted__split789__model456,random_forest,unweighted,789,456,no_origin_balance,1.0,12379.217338366005,R_x16,16.00066700330156,4.000060141393644,C,ner_optimal,val,True,0.00018898588314186782,0.0008511798951076344,False,773.6688311688312,1232,953160,1228,342697,4,610465,343925,0.36035955800225067,0.0035705459039034673,0.9967532467532467,392213.869353464,0.02571692577442659,0.02571692577442659,0.0,1231,343613,1,609547,344844,0.3613232298678111,0.0035697300808481516,0.9991883116883117,355992.217338366,0.023341921703726825,0.023341921703726825,0.0
E6_threshold_divergence,random_forest__unweighted__split789__model456,random_forest,unweighted,789,456,no_origin_balance,1.0,49516.86935346402,R_x64,64.00266801320625,6.000060141393644,B,youden,val,False,0.0010401657782495022,0.0008511798951076344,False,773.6688311688312,1232,953160,1155,42632,77,910530,43787,0.04587937476555804,0.02637769200904378,0.9375,3855430.9402167294,0.0631988304502226,0.06319883045022262,1.3877787807814457e-17,1149,42524,83,910636,43673,0.04576002313514782,0.02630916126668651,0.9326298701298701,4152424.1563375136,0.06806718996736355,0.06806718996736356,1.3877787807814457e-17
E6_threshold_divergence,random_forest__unweighted__split789__model456,random_forest,unweighted,789,456,no_origin_balance,1.0,49516.86935346402,R_x64,64.00266801320625,6.000060141393644,C,ner_optimal,val,True,0.00018898588314186782,0.0008511798951076344,False,773.6688311688312,1232,953160,1228,342697,4,610465,343925,0.36035955800225067,0.0035705459039034673,0.9967532467532467,540764.4774138561,0.008864296378671583,0.008864296378671583,0.0,1231,343613,1,609547,344844,0.3613232298678111,0.0035697300808481516,0.9991883116883117,393129.869353464,0.0064442466596979385,0.0064442466596979385,0.0
E6_threshold_divergence,random_forest__unweighted__split789__model789,random_forest,unweighted,789,789,no_origin_balance,1.0,12.089079431998051,R_x0.015625,0.01562565137041168,-5.999939858606356,B,youden,val,False,0.0024575323332101107,-0.06949265743605793,False,773.6688311688312,1232,953160,1130,23579,102,929583,24709,0.02588972688428469,0.045732324254320285,0.9172077922077922,24812.0861020638,1.6659399411622986,1.6659399411622986,0.0,1123,23366,109,929794,24489,0.025659267889923638,0.045857323696353466,0.911525974025974,24683.709658087788,1.6573204544877689,1.6573204544877689,0.0
E6_threshold_divergence,random_forest__unweighted__split789__model789,random_forest,unweighted,789,789,no_origin_balance,1.0,12.089079431998051,R_x0.015625,0.01562565137041168,-5.999939858606356,C,ner_optimal,val,True,0.07195018976926804,-0.06949265743605793,False,773.6688311688312,1232,953160,1001,465,231,952697,1466,0.0015360532442576127,0.6828103683492497,0.8125,3257.57734879155,0.21872115848921034,0.21872115848921042,8.326672684688674e-17,1006,481,226,952679,1487,0.001558060000502938,0.6765299260255548,0.8165584415584416,3213.13195163156,0.2157369933519029,0.215736993351903,8.326672684688674e-17
E6_threshold_divergence,random_forest__unweighted__split789__model789,random_forest,unweighted,789,789,no_origin_balance,1.0,48.356317727992206,R_x0.0625,0.06250260548164673,-3.999939858606356,B,youden,val,False,0.0024575323332101107,-0.024457460967823863,False,773.6688311688312,1232,953160,1130,23579,102,929583,24709,0.02588972688428469,0.045732324254320285,0.9172077922077922,28511.344408255205,0.4785791411347305,0.47857914113473055,5.551115123125783e-17,1123,23366,109,929794,24489,0.025659267889923638,0.045857323696353466,0.911525974025974,28636.83863235115,0.48068563310246165,0.4806856331024617,5.551115123125783e-17
E6_threshold_divergence,random_forest__unweighted__split789__model789,random_forest,unweighted,789,789,no_origin_balance,1.0,48.356317727992206,R_x0.0625,0.06250260548164673,-3.999939858606356,C,ner_optimal,val,True,0.026914993301033974,-0.024457460967823863,False,773.6688311688312,1232,953160,1028,1411,204,951751,2439,0.0025555483374790707,0.42148421484214843,0.8344155844155844,11275.68881651041,0.18926885355660686,0.18926885355660691,5.551115123125783e-17,1038,1399,194,951761,2437,0.0025534581178383725,0.42593352482560526,0.8425324675324676,10780.125639230488,0.18095054361076113,0.18095054361076116,2.7755575615628914e-17
E6_threshold_divergence,random_forest__unweighted__split789__model789,random_forest,unweighted,789,789,no_origin_balance,1.0,193.42527091196882,R_x0.25,0.2500104219265869,-1.999939858606356,B,youden,val,False,0.0024575323332101107,-0.0031397410202771425,False,773.6688311688312,1232,953160,1130,23579,102,929583,24709,0.02588972688428469,0.045732324254320285,0.9172077922077922,43308.37763302082,0.18173894112783845,0.18173894112783848,2.7755575615628914e-17,1123,23366,109,929794,24489,0.025659267889923638,0.045857323696353466,0.911525974025974,44449.354529404605,0.18652692775613486,0.1865269277561349,5.551115123125783e-17
E6_threshold_divergence,random_forest__unweighted__split789__model789,random_forest,unweighted,789,789,no_origin_balance,1.0,193.42527091196882,R_x0.25,0.2500104219265869,-1.999939858606356,C,ner_optimal,val,True,0.005597273353487253,-0.0031397410202771425,False,773.6688311688312,1232,953160,1075,8096,157,945066,9171,0.009609238951627944,0.11721731545087777,0.872564935064935,38463.76753317911,0.1614090567534315,0.16140905675343156,5.551115123125783e-17,1082,8033,150,945127,9115,0.009550582988960511,0.11870543060888646,0.8782467532467533,37046.790636795326,0.15546286585859986,0.1554628658585999,2.7755575615628914e-17
E6_threshold_divergence,random_forest__unweighted__split789__model789,random_forest,unweighted,789,789,no_origin_balance,1.0,773.6688311688312,val_class_ratio,1.0,0.0,B,youden,val,False,0.0024575323332101107,0.0,True,773.6688311688312,1232,953160,1130,23579,102,929583,24709,0.02588972688428469,0.045732324254320285,0.9172077922077922,102493.22077922078,0.10752992234170632,0.1075299223417063,1.3877787807814457e-17,1123,23366,109,929794,24489,0.025659267889923638,0.045857323696353466,0.911525974025974,107695.9025974026,0.11298827331969721,0.11298827331969721,0.0
E6_threshold_divergence,random_forest__unweighted__split789__model789,random_forest,unweighted,789,789,no_origin_balance,1.0,773.6688311688312,val_class_ratio,1.0,0.0,C,ner_optimal,val,True,0.0024575323332101107,0.0,True,773.6688311688312,1232,953160,1130,23579,102,929583,24709,0.02588972688428469,0.045732324254320285,0.9172077922077922,102493.22077922078,0.10752992234170632,0.1075299223417063,1.3877787807814457e-17,1123,23366,109,929794,24489,0.025659267889923638,0.045857323696353466,0.911525974025974,107695.9025974026,0.11298827331969721,0.11298827331969721,0.0
E6_threshold_divergence,random_forest__unweighted__split789__model789,random_forest,unweighted,789,789,no_origin_balance,1.0,773.7010836478753,R_x1,1.0000416877063476,6.014139364405448e-05,B,youden,val,False,0.0024575323332101107,0.0,True,773.6688311688312,1232,953160,1130,23579,102,929583,24709,0.02588972688428469,0.045732324254320285,0.9172077922077922,102496.51053208328,0.10752889112611544,0.10752889112611547,2.7755575615628914e-17,1123,23366,109,929794,24489,0.025659267889923638,0.045857323696353466,0.911525974025974,107699.4181176184,0.11298725141955318,0.11298725141955321,2.7755575615628914e-17
E6_threshold_divergence,random_forest__unweighted__split789__model789,random_forest,unweighted,789,789,no_origin_balance,1.0,773.7010836478753,R_x1,1.0000416877063476,6.014139364405448e-05,C,ner_optimal,val,True,0.0024575323332101107,0.0,True,773.6688311688312,1232,953160,1130,23579,102,929583,24709,0.02588972688428469,0.045732324254320285,0.9172077922077922,102496.51053208328,0.10752889112611544,0.10752889112611547,2.7755575615628914e-17,1123,23366,109,929794,24489,0.025659267889923638,0.045857323696353466,0.911525974025974,107699.4181176184,0.11298725141955318,0.11298725141955321,2.7755575615628914e-17
E6_threshold_divergence,random_forest__unweighted__split789__model789,random_forest,unweighted,789,789,no_origin_balance,1.0,3094.804334591501,R_x4,4.00016675082539,2.000060141393644,B,youden,val,False,0.0024575323332101107,0.002139472053386271,False,773.6688311688312,1232,953160,1130,23579,102,929583,24709,0.02588972688428469,0.045732324254320285,0.9172077922077922,339249.0421283331,0.08897637862568468,0.08897637862568471,2.7755575615628914e-17,1123,23366,109,929794,24489,0.025659267889923638,0.045857323696353466,0.911525974025974,360699.6724704736,0.09460233233540775,0.09460233233540778,2.7755575615628914e-17
E6_threshold_divergence,random_forest__unweighted__split789__model789,random_forest,unweighted,789,789,no_origin_balance,1.0,3094.804334591501,R_x4,4.00016675082539,2.000060141393644,C,ner_optimal,val,True,0.00031806027982383966,0.002139472053386271,False,773.6688311688312,1232,953160,1202,156426,30,796736,157628,0.1651603006724686,0.007625548760372523,0.9756493506493507,249270.13003774505,0.06537720292787741,0.06537720292787741,0.0,1202,156402,30,796758,157604,0.16513549987845666,0.007626709981980153,0.9756493506493507,249246.13003774505,0.06537090833947233,0.06537090833947233,0.0
E6_threshold_divergence,random_forest__unweighted__split789__model789,random_forest,unweighted,789,789,no_origin_balance,1.0,12379.217338366005,R_x16,16.00066700330156,4.000060141393644,B,youden,val,False,0.0024575323332101107,0.0022664667339995503,False,773.6688311688312,1232,953160,1130,23579,102,929583,24709,0.02588972688428469,0.045732324254320285,0.9172077922077922,1286259.1685133325,0.08433825050057699,0.08433825050057703,4.163336342344337e-17,1123,23366,109,929794,24489,0.025659267889923638,0.045857323696353466,0.911525974025974,1372700.6898818945,0.0900061025643714,0.09000610256437143,2.7755575615628914e-17
E6_threshold_divergence,random_forest__unweighted__split789__model789,random_forest,unweighted,789,789,no_origin_balance,1.0,12379.217338366005,R_x16,16.00066700330156,4.000060141393644,C,ner_optimal,val,True,0.00019106559921056032,0.0022664667339995503,False,773.6688311688312,1232,953160,1226,321840,6,631322,323066,0.33850380450841056,0.0037948902081927534,0.9951298701298701,396115.30403019604,0.025972737498169772,0.025972737498169772,0.0,1230,322686,2,630474,323916,0.3393951332366575,0.0037972807764976107,0.9983766233766234,347444.434676732,0.022781455311736313,0.022781455311736313,0.0
E6_threshold_divergence,random_forest__unweighted__split789__model789,random_forest,unweighted,789,789,no_origin_balance,1.0,49516.86935346402,R_x64,64.00266801320625,6.000060141393644,B,youden,val,False,0.0024575323332101107,0.002424974813038716,False,773.6688311688312,1232,953160,1130,23579,102,929583,24709,0.02588972688428469,0.045732324254320285,0.9172077922077922,5074299.67405333,0.08317871846930007,0.0831787184693001,2.7755575615628914e-17,1123,23366,109,929794,24489,0.025659267889923638,0.045857323696353466,0.911525974025974,5420704.759527578,0.08885704512161231,0.08885704512161234,2.7755575615628914e-17
E6_threshold_divergence,random_forest__unweighted__split789__model789,random_forest,unweighted,789,789,no_origin_balance,1.0,49516.86935346402,R_x64,64.00266801320625,6.000060141393644,C,ner_optimal,val,True,3.255752017139457e-05,0.002424974813038716,False,773.6688311688312,1232,953160,1231,386348,1,566814,387579,0.4060995773234115,0.0031761266735297836,0.9991883116883117,435864.869353464,0.007144765502122967,0.007144765502122967,0.0,1232,387078,0,566082,388310,0.40686636099212903,0.0031727228245473976,1.0,387078.0,0.006345043465267235,0.006345043465267235,0.0
E6_threshold_divergence,random_forest__weighted__split123__model123,random_forest,weighted,123,123,no_origin_balance,773.7010836478753,12.089079431998051,R_x0.015625,0.01562565137041168,-5.999939858606356,B,youden,val,False,0.19730862975120544,-0.42870739102363586,False,773.6688311688312,1232,953160,1130,39348,102,913814,40478,0.04241225322036811,0.027916399031572708,0.9172077922077922,40581.086102063804,2.724706496466297,2.724706496466297,0.0,1123,39031,109,914129,40154,0.04207285895103899,0.027967325795686608,0.911525974025974,40348.709658087784,2.7091042130543945,2.7091042130543945,0.0
E6_threshold_divergence,random_forest__weighted__split123__model123,random_forest,weighted,123,123,no_origin_balance,773.7010836478753,12.089079431998051,R_x0.015625,0.01562565137041168,-5.999939858606356,C,ner_optimal,val,True,0.6260160207748413,-0.42870739102363586,False,773.6688311688312,1232,953160,933,273,299,952889,1206,0.0012636290672405736,0.7736318407960199,0.7573051948051948,3887.634750167417,0.26102464663040614,0.26102464663040614,0.0,927,277,305,952883,1204,0.0012615361402861717,0.7699335548172758,0.752435064935065,3964.169226759406,0.2661633456058195,0.26616334560581956,5.551115123125783e-17
E6_threshold_divergence,random_forest__weighted__split123__model123,random_forest,weighted,123,123,no_origin_balance,773.7010836478753,48.356317727992206,R_x0.0625,0.06250260548164673,-3.999939858606356,B,youden,val,False,0.19730862975120544,-0.24728181958198547,False,773.6688311688312,1232,953160,1130,39348,102,913814,40478,0.04241225322036811,0.027916399031572708,0.9172077922077922,44280.3444082552,0.7432707799607299,0.7432707799607299,0.0,1123,39031,109,914129,40154,0.04207285895103899,0.027967325795686608,0.911525974025974,44301.83863235115,0.7436315727441182,0.7436315727441182,0.0
E6_threshold_divergence,random_forest__weighted__split123__model123,random_forest,weighted,123,123,no_origin_balance,773.7010836478753,48.356317727992206,R_x0.0625,0.06250260548164673,-3.999939858606356,C,ner_optimal,val,True,0.4445904493331909,-0.24728181958198547,False,773.6688311688312,1232,953160,994,1981,238,951181,2975,0.0031171612562526587,0.3341176470588235,0.8068181818181818,13489.803619262146,0.2264340305297352,0.2264340305297353,8.326672684688674e-17,982,2057,250,951103,3039,0.003184226187981458,0.3231326094109905,0.797077922077922,14146.079431998052,0.23744999352009175,0.23744999352009183,8.326672684688674e-17
E6_threshold_divergence,random_forest__weighted__split123__model123,random_forest,weighted,123,123,no_origin_balance,773.7010836478753,193.42527091196882,R_x0.25,0.2500104219265869,-1.999939858606356,B,youden,val,False,0.19730862975120544,-0.12770697474479675,False,773.6688311688312,1232,953160,1130,39348,102,913814,40478,0.04241225322036811,0.027916399031572708,0.9172077922077922,59077.37763302082,0.2479118508343383,0.24791185083433834,2.7755575615628914e-17,1123,39031,109,914129,40154,0.04207285895103899,0.027967325795686608,0.911525974025974,60114.354529404605,0.252263412666549,0.25226341266654906,5.551115123125783e-17
E6_threshold_divergence,random_forest__weighted__split123__model123,random_forest,weighted,123,123,no_origin_balance,773.7010836478753,193.42527091196882,R_x0.25,0.2500104219265869,-1.999939858606356,C,ner_optimal,val,True,0.3250156044960022,-0.12770697474479675,False,773.6688311688312,1232,953160,1054,10281,178,942881,11335,0.011876646332646684,0.09298632554036171,0.8555194805194806,44710.69822233045,0.18762362840895658,0.1876236284089566,2.7755575615628914e-17,1048,10289,184,942871,11337,0.011878766796033495,0.09244068095616124,0.8506493506493507,45879.24984780226,0.1925273294172469,0.1925273294172469,0.0
E6_threshold_divergence,random_forest__weighted__split123__model123,random_forest,weighted,123,123,no_origin_balance,773.7010836478753,773.6688311688312,val_class_ratio,1.0,0.0,B,youden,val,False,0.19730862975120544,0.0,True,773.6688311688312,1232,953160,1130,39348,102,913814,40478,0.04241225322036811,0.027916399031572708,0.9172077922077922,118262.22077922078,0.12407383941753829,0.12407383941753827,1.3877787807814457e-17,1123,39031,109,914129,40154,0.04207285895103899,0.027967325795686608,0.911525974025974,123360.9025974026,0.12942307964812058,0.12942307964812058,0.0
E6_threshold_divergence,random_forest__weighted__split123__model123,random_forest,weighted,123,123,no_origin_balance,773.7010836478753,773.6688311688312,val_class_ratio,1.0,0.0,C,ner_optimal,val,True,0.19730862975120544,0.0,True,773.6688311688312,1232,953160,1130,39348,102,913814,40478,0.04241225322036811,0.027916399031572708,0.9172077922077922,118262.22077922078,0.12407383941753829,0.12407383941753827,1.3877787807814457e-17,1123,39031,109,914129,40154,0.04207285895103899,0.027967325795686608,0.911525974025974,123360.9025974026,0.12942307964812058,0.12942307964812058,0.0
E6_threshold_divergence,random_forest__weighted__split123__model123,random_forest,weighted,123,123,no_origin_balance,773.7010836478753,773.7010836478753,R_x1,1.0000416877063476,6.014139364405448e-05,B,youden,val,False,0.19730862975120544,0.0,True,773.6688311688312,1232,953160,1130,39348,102,913814,40478,0.04241225322036811,0.027916399031572708,0.9172077922077922,118265.51053208328,0.1240721185527404,0.12407211855274043,2.7755575615628914e-17,1123,39031,109,914129,40154,0.04207285895103899,0.027967325795686608,0.911525974025974,123364.4181176184,0.1294213726471567,0.12942137264715675,5.551115123125783e-17
E6_threshold_divergence,random_forest__weighted__split123__model123,random_forest,weighted,123,123,no_origin_balance,773.7010836478753,773.7010836478753,R_x1,1.0000416877063476,6.014139364405448e-05,C,ner_optimal,val,True,0.19730862975120544,0.0,True,773.6688311688312,1232,953160,1130,39348,102,913814,40478,0.04241225322036811,0.027916399031572708,0.9172077922077922,118265.51053208328,0.1240721185527404,0.12407211855274043,2.7755575615628914e-17,1123,39031,109,914129,40154,0.04207285895103899,0.027967325795686608,0.911525974025974,123364.4181176184,0.1294213726471567,0.12942137264715675,5.551115123125783e-17
E6_threshold_divergence,random_forest__weighted__split123__model123,random_forest,weighted,123,123,no_origin_balance,773.7010836478753,3094.804334591501,R_x4,4.00016675082539,2.000060141393644,B,youden,val,False,0.19730862975120544,0.09910274296998978,False,773.6688311688312,1232,953160,1130,39348,102,913814,40478,0.04241225322036811,0.027916399031572708,0.9172077922077922,355018.0421283331,0.09311218548234092,0.09311218548234096,4.163336342344337e-17,1123,39031,109,914129,40154,0.04207285895103899,0.027967325795686608,0.911525974025974,376364.6724704736,0.09871086264230863,0.09871086264230866,2.7755575615628914e-17
E6_threshold_divergence,random_forest__weighted__split123__model123,random_forest,weighted,123,123,no_origin_balance,773.7010836478753,3094.804334591501,R_x4,4.00016675082539,2.000060141393644,C,ner_optimal,val,True,0.09820588678121567,0.09910274296998978,False,773.6688311688312,1232,953160,1189,139124,43,814038,140313,0.14701789826843,0.008473911896973196,0.9650974025974026,272200.5863874345,0.07139127728879456,0.07139127728879455,1.3877787807814457e-17,1189,138849,43,814311,140038,0.1467300647951785,0.008490552564303975,0.9650974025974026,271925.5863874345,0.07131915179665299,0.07131915179665298,1.3877787807814457e-17
E6_threshold_divergence,random_forest__weighted__split123__model123,random_forest,weighted,123,123,no_origin_balance,773.7010836478753,12379.217338366005,R_x16,16.00066700330156,4.000060141393644,B,youden,val,False,0.19730862975120544,0.18733441270887852,False,773.6688311688312,1232,953160,1130,39348,102,913814,40478,0.04241225322036811,0.027916399031572708,0.9172077922077922,1302028.1685133325,0.08537220221474105,0.08537220221474108,2.7755575615628914e-17,1123,39031,109,914129,40154,0.04207285895103899,0.027967325795686608,0.911525974025974,1388365.6898818945,0.09103323514109661,0.09103323514109665,4.163336342344337e-17
E6_threshold_divergence,random_forest__weighted__split123__model123,random_forest,weighted,123,123,no_origin_balance,773.7010836478753,12379.217338366005,R_x16,16.00066700330156,4.000060141393644,C,ner_optimal,val,True,0.009974217042326927,0.18733441270887852,False,773.6688311688312,1232,953160,1231,345017,1,608145,346248,0.36279356324536827,0.003555255192809778,0.9991883116883117,357396.217338366,0.02343398005915116,0.02343398005915116,0.0,1232,345257,0,607903,346489,0.3630468402920393,0.003555668433918537,1.0,345257.0,0.02263802821847555,0.02263802821847555,0.0
E6_threshold_divergence,random_forest__weighted__split123__model123,random_forest,weighted,123,123,no_origin_balance,773.7010836478753,49516.86935346402,R_x64,64.00266801320625,6.000060141393644,B,youden,val,False,0.19730862975120544,0.18733441270887852,False,773.6688311688312,1232,953160,1130,39348,102,913814,40478,0.04241225322036811,0.027916399031572708,0.9172077922077922,5090068.67405333,0.08343720639784108,0.08343720639784112,4.163336342344337e-17,1123,39031,109,914129,40154,0.04207285895103899,0.027967325795686608,0.911525974025974,5436369.759527578,0.08911382826579362,0.08911382826579364,2.7755575615628914e-17
E6_threshold_divergence,random_forest__weighted__split123__model123,random_forest,weighted,123,123,no_origin_balance,773.7010836478753,49516.86935346402,R_x64,64.00266801320625,6.000060141393644,C,ner_optimal,val,True,0.009974217042326927,0.18733441270887852,False,773.6688311688312,1232,953160,1231,345017,1,608145,346248,0.36279356324536827,0.003555255192809778,0.9991883116883117,394533.869353464,0.006467261248554022,0.006467261248554022,0.0,1232,345257,0,607903,346489,0.3630468402920393,0.003555668433918537,1.0,345257.0,0.005659507054618888,0.005659507054618888,0.0
E6_threshold_divergence,random_forest__weighted__split123__model42,random_forest,weighted,123,42,no_origin_balance,773.7010836478753,12.089079431998051,R_x0.015625,0.01562565137041168,-5.999939858606356,B,youden,val,False,0.23447509109973907,-0.331579253077507,False,773.6688311688312,1232,953160,1104,27029,128,926133,28133,0.029477343738539847,0.03924217111577152,0.8961038961038961,28576.40216729575,1.9186846905732398,1.9186846905732398,0.0,1102,26764,130,926396,27866,0.029197646250178125,0.03954640063159406,0.8944805194805194,28335.580326159747,1.9025153639715826,1.9025153639715826,0.0
E6_threshold_divergence,random_forest__weighted__split123__model42,random_forest,weighted,123,42,no_origin_balance,773.7010836478753,12.089079431998051,R_x0.015625,0.01562565137041168,-5.999939858606356,C,ner_optimal,val,True,0.5660543441772461,-0.331579253077507,False,773.6688311688312,1232,953160,944,413,288,952749,1357,0.0014218446469697,0.6956521739130435,0.7662337662337663,3894.6548764154386,0.26149599388675826,0.26149599388675826,0.0,938,372,294,952788,1310,0.0013726016144309675,0.716030534351145,0.7613636363636364,3926.189353007427,0.26361329042773196,0.26361329042773196,0.0
E6_threshold_divergence,random_forest__weighted__split123__model42,random_forest,weighted,123,42,no_origin_balance,773.7010836478753,48.356317727992206,R_x0.0625,0.06250260548164673,-3.999939858606356,B,youden,val,False,0.23447509109973907,-0.2049267441034317,False,773.6688311688312,1232,953160,1104,27029,128,926133,28133,0.029477343738539847,0.03924217111577152,0.8961038961038961,33218.608669183,0.5575932505653878,0.5575932505653878,0.0,1102,26764,130,926396,27866,0.029197646250178125,0.03954640063159406,0.8944805194805194,33050.32130463899,0.554768451382506,0.554768451382506,0.0
E6_threshold_divergence,random_forest__weighted__split123__model42,random_forest,weighted,123,42,no_origin_balance,773.7010836478753,48.356317727992206,R_x0.0625,0.06250260548164673,-3.999939858606356,C,ner_optimal,val,True,0.4394018352031708,-0.2049267441034317,False,773.6688311688312,1232,953160,994,1801,238,951361,2795,0.0029285599029331704,0.3556350626118068,0.8068181818181818,13309.803619262146,0.2234126280952955,0.22341262809529558,8.326672684688674e-17,989,1798,243,951362,2787,0.002920183740014585,0.35486185862935055,0.8027597402597403,13548.585207902106,0.2274207129464964,0.22742071294649646,5.551115123125783e-17
E6_threshold_divergence,random_forest__weighted__split123__model42,random_forest,weighted,123,42,no_origin_balance,773.7010836478753,193.42527091196882,R_x0.25,0.2500104219265869,-1.999939858606356,B,youden,val,False,0.23447509109973907,-0.11591137945652008,False,773.6688311688312,1232,953160,1104,27029,128,926133,28133,0.029477343738539847,0.03924217111577152,0.8961038961038961,51787.43467673201,0.21732039056342486,0.2173203905634249,2.7755575615628914e-17,1102,26764,130,926396,27866,0.029197646250178125,0.03954640063159406,0.8944805194805194,51909.285218555946,0.2178317232352369,0.2178317232352369,0.0
E6_threshold_divergence,random_forest__weighted__split123__model42,random_forest,weighted,123,42,no_origin_balance,773.7010836478753,193.42527091196882,R_x0.25,0.2500104219265869,-1.999939858606356,C,ner_optimal,val,True,0.35038647055625916,-0.11591137945652008,False,773.6688311688312,1232,953160,1040,7809,192,945353,8849,0.009271852086245303,0.11752740422646626,0.8441558441558441,44946.652015098014,0.1886137830810166,0.18861378308101662,2.7755575615628914e-17,1040,7687,192,945473,8727,0.009144041442090882,0.11917039074137734,0.8441558441558441,44824.652015098014,0.18810182322406985,0.18810182322406988,2.7755575615628914e-17
E6_threshold_divergence,random_forest__weighted__split123__model42,random_forest,weighted,123,42,no_origin_balance,773.7010836478753,773.6688311688312,val_class_ratio,1.0,0.0,B,youden,val,False,0.23447509109973907,0.0,True,773.6688311688312,1232,953160,1104,27029,128,926133,28133,0.029477343738539847,0.03924217111577152,0.8961038961038961,126058.61038961039,0.13225335766252294,0.13225335766252297,2.7755575615628914e-17,1102,26764,130,926396,27866,0.029197646250178125,0.03954640063159406,0.8944805194805194,127340.94805194806,0.133598711708368,0.133598711708368,0.0
E6_threshold_divergence,random_forest__weighted__split123__model42,random_forest,weighted,123,42,no_origin_balance,773.7010836478753,773.6688311688312,val_class_ratio,1.0,0.0,C,ner_optimal,val,True,0.23447509109973907,0.0,True,773.6688311688312,1232,953160,1104,27029,128,926133,28133,0.029477343738539847,0.03924217111577152,0.8961038961038961,126058.61038961039,0.13225335766252294,0.13225335766252297,2.7755575615628914e-17,1102,26764,130,926396,27866,0.029197646250178125,0.03954640063159406,0.8944805194805194,127340.94805194806,0.133598711708368,0.133598711708368,0.0
E6_threshold_divergence,random_forest__weighted__split123__model42,random_forest,weighted,123,42,no_origin_balance,773.7010836478753,773.7010836478753,R_x1,1.0000416877063476,6.014139364405448e-05,B,youden,val,False,0.23447509109973907,0.0,True,773.6688311688312,1232,953160,1104,27029,128,926133,28133,0.029477343738539847,0.03924217111577152,0.8961038961038961,126062.73870692804,0.13225217556293412,0.13225217556293414,2.7755575615628914e-17,1102,26764,130,926396,27866,0.029197646250178125,0.03954640063159406,0.8944805194805194,127345.14087422378,0.1335975411984196,0.1335975411984196,0.0
E6_threshold_divergence,random_forest__weighted__split123__model42,random_forest,weighted,123,42,no_origin_balance,773.7010836478753,773.7010836478753,R_x1,1.0000416877063476,6.014139364405448e-05,C,ner_optimal,val,True,0.23447509109973907,0.0,True,773.6688311688312,1232,953160,1104,27029,128,926133,28133,0.029477343738539847,0.03924217111577152,0.8961038961038961,126062.73870692804,0.13225217556293412,0.13225217556293414,2.7755575615628914e-17,1102,26764,130,926396,27866,0.029197646250178125,0.03954640063159406,0.8944805194805194,127345.14087422378,0.1335975411984196,0.1335975411984196,0.0
E6_threshold_divergence,random_forest__weighted__split123__model42,random_forest,weighted,123,42,no_origin_balance,773.7010836478753,3094.804334591501,R_x4,4.00016675082539,2.000060141393644,B,youden,val,False,0.23447509109973907,0.1390163004398346,False,773.6688311688312,1232,953160,1104,27029,128,926133,28133,0.029477343738539847,0.03924217111577152,0.8961038961038961,423163.95482771215,0.11098512181281144,0.11098512181281146,2.7755575615628914e-17,1102,26764,130,926396,27866,0.029197646250178125,0.03954640063159406,0.8944805194805194,429088.56349689513,0.11253899568921528,0.11253899568921528,0.0
E6_threshold_divergence,random_forest__weighted__split123__model42,random_forest,weighted,123,42,no_origin_balance,773.7010836478753,3094.804334591501,R_x4,4.00016675082539,2.000060141393644,C,ner_optimal,val,True,0.09545879065990448,0.1390163004398346,False,773.6688311688312,1232,953160,1189,134862,43,818300,136051,0.14255223733594302,0.008739369795150349,0.9650974025974026,267938.5863874345,0.07027346329785862,0.07027346329785861,1.3877787807814457e-17,1189,134822,43,818338,136011,0.1425106245651682,0.008741939990147855,0.9650974025974026,267898.5863874345,0.07026297231718348,0.07026297231718347,1.3877787807814457e-17
E6_threshold_divergence,random_forest__weighted__split123__model42,random_forest,weighted,123,42,no_origin_balance,773.7010836478753,12379.217338366005,R_x16,16.00066700330156,4.000060141393644,B,youden,val,False,0.23447509109973907,0.21836859732866287,False,773.6688311688312,1232,953160,1104,27029,128,926133,28133,0.029477343738539847,0.03924217111577152,0.8961038961038961,1611568.8193108486,0.10566835837528075,0.10566835837528078,2.7755575615628914e-17,1102,26764,130,926396,27866,0.029197646250178125,0.03954640063159406,0.8944805194805194,1636062.2539875805,0.1072743593119142,0.1072743593119142,0.0
E6_threshold_divergence,random_forest__weighted__split123__model42,random_forest,weighted,123,42,no_origin_balance,773.7010836478753,12379.217338366005,R_x16,16.00066700330156,4.000060141393644,C,ner_optimal,val,True,0.016106493771076202,0.21836859732866287,False,773.6688311688312,1232,953160,1232,338905,0,614257,340137,0.3563905473001716,0.0036220699306455926,1.0,338905.0,0.022221536285672576,0.022221536285672576,0.0,1231,339120,1,614040,340351,0.3566155206665605,0.0036168543650525486,0.9991883116883117,351499.217338366,0.023047321852643108,0.023047321852643108,0.0
E6_threshold_divergence,random_forest__weighted__split123__model42,random_forest,weighted,123,42,no_origin_balance,773.7010836478753,49516.86935346402,R_x64,64.00266801320625,6.000060141393644,B,youden,val,False,0.23447509109973907,0.21836859732866287,False,773.6688311688312,1232,953160,1104,27029,128,926133,28133,0.029477343738539847,0.03924217111577152,0.8961038961038961,6365188.277243394,0.10433916751589808,0.10433916751589813,4.163336342344337e-17,1102,26764,130,926396,27866,0.029197646250178125,0.03954640063159406,0.8944805194805194,6463957.015950322,0.10595820021758894,0.10595820021758894,0.0
E6_threshold_divergence,random_forest__weighted__split123__model42,random_forest,weighted,123,42,no_origin_balance,773.7010836478753,49516.86935346402,R_x64,64.00266801320625,6.000060141393644,C,ner_optimal,val,True,0.016106493771076202,0.21836859732866287,False,773.6688311688312,1232,953160,1232,338905,0,614257,340137,0.3563905473001716,0.0036220699306455926,1.0,338905.0,0.005555384071418144,0.005555384071418144,0.0,1231,339120,1,614040,340351,0.3566155206665605,0.0036168543650525486,0.9991883116883117,388636.869353464,0.006370596696927009,0.006370596696927009,0.0
E6_threshold_divergence,random_forest__weighted__split123__model456,random_forest,weighted,123,456,no_origin_balance,773.7010836478753,12.089079431998051,R_x0.015625,0.01562565137041168,-5.999939858606356,B,youden,val,False,0.19095394015312195,-0.4415953457355499,False,773.6688311688312,1232,953160,1120,39978,112,913184,41098,0.043061880104024126,0.027251934400700763,0.9090909090909091,41331.976896383785,2.7751230136653358,2.7751230136653358,0.0,1126,39754,106,913406,40880,0.04283355267018164,0.0275440313111546,0.913961038961039,41035.44241979179,2.755213013899328,2.755213013899328,0.0
E6_threshold_divergence,random_forest__weighted__split123__model456,random_forest,weighted,123,456,no_origin_balance,773.7010836478753,12.089079431998051,R_x0.015625,0.01562565137041168,-5.999939858606356,C,ner_optimal,val,True,0.6325492858886719,-0.4415953457355499,False,773.6688311688312,1232,953160,931,280,301,952882,1211,0.0012688679937216704,0.7687861271676301,0.7556818181818182,3918.8129090314137,0.2631180191880289,0.26311801918802896,5.551115123125783e-17,923,252,309,952908,1175,0.0012311503030201427,0.7855319148936171,0.7491883116883117,3987.525544487398,0.2677315419445507,0.26773154194455073,5.551115123125783e-17
E6_threshold_divergence,random_forest__weighted__split123__model456,random_forest,weighted,123,456,no_origin_balance,773.7010836478753,48.356317727992206,R_x0.0625,0.06250260548164673,-3.999939858606356,B,youden,val,False,0.19095394015312195,-0.28551480174064636,False,773.6688311688312,1232,953160,1120,39978,112,913184,41098,0.043061880104024126,0.027251934400700763,0.9090909090909091,45393.907585535126,0.7619625715981521,0.7619625715981521,0.0,1126,39754,106,913406,40880,0.04283355267018164,0.0275440313111546,0.913961038961039,44879.76967916718,0.7533324742540527,0.7533324742540528,1.1102230246251565e-16
E6_threshold_divergence,random_forest__weighted__split123__model456,random_forest,weighted,123,456,no_origin_balance,773.7010836478753,48.356317727992206,R_x0.0625,0.06250260548164673,-3.999939858606356,C,ner_optimal,val,True,0.4764687418937683,-0.28551480174064636,False,773.6688311688312,1232,953160,981,1592,251,951570,2573,0.0026959515671724677,0.3812670034978624,0.7962662337662337,13729.435749726044,0.2304563922094775,0.23045639220947753,2.7755575615628914e-17,981,1651,251,951509,2632,0.0027577766787651196,0.37272036474164133,0.7962662337662337,13788.435749726044,0.23144674078521052,0.23144674078521055,2.7755575615628914e-17
E6_threshold_divergence,random_forest__weighted__split123__model456,random_forest,weighted,123,456,no_origin_balance,773.7010836478753,193.42527091196882,R_x0.25,0.2500104219265869,-1.999939858606356,B,youden,val,False,0.19095394015312195,-0.08456319570541382,False,773.6688311688312,1232,953160,1120,39978,112,913184,41098,0.043061880104024126,0.027251934400700763,0.9090909090909091,61641.63034214051,0.25867246108135616,0.2586724610813562,5.551115123125783e-17,1126,39754,106,913406,40880,0.04283355267018164,0.0275440313111546,0.913961038961039,60257.07871666869,0.252862339342734,0.252862339342734,0.0
E6_threshold_divergence,random_forest__weighted__split123__model456,random_forest,weighted,123,456,no_origin_balance,773.7010836478753,193.42527091196882,R_x0.25,0.2500104219265869,-1.999939858606356,C,ner_optimal,val,True,0.27551713585853577,-0.08456319570541382,False,773.6688311688312,1232,953160,1080,15725,152,937437,16805,0.017608031902966698,0.06426658732520084,0.8766233766233766,45125.64117861926,0.18936489182324082,0.18936489182324082,0.0,1084,15610,148,937550,16694,0.017491764390313413,0.06493350904516593,0.8798701298701299,44236.94009497139,0.1856355534654312,0.18563555346543123,2.7755575615628914e-17
E6_threshold_divergence,random_forest__weighted__split123__model456,random_forest,weighted,123,456,no_origin_balance,773.7010836478753,773.6688311688312,val_class_ratio,1.0,0.0,B,youden,val,False,0.19095394015312195,0.0,True,773.6688311688312,1232,953160,1120,39978,112,913184,41098,0.043061880104024126,0.027251934400700763,0.9090909090909091,126628.90909090909,0.13285168186968513,0.13285168186968513,0.0,1126,39754,106,913406,40880,0.04283355267018164,0.0275440313111546,0.913961038961039,121762.8961038961,0.12774654423590592,0.12774654423590592,0.0
E6_threshold_divergence,random_forest__weighted__split123__model456,random_forest,weighted,123,456,no_origin_balance,773.7010836478753,773.6688311688312,val_class_ratio,1.0,0.0,C,ner_optimal,val,True,0.19095394015312195,0.0,True,773.6688311688312,1232,953160,1120,39978,112,913184,41098,0.043061880104024126,0.027251934400700763,0.9090909090909091,126628.90909090909,0.13285168186968513,0.13285168186968513,0.0,1126,39754,106,913406,40880,0.04283355267018164,0.0275440313111546,0.913961038961039,121762.8961038961,0.12774654423590592,0.12774654423590592,0.0
E6_threshold_divergence,random_forest__weighted__split123__model456,random_forest,weighted,123,456,no_origin_balance,773.7010836478753,773.7010836478753,R_x1,1.0000416877063476,6.014139364405448e-05,B,youden,val,False,0.19095394015312195,0.0,True,773.6688311688312,1232,953160,1120,39978,112,913184,41098,0.043061880104024126,0.027251934400700763,0.9090909090909091,126632.52136856204,0.1328499334521572,0.13284993345215723,2.7755575615628914e-17,1126,39754,106,913406,40880,0.04283355267018164,0.0275440313111546,0.913961038961039,121766.31486667479,0.12774480561490426,0.12774480561490428,2.7755575615628914e-17
E6_threshold_divergence,random_forest__weighted__split123__model456,random_forest,weighted,123,456,no_origin_balance,773.7010836478753,773.7010836478753,R_x1,1.0000416877063476,6.014139364405448e-05,C,ner_optimal,val,True,0.19095394015312195,0.0,True,773.6688311688312,1232,953160,1120,39978,112,913184,41098,0.043061880104024126,0.027251934400700763,0.9090909090909091,126632.52136856204,0.1328499334521572,0.13284993345215723,2.7755575615628914e-17,1126,39754,106,913406,40880,0.04283355267018164,0.0275440313111546,0.913961038961039,121766.31486667479,0.12774480561490426,0.12774480561490428,2.7755575615628914e-17
E6_threshold_divergence,random_forest__weighted__split123__model456,random_forest,weighted,123,456,no_origin_balance,773.7010836478753,3094.804334591501,R_x4,4.00016675082539,2.000060141393644,B,youden,val,False,0.19095394015312195,0.08717739582061768,False,773.6688311688312,1232,953160,1120,39978,112,913184,41098,0.043061880104024126,0.027251934400700763,0.9090909090909091,386596.08547424816,0.10139430154485747,0.1013943015448575,2.7755575615628914e-17,1126,39754,106,913406,40880,0.04283355267018164,0.0275440313111546,0.913961038961039,367803.25946669915,0.09646542218294682,0.09646542218294686,4.163336342344337e-17
E6_threshold_divergence,random_forest__weighted__split123__model456,random_forest,weighted,123,456,no_origin_balance,773.7010836478753,3094.804334591501,R_x4,4.00016675082539,2.000060141393644,C,ner_optimal,val,True,0.10377654433250427,0.08717739582061768,False,773.6688311688312,1232,953160,1184,124660,48,828502,125844,0.13185749281743178,0.009408473983662312,0.961038961038961,273210.6080603921,0.07165618023510625,0.07165618023510625,0.0,1182,124566,50,828594,125748,0.1317571815354697,0.009399751884721825,0.9594155844155844,279306.21672957507,0.0732549030538963,0.0732549030538963,0.0
E6_threshold_divergence,random_forest__weighted__split123__model456,random_forest,weighted,123,456,no_origin_balance,773.7010836478753,12379.217338366005,R_x16,16.00066700330156,4.000060141393644,B,youden,val,False,0.19095394015312195,0.1644338183104992,False,773.6688311688312,1232,953160,1120,39978,112,913184,41098,0.043061880104024126,0.027251934400700763,0.9090909090909091,1426450.3418969926,0.09353039356803253,0.09353039356803257,4.163336342344337e-17,1126,39754,106,913406,40880,0.04283355267018164,0.0275440313111546,0.913961038961039,1351951.0378667966,0.08864557632495747,0.0886455763249575,2.7755575615628914e-17
E6_threshold_divergence,random_forest__weighted__split123__model456,random_forest,weighted,123,456,no_origin_balance,773.7010836478753,12379.217338366005,R_x16,16.00066700330156,4.000060141393644,C,ner_optimal,val,True,0.026520121842622757,0.1644338183104992,False,773.6688311688312,1232,953160,1229,334884,3,618278,336113,0.35217425926818485,0.0036565083766471394,0.997564935064935,372021.652015098,0.024392949762645454,0.024392949762645454,0.0,1230,335123,2,618037,336353,0.3524264662738162,0.0036568723929918867,0.9983766233766234,359881.434676732,0.02359693235334063,0.02359693235334063,0.0
E6_threshold_divergence,random_forest__weighted__split123__model456,random_forest,weighted,123,456,no_origin_balance,773.7010836478753,49516.86935346402,R_x64,64.00266801320625,6.000060141393644,B,youden,val,False,0.19095394015312195,0.1856396123766899,False,773.6688311688312,1232,953160,1120,39978,112,913184,41098,0.043061880104024126,0.027251934400700763,0.9090909090909091,5585867.367587971,0.0915644165738263,0.09156441657382633,2.7755575615628914e-17,1126,39754,106,913406,40880,0.04283355267018164,0.0275440313111546,0.913961038961039,5288542.151467186,0.08669061486046013,0.08669061486046016,2.7755575615628914e-17
E6_threshold_divergence,random_forest__weighted__split123__model456,random_forest,weighted,123,456,no_origin_balance,773.7010836478753,49516.86935346402,R_x64,64.00266801320625,6.000060141393644,C,ner_optimal,val,True,0.005314327776432037,0.1856396123766899,False,773.6688311688312,1232,953160,1232,368564,0,584598,369796,0.38746681140074224,0.003331566593473158,1.0,368564.0,0.0060415590649242614,0.0060415590649242614,0.0,1232,368344,0,584816,369576,0.3872371101182743,0.0033335497976059053,1.0,368344.0,0.006037952790317183,0.006037952790317183,0.0
E6_threshold_divergence,random_forest__weighted__split123__model789,random_forest,weighted,123,789,no_origin_balance,773.7010836478753,12.089079431998051,R_x0.015625,0.01562565137041168,-5.999939858606356,B,youden,val,False,0.18788273632526398,-0.3743845075368881,False,773.6688311688312,1232,953160,1136,47574,96,905588,48710,0.051037621778846055,0.023321699856292344,0.922077922077922,48734.55162547181,3.272148731611747,3.272148731611747,0.0,1133,47563,99,905597,48696,0.05102305970712244,0.023266798094299327,0.9196428571428571,48759.81886376781,3.2738452315072823,3.2738452315072823,0.0
E6_threshold_divergence,random_forest__weighted__split123__model789,random_forest,weighted,123,789,no_origin_balance,773.7010836478753,12.089079431998051,R_x0.015625,0.01562565137041168,-5.999939858606356,C,ner_optimal,val,True,0.5622672438621521,-0.3743845075368881,False,773.6688311688312,1232,953160,951,445,281,952717,1396,0.001462708273522256,0.6812320916905444,0.7719155844155844,3842.0313203914525,0.2579627285472083,0.25796272854720836,5.551115123125783e-17,947,427,285,952733,1374,0.0014396600139146179,0.6892285298398836,0.7686688311688312,3872.3876381194445,0.26000092082018567,0.2600009208201857,5.551115123125783e-17
E6_threshold_divergence,random_forest__weighted__split123__model789,random_forest,weighted,123,789,no_origin_balance,773.7010836478753,48.356317727992206,R_x0.0625,0.06250260548164673,-3.999939858606356,B,youden,val,False,0.18788273632526398,-0.27849607169628143,False,773.6688311688312,1232,953160,1136,47574,96,905588,48710,0.051037621778846055,0.023321699856292344,0.922077922077922,52216.20650188725,0.8764787413444952,0.8764787413444952,0.0,1133,47563,99,905597,48696,0.05102305970712244,0.023266798094299327,0.9196428571428571,52350.27545507123,0.8787291650196777,0.8787291650196777,0.0
E6_threshold_divergence,random_forest__weighted__split123__model789,random_forest,weighted,123,789,no_origin_balance,773.7010836478753,48.356317727992206,R_x0.0625,0.06250260548164673,-3.999939858606356,C,ner_optimal,val,True,0.4663788080215454,-0.27849607169628143,False,773.6688311688312,1232,953160,975,1312,257,951850,2287,0.0023962849724537246,0.42632269348491475,0.7913961038961039,13739.573656093997,0.23062656273714557,0.2306265627371456,2.7755575615628914e-17,978,1285,254,951875,2263,0.0023711430942421983,0.4321696862571807,0.7938311688311688,13567.50470291002,0.22773828743691465,0.2277382874369147,5.551115123125783e-17
E6_threshold_divergence,random_forest__weighted__split123__model789,random_forest,weighted,123,789,no_origin_balance,773.7010836478753,193.42527091196882,R_x0.25,0.2500104219265869,-1.999939858606356,B,youden,val,False,0.18788273632526398,-0.11577223241329193,False,773.6688311688312,1232,953160,1136,47574,96,905588,48710,0.051037621778846055,0.023321699856292344,0.922077922077922,66142.82600754901,0.27756124377768226,0.27756124377768226,0.0,1133,47563,99,905597,48696,0.05102305970712244,0.023266798094299327,0.9196428571428571,66712.10182028491,0.27995014839777654,0.27995014839777654,0.0
E6_threshold_divergence,random_forest__weighted__split123__model789,random_forest,weighted,123,789,no_origin_balance,773.7010836478753,193.42527091196882,R_x0.25,0.2500104219265869,-1.999939858606356,C,ner_optimal,val,True,0.3036549687385559,-0.11577223241329193,False,773.6688311688312,1232,953160,1073,13391,159,939771,14464,0.015155166524517129,0.07418418141592921,0.8709415584415584,44145.61807500305,0.1852523304467502,0.18525233044675027,5.551115123125783e-17,1068,13320,164,939840,14388,0.015075566433918138,0.07422852376980818,0.8668831168831169,45041.74442956289,0.18901282815401785,0.1890128281540179,5.551115123125783e-17
E6_threshold_divergence,random_forest__weighted__split123__model789,random_forest,weighted,123,789,no_origin_balance,773.7010836478753,773.6688311688312,val_class_ratio,1.0,0.0,B,youden,val,False,0.18788273632526398,0.0,True,773.6688311688312,1232,953160,1136,47574,96,905588,48710,0.051037621778846055,0.023321699856292344,0.922077922077922,121846.20779220779,0.1278339500107094,0.1278339500107094,0.0,1133,47563,99,905597,48696,0.05102305970712244,0.023266798094299327,0.9196428571428571,124156.21428571429,0.13025747438595228,0.13025747438595228,0.0
E6_threshold_divergence,random_forest__weighted__split123__model789,random_forest,weighted,123,789,no_origin_balance,773.7010836478753,773.6688311688312,val_class_ratio,1.0,0.0,C,ner_optimal,val,True,0.18788273632526398,0.0,True,773.6688311688312,1232,953160,1136,47574,96,905588,48710,0.051037621778846055,0.023321699856292344,0.922077922077922,121846.20779220779,0.1278339500107094,0.1278339500107094,0.0,1133,47563,99,905597,48696,0.05102305970712244,0.023266798094299327,0.9196428571428571,124156.21428571429,0.13025747438595228,0.13025747438595228,0.0
E6_threshold_divergence,random_forest__weighted__split123__model789,random_forest,weighted,123,789,no_origin_balance,773.7010836478753,773.7010836478753,R_x1,1.0000416877063476,6.014139364405448e-05,B,youden,val,False,0.18788273632526398,0.0,True,773.6688311688312,1232,953160,1136,47574,96,905588,48710,0.051037621778846055,0.023321699856292344,0.922077922077922,121849.30403019603,0.12783186938597899,0.127831869385979,2.7755575615628914e-17,1133,47563,99,905597,48696,0.05102305970712244,0.023266798094299327,0.9196428571428571,124159.40728113965,0.13025539424230126,0.1302553942423013,2.7755575615628914e-17
E6_threshold_divergence,random_forest__weighted__split123__model789,random_forest,weighted,123,789,no_origin_balance,773.7010836478753,773.7010836478753,R_x1,1.0000416877063476,6.014139364405448e-05,C,ner_optimal,val,True,0.18788273632526398,0.0,True,773.6688311688312,1232,953160,1136,47574,96,905588,48710,0.051037621778846055,0.023321699856292344,0.922077922077922,121849.30403019603,0.12783186938597899,0.127831869385979,2.7755575615628914e-17,1133,47563,99,905597,48696,0.05102305970712244,0.023266798094299327,0.9196428571428571,124159.40728113965,0.13025539424230126,0.1302553942423013,2.7755575615628914e-17
E6_threshold_divergence,random_forest__weighted__split123__model789,random_forest,weighted,123,789,no_origin_balance,773.7010836478753,3094.804334591501,R_x4,4.00016675082539,2.000060141393644,B,youden,val,False,0.18788273632526398,0.07339318841695786,False,773.6688311688312,1232,953160,1136,47574,96,905588,48710,0.051037621778846055,0.023321699856292344,0.922077922077922,344675.2161207841,0.09039952578805317,0.09039952578805319,1.3877787807814457e-17,1133,47563,99,905597,48696,0.05102305970712244,0.023266798094299327,0.9196428571428571,353948.6291245586,0.09283170570343244,0.09283170570343245,1.3877787807814457e-17
E6_threshold_divergence,random_forest__weighted__split123__model789,random_forest,weighted,123,789,no_origin_balance,773.7010836478753,3094.804334591501,R_x4,4.00016675082539,2.000060141393644,C,ner_optimal,val,True,0.11448954790830612,0.07339318841695786,False,773.6688311688312,1232,953160,1177,110449,55,842713,111626,0.11696008147578463,0.0105441384623654,0.9553571428571429,280663.23840253253,0.0736108152575648,0.0736108152575648,0.0,1179,110514,53,842646,111693,0.11703052833636493,0.010555719695952297,0.9569805194805194,274538.62973334955,0.07200448647778528,0.07200448647778528,0.0
E6_threshold_divergence,random_forest__weighted__split123__model789,random_forest,weighted,123,789,no_origin_balance,773.7010836478753,12379.217338366005,R_x16,16.00066700330156,4.000060141393644,B,youden,val,False,0.18788273632526398,0.16123560443520546,False,773.6688311688312,1232,953160,1136,47574,96,905588,48710,0.051037621778846055,0.023321699856292344,0.922077922077922,1235978.8644831365,0.08104143988857172,0.08104143988857174,1.3877787807814457e-17,1133,47563,99,905597,48696,0.05102305970712244,0.023266798094299327,0.9196428571428571,1273105.5164982344,0.08347578356871524,0.08347578356871525,1.3877787807814457e-17
E6_threshold_divergence,random_forest__weighted__split123__model789,random_forest,weighted,123,789,no_origin_balance,773.7010836478753,12379.217338366005,R_x16,16.00066700330156,4.000060141393644,C,ner_optimal,val,True,0.026647131890058517,0.16123560443520546,False,773.6688311688312,1232,953160,1231,337687,1,615475,338918,0.3551132970240802,0.0036321470090110294,0.9991883116883117,350066.217338366,0.022953362006971404,0.022953362006971404,0.0,1231,338095,1,615065,339326,0.35554153848733017,0.003627779775201429,0.9991883116883117,350474.217338366,0.022980114007693005,0.022980114007693005,0.0
E6_threshold_divergence,random_forest__weighted__split123__model789,random_forest,weighted,123,789,no_origin_balance,773.7010836478753,49516.86935346402,R_x64,64.00266801320625,6.000060141393644,B,youden,val,False,0.18788273632526398,0.16123560443520546,False,773.6688311688312,1232,953160,1136,47574,96,905588,48710,0.051037621778846055,0.023321699856292344,0.922077922077922,4801193.457932546,0.07870191841370136,0.07870191841370137,1.3877787807814457e-17,1133,47563,99,905597,48696,0.05102305970712244,0.023266798094299327,0.9196428571428571,4949733.065992937,0.08113680303503594,0.08113680303503595,1.3877787807814457e-17
E6_threshold_divergence,random_forest__weighted__split123__model789,random_forest,weighted,123,789,no_origin_balance,773.7010836478753,49516.86935346402,R_x64,64.00266801320625,6.000060141393644,C,ner_optimal,val,True,0.026647131890058517,0.16123560443520546,False,773.6688311688312,1232,953160,1231,337687,1,615475,338918,0.3551132970240802,0.0036321470090110294,0.9991883116883117,387203.869353464,0.006347106735509083,0.006347106735509083,0.0,1231,338095,1,615065,339326,0.35554153848733017,0.003627779775201429,0.9991883116883117,387611.869353464,0.0063537947356894844,0.0063537947356894844,0.0
E6_threshold_divergence,random_forest__weighted__split42__model123,random_forest,weighted,42,123,no_origin_balance,773.7010836478753,12.089079431998051,R_x0.015625,0.01562565137041168,-5.999939858606356,B,youden,val,False,0.18437863886356354,-0.405199870467186,False,773.6688311688312,1232,953160,1091,32043,141,921119,33134,0.034717318004932975,0.03292690287921772,0.885551948051948,33747.56019991173,2.2658880120980935,2.2658880120980935,0.0,1113,32141,119,921019,33254,0.034843125256707935,0.03346965778552956,0.9034090909090909,33579.600452407765,2.2546108123203967,2.2546108123203967,0.0
E6_threshold_divergence,random_forest__weighted__split42__model123,random_forest,weighted,42,123,no_origin_balance,773.7010836478753,12.089079431998051,R_x0.015625,0.01562565137041168,-5.999939858606356,C,ner_optimal,val,True,0.5895785093307495,-0.405199870467186,False,773.6688311688312,1232,953160,890,300,342,952862,1190,0.0012468645025010634,0.7478991596638656,0.7224025974025974,4434.465165743333,0.2977400854936673,0.2977400854936674,5.551115123125783e-17,948,299,284,952861,1247,0.0013065910024392493,0.7602245388933441,0.7694805194805194,3732.2985586874465,0.2505950211394244,0.2505950211394244,0.0
E6_threshold_divergence,random_forest__weighted__split42__model123,random_forest,weighted,42,123,no_origin_balance,773.7010836478753,48.356317727992206,R_x0.0625,0.06250260548164673,-3.999939858606356,B,youden,val,False,0.18437863886356354,-0.30513112246990204,False,773.6688311688312,1232,953160,1091,32043,141,921119,33134,0.034717318004932975,0.03292690287921772,0.885551948051948,38861.2407996469,0.6523080419855622,0.6523080419855622,0.0,1113,32141,119,921019,33254,0.034843125256707935,0.03346965778552956,0.9034090909090909,37895.401809631076,0.636095884898281,0.6360958848982811,1.1102230246251565e-16
E6_threshold_divergence,random_forest__weighted__split42__model123,random_forest,weighted,42,123,no_origin_balance,773.7010836478753,48.356317727992206,R_x0.0625,0.06250260548164673,-3.999939858606356,C,ner_optimal,val,True,0.4895097613334656,-0.30513112246990204,False,773.6688311688312,1232,953160,932,752,300,952410,1684,0.0017644704388334377,0.5534441805225653,0.7564935064935064,15258.895318397661,0.2561292414548194,0.2561292414548194,0.0,975,801,257,952359,1776,0.0018608705856712965,0.5489864864864865,0.7913961038961039,13228.573656093997,0.2220491369371528,0.22204913693715284,2.7755575615628914e-17
E6_threshold_divergence,random_forest__weighted__split42__model123,random_forest,weighted,42,123,no_origin_balance,773.7010836478753,193.42527091196882,R_x0.25,0.2500104219265869,-1.999939858606356,B,youden,val,False,0.18437863886356354,-0.17053253948688507,False,773.6688311688312,1232,953160,1091,32043,141,921119,33134,0.034717318004932975,0.03292690287921772,0.885551948051948,59315.963198587604,0.24891304945742954,0.24891304945742954,0.0,1113,32141,119,921019,33254,0.034843125256707935,0.03346965778552956,0.9034090909090909,55158.60723852429,0.23146715304275203,0.23146715304275206,2.7755575615628914e-17
E6_threshold_divergence,random_forest__weighted__split42__model123,random_forest,weighted,42,123,no_origin_balance,773.7010836478753,193.42527091196882,R_x0.25,0.2500104219265869,-1.999939858606356,C,ner_optimal,val,True,0.3549111783504486,-0.17053253948688507,False,773.6688311688312,1232,953160,992,7088,240,946074,8080,0.0084661051934526,0.12277227722772277,0.8051948051948052,53510.06501887252,0.22454922321534573,0.22454922321534582,8.326672684688674e-17,1032,7197,200,945963,8229,0.008622243271108727,0.12541013488880787,0.8376623376623377,45882.05418239377,0.1925390975052493,0.19253909750524936,5.551115123125783e-17
E6_threshold_divergence,random_forest__weighted__split42__model123,random_forest,weighted,42,123,no_origin_balance,773.7010836478753,773.6688311688312,val_class_ratio,1.0,0.0,B,youden,val,False,0.18437863886356354,0.0,True,773.6688311688312,1232,953160,1091,32043,141,921119,33134,0.034717318004932975,0.03292690287921772,0.885551948051948,141130.3051948052,0.1480657027097289,0.1480657027097289,0.0,1113,32141,119,921019,33254,0.034843125256707935,0.03346965778552956,0.9034090909090909,124207.59090909091,0.13031137574918264,0.13031137574918264,0.0
E6_threshold_divergence,random_forest__weighted__split42__model123,random_forest,weighted,42,123,no_origin_balance,773.7010836478753,773.6688311688312,val_class_ratio,1.0,0.0,C,ner_optimal,val,True,0.18437863886356354,0.0,True,773.6688311688312,1232,953160,1091,32043,141,921119,33134,0.034717318004932975,0.03292690287921772,0.885551948051948,141130.3051948052,0.1480657027097289,0.1480657027097289,0.0,1113,32141,119,921019,33254,0.034843125256707935,0.03346965778552956,0.9034090909090909,124207.59090909091,0.13031137574918264,0.13031137574918264,0.0
E6_threshold_divergence,random_forest__weighted__split42__model123,random_forest,weighted,42,123,no_origin_balance,773.7010836478753,773.7010836478753,R_x1,1.0000416877063476,6.014139364405448e-05,B,youden,val,False,0.18437863886356354,0.0,True,773.6688311688312,1232,953160,1091,32043,141,921119,33134,0.034717318004932975,0.03292690287921772,0.885551948051948,141134.85279435042,0.14806430132539633,0.14806430132539633,0.0,1113,32141,119,921019,33254,0.034843125256707935,0.03346965778552956,0.9034090909090909,124211.42895409717,0.1303099700788698,0.13030997007886985,5.551115123125783e-17
E6_threshold_divergence,random_forest__weighted__split42__model123,random_forest,weighted,42,123,no_origin_balance,773.7010836478753,773.7010836478753,R_x1,1.0000416877063476,6.014139364405448e-05,C,ner_optimal,val,True,0.18437863886356354,0.0,True,773.6688311688312,1232,953160,1091,32043,141,921119,33134,0.034717318004932975,0.03292690287921772,0.885551948051948,141134.85279435042,0.14806430132539633,0.14806430132539633,0.0,1113,32141,119,921019,33254,0.034843125256707935,0.03346965778552956,0.9034090909090909,124211.42895409717,0.1303099700788698,0.13030997007886985,5.551115123125783e-17
E6_threshold_divergence,random_forest__weighted__split42__model123,random_forest,weighted,42,123,no_origin_balance,773.7010836478753,3094.804334591501,R_x4,4.00016675082539,2.000060141393644,B,youden,val,False,0.18437863886356354,0.09254590421915054,False,773.6688311688312,1232,953160,1091,32043,141,921119,33134,0.034717318004932975,0.03292690287921772,0.885551948051948,468410.41117740166,0.12285211429238803,0.12285211429238804,1.3877787807814457e-17,1113,32141,119,921019,33254,0.034843125256707935,0.03346965778552956,0.9034090909090909,400422.71581638866,0.10502067433789924,0.10502067433789929,4.163336342344337e-17
E6_threshold_divergence,random_forest__weighted__split42__model123,random_forest,weighted,42,123,no_origin_balance,773.7010836478753,3094.804334591501,R_x4,4.00016675082539,2.000060141393644,C,ner_optimal,val,True,0.091832734644413,0.09254590421915054,False,773.6688311688312,1232,953160,1165,139261,67,813901,140426,0.1471362980069028,0.008296184467263898,0.9456168831168831,346612.89041763055,0.09090772837812638,0.09090772837812638,0.0,1177,139487,55,813673,140664,0.14738597976512796,0.008367457202980152,0.9553571428571429,309701.23840253253,0.08122674267868117,0.08122674267868117,0.0
E6_threshold_divergence,random_forest__weighted__split42__model123,random_forest,weighted,42,123,no_origin_balance,773.7010836478753,12379.217338366005,R_x16,16.00066700330156,4.000060141393644,B,youden,val,False,0.18437863886356354,0.17729183053597808,False,773.6688311688312,1232,953160,1091,32043,141,921119,33134,0.034717318004932975,0.03292690287921772,0.885551948051948,1777512.6447096067,0.11654906753413596,0.11654906753413598,1.3877787807814457e-17,1113,32141,119,921019,33254,0.034843125256707935,0.03346965778552956,0.9034090909090909,1505267.8632655547,0.09869835040265659,0.09869835040265665,5.551115123125783e-17
E6_threshold_divergence,random_forest__weighted__split42__model123,random_forest,weighted,42,123,no_origin_balance,773.7010836478753,12379.217338366005,R_x16,16.00066700330156,4.000060141393644,C,ner_optimal,val,True,0.007086808327585459,0.17729183053597808,False,773.6688311688312,1232,953160,1232,363874,0,589288,365106,0.3825526983614734,0.0033743625139000728,1.0,363874.0,0.02385871938865707,0.02385871938865707,0.0,1231,363465,1,589695,364696,0.38212390715764594,0.003375414043477307,0.9991883116883117,375844.217338366,0.02464359013099456,0.02464359013099456,0.0
E6_threshold_divergence,random_forest__weighted__split42__model123,random_forest,weighted,42,123,no_origin_balance,773.7010836478753,49516.86935346402,R_x64,64.00266801320625,6.000060141393644,B,youden,val,False,0.18437863886356354,0.17729183053597808,False,773.6688311688312,1232,953160,1091,32043,141,921119,33134,0.034717318004932975,0.03292690287921772,0.885551948051948,7013921.578838427,0.11497330584457294,0.11497330584457295,1.3877787807814457e-17,1113,32141,119,921019,33254,0.034843125256707935,0.03346965778552956,0.9034090909090909,5924648.453062219,0.09711776941884594,0.09711776941884598,4.163336342344337e-17
E6_threshold_divergence,random_forest__weighted__split42__model123,random_forest,weighted,42,123,no_origin_balance,773.7010836478753,49516.86935346402,R_x64,64.00266801320625,6.000060141393644,C,ner_optimal,val,True,0.007086808327585459,0.17729183053597808,False,773.6688311688312,1232,953160,1232,363874,0,589288,365106,0.3825526983614734,0.0033743625139000728,1.0,363874.0,0.005964679847164267,0.005964679847164267,0.0,1231,363465,1,589695,364696,0.38212390715764594,0.003375414043477307,0.9991883116883117,412981.869353464,0.006769663766514873,0.006769663766514873,0.0
E6_threshold_divergence,random_forest__weighted__split42__model42,random_forest,weighted,42,42,no_origin_balance,773.7010836478753,12.089079431998051,R_x0.015625,0.01562565137041168,-5.999939858606356,B,youden,val,False,0.19290681183338165,-0.41197119653224945,False,773.6688311688312,1232,953160,1101,38585,131,914577,39686,0.04158240726576236,0.027742780829511666,0.8936688311688312,40168.66940559175,2.697015900672424,2.697015900672424,0.0,1115,38842,117,914318,39957,0.04186644481512838,0.027904997872713166,0.9050324675324676,40256.42229354377,2.7029078293232547,2.7029078293232547,0.0
E6_threshold_divergence,random_forest__weighted__split42__model42,random_forest,weighted,42,42,no_origin_balance,773.7010836478753,12.089079431998051,R_x0.015625,0.01562565137041168,-5.999939858606356,C,ner_optimal,val,True,0.6048780083656311,-0.41197119653224945,False,773.6688311688312,1232,953160,889,316,343,952846,1205,0.0012625812819443542,0.7377593360995851,0.7215909090909091,4462.554245175332,0.29962605022648975,0.2996260502264898,5.551115123125783e-17,940,321,292,952839,1261,0.0013212600273262978,0.7454401268834259,0.762987012987013,3851.011194143431,0.2585656577119903,0.25856565771199036,5.551115123125783e-17
E6_threshold_divergence,random_forest__weighted__split42__model42,random_forest,weighted,42,42,no_origin_balance,773.7010836478753,48.356317727992206,R_x0.0625,0.06250260548164673,-3.999939858606356,B,youden,val,False,0.19290681183338165,-0.3236301988363266,False,773.6688311688312,1232,953160,1101,38585,131,914577,39686,0.04158240726576236,0.027742780829511666,0.8936688311688312,44919.67762236698,0.7540023517914827,0.7540023517914827,0.0,1115,38842,117,914318,39957,0.04186644481512838,0.027904997872713166,0.9050324675324676,44499.68917417509,0.746952606681463,0.746952606681463,0.0
E6_threshold_divergence,random_forest__weighted__split42__model42,random_forest,weighted,42,42,no_origin_balance,773.7010836478753,48.356317727992206,R_x0.0625,0.06250260548164673,-3.999939858606356,C,ner_optimal,val,True,0.5165370106697083,-0.3236301988363266,False,773.6688311688312,1232,953160,918,773,314,952389,1691,0.0017718049359069735,0.5428740390301596,0.7451298701298701,15956.883766589553,0.26784537476914044,0.26784537476914044,0.0,965,796,267,952364,1761,0.001845153773292316,0.5479840999432141,0.7832792207792207,13707.13683337392,0.2300820922086348,0.23008209220863488,8.326672684688674e-17
E6_threshold_divergence,random_forest__weighted__split42__model42,random_forest,weighted,42,42,no_origin_balance,773.7010836478753,193.42527091196882,R_x0.25,0.2500104219265869,-1.999939858606356,B,youden,val,False,0.19290681183338165,-0.135628804564476,False,773.6688311688312,1232,953160,1101,38585,131,914577,39686,0.04158240726576236,0.027742780829511666,0.8936688311688312,63923.710489467914,0.2682489645712473,0.2682489645712473,0.0,1115,38842,117,914318,39957,0.04186644481512838,0.027904997872713166,0.9050324675324676,61472.75669670035,0.25796380102101507,0.25796380102101507,0.0
E6_threshold_divergence,random_forest__weighted__split42__model42,random_forest,weighted,42,42,no_origin_balance,773.7010836478753,193.42527091196882,R_x0.25,0.2500104219265869,-1.999939858606356,C,ner_optimal,val,True,0.32853561639785767,-0.135628804564476,False,773.6688311688312,1232,953160,1011,11038,221,942124,12049,0.012624765034147323,0.08390737820566022,0.8206168831168831,53784.98487154511,0.2257028947599857,0.22570289475998576,5.551115123125783e-17,1048,11121,184,942039,12169,0.01275052598932095,0.08612047004684033,0.8506493506493507,46711.24984780226,0.1960187277859328,0.1960187277859328,0.0
E6_threshold_divergence,random_forest__weighted__split42__model42,random_forest,weighted,42,42,no_origin_balance,773.7010836478753,773.6688311688312,val_class_ratio,1.0,0.0,B,youden,val,False,0.19290681183338165,0.0,True,773.6688311688312,1232,953160,1101,38585,131,914577,39686,0.04158240726576236,0.027742780829511666,0.8936688311688312,139935.6168831169,0.14681230526156877,0.14681230526156877,0.0,1115,38842,117,914318,39957,0.04186644481512838,0.027904997872713166,0.9050324675324676,129361.25324675324,0.13571829834104793,0.13571829834104793,0.0
E6_threshold_divergence,random_forest__weighted__split42__model42,random_forest,weighted,42,42,no_origin_balance,773.7010836478753,773.6688311688312,val_class_ratio,1.0,0.0,C,ner_optimal,val,True,0.19290681183338165,0.0,True,773.6688311688312,1232,953160,1101,38585,131,914577,39686,0.04158240726576236,0.027742780829511666,0.8936688311688312,139935.6168831169,0.14681230526156877,0.14681230526156877,0.0,1115,38842,117,914318,39957,0.04186644481512838,0.027904997872713166,0.9050324675324676,129361.25324675324,0.13571829834104793,0.13571829834104793,0.0
E6_threshold_divergence,random_forest__weighted__split42__model42,random_forest,weighted,42,42,no_origin_balance,773.7010836478753,773.7010836478753,R_x1,1.0000416877063476,6.014139364405448e-05,B,youden,val,False,0.19290681183338165,0.0,True,773.6688311688312,1232,953160,1101,38585,131,914577,39686,0.04158240726576236,0.027742780829511666,0.8936688311688312,139939.84195787166,0.14681061776618845,0.14681061776618845,0.0,1115,38842,117,914318,39957,0.04186644481512838,0.027904997872713166,0.9050324675324676,129365.0267868014,0.1357165996059031,0.13571659960590313,2.7755575615628914e-17
E6_threshold_divergence,random_forest__weighted__split42__model42,random_forest,weighted,42,42,no_origin_balance,773.7010836478753,773.7010836478753,R_x1,1.0000416877063476,6.014139364405448e-05,C,ner_optimal,val,True,0.19290681183338165,0.0,True,773.6688311688312,1232,953160,1101,38585,131,914577,39686,0.04158240726576236,0.027742780829511666,0.8936688311688312,139939.84195787166,0.14681061776618845,0.14681061776618845,0.0,1115,38842,117,914318,39957,0.04186644481512838,0.027904997872713166,0.9050324675324676,129365.0267868014,0.1357165996059031,0.13571659960590313,2.7755575615628914e-17
E6_threshold_divergence,random_forest__weighted__split42__model42,random_forest,weighted,42,42,no_origin_balance,773.7010836478753,3094.804334591501,R_x4,4.00016675082539,2.000060141393644,B,youden,val,False,0.19290681183338165,0.08600033819675446,False,773.6688311688312,1232,953160,1101,38585,131,914577,39686,0.04158240726576236,0.027742780829511666,0.8936688311688312,444004.3678314866,0.11645103106492373,0.11645103106492373,0.0,1115,38842,117,914318,39957,0.04186644481512838,0.027904997872713166,0.9050324675324676,400934.1071472056,0.10515479925212509,0.10515479925212513,4.163336342344337e-17
E6_threshold_divergence,random_forest__weighted__split42__model42,random_forest,weighted,42,42,no_origin_balance,773.7010836478753,3094.804334591501,R_x4,4.00016675082539,2.000060141393644,C,ner_optimal,val,True,0.1069064736366272,0.08600033819675446,False,773.6688311688312,1232,953160,1170,119474,62,833688,120644,0.126409009277091,0.009697954311859686,0.9496753246753247,311351.8687446731,0.08165966095421097,0.08165966095421098,1.3877787807814457e-17,1172,119638,60,833522,120810,0.1265832069003093,0.009701183676847943,0.9512987012987013,305326.2600754901,0.08007929735160242,0.08007929735160244,1.3877787807814457e-17
E6_threshold_divergence,random_forest__weighted__split42__model42,random_forest,weighted,42,42,no_origin_balance,773.7010836478753,12379.217338366005,R_x16,16.00066700330156,4.000060141393644,B,youden,val,False,0.19290681183338165,0.18210582714527845,False,773.6688311688312,1232,953160,1101,38585,131,914577,39686,0.04158240726576236,0.027742780829511666,0.8936688311688312,1660262.4713259465,0.10886113438960755,0.10886113438960755,0.0,1115,38842,117,914318,39957,0.04186644481512838,0.027904997872713166,0.9050324675324676,1487210.4285888225,0.0975143491636806,0.09751434916368062,2.7755575615628914e-17
E6_threshold_divergence,random_forest__weighted__split42__model42,random_forest,weighted,42,42,no_origin_balance,773.7010836478753,12379.217338366005,R_x16,16.00066700330156,4.000060141393644,C,ner_optimal,val,True,0.010800984688103199,0.18210582714527845,False,773.6688311688312,1232,953160,1232,363827,0,589335,365059,0.382503452452551,0.0033747969506298984,1.0,363827.0,0.023855637663083747,0.023855637663083747,0.0,1231,364050,1,589110,365281,0.38273686284042613,0.003370008294983862,0.9991883116883117,376429.217338366,0.024681947779088033,0.024681947779088033,0.0
E6_threshold_divergence,random_forest__weighted__split42__model42,random_forest,weighted,42,42,no_origin_balance,773.7010836478753,49516.86935346402,R_x64,64.00266801320625,6.000060141393644,B,youden,val,False,0.19290681183338165,0.18986542290076613,False,773.6688311688312,1232,953160,1101,38585,131,914577,39686,0.04158240726576236,0.027742780829511666,0.8936688311688312,6525294.885303786,0.10696366022077851,0.10696366022077851,0.0,1115,38842,117,914318,39957,0.04186644481512838,0.027904997872713166,0.9050324675324676,5832315.71435529,0.09560423664156947,0.0956042366415695,2.7755575615628914e-17
E6_threshold_divergence,random_forest__weighted__split42__model42,random_forest,weighted,42,42,no_origin_balance,773.7010836478753,49516.86935346402,R_x64,64.00266801320625,6.000060141393644,C,ner_optimal,val,True,0.0030413889326155186,0.18986542290076613,False,773.6688311688312,1232,953160,1232,407733,0,545429,408965,0.4285075136683592,0.003012482730796034,1.0,407733.0,0.006683623474400007,0.006683623474400007,0.0,1232,408374,0,544786,409606,0.4291800434203137,0.0030077684408919792,1.0,408374.0,0.0066941308472324495,0.0066941308472324495,0.0
E6_threshold_divergence,random_forest__weighted__split42__model456,random_forest,weighted,42,456,no_origin_balance,773.7010836478753,12.089079431998051,R_x0.015625,0.01562565137041168,-5.999939858606356,B,youden,val,False,0.16639335453510284,-0.4288361519575119,False,773.6688311688312,1232,953160,1112,52719,120,900443,53831,0.0564033302807855,0.02065724210956512,0.9025974025974026,54169.689531839766,3.637076262763207,3.637076262763207,0.0,1135,52778,97,900382,53913,0.05648936705253187,0.021052436332609947,0.9212662337662337,53950.64070490381,3.622368825897308,3.622368825897308,0.0
E6_threshold_divergence,random_forest__weighted__split42__model456,random_forest,weighted,42,456,no_origin_balance,773.7010836478753,12.089079431998051,R_x0.015625,0.01562565137041168,-5.999939858606356,C,ner_optimal,val,True,0.5952295064926147,-0.4288361519575119,False,773.6688311688312,1232,953160,896,307,336,952855,1203,0.0012604857113519155,0.744804655029094,0.7272727272727273,4368.930689151345,0.29333995155778364,0.2933399515577837,5.551115123125783e-17,948,307,284,952853,1255,0.0013149733023747057,0.7553784860557768,0.7694805194805194,3740.2985586874465,0.2511321593499915,0.2511321593499915,0.0
E6_threshold_divergence,random_forest__weighted__split42__model456,random_forest,weighted,42,456,no_origin_balance,773.7010836478753,48.356317727992206,R_x0.0625,0.06250260548164673,-3.999939858606356,B,youden,val,False,0.16639335453510284,-0.32549844682216644,False,773.6688311688312,1232,953160,1112,52719,120,900443,53831,0.0564033302807855,0.02065724210956512,0.9025974025974026,58521.75812735906,0.9823210137427498,0.9823210137427498,0.0,1135,52778,97,900382,53913,0.05648936705253187,0.021052436332609947,0.9212662337662337,57468.56281961525,0.9646425311496517,0.9646425311496518,1.1102230246251565e-16
E6_threshold_divergence,random_forest__weighted__split42__model456,random_forest,weighted,42,456,no_origin_balance,773.7010836478753,48.356317727992206,R_x0.0625,0.06250260548164673,-3.999939858606356,C,ner_optimal,val,True,0.4918918013572693,-0.32549844682216644,False,773.6688311688312,1232,953160,929,1030,303,952132,1959,0.0020526113952937675,0.4742215416028586,0.7540584415584416,15681.964271581639,0.2632306945941857,0.26323069459418574,5.551115123125783e-17,976,1071,256,952089,2047,0.0021448209959848783,0.4767953102100635,0.7922077922077922,13450.217338366005,0.22576955227712406,0.2257695522771241,5.551115123125783e-17
E6_threshold_divergence,random_forest__weighted__split42__model456,random_forest,weighted,42,456,no_origin_balance,773.7010836478753,193.42527091196882,R_x0.25,0.2500104219265869,-1.999939858606356,B,youden,val,False,0.16639335453510284,-0.19923906028270721,False,773.6688311688312,1232,953160,1112,52719,120,900443,53831,0.0564033302807855,0.02065724210956512,0.9025974025974026,75930.03250943626,0.3186322014876355,0.31863220148763555,5.551115123125783e-17,1135,52778,97,900382,53913,0.05648936705253187,0.021052436332609947,0.9212662337662337,71540.25127846097,0.30021095746273757,0.30021095746273757,0.0
E6_threshold_divergence,random_forest__weighted__split42__model456,random_forest,weighted,42,456,no_origin_balance,773.7010836478753,193.42527091196882,R_x0.25,0.2500104219265869,-1.999939858606356,C,ner_optimal,val,True,0.36563241481781006,-0.19923906028270721,False,773.6688311688312,1232,953160,988,6203,244,946959,7191,0.007534624065113569,0.1373939646780698,0.801948051948052,53398.76610252039,0.22408216930310015,0.22408216930310024,8.326672684688674e-17,1026,6339,206,946821,7365,0.0077169548780794475,0.13930753564154785,0.8327922077922078,46184.60580786558,0.19380872280767183,0.1938087228076719,5.551115123125783e-17
E6_threshold_divergence,random_forest__weighted__split42__model456,random_forest,weighted,42,456,no_origin_balance,773.7010836478753,773.6688311688312,val_class_ratio,1.0,0.0,B,youden,val,False,0.16639335453510284,0.0,True,773.6688311688312,1232,953160,1112,52719,120,900443,53831,0.0564033302807855,0.02065724210956512,0.9025974025974026,145559.25974025973,0.15271230406254954,0.15271230406254954,0.0,1135,52778,97,900382,53913,0.05648936705253187,0.021052436332609947,0.9212662337662337,127823.87662337662,0.13410537226003674,0.13410537226003674,0.0
E6_threshold_divergence,random_forest__weighted__split42__model456,random_forest,weighted,42,456,no_origin_balance,773.7010836478753,773.6688311688312,val_class_ratio,1.0,0.0,C,ner_optimal,val,True,0.16639335453510284,0.0,True,773.6688311688312,1232,953160,1112,52719,120,900443,53831,0.0564033302807855,0.02065724210956512,0.9025974025974026,145559.25974025973,0.15271230406254954,0.15271230406254954,0.0,1135,52778,97,900382,53913,0.05648936705253187,0.021052436332609947,0.9212662337662337,127823.87662337662,0.13410537226003674,0.13410537226003674,0.0
E6_threshold_divergence,random_forest__weighted__split42__model456,random_forest,weighted,42,456,no_origin_balance,773.7010836478753,773.7010836478753,R_x1,1.0000416877063476,6.014139364405448e-05,B,youden,val,False,0.16639335453510284,0.0,True,773.6688311688312,1232,953160,1112,52719,120,900443,53831,0.0564033302807855,0.02065724210956512,0.9025974025974026,145563.13003774505,0.15270999842385688,0.15270999842385696,8.326672684688674e-17,1135,52778,97,900382,53913,0.05648936705253187,0.021052436332609947,0.9212662337662337,127827.0051138439,0.13410306404100905,0.13410306404100908,2.7755575615628914e-17
E6_threshold_divergence,random_forest__weighted__split42__model456,random_forest,weighted,42,456,no_origin_balance,773.7010836478753,773.7010836478753,R_x1,1.0000416877063476,6.014139364405448e-05,C,ner_optimal,val,True,0.16639335453510284,0.0,True,773.6688311688312,1232,953160,1112,52719,120,900443,53831,0.0564033302807855,0.02065724210956512,0.9025974025974026,145563.13003774505,0.15270999842385688,0.15270999842385696,8.326672684688674e-17,1135,52778,97,900382,53913,0.05648936705253187,0.021052436332609947,0.9212662337662337,127827.0051138439,0.13410306404100905,0.13410306404100908,2.7755575615628914e-17
E6_threshold_divergence,random_forest__weighted__split42__model456,random_forest,weighted,42,456,no_origin_balance,773.7010836478753,3094.804334591501,R_x4,4.00016675082539,2.000060141393644,B,youden,val,False,0.16639335453510284,0.06612569093704224,False,773.6688311688312,1232,953160,1112,52719,120,900443,53831,0.0564033302807855,0.02065724210956512,0.9025974025974026,424095.52015098016,0.11122944765791226,0.11122944765791229,2.7755575615628914e-17,1135,52778,97,900382,53913,0.05648936705253187,0.021052436332609947,0.9212662337662337,352974.0204553756,0.09257609068557693,0.09257609068557694,1.3877787807814457e-17
E6_threshold_divergence,random_forest__weighted__split42__model456,random_forest,weighted,42,456,no_origin_balance,773.7010836478753,3094.804334591501,R_x4,4.00016675082539,2.000060141393644,C,ner_optimal,val,True,0.10026766359806061,0.06612569093704224,False,773.6688311688312,1232,953160,1177,134124,55,819038,135301,0.1417663983637785,0.008699122696801946,0.9553571428571429,304338.23840253253,0.07982016444466206,0.07982016444466206,0.0,1185,134149,47,819011,135334,0.1418012724331302,0.008756114501899006,0.9618506493506493,279604.8037258006,0.07333321481407752,0.07333321481407754,1.3877787807814457e-17
E6_threshold_divergence,random_forest__weighted__split42__model456,random_forest,weighted,42,456,no_origin_balance,773.7010836478753,12379.217338366005,R_x16,16.00066700330156,4.000060141393644,B,youden,val,False,0.16639335453510284,0.1464962214231491,False,773.6688311688312,1232,953160,1112,52719,120,900443,53831,0.0564033302807855,0.02065724210956512,0.9025974025974026,1538225.0806039206,0.1008593099664261,0.10085930996642613,2.7755575615628914e-17,1135,52778,97,900382,53913,0.05648936705253187,0.021052436332609947,0.9212662337662337,1253562.0818215024,0.08219434734671889,0.0821943473467189,1.3877787807814457e-17
E6_threshold_divergence,random_forest__weighted__split42__model456,random_forest,weighted,42,456,no_origin_balance,773.7010836478753,12379.217338366005,R_x16,16.00066700330156,4.000060141393644,C,ner_optimal,val,True,0.019897133111953735,0.1464962214231491,False,773.6688311688312,1232,953160,1231,342428,1,610734,343659,0.3600808471134563,0.003582039172551861,0.9991883116883117,354807.217338366,0.023264222878101582,0.023264222878101582,0.0,1229,342165,3,610995,343394,0.35980393800450966,0.0035789792483269947,0.997564935064935,379302.652015098,0.024870354951993447,0.024870354951993447,0.0
E6_threshold_divergence,random_forest__weighted__split42__model456,random_forest,weighted,42,456,no_origin_balance,773.7010836478753,49516.86935346402,R_x64,64.00266801320625,6.000060141393644,B,youden,val,False,0.16639335453510284,0.16515020187944174,False,773.6688311688312,1232,953160,1112,52719,120,900443,53831,0.0564033302807855,0.02065724210956512,0.9025974025974026,5994743.3224156825,0.09826677554355456,0.09826677554355459,2.7755575615628914e-17,1135,52778,97,900382,53913,0.05648936705253187,0.021052436332609947,0.9212662337662337,4855914.32728601,0.07959891151200439,0.0795989115120044,1.3877787807814457e-17
E6_threshold_divergence,random_forest__weighted__split42__model456,random_forest,weighted,42,456,no_origin_balance,773.7010836478753,49516.86935346402,R_x64,64.00266801320625,6.000060141393644,C,ner_optimal,val,True,0.0012431526556611061,0.16515020187944174,False,773.6688311688312,1232,953160,1232,415828,0,537334,417060,0.4369893356412551,0.0029540114132259147,1.0,415828.0,0.006816317987783196,0.006816317987783196,0.0,1231,416362,1,536798,417593,0.43754872211837487,0.0029478463479991283,0.9991883116883117,465878.869353464,0.007636759711472325,0.007636759711472325,0.0
E6_threshold_divergence,random_forest__weighted__split42__model789,random_forest,weighted,42,789,no_origin_balance,773.7010836478753,12.089079431998051,R_x0.015625,0.01562565137041168,-5.999939858606356,B,youden,val,False,0.1887541115283966,-0.4361351430416107,False,773.6688311688312,1232,953160,1098,33921,134,919241,35019,0.03669239328830651,0.03135440760729889,0.8912337662337663,35540.93664388774,2.3862993888468926,2.3862993888468926,0.0,1118,34048,114,919112,35166,0.03684649494128199,0.03179207188761872,0.9074675324675324,35426.15505524778,2.3785926917058786,2.3785926917058786,0.0
E6_threshold_divergence,random_forest__weighted__split42__model789,random_forest,weighted,42,789,no_origin_balance,773.7010836478753,12.089079431998051,R_x0.015625,0.01562565137041168,-5.999939858606356,C,ner_optimal,val,True,0.6248892545700073,-0.4361351430416107,False,773.6688311688312,1232,953160,878,267,354,952895,1145,0.0011997141641711913,0.7668122270742358,0.7126623376623377,4546.53411892731,0.30526465011533793,0.305264650115338,5.551115123125783e-17,939,238,293,952922,1177,0.0012332458780040067,0.7977909940526763,0.7621753246753247,3780.100273575429,0.2538045370890454,0.2538045370890454,0.0
E6_threshold_divergence,random_forest__weighted__split42__model789,random_forest,weighted,42,789,no_origin_balance,773.7010836478753,48.356317727992206,R_x0.0625,0.06250260548164673,-3.999939858606356,B,youden,val,False,0.1887541115283966,-0.35422107577323914,False,773.6688311688312,1232,953160,1098,33921,134,919241,35019,0.03669239328830651,0.03135440760729889,0.8912337662337663,40400.746575550955,0.6781495225363985,0.6781495225363985,0.0,1118,34048,114,919112,35166,0.03684649494128199,0.03179207188761872,0.9074675324675324,39560.62022099111,0.6640475235758203,0.6640475235758203,0.0
E6_threshold_divergence,random_forest__weighted__split42__model789,random_forest,weighted,42,789,no_origin_balance,773.7010836478753,48.356317727992206,R_x0.0625,0.06250260548164673,-3.999939858606356,C,ner_optimal,val,True,0.5429751873016357,-0.35422107577323914,False,773.6688311688312,1232,953160,908,515,324,952647,1423,0.0014909984765201793,0.6380885453267744,0.737012987012987,16182.446943869474,0.2716315810633266,0.27163158106332663,5.551115123125783e-17,960,566,272,952594,1526,0.0015989237126882874,0.6290956749672346,0.7792207792207793,13718.91842201388,0.23027985287862565,0.23027985287862565,0.0
E6_threshold_divergence,random_forest__weighted__split42__model789,random_forest,weighted,42,789,no_origin_balance,773.7010836478753,193.42527091196882,R_x0.25,0.2500104219265869,-1.999939858606356,B,youden,val,False,0.1887541115283966,-0.077599436044693,False,773.6688311688312,1232,953160,1098,33921,134,919241,35019,0.03669239328830651,0.03135440760729889,0.8912337662337663,59839.98630220382,0.25111205595877495,0.25111205595877495,0.0,1118,34048,114,919112,35166,0.03684649494128199,0.03179207188761872,0.9074675324675324,56098.48088396445,0.23541123154330568,0.2354112315433057,2.7755575615628914e-17
E6_threshold_divergence,random_forest__weighted__split42__model789,random_forest,weighted,42,789,no_origin_balance,773.7010836478753,193.42527091196882,R_x0.25,0.2500104219265869,-1.999939858606356,C,ner_optimal,val,True,0.2663535475730896,-0.077599436044693,False,773.6688311688312,1232,953160,1048,17191,184,935971,18239,0.019110556017745292,0.05745929053127913,0.8506493506493507,52781.24984780226,0.22149082886516763,0.22149082886516763,0.0,1082,17357,150,935803,18439,0.01932015356373482,0.058679971798904496,0.8782467532467533,46370.790636795326,0.1945900273845942,0.19459002738459422,2.7755575615628914e-17
E6_threshold_divergence,random_forest__weighted__split42__model789,random_forest,weighted,42,789,no_origin_balance,773.7010836478753,773.6688311688312,val_class_ratio,1.0,0.0,B,youden,val,False,0.1887541115283966,0.0,True,773.6688311688312,1232,953160,1098,33921,134,919241,35019,0.03669239328830651,0.03135440760729889,0.8912337662337663,137592.62337662338,0.1443541728320779,0.1443541728320779,0.0,1118,34048,114,919112,35166,0.03684649494128199,0.03179207188761872,0.9074675324675324,122246.24675324676,0.12825364760716643,0.12825364760716643,0.0
E6_threshold_divergence,random_forest__weighted__split42__model789,random_forest,weighted,42,789,no_origin_balance,773.7010836478753,773.6688311688312,val_class_ratio,1.0,0.0,C,ner_optimal,val,True,0.1887541115283966,0.0,True,773.6688311688312,1232,953160,1098,33921,134,919241,35019,0.03669239328830651,0.03135440760729889,0.8912337662337663,137592.62337662338,0.1443541728320779,0.1443541728320779,0.0,1118,34048,114,919112,35166,0.03684649494128199,0.03179207188761872,0.9074675324675324,122246.24675324676,0.12825364760716643,0.12825364760716643,0.0
E6_threshold_divergence,random_forest__weighted__split42__model789,random_forest,weighted,42,789,no_origin_balance,773.7010836478753,773.7010836478753,R_x1,1.0000416877063476,6.014139364405448e-05,B,youden,val,False,0.1887541115283966,0.0,True,773.6688311688312,1232,953160,1098,33921,134,919241,35019,0.03669239328830651,0.03135440760729889,0.8912337662337663,137596.94520881528,0.14435268931436904,0.14435268931436904,0.0,1118,34048,114,919112,35166,0.03684649494128199,0.03179207188761872,0.9074675324675324,122249.92353585779,0.12825215853517705,0.12825215853517707,2.7755575615628914e-17
E6_threshold_divergence,random_forest__weighted__split42__model789,random_forest,weighted,42,789,no_origin_balance,773.7010836478753,773.7010836478753,R_x1,1.0000416877063476,6.014139364405448e-05,C,ner_optimal,val,True,0.1887541115283966,0.0,True,773.6688311688312,1232,953160,1098,33921,134,919241,35019,0.03669239328830651,0.03135440760729889,0.8912337662337663,137596.94520881528,0.14435268931436904,0.14435268931436904,0.0,1118,34048,114,919112,35166,0.03684649494128199,0.03179207188761872,0.9074675324675324,122249.92353585779,0.12825215853517705,0.12825215853517707,2.7755575615628914e-17
E6_threshold_divergence,random_forest__weighted__split42__model789,random_forest,weighted,42,789,no_origin_balance,773.7010836478753,3094.804334591501,R_x4,4.00016675082539,2.000060141393644,B,youden,val,False,0.1887541115283966,0.09075465053319931,False,773.6688311688312,1232,953160,1098,33921,134,919241,35019,0.03669239328830651,0.03135440760729889,0.8912337662337663,448624.78083526116,0.11766284765326758,0.1176628476532676,1.3877787807814457e-17,1118,34048,114,919112,35166,0.03684649494128199,0.03179207188761872,0.9074675324675324,386855.69414343114,0.1014623902831449,0.10146239028314492,2.7755575615628914e-17
E6_threshold_divergence,random_forest__weighted__split42__model789,random_forest,weighted,42,789,no_origin_balance,773.7010836478753,3094.804334591501,R_x4,4.00016675082539,2.000060141393644,C,ner_optimal,val,True,0.0979994609951973,0.09075465053319931,False,773.6688311688312,1232,953160,1173,143012,59,810150,144185,0.15107492293539146,0.008135381627769878,0.9521103896103896,325605.45574089856,0.08539801359743095,0.08539801359743095,0.0,1182,142915,50,810245,144097,0.15098303422493065,0.008202807830836174,0.9594155844155844,297655.21672957507,0.07806737816409894,0.07806737816409894,0.0
E6_threshold_divergence,random_forest__weighted__split42__model789,random_forest,weighted,42,789,no_origin_balance,773.7010836478753,12379.217338366005,R_x16,16.00066700330156,4.000060141393644,B,youden,val,False,0.1887541115283966,0.17920254915952682,False,773.6688311688312,1232,953160,1098,33921,134,919241,35019,0.03669239328830651,0.03135440760729889,0.8912337662337663,1692736.1233410446,0.1109903872379922,0.11099038723799222,1.3877787807814457e-17,1118,34048,114,919112,35166,0.03684649494128199,0.03179207188761872,0.9074675324675324,1445278.7765737246,0.09476494822013685,0.09476494822013688,2.7755575615628914e-17
E6_threshold_divergence,random_forest__weighted__split42__model789,random_forest,weighted,42,789,no_origin_balance,773.7010836478753,12379.217338366005,R_x16,16.00066700330156,4.000060141393644,C,ner_optimal,val,True,0.009551562368869781,0.17920254915952682,False,773.6688311688312,1232,953160,1232,350101,0,603061,351333,0.3681215514766438,0.0035066446932112837,1.0,350101.0,0.022955642658415352,0.022955642658415352,0.0,1230,350121,2,603039,351351,0.3681411830778129,0.0035007727315419625,0.9983766233766234,374879.434676732,0.024580330654376367,0.024580330654376367,0.0
E6_threshold_divergence,random_forest__weighted__split42__model789,random_forest,weighted,42,789,no_origin_balance,773.7010836478753,49516.86935346402,R_x64,64.00266801320625,6.000060141393644,B,youden,val,False,0.1887541115283966,0.18328524427488446,False,773.6688311688312,1232,953160,1098,33921,134,919241,35019,0.03669239328830651,0.03135440760729889,0.8912337662337663,6669181.493364179,0.10932227213417336,0.10932227213417338,1.3877787807814457e-17,1118,34048,114,919112,35166,0.03684649494128199,0.03179207188761872,0.9074675324675324,5678971.106294898,0.09309058770438484,0.09309058770438487,2.7755575615628914e-17
E6_threshold_divergence,random_forest__weighted__split42__model789,random_forest,weighted,42,789,no_origin_balance,773.7010836478753,49516.86935346402,R_x64,64.00266801320625,6.000060141393644,C,ner_optimal,val,True,0.005468867253512144,0.18328524427488446,False,773.6688311688312,1232,953160,1232,374346,0,578816,375578,0.3935251059834827,0.0032802773325381145,1.0,374346.0,0.0061363385184612105,0.0061363385184612105,0.0,1231,374759,1,578401,375990,0.3939576190915263,0.003274023245299077,0.9991883116883117,424275.869353464,0.006954796791116447,0.006954796791116447,0.0
E6_threshold_divergence,random_forest__weighted__split456__model123,random_forest,weighted,456,123,no_origin_balance,773.7010836478753,12.089079431998051,R_x0.015625,0.01562565137041168,-5.999939858606356,B,youden,val,False,0.198261559009552,-0.3638436198234558,False,773.6688311688312,1232,953160,1096,27302,136,925860,28398,0.029755006842037985,0.038594267201915625,0.8896103896103896,28946.114802751734,1.943508038502347,1.943508038502347,0.0,1119,27087,113,926073,28206,0.029553893997435018,0.03967241012550521,0.9082792207792207,28453.065975815778,1.9104036179245263,1.9104036179245263,0.0
E6_threshold_divergence,random_forest__weighted__split456__model123,random_forest,weighted,456,123,no_origin_balance,773.7010836478753,12.089079431998051,R_x0.015625,0.01562565137041168,-5.999939858606356,C,ner_optimal,val,True,0.5621051788330078,-0.3638436198234558,False,773.6688311688312,1232,953160,938,482,294,952680,1420,0.0014878551206315212,0.6605633802816901,0.7613636363636364,4036.189353007427,0.270998940823029,0.27099894082302906,5.551115123125783e-17,916,463,316,952697,1379,0.001444898951374278,0.6642494561276288,0.7435064935064936,4283.149100511384,0.2875803804300751,0.2875803804300751,0.0
E6_threshold_divergence,random_forest__weighted__split456__model123,random_forest,weighted,456,123,no_origin_balance,773.7010836478753,48.356317727992206,R_x0.0625,0.06250260548164673,-3.999939858606356,B,youden,val,False,0.198261559009552,-0.27107688784599304,False,773.6688311688312,1232,953160,1096,27302,136,925860,28398,0.029755006842037985,0.038594267201915625,0.8896103896103896,33878.45921100694,0.5686692174177946,0.5686692174177946,0.0,1119,27087,113,926073,28206,0.029553893997435018,0.03967241012550521,0.9082792207792207,32551.26390326312,0.546391488896716,0.546391488896716,0.0
E6_threshold_divergence,random_forest__weighted__split456__model123,random_forest,weighted,456,123,no_origin_balance,773.7010836478753,48.356317727992206,R_x0.0625,0.06250260548164673,-3.999939858606356,C,ner_optimal,val,True,0.46933844685554504,-0.27107688784599304,False,773.6688311688312,1232,953160,971,1396,261,951766,2367,0.002480107796151275,0.4102239121250528,0.7881493506493507,14016.998927005965,0.23528330378663734,0.23528330378663737,2.7755575615628914e-17,949,1337,283,951823,2286,0.002395242206556635,0.41513560804899385,0.7702922077922078,15021.837917021794,0.25215009806804717,0.2521500980680472,5.551115123125783e-17
E6_threshold_divergence,random_forest__weighted__split456__model123,random_forest,weighted,456,123,no_origin_balance,773.7010836478753,193.42527091196882,R_x0.25,0.2500104219265869,-1.999939858606356,B,youden,val,False,0.198261559009552,-0.043284058570861816,False,773.6688311688312,1232,953160,1096,27302,136,925860,28398,0.029755006842037985,0.038594267201915625,0.8896103896103896,53607.836844027755,0.22495951214665644,0.22495951214665644,0.0,1119,27087,113,926073,28206,0.029553893997435018,0.03967241012550521,0.9082792207792207,48944.05561305248,0.20538845663976338,0.20538845663976343,5.551115123125783e-17
E6_threshold_divergence,random_forest__weighted__split456__model123,random_forest,weighted,456,123,no_origin_balance,773.7010836478753,193.42527091196882,R_x0.25,0.2500104219265869,-1.999939858606356,C,ner_optimal,val,True,0.24154561758041382,-0.043284058570861816,False,773.6688311688312,1232,953160,1077,18382,155,934780,19459,0.020388854079132938,0.05534714014080888,0.8741883116883117,48362.91699135517,0.20294977101984227,0.20294977101984232,5.551115123125783e-17,1089,18020,143,935140,19109,0.02002217118332928,0.05698885341985452,0.8839285714285714,45679.81374041154,0.1916904172778226,0.1916904172778226,0.0
E6_threshold_divergence,random_forest__weighted__split456__model123,random_forest,weighted,456,123,no_origin_balance,773.7010836478753,773.6688311688312,val_class_ratio,1.0,0.0,B,youden,val,False,0.198261559009552,0.0,True,773.6688311688312,1232,953160,1096,27302,136,925860,28398,0.029755006842037985,0.038594267201915625,0.8896103896103896,132520.96103896102,0.1390332798679771,0.13903327986797706,2.7755575615628914e-17,1119,27087,113,926073,28206,0.029553893997435018,0.03967241012550521,0.9082792207792207,114511.57792207792,0.12013888321171462,0.12013888321171463,1.3877787807814457e-17
E6_threshold_divergence,random_forest__weighted__split456__model123,random_forest,weighted,456,123,no_origin_balance,773.7010836478753,773.6688311688312,val_class_ratio,1.0,0.0,C,ner_optimal,val,True,0.198261559009552,0.0,True,773.6688311688312,1232,953160,1096,27302,136,925860,28398,0.029755006842037985,0.038594267201915625,0.8896103896103896,132520.96103896102,0.1390332798679771,0.13903327986797706,2.7755575615628914e-17,1119,27087,113,926073,28206,0.029553893997435018,0.03967241012550521,0.9082792207792207,114511.57792207792,0.12013888321171462,0.12013888321171463,1.3877787807814457e-17
E6_threshold_divergence,random_forest__weighted__split456__model123,random_forest,weighted,456,123,no_origin_balance,773.7010836478753,773.7010836478753,R_x1,1.0000416877063476,6.014139364405448e-05,B,youden,val,False,0.198261559009552,0.0,True,773.6688311688312,1232,953160,1096,27302,136,925860,28398,0.029755006842037985,0.038594267201915625,0.8896103896103896,132525.34737611102,0.1390320858288719,0.1390320858288719,0.0,1119,27087,113,926073,28206,0.029553893997435018,0.03967241012550521,0.9082792207792207,114515.22245220991,0.12013769857552524,0.12013769857552528,4.163336342344337e-17
E6_threshold_divergence,random_forest__weighted__split456__model123,random_forest,weighted,456,123,no_origin_balance,773.7010836478753,773.7010836478753,R_x1,1.0000416877063476,6.014139364405448e-05,C,ner_optimal,val,True,0.198261559009552,0.0,True,773.6688311688312,1232,953160,1096,27302,136,925860,28398,0.029755006842037985,0.038594267201915625,0.8896103896103896,132525.34737611102,0.1390320858288719,0.1390320858288719,0.0,1119,27087,113,926073,28206,0.029553893997435018,0.03967241012550521,0.9082792207792207,114515.22245220991,0.12013769857552524,0.12013769857552528,4.163336342344337e-17
E6_threshold_divergence,random_forest__weighted__split456__model123,random_forest,weighted,456,123,no_origin_balance,773.7010836478753,3094.804334591501,R_x4,4.00016675082539,2.000060141393644,B,youden,val,False,0.198261559009552,0.07349403947591782,False,773.6688311688312,1232,953160,1096,27302,136,925860,28398,0.029755006842037985,0.038594267201915625,0.8896103896103896,448195.38950444415,0.11755022924942576,0.11755022924942576,0.0,1119,27087,113,926073,28206,0.029553893997435018,0.03967241012550521,0.9082792207792207,376799.88980883965,0.0988250090594657,0.09882500905946574,4.163336342344337e-17
E6_threshold_divergence,random_forest__weighted__split456__model123,random_forest,weighted,456,123,no_origin_balance,773.7010836478753,3094.804334591501,R_x4,4.00016675082539,2.000060141393644,C,ner_optimal,val,True,0.12476751953363419,0.07349403947591782,False,773.6688311688312,1232,953160,1152,91248,80,861914,92400,0.09681536137067082,0.012467532467532468,0.935064935064935,338832.34676732006,0.08886709005118952,0.08886709005118952,0.0,1168,90544,64,862616,91712,0.09609468646007091,0.012735519888346127,0.948051948051948,288611.4774138561,0.07569543580429411,0.07569543580429411,0.0
E6_threshold_divergence,random_forest__weighted__split456__model123,random_forest,weighted,456,123,no_origin_balance,773.7010836478753,12379.217338366005,R_x16,16.00066700330156,4.000060141393644,B,youden,val,False,0.198261559009552,0.1854325821623206,False,773.6688311688312,1232,953160,1096,27302,136,925860,28398,0.029755006842037985,0.038594267201915625,0.8896103896103896,1710875.5580177766,0.11217976510456423,0.11217976510456423,0.0,1119,27087,113,926073,28206,0.029553893997435018,0.03967241012550521,0.9082792207792207,1425938.5592353586,0.09349683668045082,0.09349683668045085,2.7755575615628914e-17
E6_threshold_divergence,random_forest__weighted__split456__model123,random_forest,weighted,456,123,no_origin_balance,773.7010836478753,12379.217338366005,R_x16,16.00066700330156,4.000060141393644,C,ner_optimal,val,True,0.012828976847231388,0.1854325821623206,False,773.6688311688312,1232,953160,1231,345339,1,607823,346570,0.3631309501107509,0.003551951986611651,0.9991883116883117,357718.217338366,0.023455093157759874,0.023455093157759874,0.0,1230,344994,2,608166,346224,0.36276917660667735,0.003552613337030362,0.9983766233766234,369752.434676732,0.024244160292367416,0.024244160292367416,0.0
E6_threshold_divergence,random_forest__weighted__split456__model123,random_forest,weighted,456,123,no_origin_balance,773.7010836478753,49516.86935346402,R_x64,64.00266801320625,6.000060141393644,B,youden,val,False,0.198261559009552,0.1942040054127574,False,773.6688311688312,1232,953160,1096,27302,136,925860,28398,0.029755006842037985,0.038594267201915625,0.8896103896103896,6761596.232071106,0.11083714906834885,0.11083714906834885,0.0,1119,27087,113,926073,28206,0.029553893997435018,0.03967241012550521,0.9082792207792207,5622493.236941434,0.0921647935856971,0.09216479358569714,4.163336342344337e-17
E6_threshold_divergence,random_forest__weighted__split456__model123,random_forest,weighted,456,123,no_origin_balance,773.7010836478753,49516.86935346402,R_x64,64.00266801320625,6.000060141393644,C,ner_optimal,val,True,0.004057553596794605,0.1942040054127574,False,773.6688311688312,1232,953160,1231,377029,1,576133,378260,0.39633526614794307,0.0032543752974144766,0.9991883116883117,426545.869353464,0.006992006988198577,0.006992006988198577,0.0,1232,376800,0,576360,378032,0.39609720115005154,0.003258983366487493,1.0,376800.0,0.006176564872487442,0.006176564872487442,0.0
E6_threshold_divergence,random_forest__weighted__split456__model42,random_forest,weighted,456,42,no_origin_balance,773.7010836478753,12.089079431998051,R_x0.015625,0.01562565137041168,-5.999939858606356,B,youden,val,False,0.17373357713222504,-0.39480961859226227,False,773.6688311688312,1232,953160,1115,46877,117,906285,47992,0.05028531193616054,0.023233038839806635,0.9050324675324676,48291.42229354377,3.2423960195615464,3.2423960195615464,0.0,1141,46405,91,906755,47546,0.0498181040914006,0.02399781264459681,0.9261363636363636,47505.10622831182,3.1896009690341938,3.1896009690341938,0.0
E6_threshold_divergence,random_forest__weighted__split456__model42,random_forest,weighted,456,42,no_origin_balance,773.7010836478753,12.089079431998051,R_x0.015625,0.01562565137041168,-5.999939858606356,C,ner_optimal,val,True,0.5685431957244873,-0.39480961859226227,False,773.6688311688312,1232,953160,932,409,300,952753,1341,0.00140508008223019,0.6950037285607755,0.7564935064935064,4035.7238295994152,0.2709676845217345,0.2709676845217345,0.0,910,384,322,952776,1294,0.001355837014560055,0.7032457496136012,0.7386363636363636,4276.683577103373,0.2871462704708552,0.28714627047085534,1.1102230246251565e-16
E6_threshold_divergence,random_forest__weighted__split456__model42,random_forest,weighted,456,42,no_origin_balance,773.7010836478753,48.356317727992206,R_x0.0625,0.06250260548164673,-3.999939858606356,B,youden,val,False,0.17373357713222504,-0.32368431985378265,False,773.6688311688312,1232,953160,1115,46877,117,906285,47992,0.05028531193616054,0.023233038839806635,0.9050324675324676,52534.68917417509,0.881824654241036,0.881824654241036,0.0,1141,46405,91,906755,47546,0.0498181040914006,0.02399781264459681,0.9261363636363636,50805.42491324729,0.8527979695312756,0.8527979695312756,0.0
E6_threshold_divergence,random_forest__weighted__split456__model42,random_forest,weighted,456,42,no_origin_balance,773.7010836478753,48.356317727992206,R_x0.0625,0.06250260548164673,-3.999939858606356,C,ner_optimal,val,True,0.4974178969860077,-0.32368431985378265,False,773.6688311688312,1232,953160,957,1020,275,952142,1977,0.0020714715306257166,0.48406676783004554,0.7767857142857143,14317.987375197856,0.24033556617611077,0.24033556617611077,0.0,937,984,295,952176,1921,0.002012799772001442,0.4877667881311817,0.760551948051948,15249.1137297577,0.255965051922989,0.2559650519229891,5.551115123125783e-17
E6_threshold_divergence,random_forest__weighted__split456__model42,random_forest,weighted,456,42,no_origin_balance,773.7010836478753,193.42527091196882,R_x0.25,0.2500104219265869,-1.999939858606356,B,youden,val,False,0.17373357713222504,-0.07766680419445038,False,773.6688311688312,1232,953160,1115,46877,117,906285,47992,0.05028531193616054,0.023233038839806635,0.9050324675324676,69507.75669670035,0.29168181291090833,0.29168181291090833,0.0,1141,46405,91,906755,47546,0.0498181040914006,0.02399781264459681,0.9261363636363636,64006.69965298916,0.26859721965554617,0.26859721965554617,0.0
E6_threshold_divergence,random_forest__weighted__split456__model42,random_forest,weighted,456,42,no_origin_balance,773.7010836478753,193.42527091196882,R_x0.25,0.2500104219265869,-1.999939858606356,C,ner_optimal,val,True,0.2514003813266754,-0.07766680419445038,False,773.6688311688312,1232,953160,1067,17285,165,935877,18352,0.01922895575621808,0.058140802092415,0.8660714285714286,49200.16970047486,0.2064632118164749,0.20646321181647492,2.7755575615628914e-17,1085,16997,147,936163,18082,0.01894609342911508,0.060004424289348525,0.8806818181818182,45430.51482405941,0.1906442612323094,0.1906442612323094,0.0
E6_threshold_divergence,random_forest__weighted__split456__model42,random_forest,weighted,456,42,no_origin_balance,773.7010836478753,773.6688311688312,val_class_ratio,1.0,0.0,B,youden,val,False,0.17373357713222504,0.0,True,773.6688311688312,1232,953160,1115,46877,117,906285,47992,0.05028531193616054,0.023233038839806635,0.9050324675324676,137396.25324675324,0.14414815272016582,0.14414815272016582,0.0,1141,46405,91,906755,47546,0.0498181040914006,0.02399781264459681,0.9261363636363636,116808.86363636363,0.12254906168572291,0.1225490616857229,1.3877787807814457e-17
E6_threshold_divergence,random_forest__weighted__split456__model42,random_forest,weighted,456,42,no_origin_balance,773.7010836478753,773.6688311688312,val_class_ratio,1.0,0.0,C,ner_optimal,val,True,0.17373357713222504,0.0,True,773.6688311688312,1232,953160,1115,46877,117,906285,47992,0.05028531193616054,0.023233038839806635,0.9050324675324676,137396.25324675324,0.14414815272016582,0.14414815272016582,0.0,1141,46405,91,906755,47546,0.0498181040914006,0.02399781264459681,0.9261363636363636,116808.86363636363,0.12254906168572291,0.1225490616857229,1.3877787807814457e-17
E6_threshold_divergence,random_forest__weighted__split456__model42,random_forest,weighted,456,42,no_origin_balance,773.7010836478753,773.7010836478753,R_x1,1.0000416877063476,6.014139364405448e-05,B,youden,val,False,0.17373357713222504,0.0,True,773.6688311688312,1232,953160,1115,46877,117,906285,47992,0.05028531193616054,0.023233038839806635,0.9050324675324676,137400.0267868014,0.1441461025783764,0.14414610257837643,2.7755575615628914e-17,1141,46405,91,906755,47546,0.0498181040914006,0.02399781264459681,0.9261363636363636,116811.79861195665,0.12254703218661381,0.12254703218661382,1.3877787807814457e-17
E6_threshold_divergence,random_forest__weighted__split456__model42,random_forest,weighted,456,42,no_origin_balance,773.7010836478753,773.7010836478753,R_x1,1.0000416877063476,6.014139364405448e-05,C,ner_optimal,val,True,0.17373357713222504,0.0,True,773.6688311688312,1232,953160,1115,46877,117,906285,47992,0.05028531193616054,0.023233038839806635,0.9050324675324676,137400.0267868014,0.1441461025783764,0.14414610257837643,2.7755575615628914e-17,1141,46405,91,906755,47546,0.0498181040914006,0.02399781264459681,0.9261363636363636,116811.79861195665,0.12254703218661381,0.12254703218661382,1.3877787807814457e-17
E6_threshold_divergence,random_forest__weighted__split456__model42,random_forest,weighted,456,42,no_origin_balance,773.7010836478753,3094.804334591501,R_x4,4.00016675082539,2.000060141393644,B,youden,val,False,0.17373357713222504,0.06110662221908569,False,773.6688311688312,1232,953160,1115,46877,117,906285,47992,0.05028531193616054,0.023233038839806635,0.9050324675324676,408969.1071472056,0.10726217499524343,0.10726217499524346,2.7755575615628914e-17,1141,46405,91,906755,47546,0.0498181040914006,0.02399781264459681,0.9261363636363636,328032.1944478266,0.08603448531938071,0.08603448531938072,1.3877787807814457e-17
E6_threshold_divergence,random_forest__weighted__split456__model42,random_forest,weighted,456,42,no_origin_balance,773.7010836478753,3094.804334591501,R_x4,4.00016675082539,2.000060141393644,C,ner_optimal,val,True,0.11262695491313934,0.06110662221908569,False,773.6688311688312,1232,953160,1167,112071,65,841091,113238,0.11864911137329028,0.010305727759232766,0.9472402597402597,313233.28174844757,0.08215310764082477,0.08215310764082477,0.0,1179,111559,53,841601,112738,0.11812546626543391,0.010457875782788412,0.9569805194805194,275583.62973334955,0.07227856334792326,0.07227856334792326,0.0
E6_threshold_divergence,random_forest__weighted__split456__model42,random_forest,weighted,456,42,no_origin_balance,773.7010836478753,12379.217338366005,R_x16,16.00066700330156,4.000060141393644,B,youden,val,False,0.17373357713222504,0.15806766599416733,False,773.6688311688312,1232,953160,1115,46877,117,906285,47992,0.05028531193616054,0.023233038839806635,0.9050324675324676,1495245.4285888225,0.09804119309946017,0.09804119309946022,4.163336342344337e-17,1141,46405,91,906755,47546,0.0498181040914006,0.02399781264459681,0.9261363636363636,1172913.7777913064,0.07690634860257244,0.07690634860257245,1.3877787807814457e-17
E6_threshold_divergence,random_forest__weighted__split456__model42,random_forest,weighted,456,42,no_origin_balance,773.7010836478753,12379.217338366005,R_x16,16.00066700330156,4.000060141393644,C,ner_optimal,val,True,0.01566591113805771,0.15806766599416733,False,773.6688311688312,1232,953160,1232,353456,0,599706,354688,0.37163687114545985,0.003473475279682425,1.0,353456.0,0.02317562540944715,0.02317562540944715,0.0,1231,353308,1,599852,354539,0.37148152960209224,0.003472114492340758,0.9991883116883117,365687.217338366,0.02397760956401096,0.02397760956401096,0.0
E6_threshold_divergence,random_forest__weighted__split456__model42,random_forest,weighted,456,42,no_origin_balance,773.7010836478753,49516.86935346402,R_x64,64.00266801320625,6.000060141393644,B,youden,val,False,0.17373357713222504,0.15806766599416733,False,773.6688311688312,1232,953160,1115,46877,117,906285,47992,0.05028531193616054,0.023233038839806635,0.9050324675324676,5840350.71435529,0.09573594762551436,0.0957359476255144,4.163336342344337e-17,1141,46405,91,906755,47546,0.0498181040914006,0.02399781264459681,0.9261363636363636,4552440.1111652255,0.07462431442337036,0.07462431442337038,1.3877787807814457e-17
E6_threshold_divergence,random_forest__weighted__split456__model42,random_forest,weighted,456,42,no_origin_balance,773.7010836478753,49516.86935346402,R_x64,64.00266801320625,6.000060141393644,C,ner_optimal,val,True,0.01566591113805771,0.15806766599416733,False,773.6688311688312,1232,953160,1232,353456,0,599706,354688,0.37163687114545985,0.003473475279682425,1.0,353456.0,0.005793906352361788,0.005793906352361788,0.0,1231,353308,1,599852,354539,0.37148152960209224,0.003472114492340758,0.9991883116883117,402824.869353464,0.006603168624768973,0.006603168624768973,0.0
E6_threshold_divergence,random_forest__weighted__split456__model456,random_forest,weighted,456,456,no_origin_balance,773.7010836478753,12.089079431998051,R_x0.015625,0.01562565137041168,-5.999939858606356,B,youden,val,False,0.17666885256767273,-0.4358031451702118,False,773.6688311688312,1232,953160,1109,37207,123,915955,38316,0.04014694140994181,0.028943522288339074,0.9001623376623377,38693.95677013576,2.5980003374087413,2.5980003374087413,0.0,1135,36563,97,916597,37698,0.03949949287085391,0.030107698021115178,0.9212662337662337,37735.64070490381,2.5336568153541967,2.5336568153541967,0.0
E6_threshold_divergence,random_forest__weighted__split456__model456,random_forest,weighted,456,456,no_origin_balance,773.7010836478753,12.089079431998051,R_x0.015625,0.01562565137041168,-5.999939858606356,C,ner_optimal,val,True,0.6124719977378845,-0.4358031451702118,False,773.6688311688312,1232,953160,926,298,306,952864,1224,0.0012824892025725225,0.7565359477124183,0.7516233766233766,3997.258306191404,0.26838502172024636,0.2683850217202464,5.551115123125783e-17,902,269,330,952891,1171,0.0012269591530524146,0.7702818104184458,0.7321428571428571,4258.396212559357,0.28591841518746025,0.2859184151874603,5.551115123125783e-17
E6_threshold_divergence,random_forest__weighted__split456__model456,random_forest,weighted,456,456,no_origin_balance,773.7010836478753,48.356317727992206,R_x0.0625,0.06250260548164673,-3.999939858606356,B,youden,val,False,0.17666885256767273,-0.2831570506095886,False,773.6688311688312,1232,953160,1109,37207,123,915955,38316,0.04014694140994181,0.028943522288339074,0.9001623376623377,43154.827080543044,0.724378331105432,0.7243783311054321,1.1102230246251565e-16,1135,36563,97,916597,37698,0.03949949287085391,0.030107698021115178,0.9212662337662337,41253.56281961525,0.6924645285138739,0.692464528513874,1.1102230246251565e-16
E6_threshold_divergence,random_forest__weighted__split456__model456,random_forest,weighted,456,456,no_origin_balance,773.7010836478753,48.356317727992206,R_x0.0625,0.06250260548164673,-3.999939858606356,C,ner_optimal,val,True,0.45982590317726135,-0.2831570506095886,False,773.6688311688312,1232,953160,973,1670,259,951492,2643,0.0027692965379078243,0.36814226258040106,0.7897727272727273,14194.28629154998,0.23825917309124117,0.2382591730912412,2.7755575615628914e-17,957,1595,275,951565,2552,0.0026739536794105566,0.375,0.7767857142857143,14892.987375197856,0.24998726839723764,0.24998726839723764,0.0
E6_threshold_divergence,random_forest__weighted__split456__model456,random_forest,weighted,456,456,no_origin_balance,773.7010836478753,193.42527091196882,R_x0.25,0.2500104219265869,-1.999939858606356,B,youden,val,False,0.17666885256767273,-0.05574296414852142,False,773.6688311688312,1232,953160,1109,37207,123,915955,38316,0.04014694140994181,0.028943522288339074,0.9001623376623377,60998.30832217216,0.25597282952960476,0.25597282952960476,0.0,1135,36563,97,916597,37698,0.03949949287085391,0.030107698021115178,0.9212662337662337,55325.25127846097,0.23216645680379314,0.23216645680379314,0.0
E6_threshold_divergence,random_forest__weighted__split456__model456,random_forest,weighted,456,456,no_origin_balance,773.7010836478753,193.42527091196882,R_x0.25,0.2500104219265869,-1.999939858606356,C,ner_optimal,val,True,0.23241181671619415,-0.05574296414852142,False,773.6688311688312,1232,953160,1083,19316,149,933846,20399,0.021373772257579155,0.05309083778616599,0.8790584415584416,48136.36536588335,0.20199907152994395,0.20199907152994395,0.0,1099,19296,133,933864,20395,0.02136962589795388,0.05388575631282177,0.8920454545454546,45021.56103129186,0.18892813069752987,0.1889281306975299,2.7755575615628914e-17
E6_threshold_divergence,random_forest__weighted__split456__model456,random_forest,weighted,456,456,no_origin_balance,773.7010836478753,773.6688311688312,val_class_ratio,1.0,0.0,B,youden,val,False,0.17666885256767273,0.0,True,773.6688311688312,1232,953160,1109,37207,123,915955,38316,0.04014694140994181,0.028943522288339074,0.9001623376623377,132368.26623376622,0.13887308136489804,0.13887308136489804,0.0,1135,36563,97,916597,37698,0.03949949287085391,0.030107698021115178,0.9212662337662337,111608.87662337662,0.11709353794051011,0.11709353794051011,0.0
E6_threshold_divergence,random_forest__weighted__split456__model456,random_forest,weighted,456,456,no_origin_balance,773.7010836478753,773.6688311688312,val_class_ratio,1.0,0.0,C,ner_optimal,val,True,0.17666885256767273,0.0,True,773.6688311688312,1232,953160,1109,37207,123,915955,38316,0.04014694140994181,0.028943522288339074,0.9001623376623377,132368.26623376622,0.13887308136489804,0.13887308136489804,0.0,1135,36563,97,916597,37698,0.03949949287085391,0.030107698021115178,0.9212662337662337,111608.87662337662,0.11709353794051011,0.11709353794051011,0.0
E6_threshold_divergence,random_forest__weighted__split456__model456,random_forest,weighted,456,456,no_origin_balance,773.7010836478753,773.7010836478753,R_x1,1.0000416877063476,6.014139364405448e-05,B,youden,val,False,0.17666885256767273,0.0,True,773.6688311688312,1232,953160,1109,37207,123,915955,38316,0.04014694140994181,0.028943522288339074,0.9001623376623377,132372.23328868864,0.13887145413564794,0.13887145413564794,0.0,1135,36563,97,916597,37698,0.03949949287085391,0.030107698021115178,0.9212662337662337,111612.0051138439,0.11709193887627295,0.11709193887627296,1.3877787807814457e-17
E6_threshold_divergence,random_forest__weighted__split456__model456,random_forest,weighted,456,456,no_origin_balance,773.7010836478753,773.7010836478753,R_x1,1.0000416877063476,6.014139364405448e-05,C,ner_optimal,val,True,0.17666885256767273,0.0,True,773.6688311688312,1232,953160,1109,37207,123,915955,38316,0.04014694140994181,0.028943522288339074,0.9001623376623377,132372.23328868864,0.13887145413564794,0.13887145413564794,0.0,1135,36563,97,916597,37698,0.03949949287085391,0.030107698021115178,0.9212662337662337,111612.0051138439,0.11709193887627295,0.11709193887627296,1.3877787807814457e-17
E6_threshold_divergence,random_forest__weighted__split456__model456,random_forest,weighted,456,456,no_origin_balance,773.7010836478753,3094.804334591501,R_x4,4.00016675082539,2.000060141393644,B,youden,val,False,0.17666885256767273,0.06799445301294327,False,773.6688311688312,1232,953160,1109,37207,123,915955,38316,0.04014694140994181,0.028943522288339074,0.9001623376623377,417867.93315475463,0.10959611028715871,0.10959611028715874,2.7755575615628914e-17,1135,36563,97,916597,37698,0.03949949287085391,0.030107698021115178,0.9212662337662337,336759.0204553756,0.0883233093943929,0.08832330939439291,1.3877787807814457e-17
E6_threshold_divergence,random_forest__weighted__split456__model456,random_forest,weighted,456,456,no_origin_balance,773.7010836478753,3094.804334591501,R_x4,4.00016675082539,2.000060141393644,C,ner_optimal,val,True,0.10867439955472946,0.06799445301294327,False,773.6688311688312,1232,953160,1170,114029,62,839133,115199,0.12070381833917648,0.010156338162657663,0.9496753246753247,305906.8687446731,0.08023157620980782,0.08023157620980784,1.3877787807814457e-17,1180,113373,52,839787,114553,0.12002720056329055,0.010300908749661728,0.9577922077922078,274302.82539875805,0.07194264100985245,0.07194264100985245,0.0
E6_threshold_divergence,random_forest__weighted__split456__model456,random_forest,weighted,456,456,no_origin_balance,773.7010836478753,12379.217338366005,R_x16,16.00066700330156,4.000060141393644,B,youden,val,False,0.17666885256767273,0.16335861012339592,False,773.6688311688312,1232,953160,1109,37207,123,915955,38316,0.04014694140994181,0.028943522288339074,0.9001623376623377,1559850.7326190185,0.1022772743250364,0.10227727432503643,2.7755575615628914e-17,1135,36563,97,916597,37698,0.03949949287085391,0.030107698021115178,0.9212662337662337,1237347.0818215024,0.08113115202392289,0.0811311520239229,1.3877787807814457e-17
E6_threshold_divergence,random_forest__weighted__split456__model456,random_forest,weighted,456,456,no_origin_balance,773.7010836478753,12379.217338366005,R_x16,16.00066700330156,4.000060141393644,C,ner_optimal,val,True,0.01331024244427681,0.16335861012339592,False,773.6688311688312,1232,953160,1231,340237,1,612925,341468,0.35778514952943963,0.0036050230182623263,0.9991883116883117,352616.217338366,0.023120562011481414,0.023120562011481414,0.0,1230,339969,2,613191,341199,0.35750404445971884,0.00360493436381701,0.9983766233766234,364727.434676732,0.023914677930538867,0.023914677930538867,0.0
E6_threshold_divergence,random_forest__weighted__split456__model456,random_forest,weighted,456,456,no_origin_balance,773.7010836478753,49516.86935346402,R_x64,64.00266801320625,6.000060141393644,B,youden,val,False,0.17666885256767273,0.17291436018422246,False,773.6688311688312,1232,953160,1109,37207,123,915955,38316,0.04014694140994181,0.028943522288339074,0.9001623376623377,6127781.930476074,0.10044756533450583,0.10044756533450586,2.7755575615628914e-17,1135,36563,97,916597,37698,0.03949949287085391,0.030107698021115178,0.9212662337662337,4839699.32728601,0.07933311268130538,0.0793331126813054,1.3877787807814457e-17
E6_threshold_divergence,random_forest__weighted__split456__model456,random_forest,weighted,456,456,no_origin_balance,773.7010836478753,49516.86935346402,R_x64,64.00266801320625,6.000060141393644,C,ner_optimal,val,True,0.0037544923834502697,0.17291436018422246,False,773.6688311688312,1232,953160,1231,380598,1,572564,381829,0.40007481187015004,0.0032239562736198664,0.9991883116883117,430114.869353464,0.007050510597619775,0.007050510597619775,0.0,1232,380492,0,572668,381724,0.39996563257026463,0.0032274627741509573,1.0,380492.0,0.006237084717257145,0.006237084717257145,0.0
E6_threshold_divergence,random_forest__weighted__split456__model789,random_forest,weighted,456,789,no_origin_balance,773.7010836478753,12.089079431998051,R_x0.015625,0.01562565137041168,-5.999939858606356,B,youden,val,False,0.19226059317588806,-0.3756076991558075,False,773.6688311688312,1232,953160,1095,33037,137,920125,34132,0.03576300773055992,0.03208133130200398,0.8887987012987013,34693.203882183734,2.3293806815142974,2.3293806815142974,0.0,1131,32568,101,920592,33699,0.03530939069061769,0.03356182676043799,0.9180194805194806,33788.997022631804,2.2686701746990243,2.2686701746990243,0.0
E6_threshold_divergence,random_forest__weighted__split456__model789,random_forest,weighted,456,789,no_origin_balance,773.7010836478753,12.089079431998051,R_x0.015625,0.01562565137041168,-5.999939858606356,C,ner_optimal,val,True,0.5678682923316956,-0.3756076991558075,False,773.6688311688312,1232,953160,942,428,290,952734,1370,0.0014354658558205521,0.6875912408759124,0.7646103896103896,3933.833035279435,0.26412650465494814,0.26412650465494814,0.0,919,421,313,952739,1340,0.0014040352391889287,0.685820895522388,0.7459415584415584,4204.88186221539,0.28232533988953307,0.2823253398895332,1.1102230246251565e-16
E6_threshold_divergence,random_forest__weighted__split456__model789,random_forest,weighted,456,789,no_origin_balance,773.7010836478753,48.356317727992206,R_x0.0625,0.06250260548164673,-3.999939858606356,B,youden,val,False,0.19226059317588806,-0.28521135449409485,False,773.6688311688312,1232,953160,1095,33037,137,920125,34132,0.03576300773055992,0.03208133130200398,0.8887987012987013,39661.81552873493,0.6657461444045483,0.6657461444045483,0.0,1131,32568,101,920592,33699,0.03530939069061769,0.03356182676043799,0.9180194805194806,37451.988090527215,0.6286529332851457,0.6286529332851457,0.0
E6_threshold_divergence,random_forest__weighted__split456__model789,random_forest,weighted,456,789,no_origin_balance,773.7010836478753,48.356317727992206,R_x0.0625,0.06250260548164673,-3.999939858606356,C,ner_optimal,val,True,0.4774719476699829,-0.28521135449409485,False,773.6688311688312,1232,953160,969,1338,263,951824,2307,0.002417240678378112,0.42002600780234073,0.786525974025974,14055.711562461951,0.23593311740336115,0.23593311740336123,8.326672684688674e-17,947,1303,285,951857,2250,0.0023575218568470816,0.42088888888888887,0.7686688311688312,15084.550552477778,0.2532027653426963,0.2532027653426963,0.0
E6_threshold_divergence,random_forest__weighted__split456__model789,random_forest,weighted,456,789,no_origin_balance,773.7010836478753,193.42527091196882,R_x0.25,0.2500104219265869,-1.999939858606356,B,youden,val,False,0.19226059317588806,-0.04959079623222351,False,773.6688311688312,1232,953160,1095,33037,137,920125,34132,0.03576300773055992,0.03208133130200398,0.8887987012987013,59536.26211493973,0.2498375101271111,0.2498375101271111,0.0,1131,32568,101,920592,33699,0.03530939069061769,0.03356182676043799,0.9180194805194806,52103.95236210885,0.218648622931676,0.21864862293167603,2.7755575615628914e-17
E6_threshold_divergence,random_forest__weighted__split456__model789,random_forest,weighted,456,789,no_origin_balance,773.7010836478753,193.42527091196882,R_x0.25,0.2500104219265869,-1.999939858606356,C,ner_optimal,val,True,0.24185138940811157,-0.04959079623222351,False,773.6688311688312,1232,953160,1075,19177,157,933985,20252,0.021219747819034906,0.05308117716768714,0.872564935064935,49544.76753317911,0.20790927949791274,0.20790927949791282,8.326672684688674e-17,1095,18955,137,934205,20050,0.02100813921323733,0.05461346633416459,0.8887987012987013,45454.26211493973,0.19074391418019432,0.19074391418019432,0.0
E6_threshold_divergence,random_forest__weighted__split456__model789,random_forest,weighted,456,789,no_origin_balance,773.7010836478753,773.6688311688312,val_class_ratio,1.0,0.0,B,youden,val,False,0.19226059317588806,0.0,True,773.6688311688312,1232,953160,1095,33037,137,920125,34132,0.03576300773055992,0.03208133130200398,0.8887987012987013,139029.62987012987,0.14586179641416958,0.14586179641416958,0.0,1131,32568,101,920592,33699,0.03530939069061769,0.03356182676043799,0.9180194805194806,110708.55194805194,0.11614896968824957,0.11614896968824956,1.3877787807814457e-17
E6_threshold_divergence,random_forest__weighted__split456__model789,random_forest,weighted,456,789,no_origin_balance,773.7010836478753,773.6688311688312,val_class_ratio,1.0,0.0,C,ner_optimal,val,True,0.19226059317588806,0.0,True,773.6688311688312,1232,953160,1095,33037,137,920125,34132,0.03576300773055992,0.03208133130200398,0.8887987012987013,139029.62987012987,0.14586179641416958,0.14586179641416958,0.0,1131,32568,101,920592,33699,0.03530939069061769,0.03356182676043799,0.9180194805194806,110708.55194805194,0.11614896968824957,0.11614896968824956,1.3877787807814457e-17
E6_threshold_divergence,random_forest__weighted__split456__model789,random_forest,weighted,456,789,no_origin_balance,773.7010836478753,773.7010836478753,R_x1,1.0000416877063476,6.014139364405448e-05,B,youden,val,False,0.19226059317588806,0.0,True,773.6688311688312,1232,953160,1095,33037,137,920125,34132,0.03576300773055992,0.03208133130200398,0.8887987012987013,139034.04845975892,0.14586035155775182,0.14586035155775182,0.0,1131,32568,101,920592,33699,0.03530939069061769,0.03356182676043799,0.9180194805194806,110711.80944843541,0.1161475453433086,0.11614754534330862,2.7755575615628914e-17
E6_threshold_divergence,random_forest__weighted__split456__model789,random_forest,weighted,456,789,no_origin_balance,773.7010836478753,773.7010836478753,R_x1,1.0000416877063476,6.014139364405448e-05,C,ner_optimal,val,True,0.19226059317588806,0.0,True,773.6688311688312,1232,953160,1095,33037,137,920125,34132,0.03576300773055992,0.03208133130200398,0.8887987012987013,139034.04845975892,0.14586035155775182,0.14586035155775182,0.0,1131,32568,101,920592,33699,0.03530939069061769,0.03356182676043799,0.9180194805194806,110711.80944843541,0.1161475453433086,0.11614754534330862,2.7755575615628914e-17
E6_threshold_divergence,random_forest__weighted__split456__model789,random_forest,weighted,456,789,no_origin_balance,773.7010836478753,3094.804334591501,R_x4,4.00016675082539,2.000060141393644,B,youden,val,False,0.19226059317588806,0.06804215162992477,False,773.6688311688312,1232,953160,1095,33037,137,920125,34132,0.03576300773055992,0.03208133130200398,0.8887987012987013,457025.19383903564,0.11986606191541198,0.11986606191541198,0.0,1131,32568,101,920592,33699,0.03530939069061769,0.03356182676043799,0.9180194805194806,345143.23779374163,0.09052227594621674,0.09052227594621677,2.7755575615628914e-17
E6_threshold_divergence,random_forest__weighted__split456__model789,random_forest,weighted,456,789,no_origin_balance,773.7010836478753,3094.804334591501,R_x4,4.00016675082539,2.000060141393644,C,ner_optimal,val,True,0.12421844154596329,0.06804215162992477,False,773.6688311688312,1232,953160,1162,95643,70,857519,96805,0.10143085560051719,0.012003512215278136,0.9431818181818182,312279.3034214051,0.08190290343598718,0.08190290343598719,1.3877787807814457e-17,1170,95178,62,857982,96348,0.10095222927266784,0.01214347988541537,0.9496753246753247,287055.8687446731,0.0752874392921322,0.07528743929213222,1.3877787807814457e-17
E6_threshold_divergence,random_forest__weighted__split456__model789,random_forest,weighted,456,789,no_origin_balance,773.7010836478753,12379.217338366005,R_x16,16.00066700330156,4.000060141393644,B,youden,val,False,0.19226059317588806,0.1816895855590701,False,773.6688311688312,1232,953160,1095,33037,137,920125,34132,0.03576300773055992,0.03208133130200398,0.8887987012987013,1728989.7753561425,0.11336748950482702,0.11336748950482702,0.0,1131,32568,101,920592,33699,0.03530939069061769,0.03356182676043799,0.9180194805194806,1282868.9511749665,0.08411595859694378,0.0841159585969438,2.7755575615628914e-17
E6_threshold_divergence,random_forest__weighted__split456__model789,random_forest,weighted,456,789,no_origin_balance,773.7010836478753,12379.217338366005,R_x16,16.00066700330156,4.000060141393644,C,ner_optimal,val,True,0.010571007616817951,0.1816895855590701,False,773.6688311688312,1232,953160,1231,351941,1,601221,353172,0.37004842863639126,0.003485553781160454,0.9991883116883117,364320.217338366,0.023887977247867752,0.023887977247867752,0.0,1231,351577,1,601583,352808,0.36966780945355787,0.0034891499058978255,0.9991883116883117,363956.217338366,0.02386411026683181,0.02386411026683181,0.0
E6_threshold_divergence,random_forest__weighted__split456__model789,random_forest,weighted,456,789,no_origin_balance,773.7010836478753,49516.86935346402,R_x64,64.00266801320625,6.000060141393644,B,youden,val,False,0.19226059317588806,0.18616574862971902,False,773.6688311688312,1232,953160,1095,33037,137,920125,34132,0.03576300773055992,0.03208133130200398,0.8887987012987013,6816848.10142457,0.11174284640218078,0.11174284640218078,0.0,1131,32568,101,920592,33699,0.03530939069061769,0.03356182676043799,0.9180194805194806,5033771.804699866,0.08251437925962553,0.08251437925962557,4.163336342344337e-17
E6_threshold_divergence,random_forest__weighted__split456__model789,random_forest,weighted,456,789,no_origin_balance,773.7010836478753,49516.86935346402,R_x64,64.00266801320625,6.000060141393644,C,ner_optimal,val,True,0.006094844546169043,0.18616574862971902,False,773.6688311688312,1232,953160,1231,390846,1,562316,392077,0.4108125155858063,0.0031396893977458508,0.9991883116883117,440362.869353464,0.007218497425680421,0.007218497425680421,0.0,1232,390413,0,562747,391645,0.41036073227772235,0.003145705932668616,1.0,390413.0,0.006399711309879087,0.006399711309879087,0.0
E6_threshold_divergence,random_forest__weighted__split789__model123,random_forest,weighted,789,123,no_origin_balance,773.7010836478753,12.089079431998051,R_x0.015625,0.01562565137041168,-5.999939858606356,B,youden,val,False,0.17077526450157166,-0.41596361994743347,False,773.6688311688312,1232,953160,1137,52644,95,900518,53781,0.056350941015974536,0.021141295252970378,0.9228896103896104,53792.46254603982,3.6117483842469333,3.6117483842469333,0.0,1134,52555,98,900605,53689,0.0562546626543391,0.021121645029708133,0.9204545454545454,53739.72978433581,3.60820778658944,3.60820778658944,0.0
E6_threshold_divergence,random_forest__weighted__split789__model123,random_forest,weighted,789,123,no_origin_balance,773.7010836478753,12.089079431998051,R_x0.015625,0.01562565137041168,-5.999939858606356,C,ner_optimal,val,True,0.5867388844490051,-0.41596361994743347,False,773.6688311688312,1232,953160,937,434,295,952728,1371,0.0014365136411167714,0.6834427425237053,0.760551948051948,4000.278432439425,0.268587799871315,0.268587799871315,0.0,948,472,284,952688,1420,0.0014878582385434915,0.6676056338028169,0.7694805194805194,3905.2985586874465,0.2622106349429371,0.2622106349429371,0.0
E6_threshold_divergence,random_forest__weighted__split789__model123,random_forest,weighted,789,123,no_origin_balance,773.7010836478753,48.356317727992206,R_x0.0625,0.06250260548164673,-3.999939858606356,B,youden,val,False,0.17077526450157166,-0.3734319508075714,False,773.6688311688312,1232,953160,1137,52644,95,900518,53781,0.056350941015974536,0.021141295252970378,0.9228896103896104,57237.85018415926,0.9607698882695256,0.9607698882695256,0.0,1134,52555,98,900605,53689,0.0562546626543391,0.021121645029708133,0.9204545454545454,57293.91913734323,0.9617110375564508,0.9617110375564508,0.0
E6_threshold_divergence,random_forest__weighted__split789__model123,random_forest,weighted,789,123,no_origin_balance,773.7010836478753,48.356317727992206,R_x0.0625,0.06250260548164673,-3.999939858606356,C,ner_optimal,val,True,0.5442072153091431,-0.3734319508075714,False,773.6688311688312,1232,953160,947,707,285,952455,1654,0.0017330368799468563,0.5725513905683193,0.7686688311688312,14488.550552477778,0.24319856617088478,0.24319856617088484,5.551115123125783e-17,959,714,273,952446,1673,0.0017529484740022967,0.5732217573221757,0.7784090909090909,13915.274739741872,0.23357580541418663,0.23357580541418663,0.0
E6_threshold_divergence,random_forest__weighted__split789__model123,random_forest,weighted,789,123,no_origin_balance,773.7010836478753,193.42527091196882,R_x0.25,0.2500104219265869,-1.999939858606356,B,youden,val,False,0.17077526450157166,-0.11559337377548218,False,773.6688311688312,1232,953160,1137,52644,95,900518,53781,0.056350941015974536,0.021141295252970378,0.9228896103896104,71019.40073663704,0.29802526427517356,0.29802526427517356,0.0,1134,52555,98,900605,53689,0.0562546626543391,0.021121645029708133,0.9204545454545454,71510.67654937295,0.3000868502982036,0.30008685029820364,5.551115123125783e-17
E6_threshold_divergence,random_forest__weighted__split789__model123,random_forest,weighted,789,123,no_origin_balance,773.7010836478753,193.42527091196882,R_x0.25,0.2500104219265869,-1.999939858606356,C,ner_optimal,val,True,0.28636863827705383,-0.11559337377548218,False,773.6688311688312,1232,953160,1064,14666,168,938496,15730,0.016481662709530866,0.06764144945963128,0.8636363636363636,47161.44551321076,0.19790792539626534,0.19790792539626537,2.7755575615628914e-17,1072,14747,160,938413,15819,0.01657495033487288,0.06776660977305772,0.8701298701298701,45695.04334591501,0.19175432667663334,0.19175432667663334,0.0
E6_threshold_divergence,random_forest__weighted__split789__model123,random_forest,weighted,789,123,no_origin_balance,773.7010836478753,773.6688311688312,val_class_ratio,1.0,0.0,B,youden,val,False,0.17077526450157166,0.0,True,773.6688311688312,1232,953160,1137,52644,95,900518,53781,0.056350941015974536,0.021141295252970378,0.9228896103896104,126142.53896103895,0.13234141063519134,0.1323414106351913,2.7755575615628914e-17,1134,52555,98,900605,53689,0.0562546626543391,0.021121645029708133,0.9204545454545454,128374.54545454546,0.13468310194987773,0.13468310194987773,0.0
E6_threshold_divergence,random_forest__weighted__split789__model123,random_forest,weighted,789,123,no_origin_balance,773.7010836478753,773.6688311688312,val_class_ratio,1.0,0.0,C,ner_optimal,val,True,0.17077526450157166,0.0,True,773.6688311688312,1232,953160,1137,52644,95,900518,53781,0.056350941015974536,0.021141295252970378,0.9228896103896104,126142.53896103895,0.13234141063519134,0.1323414106351913,2.7755575615628914e-17,1134,52555,98,900605,53689,0.0562546626543391,0.021121645029708133,0.9204545454545454,128374.54545454546,0.13468310194987773,0.13468310194987773,0.0
E6_threshold_divergence,random_forest__weighted__split789__model123,random_forest,weighted,789,123,no_origin_balance,773.7010836478753,773.7010836478753,R_x1,1.0000416877063476,6.014139364405448e-05,B,youden,val,False,0.17077526450157166,0.0,True,773.6688311688312,1232,953160,1137,52644,95,900518,53781,0.056350941015974536,0.021141295252970378,0.9228896103896104,126145.60294654816,0.13233910827658557,0.1323391082765856,2.7755575615628914e-17,1134,52555,98,900605,53689,0.0562546626543391,0.021121645029708133,0.9204545454545454,128377.70619749177,0.1346808034836418,0.1346808034836418,0.0
E6_threshold_divergence,random_forest__weighted__split789__model123,random_forest,weighted,789,123,no_origin_balance,773.7010836478753,773.7010836478753,R_x1,1.0000416877063476,6.014139364405448e-05,C,ner_optimal,val,True,0.17077526450157166,0.0,True,773.6688311688312,1232,953160,1137,52644,95,900518,53781,0.056350941015974536,0.021141295252970378,0.9228896103896104,126145.60294654816,0.13233910827658557,0.1323391082765856,2.7755575615628914e-17,1134,52555,98,900605,53689,0.0562546626543391,0.021121645029708133,0.9204545454545454,128377.70619749177,0.1346808034836418,0.1346808034836418,0.0
E6_threshold_divergence,random_forest__weighted__split789__model123,random_forest,weighted,789,123,no_origin_balance,773.7010836478753,3094.804334591501,R_x4,4.00016675082539,2.000060141393644,B,youden,val,False,0.17077526450157166,0.06891543418169022,False,773.6688311688312,1232,953160,1137,52644,95,900518,53781,0.056350941015974536,0.021141295252970378,0.9228896103896104,346650.4117861926,0.09091756927693859,0.09091756927693861,2.7755575615628914e-17,1134,52555,98,900605,53689,0.0562546626543391,0.021121645029708133,0.9204545454545454,355845.8247899671,0.09332929178000135,0.09332929178000136,1.3877787807814457e-17
E6_threshold_divergence,random_forest__weighted__split789__model123,random_forest,weighted,789,123,no_origin_balance,773.7010836478753,3094.804334591501,R_x4,4.00016675082539,2.000060141393644,C,ner_optimal,val,True,0.10185983031988144,0.06891543418169022,False,773.6688311688312,1232,953160,1181,140552,51,812610,141733,0.14850575338906155,0.008332568985345686,0.9586038961038961,298387.02106416656,0.07825931179240347,0.07825931179240347,0.0,1189,141095,43,812065,142284,0.14908339550205785,0.008356526383852014,0.9650974025974026,274171.5863874345,0.07190822036156198,0.07190822036156197,1.3877787807814457e-17
E6_threshold_divergence,random_forest__weighted__split789__model123,random_forest,weighted,789,123,no_origin_balance,773.7010836478753,12379.217338366005,R_x16,16.00066700330156,4.000060141393644,B,youden,val,False,0.17077526450157166,0.14943139255046844,False,773.6688311688312,1232,953160,1137,52644,95,900518,53781,0.056350941015974536,0.021141295252970378,0.9228896103896104,1228669.6471447705,0.08056218452702683,0.08056218452702686,2.7755575615628914e-17,1134,52555,98,900605,53689,0.0562546626543391,0.021121645029708133,0.9204545454545454,1265718.2991598684,0.08299141385409123,0.08299141385409124,1.3877787807814457e-17
E6_threshold_divergence,random_forest__weighted__split789__model123,random_forest,weighted,789,123,no_origin_balance,773.7010836478753,12379.217338366005,R_x16,16.00066700330156,4.000060141393644,C,ner_optimal,val,True,0.02134387195110321,0.14943139255046844,False,773.6688311688312,1232,953160,1226,335664,6,617498,336890,0.3529883884433473,0.0036391700555077327,0.9951298701298701,409939.30403019604,0.026879158228501687,0.026879158228501687,0.0,1231,336537,1,616623,337768,0.35390908557490003,0.003644513393808768,0.9991883116883117,348916.217338366,0.02287795808336885,0.02287795808336885,0.0
E6_threshold_divergence,random_forest__weighted__split789__model123,random_forest,weighted,789,123,no_origin_balance,773.7010836478753,49516.86935346402,R_x64,64.00266801320625,6.000060141393644,B,youden,val,False,0.17077526450157166,0.14943139255046844,False,773.6688311688312,1232,953160,1137,52644,95,900518,53781,0.056350941015974536,0.021141295252970378,0.9228896103896104,4756746.588579082,0.07797333833954889,0.07797333833954892,2.7755575615628914e-17,1134,52555,98,900605,53689,0.0562546626543391,0.021121645029708133,0.9204545454545454,4905208.196639474,0.0804069443726137,0.08040694437261371,1.3877787807814457e-17
E6_threshold_divergence,random_forest__weighted__split789__model123,random_forest,weighted,789,123,no_origin_balance,773.7010836478753,49516.86935346402,R_x64,64.00266801320625,6.000060141393644,C,ner_optimal,val,True,0.02134387195110321,0.14943139255046844,False,773.6688311688312,1232,953160,1226,335664,6,617498,336890,0.3529883884433473,0.0036391700555077327,0.9951298701298701,632765.2161207842,0.010372386959722825,0.010372386959722825,0.0,1231,336537,1,616623,337768,0.35390908557490003,0.003644513393808768,0.9991883116883117,386053.869353464,0.006328255754608445,0.006328255754608445,0.0
E6_threshold_divergence,random_forest__weighted__split789__model42,random_forest,weighted,789,42,no_origin_balance,773.7010836478753,12.089079431998051,R_x0.015625,0.01562565137041168,-5.999939858606356,B,youden,val,False,0.17820727825164795,-0.44658440351486206,False,773.6688311688312,1232,953160,1141,46525,91,906637,47666,0.04994373392959302,0.02393739772584232,0.9261363636363636,47625.10622831182,3.1976580421926997,3.1976580421926997,0.0,1134,46560,98,906600,47694,0.04997317664020654,0.023776575669895585,0.9204545454545454,47744.72978433581,3.2056898400457485,3.2056898400457485,0.0
E6_threshold_divergence,random_forest__weighted__split789__model42,random_forest,weighted,789,42,no_origin_balance,773.7010836478753,12.089079431998051,R_x0.015625,0.01562565137041168,-5.999939858606356,C,ner_optimal,val,True,0.62479168176651,-0.44658440351486206,False,773.6688311688312,1232,953160,927,305,305,952857,1232,0.0012908714849422776,0.752435064935065,0.752435064935065,3992.169226759406,0.2680433293428042,0.2680433293428043,5.551115123125783e-17,932,345,300,952815,1277,0.0013380246271972103,0.7298355520751761,0.7564935064935064,3971.7238295994152,0.26667057883719797,0.26667057883719797,0.0
E6_threshold_divergence,random_forest__weighted__split789__model42,random_forest,weighted,789,42,no_origin_balance,773.7010836478753,48.356317727992206,R_x0.0625,0.06250260548164673,-3.999939858606356,B,youden,val,False,0.17820727825164795,-0.3389701247215271,False,773.6688311688312,1232,953160,1141,46525,91,906637,47666,0.04994373392959302,0.02393739772584232,0.9261363636363636,50925.42491324729,0.8548122378209021,0.8548122378209021,0.0,1134,46560,98,906600,47694,0.04997317664020654,0.023776575669895585,0.9204545454545454,51298.91913734323,0.861081550920528,0.861081550920528,0.0
E6_threshold_divergence,random_forest__weighted__split789__model42,random_forest,weighted,789,42,no_origin_balance,773.7010836478753,48.356317727992206,R_x0.0625,0.06250260548164673,-3.999939858606356,C,ner_optimal,val,True,0.517177402973175,-0.3389701247215271,False,773.6688311688312,1232,953160,958,1344,274,951818,2302,0.002412001751897015,0.4161598609904431,0.7775974025974026,14593.631057469864,0.24496240224641394,0.24496240224641394,0.0,961,1367,271,951793,2328,0.0024392492812177805,0.41280068728522334,0.7800324675324676,14471.562104285887,0.24291340540019404,0.2429134054001941,5.551115123125783e-17
E6_threshold_divergence,random_forest__weighted__split789__model42,random_forest,weighted,789,42,no_origin_balance,773.7010836478753,193.42527091196882,R_x0.25,0.2500104219265869,-1.999939858606356,B,youden,val,False,0.17820727825164795,-0.14688271284103394,False,773.6688311688312,1232,953160,1141,46525,91,906637,47666,0.04994373392959302,0.02393739772584232,0.9261363636363636,64126.69965298916,0.2691007867279528,0.2691007867279528,0.0,1134,46560,98,906600,47694,0.04997317664020654,0.023776575669895585,0.9204545454545454,65515.67654937295,0.2749294786392229,0.27492947863922296,5.551115123125783e-17
E6_threshold_divergence,random_forest__weighted__split789__model42,random_forest,weighted,789,42,no_origin_balance,773.7010836478753,193.42527091196882,R_x0.25,0.2500104219265869,-1.999939858606356,C,ner_optimal,val,True,0.3250899910926819,-0.14688271284103394,False,773.6688311688312,1232,953160,1058,12104,174,941058,13162,0.013790950068839495,0.08038292052879502,0.8587662337662337,45759.99713868258,0.19202689827051386,0.19202689827051395,8.326672684688674e-17,1060,12148,172,941012,13208,0.013839177193438336,0.08025439127801333,0.8603896103896104,45417.146596858634,0.1905881629070197,0.19058816290701971,2.7755575615628914e-17
E6_threshold_divergence,random_forest__weighted__split789__model42,random_forest,weighted,789,42,no_origin_balance,773.7010836478753,773.6688311688312,val_class_ratio,1.0,0.0,B,youden,val,False,0.17820727825164795,0.0,True,773.6688311688312,1232,953160,1141,46525,91,906637,47666,0.04994373392959302,0.02393739772584232,0.9261363636363636,116928.86363636363,0.12267495870196363,0.12267495870196361,1.3877787807814457e-17,1134,46560,98,906600,47694,0.04997317664020654,0.023776575669895585,0.9204545454545454,122379.54545454546,0.128393496846852,0.128393496846852,0.0
E6_threshold_divergence,random_forest__weighted__split789__model42,random_forest,weighted,789,42,no_origin_balance,773.7010836478753,773.6688311688312,val_class_ratio,1.0,0.0,C,ner_optimal,val,True,0.17820727825164795,0.0,True,773.6688311688312,1232,953160,1141,46525,91,906637,47666,0.04994373392959302,0.02393739772584232,0.9261363636363636,116928.86363636363,0.12267495870196363,0.12267495870196361,1.3877787807814457e-17,1134,46560,98,906600,47694,0.04997317664020654,0.023776575669895585,0.9204545454545454,122379.54545454546,0.128393496846852,0.128393496846852,0.0
E6_threshold_divergence,random_forest__weighted__split789__model42,random_forest,weighted,789,42,no_origin_balance,773.7010836478753,773.7010836478753,R_x1,1.0000416877063476,6.014139364405448e-05,B,youden,val,False,0.17820727825164795,0.0,True,773.6688311688312,1232,953160,1141,46525,91,906637,47666,0.04994373392959302,0.02393739772584232,0.9261363636363636,116931.79861195665,0.12267292395471546,0.12267292395471548,1.3877787807814457e-17,1134,46560,98,906600,47694,0.04997317664020654,0.023776575669895585,0.9204545454545454,122382.70619749177,0.1283914605688966,0.12839146056889664,2.7755575615628914e-17
E6_threshold_divergence,random_forest__weighted__split789__model42,random_forest,weighted,789,42,no_origin_balance,773.7010836478753,773.7010836478753,R_x1,1.0000416877063476,6.014139364405448e-05,C,ner_optimal,val,True,0.17820727825164795,0.0,True,773.6688311688312,1232,953160,1141,46525,91,906637,47666,0.04994373392959302,0.02393739772584232,0.9261363636363636,116931.79861195665,0.12267292395471546,0.12267292395471548,1.3877787807814457e-17,1134,46560,98,906600,47694,0.04997317664020654,0.023776575669895585,0.9204545454545454,122382.70619749177,0.1283914605688966,0.12839146056889664,2.7755575615628914e-17
E6_threshold_divergence,random_forest__weighted__split789__model42,random_forest,weighted,789,42,no_origin_balance,773.7010836478753,3094.804334591501,R_x4,4.00016675082539,2.000060141393644,B,youden,val,False,0.17820727825164795,0.07720264792442322,False,773.6688311688312,1232,953160,1141,46525,91,906637,47666,0.04994373392959302,0.02393739772584232,0.9261363636363636,328152.1944478266,0.08606595826140612,0.08606595826140614,2.7755575615628914e-17,1134,46560,98,906600,47694,0.04997317664020654,0.023776575669895585,0.9204545454545454,349850.8247899671,0.09175695605131505,0.09175695605131506,1.3877787807814457e-17
E6_threshold_divergence,random_forest__weighted__split789__model42,random_forest,weighted,789,42,no_origin_balance,773.7010836478753,3094.804334591501,R_x4,4.00016675082539,2.000060141393644,C,ner_optimal,val,True,0.10100463032722473,0.07720264792442322,False,773.6688311688312,1232,953160,1187,143487,45,809675,144674,0.15158728994524273,0.00820465322034367,0.963474025974026,282753.19505661755,0.07415895762931185,0.07415895762931185,0.0,1194,143710,38,809450,144904,0.15182859873091978,0.008239938165958152,0.9691558441558441,261312.56471447705,0.06853562666475757,0.06853562666475756,1.3877787807814457e-17
E6_threshold_divergence,random_forest__weighted__split789__model42,random_forest,weighted,789,42,no_origin_balance,773.7010836478753,12379.217338366005,R_x16,16.00066700330156,4.000060141393644,B,youden,val,False,0.17820727825164795,0.16156667657196522,False,773.6688311688312,1232,953160,1141,46525,91,906637,47666,0.04994373392959302,0.02393739772584232,0.9261363636363636,1173033.7777913064,0.0769142168380788,0.07691421683807881,1.3877787807814457e-17,1134,46560,98,906600,47694,0.04997317664020654,0.023776575669895585,0.9204545454545454,1259723.2991598684,0.08259832992191966,0.08259832992191968,1.3877787807814457e-17
E6_threshold_divergence,random_forest__weighted__split789__model42,random_forest,weighted,789,42,no_origin_balance,773.7010836478753,12379.217338366005,R_x16,16.00066700330156,4.000060141393644,C,ner_optimal,val,True,0.01664060167968273,0.16156667657196522,False,773.6688311688312,1232,953160,1230,344082,2,609080,345312,0.36181283620810695,0.0035619961078676675,0.9983766233766234,368840.434676732,0.02418436170251913,0.02418436170251913,0.0,1231,344695,1,608465,345926,0.36245693593408157,0.003558564548487249,0.9991883116883117,357074.217338366,0.02341286696054244,0.02341286696054244,0.0
E6_threshold_divergence,random_forest__weighted__split789__model42,random_forest,weighted,789,42,no_origin_balance,773.7010836478753,49516.86935346402,R_x64,64.00266801320625,6.000060141393644,B,youden,val,False,0.17820727825164795,0.16156667657196522,False,773.6688311688312,1232,953160,1141,46525,91,906637,47666,0.04994373392959302,0.02393739772584232,0.9261363636363636,4552560.1111652255,0.07462628148224695,0.07462628148224697,1.3877787807814457e-17,1134,46560,98,906600,47694,0.04997317664020654,0.023776575669895585,0.9204545454545454,4899213.196639474,0.0803086733895708,0.08030867338957082,1.3877787807814457e-17
E6_threshold_divergence,random_forest__weighted__split789__model42,random_forest,weighted,789,42,no_origin_balance,773.7010836478753,49516.86935346402,R_x64,64.00266801320625,6.000060141393644,C,ner_optimal,val,True,0.01664060167968273,0.16156667657196522,False,773.6688311688312,1232,953160,1230,344082,2,609080,345312,0.36181283620810695,0.0035619961078676675,0.9983766233766234,443115.73870692804,0.007263622893162251,0.007263622893162251,0.0,1231,344695,1,608465,345926,0.36245693593408157,0.003558564548487249,0.9991883116883117,394211.869353464,0.0064619829739018435,0.0064619829739018435,0.0
E6_threshold_divergence,random_forest__weighted__split789__model456,random_forest,weighted,789,456,no_origin_balance,773.7010836478753,12.089079431998051,R_x0.015625,0.01562565137041168,-5.999939858606356,B,youden,val,False,0.20230013132095337,-0.4024388790130615,False,773.6688311688312,1232,953160,1124,33194,108,919968,34318,0.03595789579565672,0.03275249140392797,0.9123376623376623,34499.62057865579,2.316383057857715,2.316383057857715,0.0,1116,33212,116,919948,34328,0.03596844902304294,0.03250990445117688,0.9058441558441559,34614.33321411177,2.3240851253249972,2.3240851253249972,0.0
E6_threshold_divergence,random_forest__weighted__split789__model456,random_forest,weighted,789,456,no_origin_balance,773.7010836478753,12.089079431998051,R_x0.015625,0.01562565137041168,-5.999939858606356,C,ner_optimal,val,True,0.6047390103340149,-0.4024388790130615,False,773.6688311688312,1232,953160,934,430,298,952732,1364,0.0014291791440432357,0.6847507331378299,0.7581168831168831,4032.545670735419,0.2707542957010964,0.2707542957010964,0.0,942,438,290,952722,1380,0.00144594673886621,0.6826086956521739,0.7646103896103896,3943.833035279435,0.26479792741815694,0.264797927418157,5.551115123125783e-17
E6_threshold_divergence,random_forest__weighted__split789__model456,random_forest,weighted,789,456,no_origin_balance,773.7010836478753,48.356317727992206,R_x0.0625,0.06250260548164673,-3.999939858606356,B,youden,val,False,0.20230013132095337,-0.3284528851509094,False,773.6688311688312,1232,953160,1124,33194,108,919968,34318,0.03595789579565672,0.03275249140392797,0.9123376623376623,38416.48231462316,0.644842517711182,0.644842517711182,0.0,1116,33212,116,919948,34328,0.03596844902304294,0.03250990445117688,0.9058441558441559,38821.332856447094,0.6516381644481324,0.6516381644481324,0.0
E6_threshold_divergence,random_forest__weighted__split789__model456,random_forest,weighted,789,456,no_origin_balance,773.7010836478753,48.356317727992206,R_x0.0625,0.06250260548164673,-3.999939858606356,C,ner_optimal,val,True,0.5307530164718628,-0.3284528851509094,False,773.6688311688312,1232,953160,954,975,278,952187,1929,0.002021177836407186,0.49455676516329705,0.7743506493506493,14418.056328381834,0.24201528050256577,0.2420152805025658,2.7755575615628914e-17,964,972,268,952188,1936,0.0020285165843804223,0.49793388429752067,0.7824675324675324,13931.493151101911,0.23384804067844198,0.233848040678442,2.7755575615628914e-17
E6_threshold_divergence,random_forest__weighted__split789__model456,random_forest,weighted,789,456,no_origin_balance,773.7010836478753,193.42527091196882,R_x0.25,0.2500104219265869,-1.999939858606356,B,youden,val,False,0.20230013132095337,-0.08572638034820557,False,773.6688311688312,1232,953160,1124,33194,108,919968,34318,0.03595789579565672,0.03275249140392797,0.9123376623376623,54083.92925849263,0.22695738267454874,0.22695738267454874,0.0,1116,33212,116,919948,34328,0.03596844902304294,0.03250990445117688,0.9058441558441559,55649.33142578838,0.2335264242289162,0.23352642422891623,2.7755575615628914e-17
E6_threshold_divergence,random_forest__weighted__split789__model456,random_forest,weighted,789,456,no_origin_balance,773.7010836478753,193.42527091196882,R_x0.25,0.2500104219265869,-1.999939858606356,C,ner_optimal,val,True,0.28802651166915894,-0.08572638034820557,False,773.6688311688312,1232,953160,1069,14869,163,938293,15938,0.016699602051144496,0.06707240557158992,0.8676948051948052,46397.31915865092,0.194701351468645,0.19470135146864503,2.7755575615628914e-17,1074,14859,158,938301,15933,0.016694398108953134,0.06740726793447561,0.8717532467532467,45420.19280409107,0.1906009459875029,0.1906009459875029,0.0
E6_threshold_divergence,random_forest__weighted__split789__model456,random_forest,weighted,789,456,no_origin_balance,773.7010836478753,773.6688311688312,val_class_ratio,1.0,0.0,B,youden,val,False,0.20230013132095337,0.0,True,773.6688311688312,1232,953160,1124,33194,108,919968,34318,0.03595789579565672,0.03275249140392797,0.9123376623376623,116750.23376623377,0.12248755063812347,0.12248755063812347,0.0,1116,33212,116,919948,34328,0.03596844902304294,0.03250990445117688,0.9058441558441559,122957.58441558441,0.12899994168406606,0.12899994168406606,0.0
E6_threshold_divergence,random_forest__weighted__split789__model456,random_forest,weighted,789,456,no_origin_balance,773.7010836478753,773.6688311688312,val_class_ratio,1.0,0.0,C,ner_optimal,val,True,0.20230013132095337,0.0,True,773.6688311688312,1232,953160,1124,33194,108,919968,34318,0.03595789579565672,0.03275249140392797,0.9123376623376623,116750.23376623377,0.12248755063812347,0.12248755063812347,0.0,1116,33212,116,919948,34328,0.03596844902304294,0.03250990445117688,0.9058441558441559,122957.58441558441,0.12899994168406606,0.12899994168406606,0.0
E6_threshold_divergence,random_forest__weighted__split789__model456,random_forest,weighted,789,456,no_origin_balance,773.7010836478753,773.7010836478753,R_x1,1.0000416877063476,6.014139364405448e-05,B,youden,val,False,0.20230013132095337,0.0,True,773.6688311688312,1232,953160,1124,33194,108,919968,34318,0.03595789579565672,0.03275249140392797,0.9123376623376623,116753.71703397053,0.1224860989153904,0.12248609891539043,2.7755575615628914e-17,1116,33212,116,919948,34328,0.03596844902304294,0.03250990445117688,0.9058441558441559,122961.32570315353,0.12899848917411214,0.12899848917411216,2.7755575615628914e-17
E6_threshold_divergence,random_forest__weighted__split789__model456,random_forest,weighted,789,456,no_origin_balance,773.7010836478753,773.7010836478753,R_x1,1.0000416877063476,6.014139364405448e-05,C,ner_optimal,val,True,0.20230013132095337,0.0,True,773.6688311688312,1232,953160,1124,33194,108,919968,34318,0.03595789579565672,0.03275249140392797,0.9123376623376623,116753.71703397053,0.1224860989153904,0.12248609891539043,2.7755575615628914e-17,1116,33212,116,919948,34328,0.03596844902304294,0.03250990445117688,0.9058441558441559,122961.32570315353,0.12899848917411214,0.12899848917411216,2.7755575615628914e-17
E6_threshold_divergence,random_forest__weighted__split789__model456,random_forest,weighted,789,456,no_origin_balance,773.7010836478753,3094.804334591501,R_x4,4.00016675082539,2.000060141393644,B,youden,val,False,0.20230013132095337,0.11163011938333511,False,773.6688311688312,1232,953160,1124,33194,108,919968,34318,0.03595789579565672,0.03275249140392797,0.9123376623376623,367432.86813588213,0.09636827797560082,0.09636827797560085,2.7755575615628914e-17,1116,33212,116,919948,34328,0.03596844902304294,0.03250990445117688,0.9058441558441559,392209.3028126141,0.10286650541041113,0.10286650541041116,2.7755575615628914e-17
E6_threshold_divergence,random_forest__weighted__split789__model456,random_forest,weighted,789,456,no_origin_balance,773.7010836478753,3094.804334591501,R_x4,4.00016675082539,2.000060141393644,C,ner_optimal,val,True,0.09067001193761826,0.11163011938333511,False,773.6688311688312,1232,953160,1191,161197,41,791965,162388,0.17014775868247287,0.0073342857846638914,0.9667207792207793,288083.9777182515,0.0755570860764759,0.0755570860764759,0.0,1194,161850,38,791310,163044,0.17083546383456694,0.007323176565834989,0.9691558441558441,279452.56471447705,0.0732932864009326,0.0732932864009326,0.0
E6_threshold_divergence,random_forest__weighted__split789__model456,random_forest,weighted,789,456,no_origin_balance,773.7010836478753,12379.217338366005,R_x16,16.00066700330156,4.000060141393644,B,youden,val,False,0.20230013132095337,0.18282081373035908,False,773.6688311688312,1232,953160,1124,33194,108,919968,34318,0.03595789579565672,0.03275249140392797,0.9123376623376623,1370149.4725435285,0.08983882274065343,0.08983882274065347,4.163336342344337e-17,1116,33212,116,919948,34328,0.03596844902304294,0.03250990445117688,0.9058441558441559,1469201.2112504565,0.09633350946948588,0.0963335094694859,2.7755575615628914e-17
E6_threshold_divergence,random_forest__weighted__split789__model456,random_forest,weighted,789,456,no_origin_balance,773.7010836478753,12379.217338366005,R_x16,16.00066700330156,4.000060141393644,C,ner_optimal,val,True,0.01947931759059429,0.18282081373035908,False,773.6688311688312,1232,953160,1229,338878,3,614284,340107,0.35635911374128504,0.00361356867103588,0.997564935064935,376015.652015098,0.024654830867748584,0.024654830867748584,0.0,1230,339742,2,613418,340972,0.3572661966990503,0.00360733432657227,0.9983766233766234,364500.434676732,0.023899793851706014,0.023899793851706014,0.0
E6_threshold_divergence,random_forest__weighted__split789__model456,random_forest,weighted,789,456,no_origin_balance,773.7010836478753,49516.86935346402,R_x64,64.00266801320625,6.000060141393644,B,youden,val,False,0.20230013132095337,0.19236434064805508,False,773.6688311688312,1232,953160,1124,33194,108,919968,34318,0.03595789579565672,0.03275249140392797,0.9123376623376623,5381015.890174114,0.08820645893191659,0.08820645893191661,2.7755575615628914e-17,1116,33212,116,919948,34328,0.03596844902304294,0.03250990445117688,0.9058441558441559,5777168.845001826,0.09470026048425456,0.09470026048425459,2.7755575615628914e-17
E6_threshold_divergence,random_forest__weighted__split789__model456,random_forest,weighted,789,456,no_origin_balance,773.7010836478753,49516.86935346402,R_x64,64.00266801320625,6.000060141393644,C,ner_optimal,val,True,0.009935790672898293,0.19236434064805508,False,773.6688311688312,1232,953160,1229,352140,3,601022,353369,0.3702548423397465,0.00347795081062572,0.997564935064935,500690.6080603921,0.008207399208413471,0.008207399208413471,0.0,1231,352774,1,600386,354005,0.3709220110814005,0.0034773520148020506,0.9991883116883117,402290.869353464,0.006594415212768155,0.006594415212768155,0.0
E6_threshold_divergence,random_forest__weighted__split789__model789,random_forest,weighted,789,789,no_origin_balance,773.7010836478753,12.089079431998051,R_x0.015625,0.01562565137041168,-5.999939858606356,B,youden,val,False,0.1941239982843399,-0.4100600928068161,False,773.6688311688312,1232,953160,1124,38438,108,914724,39562,0.041452481889031154,0.02841110156210505,0.9123376623376623,39743.62057865579,2.6684771548844233,2.6684771548844233,0.0,1124,38383,108,914777,39507,0.04139494044375896,0.02845065431442529,0.9123376623376623,39688.62057865579,2.664784329686775,2.664784329686775,0.0
E6_threshold_divergence,random_forest__weighted__split789__model789,random_forest,weighted,789,789,no_origin_balance,773.7010836478753,12.089079431998051,R_x0.015625,0.01562565137041168,-5.999939858606356,C,ner_optimal,val,True,0.604184091091156,-0.4100600928068161,False,773.6688311688312,1232,953160,926,330,306,952832,1256,0.0013160183320515427,0.7372611464968153,0.7516233766233766,4029.258306191404,0.2705335745625146,0.27053357456251464,5.551115123125783e-17,940,333,292,952827,1273,0.0013338334772294823,0.7384131971720346,0.762987012987013,3863.011194143431,0.2593713650278409,0.2593713650278409,0.0
E6_threshold_divergence,random_forest__weighted__split789__model789,random_forest,weighted,789,789,no_origin_balance,773.7010836478753,48.356317727992206,R_x0.0625,0.06250260548164673,-3.999939858606356,B,youden,val,False,0.1941239982843399,-0.3371441215276718,False,773.6688311688312,1232,953160,1124,38438,108,914724,39562,0.041452481889031154,0.02841110156210505,0.9123376623376623,43660.48231462316,0.732866041967859,0.732866041967859,0.0,1124,38383,108,914777,39507,0.04139494044375896,0.02845065431442529,0.9123376623376623,43605.48231462316,0.7319428356684469,0.7319428356684469,0.0
E6_threshold_divergence,random_forest__weighted__split789__model789,random_forest,weighted,789,789,no_origin_balance,773.7010836478753,48.356317727992206,R_x0.0625,0.06250260548164673,-3.999939858606356,C,ner_optimal,val,True,0.5312681198120117,-0.3371441215276718,False,773.6688311688312,1232,953160,948,705,284,952457,1653,0.001731989094650637,0.573502722323049,0.7694805194805194,14438.194234749786,0.24235330672103608,0.24235330672103608,0.0,959,723,273,952437,1682,0.001762378561429685,0.570154577883472,0.7784090909090909,13924.274739741872,0.23372687553590862,0.23372687553590862,0.0
E6_threshold_divergence,random_forest__weighted__split789__model789,random_forest,weighted,789,789,no_origin_balance,773.7010836478753,193.42527091196882,R_x0.25,0.2500104219265869,-1.999939858606356,B,youden,val,False,0.1941239982843399,-0.08821399509906769,False,773.6688311688312,1232,953160,1124,38438,108,914724,39562,0.041452481889031154,0.02841110156210505,0.9123376623376623,59327.92925849263,0.248963263738718,0.248963263738718,0.0,1124,38383,108,914777,39507,0.04139494044375896,0.02845065431442529,0.9123376623376623,59272.92925849263,0.24873246216386496,0.24873246216386496,0.0
E6_threshold_divergence,random_forest__weighted__split789__model789,random_forest,weighted,789,789,no_origin_balance,773.7010836478753,193.42527091196882,R_x0.25,0.2500104219265869,-1.999939858606356,C,ner_optimal,val,True,0.2823379933834076,-0.08821399509906769,False,773.6688311688312,1232,953160,1070,15372,162,937790,16442,0.017227685840439065,0.06507724121153144,0.8685064935064936,46706.893887738945,0.19600044846879444,0.19600044846879444,0.0,1079,15467,153,937693,16546,0.017336691841507473,0.06521213586365285,0.8758116883116883,45061.06644953123,0.18909391092925487,0.1890939109292549,2.7755575615628914e-17
E6_threshold_divergence,random_forest__weighted__split789__model789,random_forest,weighted,789,789,no_origin_balance,773.7010836478753,773.6688311688312,val_class_ratio,1.0,0.0,B,youden,val,False,0.1941239982843399,0.0,True,773.6688311688312,1232,953160,1124,38438,108,914724,39562,0.041452481889031154,0.02841110156210505,0.9123376623376623,121994.23376623377,0.12798925024784272,0.12798925024784272,0.0,1124,38383,108,914777,39507,0.04139494044375896,0.02845065431442529,0.9123376623376623,121939.23376623377,0.1279315474487324,0.1279315474487324,0.0
E6_threshold_divergence,random_forest__weighted__split789__model789,random_forest,weighted,789,789,no_origin_balance,773.7010836478753,773.6688311688312,val_class_ratio,1.0,0.0,C,ner_optimal,val,True,0.1941239982843399,0.0,True,773.6688311688312,1232,953160,1124,38438,108,914724,39562,0.041452481889031154,0.02841110156210505,0.9123376623376623,121994.23376623377,0.12798925024784272,0.12798925024784272,0.0,1124,38383,108,914777,39507,0.04139494044375896,0.02845065431442529,0.9123376623376623,121939.23376623377,0.1279315474487324,0.1279315474487324,0.0
E6_threshold_divergence,random_forest__weighted__split789__model789,random_forest,weighted,789,789,no_origin_balance,773.7010836478753,773.7010836478753,R_x1,1.0000416877063476,6.014139364405448e-05,B,youden,val,False,0.1941239982843399,0.0,True,773.6688311688312,1232,953160,1124,38438,108,914724,39562,0.041452481889031154,0.02841110156210505,0.9123376623376623,121997.71703397053,0.12798756918143273,0.12798756918143275,2.7755575615628914e-17,1124,38383,108,914777,39507,0.04139494044375896,0.02845065431442529,0.9123376623376623,121942.71703397053,0.12792986878771948,0.1279298687877195,2.7755575615628914e-17
E6_threshold_divergence,random_forest__weighted__split789__model789,random_forest,weighted,789,789,no_origin_balance,773.7010836478753,773.7010836478753,R_x1,1.0000416877063476,6.014139364405448e-05,C,ner_optimal,val,True,0.1941239982843399,0.0,True,773.6688311688312,1232,953160,1124,38438,108,914724,39562,0.041452481889031154,0.02841110156210505,0.9123376623376623,121997.71703397053,0.12798756918143273,0.12798756918143275,2.7755575615628914e-17,1124,38383,108,914777,39507,0.04139494044375896,0.02845065431442529,0.9123376623376623,121942.71703397053,0.12792986878771948,0.1279298687877195,2.7755575615628914e-17
E6_threshold_divergence,random_forest__weighted__split789__model789,random_forest,weighted,789,789,no_origin_balance,773.7010836478753,3094.804334591501,R_x4,4.00016675082539,2.000060141393644,B,youden,val,False,0.1941239982843399,0.08447951078414917,False,773.6688311688312,1232,953160,1124,38438,108,914724,39562,0.041452481889031154,0.02841110156210505,0.9123376623376623,372676.86813588213,0.0977436455421114,0.09774364554211144,4.163336342344337e-17,1124,38383,108,914777,39507,0.04139494044375896,0.02845065431442529,0.9123376623376623,372621.86813588213,0.0977292204436831,0.09772922044368312,2.7755575615628914e-17
E6_threshold_divergence,random_forest__weighted__split789__model789,random_forest,weighted,789,789,no_origin_balance,773.7010836478753,3094.804334591501,R_x4,4.00016675082539,2.000060141393644,C,ner_optimal,val,True,0.10964448750019073,0.08447951078414917,False,773.6688311688312,1232,953160,1182,118730,50,834432,119912,0.12564203044025843,0.009857228634331843,0.9594155844155844,273470.21672957507,0.07172426897339368,0.07172426897339368,0.0,1181,118865,51,834295,120046,0.12578269725647323,0.009837895473401862,0.9586038961038961,276700.02106416656,0.07257136434486058,0.07257136434486058,0.0
E6_threshold_divergence,random_forest__weighted__split789__model789,random_forest,weighted,789,789,no_origin_balance,773.7010836478753,12379.217338366005,R_x16,16.00066700330156,4.000060141393644,B,youden,val,False,0.1941239982843399,0.16549007780849934,False,773.6688311688312,1232,953160,1124,38438,108,914724,39562,0.041452481889031154,0.02841110156210505,0.9123376623376623,1375393.4725435285,0.09018266463228107,0.09018266463228111,4.163336342344337e-17,1124,38383,108,914777,39507,0.04139494044375896,0.02845065431442529,0.9123376623376623,1375338.4725435285,0.090179058357674,0.09017905835767404,4.163336342344337e-17
E6_threshold_divergence,random_forest__weighted__split789__model789,random_forest,weighted,789,789,no_origin_balance,773.7010836478753,12379.217338366005,R_x16,16.00066700330156,4.000060141393644,C,ner_optimal,val,True,0.02863392047584057,0.16549007780849934,False,773.6688311688312,1232,953160,1229,336339,3,616823,337568,0.35369878687418405,0.003640747938193194,0.997564935064935,373476.652015098,0.02448835211815999,0.02448835211815999,0.0,1231,337106,1,616054,338337,0.35450527665780934,0.0036383842145553103,0.9991883116883117,349485.217338366,0.02291526663339481,0.02291526663339481,0.0
E6_threshold_divergence,random_forest__weighted__split789__model789,random_forest,weighted,789,789,no_origin_balance,773.7010836478753,49516.86935346402,R_x64,64.00266801320625,6.000060141393644,B,youden,val,False,0.1941239982843399,0.16549007780849934,False,773.6688311688312,1232,953160,1124,38438,108,914724,39562,0.041452481889031154,0.02841110156210505,0.9123376623376623,5386259.890174114,0.08829241940482349,0.08829241940482352,2.7755575615628914e-17,1124,38383,108,914777,39507,0.04139494044375896,0.02845065431442529,0.9123376623376623,5386204.890174114,0.08829151783617173,0.08829151783617176,2.7755575615628914e-17
E6_threshold_divergence,random_forest__weighted__split789__model789,random_forest,weighted,789,789,no_origin_balance,773.7010836478753,49516.86935346402,R_x64,64.00266801320625,6.000060141393644,C,ner_optimal,val,True,0.02863392047584057,0.16549007780849934,False,773.6688311688312,1232,953160,1229,336339,3,616823,337568,0.35369878687418405,0.003640747938193194,0.997564935064935,484889.6080603921,0.007948386730838699,0.007948386730838699,0.0,1231,337106,1,616054,338337,0.35450527665780934,0.0036383842145553103,0.9991883116883117,386622.869353464,0.006337582892114935,0.006337582892114935,0.0
E6_threshold_divergence,xgboost__unweighted__split123__model123,xgboost,unweighted,123,123,no_origin_balance,1.0,12.089079431998051,R_x0.015625,0.01562565137041168,-5.999939858606356,B,youden,val,False,0.0012808406027033925,-0.05051983881276101,False,773.6688311688312,1232,953160,1131,26512,101,926650,27643,0.02896392894339235,0.04091451723763701,0.9180194805194806,27732.997022631804,1.8620565492997592,1.8620565492997592,0.0,1127,26505,105,926655,27632,0.028952463977066027,0.040786045165026055,0.9147727272727273,27774.353340359794,1.864833306612266,1.864833306612266,0.0
E6_threshold_divergence,xgboost__unweighted__split123__model123,xgboost,unweighted,123,123,no_origin_balance,1.0,12.089079431998051,R_x0.015625,0.01562565137041168,-5.999939858606356,C,ner_optimal,val,True,0.0518006794154644,-0.05051983881276101,False,773.6688311688312,1232,953160,1019,501,213,952661,1520,0.0015926336502534594,0.6703947368421053,0.8271103896103896,3075.973919015585,0.20652789082637252,0.20652789082637257,5.551115123125783e-17,1011,460,221,952700,1471,0.0015412954006320254,0.6872875594833446,0.8206168831168831,3131.6865544715693,0.2102685639907228,0.21026856399072288,8.326672684688674e-17
E6_threshold_divergence,xgboost__unweighted__split123__model123,xgboost,unweighted,123,123,no_origin_balance,1.0,48.356317727992206,R_x0.0625,0.06250260548164673,-3.999939858606356,B,youden,val,False,0.0012808406027033925,-0.016509478795342147,False,773.6688311688312,1232,953160,1131,26512,101,926650,27643,0.02896392894339235,0.04091451723763701,0.9180194805194806,31395.988090527215,0.5269995269353294,0.5269995269353294,0.0,1127,26505,105,926655,27632,0.028952463977066027,0.040786045165026055,0.9147727272727273,31582.413361439183,0.530128781198521,0.5301287811985211,1.1102230246251565e-16
E6_threshold_divergence,xgboost__unweighted__split123__model123,xgboost,unweighted,123,123,no_origin_balance,1.0,48.356317727992206,R_x0.0625,0.06250260548164673,-3.999939858606356,C,ner_optimal,val,True,0.01779031939804554,-0.016509478795342147,False,773.6688311688312,1232,953160,1047,1558,185,951604,2605,0.0027294806966514876,0.4019193857965451,0.8498376623376623,10503.918779678557,0.1763142542893214,0.17631425428932143,2.7755575615628914e-17,1046,1544,186,951616,2590,0.002713769604103974,0.4038610038610039,0.849025974025974,10538.275097406551,0.17689094463388663,0.1768909446338867,5.551115123125783e-17
E6_threshold_divergence,xgboost__unweighted__split123__model123,xgboost,unweighted,123,123,no_origin_balance,1.0,193.42527091196882,R_x0.25,0.2500104219265869,-1.999939858606356,B,youden,val,False,0.0012808406027033925,-0.006615681457333267,False,773.6688311688312,1232,953160,1131,26512,101,926650,27643,0.02896392894339235,0.04091451723763701,0.9180194805194806,46047.95236210885,0.19323527134422194,0.19323527134422197,2.7755575615628914e-17,1127,26505,105,926655,27632,0.028952463977066027,0.040786045165026055,0.9147727272727273,46814.653445756725,0.1964526498450848,0.19645264984508481,2.7755575615628914e-17
E6_threshold_divergence,xgboost__unweighted__split123__model123,xgboost,unweighted,123,123,no_origin_balance,1.0,193.42527091196882,R_x0.25,0.2500104219265869,-1.999939858606356,C,ner_optimal,val,True,0.00789652206003666,-0.006615681457333267,False,773.6688311688312,1232,953160,1074,3900,158,949262,4974,0.005211684063395202,0.21592279855247287,0.8717532467532467,34461.19280409107,0.14461268309996836,0.14461268309996836,0.0,1069,3926,163,949234,4995,0.005233698522200522,0.21401401401401401,0.8676948051948052,35454.31915865092,0.14878023085743136,0.1487802308574314,2.7755575615628914e-17
E6_threshold_divergence,xgboost__unweighted__split123__model123,xgboost,unweighted,123,123,no_origin_balance,1.0,773.6688311688312,val_class_ratio,1.0,0.0,B,youden,val,False,0.0012808406027033925,0.0,True,773.6688311688312,1232,953160,1131,26512,101,926650,27643,0.02896392894339235,0.04091451723763701,0.9180194805194806,104652.55194805194,0.10979536693530148,0.10979536693530147,1.3877787807814457e-17,1127,26505,105,926655,27632,0.028952463977066027,0.040786045165026055,0.9147727272727273,107740.22727272726,0.11303477618944066,0.11303477618944066,0.0
E6_threshold_divergence,xgboost__unweighted__split123__model123,xgboost,unweighted,123,123,no_origin_balance,1.0,773.6688311688312,val_class_ratio,1.0,0.0,C,ner_optimal,val,True,0.0012808406027033925,0.0,True,773.6688311688312,1232,953160,1131,26512,101,926650,27643,0.02896392894339235,0.04091451723763701,0.9180194805194806,104652.55194805194,0.10979536693530148,0.10979536693530147,1.3877787807814457e-17,1127,26505,105,926655,27632,0.028952463977066027,0.040786045165026055,0.9147727272727273,107740.22727272726,0.11303477618944066,0.11303477618944066,0.0
E6_threshold_divergence,xgboost__unweighted__split123__model123,xgboost,unweighted,123,123,no_origin_balance,1.0,773.7010836478753,R_x1,1.0000416877063476,6.014139364405448e-05,B,youden,val,False,0.0012808406027033925,0.0,True,773.6688311688312,1232,953160,1131,26512,101,926650,27643,0.02896392894339235,0.04091451723763701,0.9180194805194806,104655.80944843541,0.10979420744644507,0.10979420744644511,4.163336342344337e-17,1127,26505,105,926655,27632,0.028952463977066027,0.040786045165026055,0.9147727272727273,107743.6137830269,0.11303361700672573,0.11303361700672575,1.3877787807814457e-17
E6_threshold_divergence,xgboost__unweighted__split123__model123,xgboost,unweighted,123,123,no_origin_balance,1.0,773.7010836478753,R_x1,1.0000416877063476,6.014139364405448e-05,C,ner_optimal,val,True,0.0012808406027033925,0.0,True,773.6688311688312,1232,953160,1131,26512,101,926650,27643,0.02896392894339235,0.04091451723763701,0.9180194805194806,104655.80944843541,0.10979420744644507,0.10979420744644511,4.163336342344337e-17,1127,26505,105,926655,27632,0.028952463977066027,0.040786045165026055,0.9147727272727273,107743.6137830269,0.11303361700672573,0.11303361700672575,1.3877787807814457e-17
E6_threshold_divergence,xgboost__unweighted__split123__model123,xgboost,unweighted,123,123,no_origin_balance,1.0,3094.804334591501,R_x4,4.00016675082539,2.000060141393644,B,youden,val,False,0.0012808406027033925,0.0010241351556032896,False,773.6688311688312,1232,953160,1131,26512,101,926650,27643,0.02896392894339235,0.04091451723763701,0.9180194805194806,339087.23779374163,0.08893394147200086,0.08893394147200089,2.7755575615628914e-17,1127,26505,105,926655,27632,0.028952463977066027,0.040786045165026055,0.9147727272727273,351459.4551321076,0.09217885879713596,0.09217885879713597,1.3877787807814457e-17
E6_threshold_divergence,xgboost__unweighted__split123__model123,xgboost,unweighted,123,123,no_origin_balance,1.0,3094.804334591501,R_x4,4.00016675082539,2.000060141393644,C,ner_optimal,val,True,0.0002567054471001029,0.0010241351556032896,False,773.6688311688312,1232,953160,1194,148478,38,804684,149672,0.1568241208557472,0.007977444010903842,0.9691558441558441,266080.56471447705,0.069786151561234,0.069786151561234,0.0,1200,148752,32,804408,149952,0.15711782999019272,0.008002560819462228,0.974025974025974,247785.73870692804,0.06498788490872882,0.06498788490872882,0.0
E6_threshold_divergence,xgboost__unweighted__split123__model123,xgboost,unweighted,123,123,no_origin_balance,1.0,12379.217338366005,R_x16,16.00066700330156,4.000060141393644,B,youden,val,False,0.0012808406027033925,0.001275502498174319,False,773.6688311688312,1232,953160,1131,26512,101,926650,27643,0.02896392894339235,0.04091451723763701,0.9180194805194806,1276812.9511749665,0.0837188749783898,0.08371887497838984,4.163336342344337e-17,1127,26505,105,926655,27632,0.028952463977066027,0.040786045165026055,0.9147727272727273,1326322.8205284304,0.08696516924473852,0.08696516924473853,1.3877787807814457e-17
E6_threshold_divergence,xgboost__unweighted__split123__model123,xgboost,unweighted,123,123,no_origin_balance,1.0,12379.217338366005,R_x16,16.00066700330156,4.000060141393644,C,ner_optimal,val,True,5.338104529073462e-06,0.001275502498174319,False,773.6688311688312,1232,953160,1230,360754,2,592408,361984,0.3792815126666764,0.0033979402404526165,0.9983766233766234,385512.434676732,0.0252775218888685,0.0252775218888685,0.0,1230,360885,2,592275,362115,0.37941956764096935,0.0033967109896027507,0.9983766233766234,385643.434676732,0.025286111379296268,0.025286111379296268,0.0
E6_threshold_divergence,xgboost__unweighted__split123__model123,xgboost,unweighted,123,123,no_origin_balance,1.0,49516.86935346402,R_x64,64.00266801320625,6.000060141393644,B,youden,val,False,0.0012808406027033925,0.001275502498174319,False,773.6688311688312,1232,953160,1131,26512,101,926650,27643,0.02896392894339235,0.04091451723763701,0.9180194805194806,5027715.804699866,0.08241510835498704,0.08241510835498707,2.7755575615628914e-17,1127,26505,105,926655,27632,0.028952463977066027,0.040786045165026055,0.9147727272727273,5225776.282113722,0.08566174685663916,0.08566174685663917,1.3877787807814457e-17
E6_threshold_divergence,xgboost__unweighted__split123__model123,xgboost,unweighted,123,123,no_origin_balance,1.0,49516.86935346402,R_x64,64.00266801320625,6.000060141393644,C,ner_optimal,val,True,5.338104529073462e-06,0.001275502498174319,False,773.6688311688312,1232,953160,1230,360754,2,592408,361984,0.3792815126666764,0.0033979402404526165,0.9983766233766234,459787.73870692804,0.007536912939749593,0.007536912939749593,0.0,1230,360885,2,592275,362115,0.37941956764096935,0.0033967109896027507,0.9983766233766234,459918.73870692804,0.007539060312356535,0.007539060312356535,0.0
E6_threshold_divergence,xgboost__unweighted__split123__model42,xgboost,unweighted,123,42,no_origin_balance,1.0,12.089079431998051,R_x0.015625,0.01562565137041168,-5.999939858606356,B,youden,val,False,0.0017570934724062681,-0.06889741052873433,False,773.6688311688312,1232,953160,1119,19665,113,933497,20784,0.021777169596623618,0.05383949191685912,0.9082792207792207,21031.065975815778,1.4120736430709355,1.4120736430709355,0.0,1123,19744,109,933416,20867,0.021864181594145802,0.053817031676810276,0.911525974025974,21061.709658087788,1.4141311296535322,1.4141311296535322,0.0
E6_threshold_divergence,xgboost__unweighted__split123__model42,xgboost,unweighted,123,42,no_origin_balance,1.0,12.089079431998051,R_x0.015625,0.01562565137041168,-5.999939858606356,C,ner_optimal,val,True,0.0706545040011406,-0.06889741052873433,False,773.6688311688312,1232,953160,1011,390,221,952772,1401,0.001467947200003353,0.721627408993576,0.8206168831168831,3061.6865544715693,0.20556860464826104,0.2055686046482611,5.551115123125783e-17,1001,314,231,952846,1315,0.0013778405518906278,0.7612167300380228,0.8125,3106.57734879155,0.2085826747647571,0.20858267476475714,5.551115123125783e-17
E6_threshold_divergence,xgboost__unweighted__split123__model42,xgboost,unweighted,123,42,no_origin_balance,1.0,48.356317727992206,R_x0.0625,0.06250260548164673,-3.999939858606356,B,youden,val,False,0.0017570934724062681,-0.029913920210674405,False,773.6688311688312,1232,953160,1119,19665,113,933497,20784,0.021777169596623618,0.05383949191685912,0.9082792207792207,25129.26390326312,0.4218089951833183,0.4218089951833183,0.0,1123,19744,109,933416,20867,0.021864181594145802,0.053817031676810276,0.911525974025974,25014.83863235115,0.41988830189390247,0.4198883018939025,5.551115123125783e-17
E6_threshold_divergence,xgboost__unweighted__split123__model42,xgboost,unweighted,123,42,no_origin_balance,1.0,48.356317727992206,R_x0.0625,0.06250260548164673,-3.999939858606356,C,ner_optimal,val,True,0.03167101368308067,-0.029913920210674405,False,773.6688311688312,1232,953160,1025,850,207,952312,1875,0.0019645974304113396,0.5466666666666666,0.8319805194805194,10859.757769694386,0.18228721423766803,0.18228721423766808,5.551115123125783e-17,1028,792,204,952368,1820,0.0019069732353163061,0.5648351648351648,0.8344155844155844,10656.68881651041,0.17887858629595027,0.17887858629595035,8.326672684688674e-17
E6_threshold_divergence,xgboost__unweighted__split123__model42,xgboost,unweighted,123,42,no_origin_balance,1.0,193.42527091196882,R_x0.25,0.2500104219265869,-1.999939858606356,B,youden,val,False,0.0017570934724062681,-0.0017182906158268452,False,773.6688311688312,1232,953160,1119,19665,113,933497,20784,0.021777169596623618,0.05383949191685912,0.9082792207792207,41522.05561305248,0.17424283321141398,0.174242833211414,2.7755575615628914e-17,1123,19744,109,933416,20867,0.021864181594145802,0.053817031676810276,0.911525974025974,40827.354529404605,0.17132759495399505,0.17132759495399513,8.326672684688674e-17
E6_threshold_divergence,xgboost__unweighted__split123__model42,xgboost,unweighted,123,42,no_origin_balance,1.0,193.42527091196882,R_x0.25,0.2500104219265869,-1.999939858606356,C,ner_optimal,val,True,0.0034753840882331133,-0.0017182906158268452,False,773.6688311688312,1232,953160,1094,9743,138,943419,10837,0.011354849255129433,0.10095044754083234,0.887987012987013,36435.6873858517,0.15289843690013444,0.15289843690013447,2.7755575615628914e-17,1102,9637,130,943523,10739,0.011252189875858139,0.10261663097122638,0.8944805194805194,34782.285218555946,0.14596011282600213,0.14596011282600213,0.0
E6_threshold_divergence,xgboost__unweighted__split123__model42,xgboost,unweighted,123,42,no_origin_balance,1.0,773.6688311688312,val_class_ratio,1.0,0.0,B,youden,val,False,0.0017570934724062681,0.0,True,773.6688311688312,1232,953160,1119,19665,113,933497,20784,0.021777169596623618,0.05383949191685912,0.9082792207792207,107089.57792207792,0.11235215275722639,0.1123521527572264,1.3877787807814457e-17,1123,19744,109,933416,20867,0.021864181594145802,0.053817031676810276,0.911525974025974,104073.9025974026,0.10918828171283164,0.10918828171283164,0.0
E6_threshold_divergence,xgboost__unweighted__split123__model42,xgboost,unweighted,123,42,no_origin_balance,1.0,773.6688311688312,val_class_ratio,1.0,0.0,C,ner_optimal,val,True,0.0017570934724062681,0.0,True,773.6688311688312,1232,953160,1119,19665,113,933497,20784,0.021777169596623618,0.05383949191685912,0.9082792207792207,107089.57792207792,0.11235215275722639,0.1123521527572264,1.3877787807814457e-17,1123,19744,109,933416,20867,0.021864181594145802,0.053817031676810276,0.911525974025974,104073.9025974026,0.10918828171283164,0.10918828171283164,0.0
E6_threshold_divergence,xgboost__unweighted__split123__model42,xgboost,unweighted,123,42,no_origin_balance,1.0,773.7010836478753,R_x1,1.0000416877063476,6.014139364405448e-05,B,youden,val,False,0.0017570934724062681,0.0,True,773.6688311688312,1232,953160,1119,19665,113,933497,20784,0.021777169596623618,0.05383949191685912,0.9082792207792207,107093.22245220991,0.11235129271843788,0.11235129271843793,4.163336342344337e-17,1123,19744,109,933416,20867,0.021864181594145802,0.053817031676810276,0.911525974025974,104077.4181176184,0.10918741821901823,0.10918741821901826,2.7755575615628914e-17
E6_threshold_divergence,xgboost__unweighted__split123__model42,xgboost,unweighted,123,42,no_origin_balance,1.0,773.7010836478753,R_x1,1.0000416877063476,6.014139364405448e-05,C,ner_optimal,val,True,0.0017570934724062681,0.0,True,773.6688311688312,1232,953160,1119,19665,113,933497,20784,0.021777169596623618,0.05383949191685912,0.9082792207792207,107093.22245220991,0.11235129271843788,0.11235129271843793,4.163336342344337e-17,1123,19744,109,933416,20867,0.021864181594145802,0.053817031676810276,0.911525974025974,104077.4181176184,0.10918741821901823,0.10918741821901826,2.7755575615628914e-17
E6_threshold_divergence,xgboost__unweighted__split123__model42,xgboost,unweighted,123,42,no_origin_balance,1.0,3094.804334591501,R_x4,4.00016675082539,2.000060141393644,B,youden,val,False,0.0017570934724062681,0.0014065997384022921,False,773.6688311688312,1232,953160,1119,19665,113,933497,20784,0.021777169596623618,0.05383949191685912,0.9082792207792207,369377.88980883965,0.09687840759519387,0.0968784075951939,2.7755575615628914e-17,1123,19744,109,933416,20867,0.021864181594145802,0.053817031676810276,0.911525974025974,357077.6724704736,0.09365237403527402,0.09365237403527404,2.7755575615628914e-17
E6_threshold_divergence,xgboost__unweighted__split123__model42,xgboost,unweighted,123,42,no_origin_balance,1.0,3094.804334591501,R_x4,4.00016675082539,2.000060141393644,C,ner_optimal,val,True,0.000350493734003976,0.0014065997384022921,False,773.6688311688312,1232,953160,1183,113404,49,839758,114587,0.12006257373789023,0.010324033267299082,0.9602272727272727,265049.4123949836,0.06951570658481075,0.06951570658481075,0.0,1192,113880,40,839280,115072,0.12057100227160328,0.0103587319243604,0.9675324675324676,237672.17338366003,0.062335354449650084,0.062335354449650084,0.0
E6_threshold_divergence,xgboost__unweighted__split123__model42,xgboost,unweighted,123,42,no_origin_balance,1.0,12379.217338366005,R_x16,16.00066700330156,4.000060141393644,B,youden,val,False,0.0017570934724062681,0.0017041004757629707,False,773.6688311688312,1232,953160,1119,19665,113,933497,20784,0.021777169596623618,0.05383949191685912,0.9082792207792207,1418516.5592353586,0.09301018631438286,0.09301018631438289,2.7755575615628914e-17,1123,19744,109,933416,20867,0.021864181594145802,0.053817031676810276,0.911525974025974,1369078.6898818945,0.08976861298933796,0.089768612989338,4.163336342344337e-17
E6_threshold_divergence,xgboost__unweighted__split123__model42,xgboost,unweighted,123,42,no_origin_balance,1.0,12379.217338366005,R_x16,16.00066700330156,4.000060141393644,C,ner_optimal,val,True,5.2992996643297374e-05,0.0017041004757629707,False,773.6688311688312,1232,953160,1231,323707,1,629455,324938,0.34046525858293325,0.0037884150207116436,0.9991883116883117,336086.217338366,0.022036712570481228,0.022036712570481228,0.0,1231,323940,1,629220,325171,0.34071010653903216,0.0037857004468418156,0.9991883116883117,336319.217338366,0.022051990061089398,0.022051990061089398,0.0
E6_threshold_divergence,xgboost__unweighted__split123__model42,xgboost,unweighted,123,42,no_origin_balance,1.0,49516.86935346402,R_x64,64.00266801320625,6.000060141393644,B,youden,val,False,0.0017570934724062681,0.0017311337142018601,False,773.6688311688312,1232,953160,1119,19665,113,933497,20784,0.021777169596623618,0.05383949191685912,0.9082792207792207,5615071.236941434,0.09204313099418011,0.09204313099418014,2.7755575615628914e-17,1123,19744,109,933416,20867,0.021864181594145802,0.053817031676810276,0.911525974025974,5417082.759527578,0.08879767272785395,0.08879767272785398,2.7755575615628914e-17
E6_threshold_divergence,xgboost__unweighted__split123__model42,xgboost,unweighted,123,42,no_origin_balance,1.0,49516.86935346402,R_x64,64.00266801320625,6.000060141393644,C,ner_optimal,val,True,2.595975820440799e-05,0.0017311337142018601,False,773.6688311688312,1232,953160,1232,343740,0,609422,344972,0.3614565892073923,0.0035713043377433532,1.0,343740.0,0.0056346401519873504,0.0056346401519873504,0.0,1232,344097,0,609063,345329,0.3618314068013982,0.0035676123349038164,1.0,344097.0,0.0056404921521452005,0.0056404921521452005,0.0
E6_threshold_divergence,xgboost__unweighted__split123__model456,xgboost,unweighted,123,456,no_origin_balance,1.0,12.089079431998051,R_x0.015625,0.01562565137041168,-5.999939858606356,B,youden,val,False,0.0015902656596153975,-0.08577918377704918,False,773.6688311688312,1232,953160,1127,22151,105,931011,23278,0.024390346125394754,0.04841481226909528,0.9147727272727273,23420.353340359794,1.5724958355111431,1.5724958355111431,0.0,1126,22165,106,930995,23291,0.02440401847458906,0.04834485423554163,0.913961038961039,23446.442419791794,1.574247515691324,1.574247515691324,0.0
E6_threshold_divergence,xgboost__unweighted__split123__model456,xgboost,unweighted,123,456,no_origin_balance,1.0,12.089079431998051,R_x0.015625,0.01562565137041168,-5.999939858606356,C,ner_optimal,val,True,0.08736944943666458,-0.08577918377704918,False,773.6688311688312,1232,953160,1012,275,220,952887,1287,0.0013484996762343434,0.7863247863247863,0.8214285714285714,2934.5974750395712,0.19703555455967126,0.19703555455967128,2.7755575615628914e-17,995,269,237,952891,1264,0.0013244033898020939,0.7871835443037974,0.8076298701298701,3134.1118253835384,0.21043140220044726,0.21043140220044732,5.551115123125783e-17
E6_threshold_divergence,xgboost__unweighted__split123__model456,xgboost,unweighted,123,456,no_origin_balance,1.0,48.356317727992206,R_x0.0625,0.06250260548164673,-3.999939858606356,B,youden,val,False,0.0015902656596153975,-0.020696030231192708,False,773.6688311688312,1232,953160,1127,22151,105,931011,23278,0.024390346125394754,0.04841481226909528,0.9147727272727273,27228.413361439183,0.4570444134232403,0.45704441342324037,5.551115123125783e-17,1126,22165,106,930995,23291,0.02440401847458906,0.04834485423554163,0.913961038961039,27290.769679167173,0.45809109970205175,0.45809109970205175,0.0
E6_threshold_divergence,xgboost__unweighted__split123__model456,xgboost,unweighted,123,456,no_origin_balance,1.0,48.356317727992206,R_x0.0625,0.06250260548164673,-3.999939858606356,C,ner_optimal,val,True,0.022286295890808105,-0.020696030231192708,False,773.6688311688312,1232,953160,1045,1209,187,951953,2254,0.002361708057678485,0.463620230700976,0.8482142857142857,10251.631415134543,0.172079467303701,0.17207946730370108,8.326672684688674e-17,1040,1194,192,951966,2234,0.0023407572569761692,0.4655326768128917,0.8441558441558441,10478.413003774504,0.17588612532593928,0.1758861253259393,2.7755575615628914e-17
E6_threshold_divergence,xgboost__unweighted__split123__model456,xgboost,unweighted,123,456,no_origin_balance,1.0,193.42527091196882,R_x0.25,0.2500104219265869,-1.999939858606356,B,youden,val,False,0.0015902656596153975,-0.0023923071566969156,False,773.6688311688312,1232,953160,1127,22151,105,931011,23278,0.024390346125394754,0.04841481226909528,0.9147727272727273,42460.653445756725,0.1781815579012646,0.17818155790126464,2.7755575615628914e-17,1126,22165,106,930995,23291,0.02440401847458906,0.04834485423554163,0.913961038961039,42668.07871666869,0.1790519957047337,0.1790519957047337,0.0
E6_threshold_divergence,xgboost__unweighted__split123__model456,xgboost,unweighted,123,456,no_origin_balance,1.0,193.42527091196882,R_x0.25,0.2500104219265869,-1.999939858606356,C,ner_optimal,val,True,0.003982572816312313,-0.0023923071566969156,False,773.6688311688312,1232,953160,1098,8402,134,944760,9500,0.009953960314084121,0.11557894736842106,0.8912337662337663,34320.98630220382,0.14402432161923723,0.14402432161923723,0.0,1095,8334,137,944826,9429,0.00987958826142717,0.11613108495068405,0.8887987012987013,34833.26211493973,0.14617403187993844,0.14617403187993844,0.0
E6_threshold_divergence,xgboost__unweighted__split123__model456,xgboost,unweighted,123,456,no_origin_balance,1.0,773.6688311688312,val_class_ratio,1.0,0.0,B,youden,val,False,0.0015902656596153975,0.0,True,773.6688311688312,1232,953160,1127,22151,105,931011,23278,0.024390346125394754,0.04841481226909528,0.9147727272727273,103386.22727272726,0.10846681278350671,0.10846681278350671,0.0,1126,22165,106,930995,23291,0.02440401847458906,0.04834485423554163,0.913961038961039,104173.8961038961,0.10929318908042311,0.10929318908042311,0.0
E6_threshold_divergence,xgboost__unweighted__split123__model456,xgboost,unweighted,123,456,no_origin_balance,1.0,773.6688311688312,val_class_ratio,1.0,0.0,C,ner_optimal,val,True,0.0015902656596153975,0.0,True,773.6688311688312,1232,953160,1127,22151,105,931011,23278,0.024390346125394754,0.04841481226909528,0.9147727272727273,103386.22727272726,0.10846681278350671,0.10846681278350671,0.0,1126,22165,106,930995,23291,0.02440401847458906,0.04834485423554163,0.913961038961039,104173.8961038961,0.10929318908042311,0.10929318908042311,0.0
E6_threshold_divergence,xgboost__unweighted__split123__model456,xgboost,unweighted,123,456,no_origin_balance,1.0,773.7010836478753,R_x1,1.0000416877063476,6.014139364405448e-05,B,youden,val,False,0.0015902656596153975,0.0,True,773.6688311688312,1232,953160,1127,22151,105,931011,23278,0.024390346125394754,0.04841481226909528,0.9147727272727273,103389.6137830269,0.10846584402077068,0.1084658440207707,1.3877787807814457e-17,1126,22165,106,930995,23291,0.02440401847458906,0.04834485423554163,0.913961038961039,104177.31486667479,0.10929221970540419,0.10929221970540422,2.7755575615628914e-17
E6_threshold_divergence,xgboost__unweighted__split123__model456,xgboost,unweighted,123,456,no_origin_balance,1.0,773.7010836478753,R_x1,1.0000416877063476,6.014139364405448e-05,C,ner_optimal,val,True,0.0015902656596153975,0.0,True,773.6688311688312,1232,953160,1127,22151,105,931011,23278,0.024390346125394754,0.04841481226909528,0.9147727272727273,103389.6137830269,0.10846584402077068,0.1084658440207707,1.3877787807814457e-17,1126,22165,106,930995,23291,0.02440401847458906,0.04834485423554163,0.913961038961039,104177.31486667479,0.10929221970540419,0.10929221970540422,2.7755575615628914e-17
E6_threshold_divergence,xgboost__unweighted__split123__model456,xgboost,unweighted,123,456,no_origin_balance,1.0,3094.804334591501,R_x4,4.00016675082539,2.000060141393644,B,youden,val,False,0.0015902656596153975,0.0012736998905893415,False,773.6688311688312,1232,953160,1127,22151,105,931011,23278,0.024390346125394754,0.04841481226909528,0.9147727272727273,347105.4551321076,0.0910369155506472,0.09103691555064722,1.3877787807814457e-17,1126,22165,106,930995,23291,0.02440401847458906,0.04834485423554163,0.913961038961039,350214.25946669915,0.0918522757055718,0.09185227570557183,2.7755575615628914e-17
E6_threshold_divergence,xgboost__unweighted__split123__model456,xgboost,unweighted,123,456,no_origin_balance,1.0,3094.804334591501,R_x4,4.00016675082539,2.000060141393644,C,ner_optimal,val,True,0.00031656576902605593,0.0012736998905893415,False,773.6688311688312,1232,953160,1189,126528,43,826634,127717,0.1338199946772507,0.009309645544445924,0.9650974025974026,259604.58638743454,0.06808766747419363,0.06808766747419363,0.0,1195,127033,37,826127,128228,0.13435569451546114,0.009319337430202452,0.9699675324675324,241540.76037988556,0.06334998623508738,0.06334998623508738,0.0
E6_threshold_divergence,xgboost__unweighted__split123__model456,xgboost,unweighted,123,456,no_origin_balance,1.0,12379.217338366005,R_x16,16.00066700330156,4.000060141393644,B,youden,val,False,0.0015902656596153975,0.0015238526175380684,False,773.6688311688312,1232,953160,1127,22151,105,931011,23278,0.024390346125394754,0.04841481226909528,0.9147727272727273,1321968.8205284304,0.08667968343311633,0.08667968343311634,1.3877787807814457e-17,1126,22165,106,930995,23291,0.02440401847458906,0.04834485423554163,0.913961038961039,1334362.0378667966,0.08749228970561371,0.08749228970561375,4.163336342344337e-17
E6_threshold_divergence,xgboost__unweighted__split123__model456,xgboost,unweighted,123,456,no_origin_balance,1.0,12379.217338366005,R_x16,16.00066700330156,4.000060141393644,C,ner_optimal,val,True,6.641304207732901e-05,0.0015238526175380684,False,773.6688311688312,1232,953160,1228,316820,4,636342,318048,0.3332460178919817,0.0038610524197605395,0.9967532467532467,366336.869353464,0.024020206356110692,0.024020206356110692,0.0,1229,316566,3,636594,317795,0.3329816259985415,0.003867272927516166,0.997564935064935,353703.652015098,0.023191863612600602,0.023191863612600602,0.0
E6_threshold_divergence,xgboost__unweighted__split123__model456,xgboost,unweighted,123,456,no_origin_balance,1.0,49516.86935346402,R_x64,64.00266801320625,6.000060141393644,B,youden,val,False,0.0015902656596153975,0.0015875426299771789,False,773.6688311688312,1232,953160,1127,22151,105,931011,23278,0.024390346125394754,0.04841481226909528,0.9147727272727273,5221422.282113722,0.08559037540373361,0.08559037540373363,1.3877787807814457e-17,1126,22165,106,930995,23291,0.02440401847458906,0.04834485423554163,0.913961038961039,5270953.151467186,0.08640229320562419,0.08640229320562422,2.7755575615628914e-17
E6_threshold_divergence,xgboost__unweighted__split123__model456,xgboost,unweighted,123,456,no_origin_balance,1.0,49516.86935346402,R_x64,64.00266801320625,6.000060141393644,C,ner_optimal,val,True,2.723029638218577e-06,0.0015875426299771789,False,773.6688311688312,1232,953160,1232,388049,0,565113,389281,0.4078829078975769,0.0031648089683287907,1.0,388049.0,0.006360960250010296,0.006360960250010296,0.0,1232,388852,0,564308,390084,0.40872513600281646,0.0031582941110119872,1.0,388852.0,0.006374123152326133,0.006374123152326133,0.0
E6_threshold_divergence,xgboost__unweighted__split123__model789,xgboost,unweighted,123,789,no_origin_balance,1.0,12.089079431998051,R_x0.015625,0.01562565137041168,-5.999939858606356,B,youden,val,False,0.0015989815583452582,-0.06879139191005379,False,773.6688311688312,1232,953160,1127,21894,105,931268,23021,0.024121065304266373,0.0489553016810738,0.9147727272727273,23163.353340359794,1.5552402704966763,1.5552402704966763,0.0,1124,21868,108,931292,22992,0.02409073001450138,0.048886569241475296,0.9123376623376623,23173.62057865579,1.5559296362473982,1.5559296362473987,4.440892098500626e-16
E6_threshold_divergence,xgboost__unweighted__split123__model789,xgboost,unweighted,123,789,no_origin_balance,1.0,12.089079431998051,R_x0.015625,0.01562565137041168,-5.999939858606356,C,ner_optimal,val,True,0.07039037346839905,-0.06879139191005379,False,773.6688311688312,1232,953160,1012,357,220,952805,1369,0.0014344180705243327,0.7392257121986852,0.8214285714285714,3016.5974750395712,0.20254122121798362,0.20254122121798365,2.7755575615628914e-17,1000,333,232,952827,1333,0.0013967007267454044,0.7501875468867217,0.8116883116883117,3137.666428223548,0.21067006632654214,0.21067006632654223,8.326672684688674e-17
E6_threshold_divergence,xgboost__unweighted__split123__model789,xgboost,unweighted,123,789,no_origin_balance,1.0,48.356317727992206,R_x0.0625,0.06250260548164673,-3.999939858606356,B,youden,val,False,0.0015989815583452582,-0.014821677119471133,False,773.6688311688312,1232,953160,1127,21894,105,931268,23021,0.024121065304266373,0.0489553016810738,0.9147727272727273,26971.413361439183,0.4527305221696236,0.4527305221696237,5.551115123125783e-17,1124,21868,108,931292,22992,0.02409073001450138,0.048886569241475296,0.9123376623376623,27090.482314623157,0.45472916230860283,0.45472916230860283,0.0
E6_threshold_divergence,xgboost__unweighted__split123__model789,xgboost,unweighted,123,789,no_origin_balance,1.0,48.356317727992206,R_x0.0625,0.06250260548164673,-3.999939858606356,C,ner_optimal,val,True,0.01642065867781639,-0.014821677119471133,False,773.6688311688312,1232,953160,1051,1740,181,951422,2791,0.0029243687617482926,0.3765675385166607,0.8530844155844156,10492.493508766589,0.1761224746151683,0.17612247461516833,2.7755575615628914e-17,1041,1717,191,951443,2758,0.002889797902748556,0.37744742567077594,0.8449675324675324,10953.056686046511,0.18385328964320632,0.18385328964320638,5.551115123125783e-17
E6_threshold_divergence,xgboost__unweighted__split123__model789,xgboost,unweighted,123,789,no_origin_balance,1.0,193.42527091196882,R_x0.25,0.2500104219265869,-1.999939858606356,B,youden,val,False,0.0015989815583452582,-0.005061303381808102,False,773.6688311688312,1232,953160,1127,21894,105,931268,23021,0.024121065304266373,0.0489553016810738,0.9147727272727273,42203.653445756725,0.17710308508786043,0.17710308508786046,2.7755575615628914e-17,1124,21868,108,931292,22992,0.02409073001450138,0.048886569241475296,0.9123376623376623,42757.92925849263,0.17942904382390396,0.17942904382390396,0.0
E6_threshold_divergence,xgboost__unweighted__split123__model789,xgboost,unweighted,123,789,no_origin_balance,1.0,193.42527091196882,R_x0.25,0.2500104219265869,-1.999939858606356,C,ner_optimal,val,True,0.00666028494015336,-0.005061303381808102,False,773.6688311688312,1232,953160,1080,4746,152,948416,5826,0.006104397135774114,0.18537590113285274,0.8766233766233766,34146.64117861926,0.14329270109030517,0.14329270109030517,0.0,1079,4693,153,948467,5772,0.006047829403431714,0.18693693693693694,0.8758116883116883,34287.06644953123,0.14388198061168053,0.14388198061168056,2.7755575615628914e-17
E6_threshold_divergence,xgboost__unweighted__split123__model789,xgboost,unweighted,123,789,no_origin_balance,1.0,773.6688311688312,val_class_ratio,1.0,0.0,B,youden,val,False,0.0015989815583452582,0.0,True,773.6688311688312,1232,953160,1127,21894,105,931268,23021,0.024121065304266373,0.0489553016810738,0.9147727272727273,103129.22727272726,0.10819718334039119,0.10819718334039119,0.0,1124,21868,108,931292,22992,0.02409073001450138,0.048886569241475296,0.9123376623376623,105424.23376623377,0.11060497058860398,0.11060497058860398,0.0
E6_threshold_divergence,xgboost__unweighted__split123__model789,xgboost,unweighted,123,789,no_origin_balance,1.0,773.6688311688312,val_class_ratio,1.0,0.0,C,ner_optimal,val,True,0.0015989815583452582,0.0,True,773.6688311688312,1232,953160,1127,21894,105,931268,23021,0.024121065304266373,0.0489553016810738,0.9147727272727273,103129.22727272726,0.10819718334039119,0.10819718334039119,0.0,1124,21868,108,931292,22992,0.02409073001450138,0.048886569241475296,0.9123376623376623,105424.23376623377,0.11060497058860398,0.11060497058860398,0.0
E6_threshold_divergence,xgboost__unweighted__split123__model789,xgboost,unweighted,123,789,no_origin_balance,1.0,773.7010836478753,R_x1,1.0000416877063476,6.014139364405448e-05,B,youden,val,False,0.0015989815583452582,0.0,True,773.6688311688312,1232,953160,1127,21894,105,931268,23021,0.024121065304266373,0.0489553016810738,0.9147727272727273,103132.6137830269,0.10819622581741964,0.10819622581741965,1.3877787807814457e-17,1124,21868,108,931292,22992,0.02409073001450138,0.048886569241475296,0.9123376623376623,105427.71703397053,0.11060401420272921,0.11060401420272924,2.7755575615628914e-17
E6_threshold_divergence,xgboost__unweighted__split123__model789,xgboost,unweighted,123,789,no_origin_balance,1.0,773.7010836478753,R_x1,1.0000416877063476,6.014139364405448e-05,C,ner_optimal,val,True,0.0015989815583452582,0.0,True,773.6688311688312,1232,953160,1127,21894,105,931268,23021,0.024121065304266373,0.0489553016810738,0.9147727272727273,103132.6137830269,0.10819622581741964,0.10819622581741965,1.3877787807814457e-17,1124,21868,108,931292,22992,0.02409073001450138,0.048886569241475296,0.9123376623376623,105427.71703397053,0.11060401420272921,0.11060401420272924,2.7755575615628914e-17
E6_threshold_divergence,xgboost__unweighted__split123__model789,xgboost,unweighted,123,789,no_origin_balance,1.0,3094.804334591501,R_x4,4.00016675082539,2.000060141393644,B,youden,val,False,0.0015989815583452582,0.0013133168686181307,False,773.6688311688312,1232,953160,1127,21894,105,931268,23021,0.024121065304266373,0.0489553016810738,0.9147727272727273,346848.4551321076,0.09096951099980943,0.09096951099980946,2.7755575615628914e-17,1124,21868,108,931292,22992,0.02409073001450138,0.048886569241475296,0.9123376623376623,356106.86813588213,0.09339775679743553,0.09339775679743556,2.7755575615628914e-17
E6_threshold_divergence,xgboost__unweighted__split123__model789,xgboost,unweighted,123,789,no_origin_balance,1.0,3094.804334591501,R_x4,4.00016675082539,2.000060141393644,C,ner_optimal,val,True,0.00028566468972712755,0.0013133168686181307,False,773.6688311688312,1232,953160,1190,137332,42,815830,138522,0.1451413148029011,0.008590693175091322,0.9659090909090909,267313.782052843,0.07010959304286007,0.07010959304286006,1.3877787807814457e-17,1192,137640,40,815520,138832,0.14546643307990847,0.008585916791517805,0.9675324675324676,261432.17338366003,0.068566996970682,0.068566996970682,0.0
E6_threshold_divergence,xgboost__unweighted__split123__model789,xgboost,unweighted,123,789,no_origin_balance,1.0,12379.217338366005,R_x16,16.00066700330156,4.000060141393644,B,youden,val,False,0.0015989815583452582,0.0015421567804878578,False,773.6688311688312,1232,953160,1127,21894,105,931268,23021,0.024121065304266373,0.0489553016810738,0.9147727272727273,1321711.8205284304,0.08666283229540689,0.0866628322954069,1.3877787807814457e-17,1124,21868,108,931292,22992,0.02409073001450138,0.048886569241475296,0.9123376623376623,1358823.4725435285,0.08909619244611211,0.08909619244611214,2.7755575615628914e-17
E6_threshold_divergence,xgboost__unweighted__split123__model789,xgboost,unweighted,123,789,no_origin_balance,1.0,12379.217338366005,R_x16,16.00066700330156,4.000060141393644,C,ner_optimal,val,True,5.682477785740048e-05,0.0015421567804878578,False,773.6688311688312,1232,953160,1228,324384,4,628778,325612,0.3411714658725851,0.0037713597778951634,0.9967532467532467,373900.869353464,0.024516167467527838,0.024516167467527838,0.0,1228,324422,4,628738,325650,0.3412119967476676,0.0037709196990634115,0.9967532467532467,373938.869353464,0.02451865907543818,0.02451865907543818,0.0
E6_threshold_divergence,xgboost__unweighted__split123__model789,xgboost,unweighted,123,789,no_origin_balance,1.0,49516.86935346402,R_x64,64.00266801320625,6.000060141393644,B,youden,val,False,0.0015989815583452582,0.0015981127351096802,False,773.6688311688312,1232,953160,1127,21894,105,931268,23021,0.024121065304266373,0.0489553016810738,0.9147727272727273,5221165.282113722,0.08558616261930625,0.08558616261930627,1.3877787807814457e-17,1124,21868,108,931292,22992,0.02409073001450138,0.048886569241475296,0.9123376623376623,5369689.890174114,0.08802080135828125,0.08802080135828129,4.163336342344337e-17
E6_threshold_divergence,xgboost__unweighted__split123__model789,xgboost,unweighted,123,789,no_origin_balance,1.0,49516.86935346402,R_x64,64.00266801320625,6.000060141393644,C,ner_optimal,val,True,8.688232355780201e-07,0.0015981127351096802,False,773.6688311688312,1232,953160,1232,415974,0,537188,417206,0.4371423122945031,0.0029529776657095056,1.0,415974.0,0.006818711242749712,0.006818711242749712,0.0,1231,415505,1,537655,416736,0.4366507682377891,0.0029539084696306533,0.9991883116883117,465021.869353464,0.007622711632662023,0.007622711632662023,0.0
E6_threshold_divergence,xgboost__unweighted__split42__model123,xgboost,unweighted,42,123,no_origin_balance,1.0,12.089079431998051,R_x0.015625,0.01562565137041168,-5.999939858606356,B,youden,val,False,0.001330084283836186,-0.1221411757869646,False,773.6688311688312,1232,953160,1105,26759,127,926403,27864,0.029195489493856835,0.03965690496698249,0.8969155844155844,28294.313087863753,1.8997445876549133,1.8997445876549133,0.0,1127,26846,105,926314,27973,0.029309759511814852,0.040288849962463805,0.9147727272727273,28115.353340359794,1.887728822837687,1.887728822837687,0.0
E6_threshold_divergence,xgboost__unweighted__split42__model123,xgboost,unweighted,42,123,no_origin_balance,1.0,12.089079431998051,R_x0.015625,0.01562565137041168,-5.999939858606356,C,ner_optimal,val,True,0.12347126007080078,-0.1221411757869646,False,773.6688311688312,1232,953160,959,158,273,953004,1117,0.0011703761758770487,0.8585496866606983,0.7784090909090909,3458.318684935468,0.23219938874960852,0.23219938874960852,0.0,1004,177,228,952983,1181,0.0012374370279717348,0.8501270110076207,0.814935064935065,2933.310110495556,0.19694911797373124,0.1969491179737313,5.551115123125783e-17
E6_threshold_divergence,xgboost__unweighted__split42__model123,xgboost,unweighted,42,123,no_origin_balance,1.0,48.356317727992206,R_x0.0625,0.06250260548164673,-3.999939858606356,B,youden,val,False,0.001330084283836186,-0.023271300713531673,False,773.6688311688312,1232,953160,1105,26759,127,926403,27864,0.029195489493856835,0.03965690496698249,0.8969155844155844,32900.25235145501,0.5522494586020399,0.55224945860204,1.1102230246251565e-16,1127,26846,105,926314,27973,0.029309759511814852,0.040288849962463805,0.9147727272727273,31923.413361439183,0.5358526602548763,0.5358526602548763,0.0
E6_threshold_divergence,xgboost__unweighted__split42__model123,xgboost,unweighted,42,123,no_origin_balance,1.0,48.356317727992206,R_x0.0625,0.06250260548164673,-3.999939858606356,C,ner_optimal,val,True,0.02460138499736786,-0.023271300713531673,False,773.6688311688312,1232,953160,1004,1063,228,952099,2067,0.0021657722072854608,0.48572810836961783,0.814935064935065,12088.240441982223,0.20290799499720957,0.20290799499720963,5.551115123125783e-17,1050,1108,182,952052,2158,0.0022611254075893344,0.4865616311399444,0.8522727272727273,9908.849826494581,0.16632568326815717,0.1663256832681572,2.7755575615628914e-17
E6_threshold_divergence,xgboost__unweighted__split42__model123,xgboost,unweighted,42,123,no_origin_balance,1.0,193.42527091196882,R_x0.25,0.2500104219265869,-1.999939858606356,B,youden,val,False,0.001330084283836186,-0.004529593396000564,False,773.6688311688312,1232,953160,1105,26759,127,926403,27864,0.029195489493856835,0.03965690496698249,0.8969155844155844,51324.00940582004,0.21537567633882165,0.21537567633882168,2.7755575615628914e-17,1127,26846,105,926314,27973,0.029309759511814852,0.040288849962463805,0.9147727272727273,47155.653445756725,0.19788361960917358,0.1978836196091736,2.7755575615628914e-17
E6_threshold_divergence,xgboost__unweighted__split42__model123,xgboost,unweighted,42,123,no_origin_balance,1.0,193.42527091196882,R_x0.25,0.2500104219265869,-1.999939858606356,C,ner_optimal,val,True,0.00585967767983675,-0.004529593396000564,False,773.6688311688312,1232,953160,1052,5478,180,947684,6530,0.006842037984312558,0.16110260336906584,0.8538961038961039,40294.54876415439,0.16909173295925825,0.16909173295925828,2.7755575615628914e-17,1086,5611,146,947549,6697,0.007017032833468847,0.16216216216216217,0.8814935064935064,33851.08955314745,0.14205245053377302,0.14205245053377305,2.7755575615628914e-17
E6_threshold_divergence,xgboost__unweighted__split42__model123,xgboost,unweighted,42,123,no_origin_balance,1.0,773.6688311688312,val_class_ratio,1.0,0.0,B,youden,val,False,0.001330084283836186,0.0,True,773.6688311688312,1232,953160,1105,26759,127,926403,27864,0.029195489493856835,0.03965690496698249,0.8969155844155844,125014.94155844155,0.13115840106429305,0.13115840106429305,0.0,1127,26846,105,926314,27973,0.029309759511814852,0.040288849962463805,0.9147727272727273,108081.22727272726,0.1133925335439247,0.1133925335439247,0.0
E6_threshold_divergence,xgboost__unweighted__split42__model123,xgboost,unweighted,42,123,no_origin_balance,1.0,773.6688311688312,val_class_ratio,1.0,0.0,C,ner_optimal,val,True,0.001330084283836186,0.0,True,773.6688311688312,1232,953160,1105,26759,127,926403,27864,0.029195489493856835,0.03965690496698249,0.8969155844155844,125014.94155844155,0.13115840106429305,0.13115840106429305,0.0,1127,26846,105,926314,27973,0.029309759511814852,0.040288849962463805,0.9147727272727273,108081.22727272726,0.1133925335439247,0.1133925335439247,0.0
E6_threshold_divergence,xgboost__unweighted__split42__model123,xgboost,unweighted,42,123,no_origin_balance,1.0,773.7010836478753,R_x1,1.0000416877063476,6.014139364405448e-05,B,youden,val,False,0.001330084283836186,0.0,True,773.6688311688312,1232,953160,1105,26759,127,926403,27864,0.029195489493856835,0.03965690496698249,0.8969155844155844,125019.03762328016,0.13115723077301708,0.1311572307730171,2.7755575615628914e-17,1127,26846,105,926314,27973,0.029309759511814852,0.040288849962463805,0.9147727272727273,108084.6137830269,0.11339135944774793,0.11339135944774795,1.3877787807814457e-17
E6_threshold_divergence,xgboost__unweighted__split42__model123,xgboost,unweighted,42,123,no_origin_balance,1.0,773.7010836478753,R_x1,1.0000416877063476,6.014139364405448e-05,C,ner_optimal,val,True,0.001330084283836186,0.0,True,773.6688311688312,1232,953160,1105,26759,127,926403,27864,0.029195489493856835,0.03965690496698249,0.8969155844155844,125019.03762328016,0.13115723077301708,0.1311572307730171,2.7755575615628914e-17,1127,26846,105,926314,27973,0.029309759511814852,0.040288849962463805,0.9147727272727273,108084.6137830269,0.11339135944774793,0.11339135944774795,1.3877787807814457e-17
E6_threshold_divergence,xgboost__unweighted__split42__model123,xgboost,unweighted,42,123,no_origin_balance,1.0,3094.804334591501,R_x4,4.00016675082539,2.000060141393644,B,youden,val,False,0.001330084283836186,0.0010127864079549909,False,773.6688311688312,1232,953160,1105,26759,127,926403,27864,0.029195489493856835,0.03965690496698249,0.8969155844155844,419799.15049312066,0.11010261938156592,0.11010261938156597,5.551115123125783e-17,1127,26846,105,926314,27973,0.029309759511814852,0.040288849962463805,0.9147727272727273,351800.4551321076,0.09226829440739151,0.09226829440739152,1.3877787807814457e-17
E6_threshold_divergence,xgboost__unweighted__split42__model123,xgboost,unweighted,42,123,no_origin_balance,1.0,3094.804334591501,R_x4,4.00016675082539,2.000060141393644,C,ner_optimal,val,True,0.00031729787588119507,0.0010127864079549909,False,773.6688311688312,1232,953160,1176,121960,56,831202,123136,0.1290200902352697,0.009550415800415801,0.9545454545454546,295269.0427371241,0.07744154553304093,0.07744154553304093,0.0,1181,121660,51,831500,122841,0.12871126329642327,0.009614053939645558,0.9586038961038961,279495.02106416656,0.07330442161953583,0.07330442161953583,0.0
E6_threshold_divergence,xgboost__unweighted__split42__model123,xgboost,unweighted,42,123,no_origin_balance,1.0,12379.217338366005,R_x16,16.00066700330156,4.000060141393644,B,youden,val,False,0.001330084283836186,0.0012551266336231492,False,773.6688311688312,1232,953160,1105,26759,127,926403,27864,0.029195489493856835,0.03965690496698249,0.8969155844155844,1598919.6019724826,0.10483896653370314,0.10483896653370318,4.163336342344337e-17,1127,26846,105,926314,27973,0.029309759511814852,0.040288849962463805,0.9147727272727273,1326663.8205284304,0.08698752814730241,0.08698752814730243,1.3877787807814457e-17
E6_threshold_divergence,xgboost__unweighted__split42__model123,xgboost,unweighted,42,123,no_origin_balance,1.0,12379.217338366005,R_x16,16.00066700330156,4.000060141393644,C,ner_optimal,val,True,7.495765021303669e-05,0.0012551266336231492,False,773.6688311688312,1232,953160,1224,304985,8,648177,306209,0.32084128777004045,0.003997269838574307,0.9935064935064936,404018.73870692804,0.026490954876049834,0.026490954876049834,0.0,1227,304597,5,648563,305824,0.3204385619326231,0.004012111541278644,0.9959415584415584,366493.08669183,0.02403044931284769,0.02403044931284769,0.0
E6_threshold_divergence,xgboost__unweighted__split42__model123,xgboost,unweighted,42,123,no_origin_balance,1.0,49516.86935346402,R_x64,64.00266801320625,6.000060141393644,B,youden,val,False,0.001330084283836186,0.0013277591356199991,False,773.6688311688312,1232,953160,1105,26759,127,926403,27864,0.029195489493856835,0.03965690496698249,0.8969155844155844,6315401.4078899305,0.10352305332173745,0.10352305332173749,4.163336342344337e-17,1127,26846,105,926314,27973,0.029309759511814852,0.040288849962463805,0.9147727272727273,5226117.282113722,0.08566733658228014,0.08566733658228015,1.3877787807814457e-17
E6_threshold_divergence,xgboost__unweighted__split42__model123,xgboost,unweighted,42,123,no_origin_balance,1.0,49516.86935346402,R_x64,64.00266801320625,6.000060141393644,C,ner_optimal,val,True,2.32514821618679e-06,0.0013277591356199991,False,773.6688311688312,1232,953160,1228,383348,4,569814,384576,0.4029530780788647,0.003193126976202363,0.9967532467532467,581415.4774138561,0.009530653965273195,0.009530653965273195,0.0,1231,383165,1,569995,384396,0.402765320748707,0.003202426664169242,0.9991883116883117,432681.869353464,0.0070925892654214616,0.0070925892654214616,0.0
E6_threshold_divergence,xgboost__unweighted__split42__model42,xgboost,unweighted,42,42,no_origin_balance,1.0,12.089079431998051,R_x0.015625,0.01562565137041168,-5.999939858606356,B,youden,val,False,0.0019162173848599195,-0.0733359579462558,False,773.6688311688312,1232,953160,1093,17683,139,935479,18776,0.0196732167218151,0.05821261184490839,0.8871753246753247,19363.382041047727,1.3001015475068423,1.3001015475068423,0.0,1114,17992,118,935168,19106,0.020019027820853484,0.058306291217418614,0.9042207792207793,19418.51137297577,1.3038030563445404,1.3038030563445404,0.0
E6_threshold_divergence,xgboost__unweighted__split42__model42,xgboost,unweighted,42,42,no_origin_balance,1.0,12.089079431998051,R_x0.015625,0.01562565137041168,-5.999939858606356,C,ner_optimal,val,True,0.07525217533111572,-0.0733359579462558,False,773.6688311688312,1232,953160,970,297,262,952865,1267,0.001327543970309956,0.7655880031570639,0.7873376623376623,3464.3388111834893,0.23260359372963976,0.2326035937296398,2.7755575615628914e-17,1015,316,217,952844,1331,0.0013946051517615403,0.7625845229151015,0.8238636363636364,2939.330236743577,0.19735332295376248,0.19735332295376254,5.551115123125783e-17
E6_threshold_divergence,xgboost__unweighted__split42__model42,xgboost,unweighted,42,42,no_origin_balance,1.0,48.356317727992206,R_x0.0625,0.06250260548164673,-3.999939858606356,B,youden,val,False,0.0019162173848599195,-0.018233121605589986,False,773.6688311688312,1232,953160,1093,17683,139,935479,18776,0.0196732167218151,0.05821261184490839,0.8871753246753247,24404.528164190917,0.4096438933702171,0.4096438933702171,0.0,1114,17992,118,935168,19106,0.020019027820853484,0.058306291217418614,0.9042207792207793,23698.04549190308,0.3977851796705507,0.39778517967055077,5.551115123125783e-17
E6_threshold_divergence,xgboost__unweighted__split42__model42,xgboost,unweighted,42,42,no_origin_balance,1.0,48.356317727992206,R_x0.0625,0.06250260548164673,-3.999939858606356,C,ner_optimal,val,True,0.020149338990449905,-0.018233121605589986,False,773.6688311688312,1232,953160,1015,1269,217,951893,2284,0.0023931416165650665,0.44439579684763575,0.8238636363636364,11762.320946974309,0.19743725079916358,0.19743725079916363,5.551115123125783e-17,1052,1307,180,951853,2359,0.0024717306934676736,0.44595167443832134,0.8538961038961039,10011.137191038597,0.16804263489174445,0.1680426348917445,5.551115123125783e-17
E6_threshold_divergence,xgboost__unweighted__split42__model42,xgboost,unweighted,42,42,no_origin_balance,1.0,193.42527091196882,R_x0.25,0.2500104219265869,-1.999939858606356,B,youden,val,False,0.0019162173848599195,-0.0034063381608575583,False,773.6688311688312,1232,953160,1093,17683,139,935479,18776,0.0196732167218151,0.05821261184490839,0.8871753246753247,44569.11265676367,0.18702947983606077,0.18702947983606077,0.0,1114,17992,118,935168,19106,0.020019027820853484,0.058306291217418614,0.9042207792207793,40816.18196761232,0.17128071050205324,0.17128071050205326,2.7755575615628914e-17
E6_threshold_divergence,xgboost__unweighted__split42__model42,xgboost,unweighted,42,42,no_origin_balance,1.0,193.42527091196882,R_x0.25,0.2500104219265869,-1.999939858606356,C,ner_optimal,val,True,0.005322555545717478,-0.0034063381608575583,False,773.6688311688312,1232,953160,1052,5652,180,947510,6704,0.007024352625854731,0.15692124105011934,0.8538961038961039,40468.54876415439,0.16982190521424786,0.1698219052142479,2.7755575615628914e-17,1090,5740,142,947420,6830,0.007156388569895808,0.1595900439238653,0.8847402597402597,33206.38846949957,0.13934703188985686,0.1393470318898569,2.7755575615628914e-17
E6_threshold_divergence,xgboost__unweighted__split42__model42,xgboost,unweighted,42,42,no_origin_balance,1.0,773.6688311688312,val_class_ratio,1.0,0.0,B,youden,val,False,0.0019162173848599195,0.0,True,773.6688311688312,1232,953160,1093,17683,139,935479,18776,0.0196732167218151,0.05821261184490839,0.8871753246753247,125222.96753246753,0.1313766498095467,0.1313766498095467,0.0,1114,17992,118,935168,19106,0.020019027820853484,0.058306291217418614,0.9042207792207793,109284.92207792208,0.114655380080912,0.114655380080912,0.0
E6_threshold_divergence,xgboost__unweighted__split42__model42,xgboost,unweighted,42,42,no_origin_balance,1.0,773.6688311688312,val_class_ratio,1.0,0.0,C,ner_optimal,val,True,0.0019162173848599195,0.0,True,773.6688311688312,1232,953160,1093,17683,139,935479,18776,0.0196732167218151,0.05821261184490839,0.8871753246753247,125222.96753246753,0.1313766498095467,0.1313766498095467,0.0,1114,17992,118,935168,19106,0.020019027820853484,0.058306291217418614,0.9042207792207793,109284.92207792208,0.114655380080912,0.114655380080912,0.0
E6_threshold_divergence,xgboost__unweighted__split42__model42,xgboost,unweighted,42,42,no_origin_balance,1.0,773.7010836478753,R_x1,1.0000416877063476,6.014139364405448e-05,B,youden,val,False,0.0019162173848599195,0.0,True,773.6688311688312,1232,953160,1093,17683,139,935479,18776,0.0196732167218151,0.05821261184490839,0.8871753246753247,125227.45062705467,0.13137587645252166,0.1313758764525217,2.7755575615628914e-17,1114,17992,118,935168,19106,0.020019027820853484,0.058306291217418614,0.9042207792207793,109288.72787044928,0.11465459320992887,0.11465459320992889,2.7755575615628914e-17
E6_threshold_divergence,xgboost__unweighted__split42__model42,xgboost,unweighted,42,42,no_origin_balance,1.0,773.7010836478753,R_x1,1.0000416877063476,6.014139364405448e-05,C,ner_optimal,val,True,0.0019162173848599195,0.0,True,773.6688311688312,1232,953160,1093,17683,139,935479,18776,0.0196732167218151,0.05821261184490839,0.8871753246753247,125227.45062705467,0.13137587645252166,0.1313758764525217,2.7755575615628914e-17,1114,17992,118,935168,19106,0.020019027820853484,0.058306291217418614,0.9042207792207793,109288.72787044928,0.11465459320992887,0.11465459320992889,2.7755575615628914e-17
E6_threshold_divergence,xgboost__unweighted__split42__model42,xgboost,unweighted,42,42,no_origin_balance,1.0,3094.804334591501,R_x4,4.00016675082539,2.000060141393644,B,youden,val,False,0.0019162173848599195,0.001674951912718825,False,773.6688311688312,1232,953160,1093,17683,139,935479,18776,0.0196732167218151,0.05821261184490839,0.8871753246753247,447860.8025082187,0.1174624756066369,0.11746247560663692,1.3877787807814457e-17,1114,17992,118,935168,19106,0.020019027820853484,0.058306291217418614,0.9042207792207793,383178.9114817971,0.10049806388689778,0.1004980638868978,2.7755575615628914e-17
E6_threshold_divergence,xgboost__unweighted__split42__model42,xgboost,unweighted,42,42,no_origin_balance,1.0,3094.804334591501,R_x4,4.00016675082539,2.000060141393644,C,ner_optimal,val,True,0.0002412654721410945,0.001674951912718825,False,773.6688311688312,1232,953160,1195,153595,37,799567,154790,0.162186686001798,0.007720136959751922,0.9699675324675324,268102.76037988556,0.07031652195241271,0.07031652195241271,0.0,1191,153344,41,799816,154535,0.16191984006571722,0.007706991943572653,0.9667207792207793,280230.9777182515,0.07349744429542945,0.07349744429542945,0.0
E6_threshold_divergence,xgboost__unweighted__split42__model42,xgboost,unweighted,42,42,no_origin_balance,1.0,12379.217338366005,R_x16,16.00066700330156,4.000060141393644,B,youden,val,False,0.0019162173848599195,0.001905531876218447,False,773.6688311688312,1232,953160,1093,17683,139,935479,18776,0.0196732167218151,0.05821261184490839,0.8871753246753247,1738394.2100328747,0.11398412539516571,0.11398412539516573,1.3877787807814457e-17,1114,17992,118,935168,19106,0.020019027820853484,0.058306291217418614,0.9042207792207793,1478739.6459271885,0.09695893155614001,0.09695893155614004,2.7755575615628914e-17
E6_threshold_divergence,xgboost__unweighted__split42__model42,xgboost,unweighted,42,42,no_origin_balance,1.0,12379.217338366005,R_x16,16.00066700330156,4.000060141393644,C,ner_optimal,val,True,1.0685508641472552e-05,0.001905531876218447,False,773.6688311688312,1232,953160,1230,349041,2,604121,350271,0.36700880349205883,0.0035115667583099945,0.9983766233766234,373799.434676732,0.024509516534819187,0.024509516534819187,0.0,1230,348925,2,604235,350155,0.36688802923746217,0.0035127300766803274,0.9983766233766234,373683.434676732,0.02450191057382971,0.02450191057382971,0.0
E6_threshold_divergence,xgboost__unweighted__split42__model42,xgboost,unweighted,42,42,no_origin_balance,1.0,49516.86935346402,R_x64,64.00266801320625,6.000060141393644,B,youden,val,False,0.0019162173848599195,0.001905531876218447,False,773.6688311688312,1232,953160,1093,17683,139,935479,18776,0.0196732167218151,0.05821261184490839,0.8871753246753247,6900527.840131499,0.11311453784229791,0.11311453784229793,1.3877787807814457e-17,1114,17992,118,935168,19106,0.020019027820853484,0.058306291217418614,0.9042207792207793,5860982.583708754,0.09607414847345055,0.09607414847345058,2.7755575615628914e-17
E6_threshold_divergence,xgboost__unweighted__split42__model42,xgboost,unweighted,42,42,no_origin_balance,1.0,49516.86935346402,R_x64,64.00266801320625,6.000060141393644,C,ner_optimal,val,True,1.0685508641472552e-05,0.001905531876218447,False,773.6688311688312,1232,953160,1230,349041,2,604121,350271,0.36700880349205883,0.0035115667583099945,0.9983766233766234,448074.73870692804,0.007344911601237264,0.007344911601237264,0.0,1230,348925,2,604235,350155,0.36688802923746217,0.0035127300766803274,0.9983766233766234,447958.73870692804,0.007343010110989896,0.007343010110989896,0.0
E6_threshold_divergence,xgboost__unweighted__split42__model456,xgboost,unweighted,42,456,no_origin_balance,1.0,12.089079431998051,R_x0.015625,0.01562565137041168,-5.999939858606356,B,youden,val,False,0.002198119880631566,-0.06733810412697494,False,773.6688311688312,1232,953160,1087,15585,145,937577,16672,0.01746867645856952,0.06519913627639155,0.8823051948051948,17337.91651763972,1.1641071816557607,1.1641071816557607,0.0,1113,15727,119,937433,16840,0.01764474136413549,0.06609263657957244,0.9034090909090909,17165.60045240777,1.15253748878943,1.15253748878943,0.0
E6_threshold_divergence,xgboost__unweighted__split42__model456,xgboost,unweighted,42,456,no_origin_balance,1.0,12.089079431998051,R_x0.015625,0.01562565137041168,-5.999939858606356,C,ner_optimal,val,True,0.0695362240076065,-0.06733810412697494,False,773.6688311688312,1232,953160,975,331,257,952831,1306,0.0013684075968625118,0.7465543644716692,0.7913961038961039,3437.893414023499,0.23082798956610823,0.23082798956610825,2.7755575615628914e-17,1016,350,216,952810,1366,0.0014312777139791615,0.7437774524158126,0.8246753246753247,2961.241157311579,0.19882447203698422,0.19882447203698425,2.7755575615628914e-17
E6_threshold_divergence,xgboost__unweighted__split42__model456,xgboost,unweighted,42,456,no_origin_balance,1.0,48.356317727992206,R_x0.0625,0.06250260548164673,-3.999939858606356,B,youden,val,False,0.002198119880631566,-0.02102276007644832,False,773.6688311688312,1232,953160,1087,15585,145,937577,16672,0.01746867645856952,0.06519913627639155,0.8823051948051948,22596.66607055887,0.37929789931004404,0.37929789931004404,0.0,1113,15727,119,937433,16840,0.01764474136413549,0.06609263657957244,0.9034090909090909,21481.401809631072,0.3605775540155392,0.36057755401553926,5.551115123125783e-17
E6_threshold_divergence,xgboost__unweighted__split42__model456,xgboost,unweighted,42,456,no_origin_balance,1.0,48.356317727992206,R_x0.0625,0.06250260548164673,-3.999939858606356,C,ner_optimal,val,True,0.023220879957079887,-0.02102276007644832,False,773.6688311688312,1232,953160,1007,1141,225,952021,2148,0.0022506428162792306,0.4688081936685289,0.8173701298701299,12021.171488798247,0.20178220445040185,0.2017822044504019,5.551115123125783e-17,1049,1178,183,951982,2227,0.0023334227445326447,0.47103726986977995,0.851461038961039,10027.206144222573,0.16831236141546094,0.16831236141546096,2.7755575615628914e-17
E6_threshold_divergence,xgboost__unweighted__split42__model456,xgboost,unweighted,42,456,no_origin_balance,1.0,193.42527091196882,R_x0.25,0.2500104219265869,-1.999939858606356,B,youden,val,False,0.002198119880631566,-0.004157338989898562,False,773.6688311688312,1232,953160,1087,15585,145,937577,16672,0.01746867645856952,0.06519913627639155,0.8823051948051948,43631.66428223548,0.1830955787236149,0.1830955787236149,0.0,1113,15727,119,937433,16840,0.01764474136413549,0.06609263657957244,0.9034090909090909,38744.60723852429,0.1625875703220666,0.16258757032206664,2.7755575615628914e-17
E6_threshold_divergence,xgboost__unweighted__split42__model456,xgboost,unweighted,42,456,no_origin_balance,1.0,193.42527091196882,R_x0.25,0.2500104219265869,-1.999939858606356,C,ner_optimal,val,True,0.0063554588705301285,-0.004157338989898562,False,773.6688311688312,1232,953160,1044,5009,188,948153,6053,0.006342244398015914,0.17247645795473318,0.8474025974025974,41372.95093145014,0.1736171314781089,0.17361713147810892,2.7755575615628914e-17,1086,5113,146,948047,6199,0.006495234662486693,0.1751895467010808,0.8814935064935064,33353.08955314745,0.13996264718328555,0.13996264718328558,2.7755575615628914e-17
E6_threshold_divergence,xgboost__unweighted__split42__model456,xgboost,unweighted,42,456,no_origin_balance,1.0,773.6688311688312,val_class_ratio,1.0,0.0,B,youden,val,False,0.002198119880631566,0.0,True,773.6688311688312,1232,953160,1087,15585,145,937577,16672,0.01746867645856952,0.06519913627639155,0.8823051948051948,127766.98051948052,0.13404568017906807,0.13404568017906807,0.0,1113,15727,119,937433,16840,0.01764474136413549,0.06609263657957244,0.9034090909090909,107793.59090909091,0.11309076221105681,0.11309076221105681,0.0
E6_threshold_divergence,xgboost__unweighted__split42__model456,xgboost,unweighted,42,456,no_origin_balance,1.0,773.6688311688312,val_class_ratio,1.0,0.0,C,ner_optimal,val,True,0.002198119880631566,0.0,True,773.6688311688312,1232,953160,1087,15585,145,937577,16672,0.01746867645856952,0.06519913627639155,0.8823051948051948,127766.98051948052,0.13404568017906807,0.13404568017906807,0.0,1113,15727,119,937433,16840,0.01764474136413549,0.06609263657957244,0.9034090909090909,107793.59090909091,0.11309076221105681,0.11309076221105681,0.0
E6_threshold_divergence,xgboost__unweighted__split42__model456,xgboost,unweighted,42,456,no_origin_balance,1.0,773.7010836478753,R_x1,1.0000416877063476,6.014139364405448e-05,B,youden,val,False,0.002198119880631566,0.0,True,773.6688311688312,1232,953160,1087,15585,145,937577,16672,0.01746867645856952,0.06519913627639155,0.8823051948051948,127771.65712894192,0.1340449985770076,0.13404499857700763,2.7755575615628914e-17,1113,15727,119,937433,16840,0.01764474136413549,0.06609263657957244,0.9034090909090909,107797.42895409717,0.11309007439869843,0.11309007439869849,5.551115123125783e-17
E6_threshold_divergence,xgboost__unweighted__split42__model456,xgboost,unweighted,42,456,no_origin_balance,1.0,773.7010836478753,R_x1,1.0000416877063476,6.014139364405448e-05,C,ner_optimal,val,True,0.002198119880631566,0.0,True,773.6688311688312,1232,953160,1087,15585,145,937577,16672,0.01746867645856952,0.06519913627639155,0.8823051948051948,127771.65712894192,0.1340449985770076,0.13404499857700763,2.7755575615628914e-17,1113,15727,119,937433,16840,0.01764474136413549,0.06609263657957244,0.9034090909090909,107797.42895409717,0.11309007439869843,0.11309007439869849,5.551115123125783e-17
E6_threshold_divergence,xgboost__unweighted__split42__model456,xgboost,unweighted,42,456,no_origin_balance,1.0,3094.804334591501,R_x4,4.00016675082539,2.000060141393644,B,youden,val,False,0.002198119880631566,0.0018845073063857853,False,773.6688311688312,1232,953160,1087,15585,145,937577,16672,0.01746867645856952,0.06519913627639155,0.8823051948051948,464331.6285157677,0.1217823535403558,0.12178235354035581,1.3877787807814457e-17,1113,15727,119,937433,16840,0.01764474136413549,0.06609263657957244,0.9034090909090909,384008.71581638866,0.1007157004178564,0.10071570041785645,5.551115123125783e-17
E6_threshold_divergence,xgboost__unweighted__split42__model456,xgboost,unweighted,42,456,no_origin_balance,1.0,3094.804334591501,R_x4,4.00016675082539,2.000060141393644,C,ner_optimal,val,True,0.0003136125742457807,0.0018845073063857853,False,773.6688311688312,1232,953160,1178,119167,54,833995,120345,0.1260957214735214,0.009788524658274128,0.9561688311688312,286286.43406794104,0.0750856361840228,0.0750856361840228,0.0,1181,118809,51,834351,119990,0.12572402115692505,0.009842486873906158,0.9586038961038961,276644.02106416656,0.07255667697191538,0.07255667697191538,0.0
E6_threshold_divergence,xgboost__unweighted__split42__model456,xgboost,unweighted,42,456,no_origin_balance,1.0,12379.217338366005,R_x16,16.00066700330156,4.000060141393644,B,youden,val,False,0.002198119880631566,0.0021861881696167984,False,773.6688311688312,1232,953160,1087,15585,145,937577,16672,0.01746867645856952,0.06519913627639155,0.8823051948051948,1810571.5140630708,0.11871669228119283,0.11871669228119286,2.7755575615628914e-17,1113,15727,119,937433,16840,0.01764474136413549,0.06609263657957244,0.9034090909090909,1488853.8632655547,0.09762210692264589,0.09762210692264593,4.163336342344337e-17
E6_threshold_divergence,xgboost__unweighted__split42__model456,xgboost,unweighted,42,456,no_origin_balance,1.0,12379.217338366005,R_x16,16.00066700330156,4.000060141393644,C,ner_optimal,val,True,1.1931711014767643e-05,0.0021861881696167984,False,773.6688311688312,1232,953160,1228,351419,4,601743,352647,0.36949834135587606,0.0034822357768533405,0.9967532467532467,400935.869353464,0.026288815358480044,0.026288815358480044,0.0,1230,351325,2,601835,352555,0.3694027192180991,0.003488817347647885,0.9983766233766234,376083.434676732,0.02465927528395678,0.02465927528395678,0.0
E6_threshold_divergence,xgboost__unweighted__split42__model456,xgboost,unweighted,42,456,no_origin_balance,1.0,49516.86935346402,R_x64,64.00266801320625,6.000060141393644,B,youden,val,False,0.002198119880631566,0.0021861881696167984,False,773.6688311688312,1232,953160,1087,15585,145,937577,16672,0.01746867645856952,0.06519913627639155,0.8823051948051948,7195531.056252283,0.1179502769664021,0.11795027696640212,1.3877787807814457e-17,1113,15727,119,937433,16840,0.01764474136413549,0.06609263657957244,0.9034090909090909,5908234.453062219,0.09684870854884327,0.09684870854884331,4.163336342344337e-17
E6_threshold_divergence,xgboost__unweighted__split42__model456,xgboost,unweighted,42,456,no_origin_balance,1.0,49516.86935346402,R_x64,64.00266801320625,6.000060141393644,C,ner_optimal,val,True,1.1931711014767643e-05,0.0021861881696167984,False,773.6688311688312,1232,953160,1228,351419,4,601743,352647,0.36949834135587606,0.0034822357768533405,0.9967532467532467,549486.4774138561,0.009007268774684947,0.009007268774684947,0.0,1230,351325,2,601835,352555,0.3694027192180991,0.003488817347647885,0.9983766233766234,450358.73870692804,0.007382351288521663,0.007382351288521663,0.0
E6_threshold_divergence,xgboost__unweighted__split42__model789,xgboost,unweighted,42,789,no_origin_balance,1.0,12.089079431998051,R_x0.015625,0.01562565137041168,-5.999939858606356,B,youden,val,False,0.0013564806431531906,-0.06238655187189579,False,773.6688311688312,1232,953160,1110,25301,122,927861,26411,0.027673057458450074,0.04202794290257847,0.900974025974026,26775.867690703762,1.7977927072206248,1.7977927072206248,0.0,1127,25297,105,927863,26424,0.027686736686812128,0.042650620647895855,0.9147727272727273,26566.353340359794,1.78372543681664,1.78372543681664,0.0
E6_threshold_divergence,xgboost__unweighted__split42__model789,xgboost,unweighted,42,789,no_origin_balance,1.0,12.089079431998051,R_x0.015625,0.01562565137041168,-5.999939858606356,C,ner_optimal,val,True,0.06374303251504898,-0.06238655187189579,False,773.6688311688312,1232,953160,977,374,255,952788,1351,0.0014155579351923838,0.7231680236861584,0.7930194805194806,3456.715255159503,0.23209173082452955,0.23209173082452958,2.7755575615628914e-17,1021,374,211,952786,1395,0.0014616635512451908,0.7318996415770609,0.8287337662337663,2924.7957601515886,0.19637744511024383,0.19637744511024385,2.7755575615628914e-17
E6_threshold_divergence,xgboost__unweighted__split42__model789,xgboost,unweighted,42,789,no_origin_balance,1.0,48.356317727992206,R_x0.0625,0.06250260548164673,-3.999939858606356,B,youden,val,False,0.0013564806431531906,-0.023247770965099335,False,773.6688311688312,1232,953160,1110,25301,122,927861,26411,0.027673057458450074,0.04202794290257847,0.900974025974026,31200.47076281505,0.5237176573246367,0.5237176573246367,0.0,1127,25297,105,927863,26424,0.027686736686812128,0.042650620647895855,0.9147727272727273,30374.413361439183,0.5098518137496145,0.5098518137496145,0.0
E6_threshold_divergence,xgboost__unweighted__split42__model789,xgboost,unweighted,42,789,no_origin_balance,1.0,48.356317727992206,R_x0.0625,0.06250260548164673,-3.999939858606356,C,ner_optimal,val,True,0.024604251608252525,-0.023247770965099335,False,773.6688311688312,1232,953160,1008,1056,224,952106,2064,0.0021626288513968027,0.4883720930232558,0.8181818181818182,11887.815171070255,0.1995437427668948,0.19954374276689485,5.551115123125783e-17,1046,1100,186,952060,2146,0.00224855195768615,0.4874184529356943,0.849025974025974,10094.275097406551,0.16943815196226866,0.16943815196226872,5.551115123125783e-17
E6_threshold_divergence,xgboost__unweighted__split42__model789,xgboost,unweighted,42,789,no_origin_balance,1.0,193.42527091196882,R_x0.25,0.2500104219265869,-1.999939858606356,B,youden,val,False,0.0013564806431531906,-0.0047391196712851524,False,773.6688311688312,1232,953160,1110,25301,122,927861,26411,0.027673057458450074,0.04202794290257847,0.900974025974026,48898.8830512602,0.20519889485063966,0.20519889485063972,5.551115123125783e-17,1127,25297,105,927863,26424,0.027686736686812128,0.042650620647895855,0.9147727272727273,45606.653445756725,0.19138340798285813,0.19138340798285816,2.7755575615628914e-17
E6_threshold_divergence,xgboost__unweighted__split42__model789,xgboost,unweighted,42,789,no_origin_balance,1.0,193.42527091196882,R_x0.25,0.2500104219265869,-1.999939858606356,C,ner_optimal,val,True,0.006095600314438343,-0.0047391196712851524,False,773.6688311688312,1232,953160,1047,4991,185,948171,6038,0.006326527618572623,0.1734017886717456,0.8498376623376623,40774.67511871423,0.17110653148218294,0.17110653148218297,2.7755575615628914e-17,1085,5143,147,948017,6228,0.006525620499752722,0.1742132305716121,0.8806818181818182,33576.51482405941,0.1409002272630755,0.1409002272630755,0.0
E6_threshold_divergence,xgboost__unweighted__split42__model789,xgboost,unweighted,42,789,no_origin_balance,1.0,773.6688311688312,val_class_ratio,1.0,0.0,B,youden,val,False,0.0013564806431531906,0.0,True,773.6688311688312,1232,953160,1110,25301,122,927861,26411,0.027673057458450074,0.04202794290257847,0.900974025974026,119688.5974025974,0.1255703107585268,0.1255703107585268,0.0,1127,25297,105,927863,26424,0.027686736686812128,0.042650620647895855,0.9147727272727273,106532.22727272726,0.11176741289261746,0.11176741289261746,0.0
E6_threshold_divergence,xgboost__unweighted__split42__model789,xgboost,unweighted,42,789,no_origin_balance,1.0,773.6688311688312,val_class_ratio,1.0,0.0,C,ner_optimal,val,True,0.0013564806431531906,0.0,True,773.6688311688312,1232,953160,1110,25301,122,927861,26411,0.027673057458450074,0.04202794290257847,0.900974025974026,119688.5974025974,0.1255703107585268,0.1255703107585268,0.0,1127,25297,105,927863,26424,0.027686736686812128,0.042650620647895855,0.9147727272727273,106532.22727272726,0.11176741289261746,0.11176741289261746,0.0
E6_threshold_divergence,xgboost__unweighted__split42__model789,xgboost,unweighted,42,789,no_origin_balance,1.0,773.7010836478753,R_x1,1.0000416877063476,6.014139364405448e-05,B,youden,val,False,0.0013564806431531906,0.0,True,773.6688311688312,1232,953160,1110,25301,122,927861,26411,0.027673057458450074,0.04202794290257847,0.900974025974026,119692.53220504078,0.1255692042321404,0.12556920423214044,2.7755575615628914e-17,1127,25297,105,927863,26424,0.027686736686812128,0.042650620647895855,0.9147727272727273,106535.6137830269,0.11176630654116906,0.11176630654116909,2.7755575615628914e-17
E6_threshold_divergence,xgboost__unweighted__split42__model789,xgboost,unweighted,42,789,no_origin_balance,1.0,773.7010836478753,R_x1,1.0000416877063476,6.014139364405448e-05,C,ner_optimal,val,True,0.0013564806431531906,0.0,True,773.6688311688312,1232,953160,1110,25301,122,927861,26411,0.027673057458450074,0.04202794290257847,0.900974025974026,119692.53220504078,0.1255692042321404,0.12556920423214044,2.7755575615628914e-17,1127,25297,105,927863,26424,0.027686736686812128,0.042650620647895855,0.9147727272727273,106535.6137830269,0.11176630654116906,0.11176630654116909,2.7755575615628914e-17
E6_threshold_divergence,xgboost__unweighted__split42__model789,xgboost,unweighted,42,789,no_origin_balance,1.0,3094.804334591501,R_x4,4.00016675082539,2.000060141393644,B,youden,val,False,0.0013564806431531906,0.0011009355948772281,False,773.6688311688312,1232,953160,1110,25301,122,927861,26411,0.027673057458450074,0.04202794290257847,0.900974025974026,402867.12882016314,0.1056617815775156,0.10566178157751563,2.7755575615628914e-17,1127,25297,105,927863,26424,0.027686736686812128,0.042650620647895855,0.9147727272727273,350251.4551321076,0.0918620311807468,0.09186203118074682,1.3877787807814457e-17
E6_threshold_divergence,xgboost__unweighted__split42__model789,xgboost,unweighted,42,789,no_origin_balance,1.0,3094.804334591501,R_x4,4.00016675082539,2.000060141393644,C,ner_optimal,val,True,0.00025554504827596247,0.0011009355948772281,False,773.6688311688312,1232,953160,1193,146065,39,807097,147258,0.1542947671506736,0.008101427426693286,0.9683441558441559,266762.36904906854,0.06996497146369463,0.06996497146369461,1.3877787807814457e-17,1187,145949,45,807211,147136,0.1541672604129121,0.008067366246193997,0.963474025974026,285215.19505661755,0.07480467748986659,0.07480467748986659,0.0
E6_threshold_divergence,xgboost__unweighted__split42__model789,xgboost,unweighted,42,789,no_origin_balance,1.0,12379.217338366005,R_x16,16.00066700330156,4.000060141393644,B,youden,val,False,0.0013564806431531906,0.0013406331672740635,False,773.6688311688312,1232,953160,1110,25301,122,927861,26411,0.027673057458450074,0.04202794290257847,0.900974025974026,1535565.5152806526,0.1006849259138594,0.10068492591385943,2.7755575615628914e-17,1127,25297,105,927863,26424,0.027686736686812128,0.042650620647895855,0.9147727272727273,1325114.8205284304,0.08688596234064123,0.08688596234064125,1.3877787807814457e-17
E6_threshold_divergence,xgboost__unweighted__split42__model789,xgboost,unweighted,42,789,no_origin_balance,1.0,12379.217338366005,R_x16,16.00066700330156,4.000060141393644,C,ner_optimal,val,True,1.584747587912716e-05,0.0013406331672740635,False,773.6688311688312,1232,953160,1230,347108,2,606054,348338,0.3649834345144668,0.003531053172493383,0.9983766233766234,371866.434676732,0.024382772374537676,0.024382772374537676,0.0,1228,346893,4,606267,348121,0.3647568294788724,0.0035275091132106365,0.9967532467532467,396409.869353464,0.025992051742632083,0.025992051742632083,0.0
E6_threshold_divergence,xgboost__unweighted__split42__model789,xgboost,unweighted,42,789,no_origin_balance,1.0,49516.86935346402,R_x64,64.00266801320625,6.000060141393644,B,youden,val,False,0.0013564806431531906,0.0013519805288524367,False,773.6688311688312,1232,953160,1110,25301,122,927861,26411,0.027673057458450074,0.04202794290257847,0.900974025974026,6066359.06112261,0.09944071199794535,0.09944071199794538,2.7755575615628914e-17,1127,25297,105,927863,26424,0.027686736686812128,0.042650620647895855,0.9147727272727273,5224568.282113722,0.08564194513061484,0.08564194513061485,1.3877787807814457e-17
E6_threshold_divergence,xgboost__unweighted__split42__model789,xgboost,unweighted,42,789,no_origin_balance,1.0,49516.86935346402,R_x64,64.00266801320625,6.000060141393644,C,ner_optimal,val,True,4.500114300753921e-06,0.0013519805288524367,False,773.6688311688312,1232,953160,1230,363336,2,589826,364566,0.3819868943015149,0.0033738746893566597,0.9983766233766234,462369.73870692804,0.007579237489910852,0.007579237489910852,0.0,1229,363573,3,589587,364802,0.38223497263179074,0.0033689508281204597,0.997564935064935,512123.6080603921,0.008394810742880426,0.008394810742880426,0.0
E6_threshold_divergence,xgboost__unweighted__split456__model123,xgboost,unweighted,456,123,no_origin_balance,1.0,12.089079431998051,R_x0.015625,0.01562565137041168,-5.999939858606356,B,youden,val,False,0.0010284666204825044,-0.06700449099298567,False,773.6688311688312,1232,953160,1129,33605,103,919557,34734,0.036393774478883985,0.03250417458398111,0.9163961038961039,34850.1751814958,2.339920091867156,2.339920091867156,0.0,1140,33255,92,919905,34395,0.03603865078500239,0.033144352376798955,0.9253246753246753,34367.19530774382,2.307491723726276,2.307491723726276,0.0
E6_threshold_divergence,xgboost__unweighted__split456__model123,xgboost,unweighted,456,123,no_origin_balance,1.0,12.089079431998051,R_x0.015625,0.01562565137041168,-5.999939858606356,C,ner_optimal,val,True,0.06803295761346817,-0.06700449099298567,False,773.6688311688312,1232,953160,1002,340,230,952822,1342,0.0014061278675264095,0.7466467958271237,0.8133116883116883,3120.488269359552,0.20951668563741171,0.20951668563741177,5.551115123125783e-17,1003,316,229,952844,1319,0.0013820317018583559,0.7604245640636846,0.8141233766233766,3084.399189927554,0.20709358269402223,0.20709358269402228,5.551115123125783e-17
E6_threshold_divergence,xgboost__unweighted__split456__model123,xgboost,unweighted,456,123,no_origin_balance,1.0,48.356317727992206,R_x0.0625,0.06250260548164673,-3.999939858606356,B,youden,val,False,0.0010284666204825044,-0.025193976587615907,False,773.6688311688312,1232,953160,1129,33605,103,919557,34734,0.036393774478883985,0.03250417458398111,0.9163961038961039,38585.700725983195,0.647682945044711,0.647682945044711,0.0,1140,33255,92,919905,34395,0.03603865078500239,0.033144352376798955,0.9253246753246753,37703.781230975284,0.6328794244380624,0.6328794244380624,0.0
E6_threshold_divergence,xgboost__unweighted__split456__model123,xgboost,unweighted,456,123,no_origin_balance,1.0,48.356317727992206,R_x0.0625,0.06250260548164673,-3.999939858606356,C,ner_optimal,val,True,0.02622244320809841,-0.025193976587615907,False,773.6688311688312,1232,953160,1026,969,206,952193,1995,0.0020903316659576653,0.5142857142857142,0.8327922077922078,10930.401451966394,0.18347300864652596,0.18347300864652602,5.551115123125783e-17,1027,1005,205,952155,2032,0.002129104183605898,0.5054133858267716,0.8336038961038961,10918.045134238402,0.18326560082172563,0.18326560082172566,2.7755575615628914e-17
E6_threshold_divergence,xgboost__unweighted__split456__model123,xgboost,unweighted,456,123,no_origin_balance,1.0,193.42527091196882,R_x0.25,0.2500104219265869,-1.999939858606356,B,youden,val,False,0.0010284666204825044,-0.003664171672426164,False,773.6688311688312,1232,953160,1129,33605,103,919557,34734,0.036393774478883985,0.03250417458398111,0.9163961038961039,53527.80290393279,0.2246236583390998,0.22462365833909984,2.7755575615628914e-17,1140,33255,92,919905,34395,0.03603865078500239,0.033144352376798955,0.9253246753246753,51050.12492390113,0.2142263496160091,0.21422634961600912,2.7755575615628914e-17
E6_threshold_divergence,xgboost__unweighted__split456__model123,xgboost,unweighted,456,123,no_origin_balance,1.0,193.42527091196882,R_x0.25,0.2500104219265869,-1.999939858606356,C,ner_optimal,val,True,0.0046926382929086685,-0.003664171672426164,False,773.6688311688312,1232,953160,1080,6771,152,946391,7851,0.00822616236061836,0.13756209400076425,0.8766233766233766,36171.64117861926,0.15179039543716688,0.15179039543716688,0.0,1092,6855,140,946305,7947,0.008326767198383893,0.13741034352585882,0.8863636363636364,33934.537927675636,0.14240263264759176,0.1424026326475918,2.7755575615628914e-17
E6_threshold_divergence,xgboost__unweighted__split456__model123,xgboost,unweighted,456,123,no_origin_balance,1.0,773.6688311688312,val_class_ratio,1.0,0.0,B,youden,val,False,0.0010284666204825044,0.0,True,773.6688311688312,1232,953160,1129,33605,103,919557,34734,0.036393774478883985,0.03250417458398111,0.9163961038961039,113292.88961038961,0.11886030636030638,0.11886030636030637,1.3877787807814457e-17,1140,33255,92,919905,34395,0.03603865078500239,0.033144352376798955,0.9253246753246753,104432.53246753247,0.10956453530103286,0.10956453530103284,1.3877787807814457e-17
E6_threshold_divergence,xgboost__unweighted__split456__model123,xgboost,unweighted,456,123,no_origin_balance,1.0,773.6688311688312,val_class_ratio,1.0,0.0,C,ner_optimal,val,True,0.0010284666204825044,0.0,True,773.6688311688312,1232,953160,1129,33605,103,919557,34734,0.036393774478883985,0.03250417458398111,0.9163961038961039,113292.88961038961,0.11886030636030638,0.11886030636030637,1.3877787807814457e-17,1140,33255,92,919905,34395,0.03603865078500239,0.033144352376798955,0.9253246753246753,104432.53246753247,0.10956453530103286,0.10956453530103284,1.3877787807814457e-17
E6_threshold_divergence,xgboost__unweighted__split456__model123,xgboost,unweighted,456,123,no_origin_balance,1.0,773.7010836478753,R_x1,1.0000416877063476,6.014139364405448e-05,B,youden,val,False,0.0010284666204825044,0.0,True,773.6688311688312,1232,953160,1129,33605,103,919557,34734,0.036393774478883985,0.03250417458398111,0.9163961038961039,113296.21161573115,0.118858836662697,0.11885883666269705,4.163336342344337e-17,1140,33255,92,919905,34395,0.03603865078500239,0.033144352376798955,0.9253246753246753,104435.49969560452,0.10956308091049577,0.10956308091049578,1.3877787807814457e-17
E6_threshold_divergence,xgboost__unweighted__split456__model123,xgboost,unweighted,456,123,no_origin_balance,1.0,773.7010836478753,R_x1,1.0000416877063476,6.014139364405448e-05,C,ner_optimal,val,True,0.0010284666204825044,0.0,True,773.6688311688312,1232,953160,1129,33605,103,919557,34734,0.036393774478883985,0.03250417458398111,0.9163961038961039,113296.21161573115,0.118858836662697,0.11885883666269705,4.163336342344337e-17,1140,33255,92,919905,34395,0.03603865078500239,0.033144352376798955,0.9253246753246753,104435.49969560452,0.10956308091049577,0.10956308091049578,1.3877787807814457e-17
E6_threshold_divergence,xgboost__unweighted__split456__model123,xgboost,unweighted,456,123,no_origin_balance,1.0,3094.804334591501,R_x4,4.00016675082539,2.000060141393644,B,youden,val,False,0.0010284666204825044,0.0006361937848851085,False,773.6688311688312,1232,953160,1129,33605,103,919557,34734,0.036393774478883985,0.03250417458398111,0.9163961038961039,352369.8464629246,0.09241763124359631,0.09241763124359634,2.7755575615628914e-17,1140,33255,92,919905,34395,0.03603865078500239,0.033144352376798955,0.9253246753246753,317976.9987824181,0.08339726373411743,0.08339726373411745,1.3877787807814457e-17
E6_threshold_divergence,xgboost__unweighted__split456__model123,xgboost,unweighted,456,123,no_origin_balance,1.0,3094.804334591501,R_x4,4.00016675082539,2.000060141393644,C,ner_optimal,val,True,0.0003922728355973959,0.0006361937848851085,False,773.6688311688312,1232,953160,1181,99362,51,853800,100543,0.10534747703778523,0.011746218036064172,0.9586038961038961,257197.02106416656,0.0674562244421802,0.06745622444218022,1.3877787807814457e-17,1184,98731,48,854429,99915,0.10468968725638941,0.011850072561677426,0.961038961038961,247281.60806039206,0.06485566428696497,0.06485566428696497,0.0
E6_threshold_divergence,xgboost__unweighted__split456__model123,xgboost,unweighted,456,123,no_origin_balance,1.0,12379.217338366005,R_x16,16.00066700330156,4.000060141393644,B,youden,val,False,0.0010284666204825044,0.0010044844057119917,False,773.6688311688312,1232,953160,1129,33605,103,919557,34734,0.036393774478883985,0.03250417458398111,0.9163961038961039,1308664.3858516985,0.08580732988882113,0.08580732988882116,2.7755575615628914e-17,1140,33255,92,919905,34395,0.03603865078500239,0.033144352376798955,0.9253246753246753,1172142.9951296723,0.07685580944002285,0.07685580944002286,1.3877787807814457e-17
E6_threshold_divergence,xgboost__unweighted__split456__model123,xgboost,unweighted,456,123,no_origin_balance,1.0,12379.217338366005,R_x16,16.00066700330156,4.000060141393644,C,ner_optimal,val,True,2.3982214770512655e-05,0.0010044844057119917,False,773.6688311688312,1232,953160,1231,344852,1,608310,346083,0.36262067867149206,0.0035569502113654817,0.9991883116883117,357231.217338366,0.023423161235329924,0.023423161235329924,0.0,1231,344570,1,608590,345801,0.3623259624975901,0.0035598508969031323,0.9991883116883117,356949.217338366,0.02340467088188999,0.02340467088188999,0.0
E6_threshold_divergence,xgboost__unweighted__split456__model123,xgboost,unweighted,456,123,no_origin_balance,1.0,49516.86935346402,R_x64,64.00266801320625,6.000060141393644,B,youden,val,False,0.0010284666204825044,0.0010044844057119917,False,773.6688311688312,1232,953160,1129,33605,103,919557,34734,0.036393774478883985,0.03250417458398111,0.9163961038961039,5133842.543406794,0.08415475455012733,0.08415475455012737,4.163336342344337e-17,1140,33255,92,919905,34395,0.03603865078500239,0.033144352376798955,0.9253246753246753,4588806.980518689,0.0752204458664992,0.07522044586649922,1.3877787807814457e-17
E6_threshold_divergence,xgboost__unweighted__split456__model123,xgboost,unweighted,456,123,no_origin_balance,1.0,49516.86935346402,R_x64,64.00266801320625,6.000060141393644,C,ner_optimal,val,True,2.3982214770512655e-05,0.0010044844057119917,False,773.6688311688312,1232,953160,1231,344852,1,608310,346083,0.36262067867149206,0.0035569502113654817,0.9991883116883117,394368.869353464,0.006464556542598713,0.006464556542598713,0.0,1231,344570,1,608590,345801,0.3623259624975901,0.0035598508969031323,0.9991883116883117,394086.869353464,0.006459933954238731,0.006459933954238731,0.0
E6_threshold_divergence,xgboost__unweighted__split456__model42,xgboost,unweighted,456,42,no_origin_balance,1.0,12.089079431998051,R_x0.015625,0.01562565137041168,-5.999939858606356,B,youden,val,False,0.0010040823835879564,-0.061254339991137385,False,773.6688311688312,1232,953160,1129,34775,103,918387,35904,0.03761968327546066,0.03144496434937612,0.9163961038961039,36020.1751814958,2.4184765551625884,2.4184765551625884,0.0,1140,34509,92,918651,35649,0.037352576299885164,0.03197845661869898,0.9253246753246753,35621.19530774382,2.3916881382326625,2.3916881382326625,0.0
E6_threshold_divergence,xgboost__unweighted__split456__model42,xgboost,unweighted,456,42,no_origin_balance,1.0,12.089079431998051,R_x0.015625,0.01562565137041168,-5.999939858606356,C,ner_optimal,val,True,0.06225842237472534,-0.061254339991137385,False,773.6688311688312,1232,953160,999,350,233,952812,1349,0.0014134623645999452,0.7405485544848036,0.8108766233766234,3166.755507655546,0.2126231733356855,0.21262317333568553,2.7755575615628914e-17,1003,339,229,952821,1342,0.0014061308141727928,0.7473919523099851,0.8141233766233766,3107.399189927554,0.20863785504940252,0.20863785504940258,5.551115123125783e-17
E6_threshold_divergence,xgboost__unweighted__split456__model42,xgboost,unweighted,456,42,no_origin_balance,1.0,48.356317727992206,R_x0.0625,0.06250260548164673,-3.999939858606356,B,youden,val,False,0.0010040823835879564,-0.014035261003300548,False,773.6688311688312,1232,953160,1129,34775,103,918387,35904,0.03761968327546066,0.03144496434937612,0.9163961038961039,39755.700725983195,0.6673220608685693,0.6673220608685693,0.0,1140,34509,92,918651,35649,0.037352576299885164,0.03197845661869898,0.9253246753246753,38957.781230975284,0.6539285280646592,0.6539285280646592,0.0
E6_threshold_divergence,xgboost__unweighted__split456__model42,xgboost,unweighted,456,42,no_origin_balance,1.0,48.356317727992206,R_x0.0625,0.06250260548164673,-3.999939858606356,C,ner_optimal,val,True,0.015039343386888504,-0.014035261003300548,False,773.6688311688312,1232,953160,1044,1783,188,951379,2827,0.0029620890324121903,0.36929607357622923,0.8474025974025974,10873.987732862535,0.182526072267436,0.18252607226743603,2.7755575615628914e-17,1042,1829,190,951331,2871,0.003008197889336876,0.36293974225008707,0.8457792207792207,11016.70036831852,0.18492158506850276,0.1849215850685028,2.7755575615628914e-17
E6_threshold_divergence,xgboost__unweighted__split456__model42,xgboost,unweighted,456,42,no_origin_balance,1.0,193.42527091196882,R_x0.25,0.2500104219265869,-1.999939858606356,B,youden,val,False,0.0010040823835879564,-0.004303997615352273,False,773.6688311688312,1232,953160,1129,34775,103,918387,35904,0.03761968327546066,0.03144496434937612,0.9163961038961039,54697.80290393279,0.22953343729506437,0.2295334372950644,2.7755575615628914e-17,1140,34509,92,918651,35649,0.037352576299885164,0.03197845661869898,0.9253246753246753,52304.12492390113,0.21948862552265824,0.21948862552265827,2.7755575615628914e-17
E6_threshold_divergence,xgboost__unweighted__split456__model42,xgboost,unweighted,456,42,no_origin_balance,1.0,193.42527091196882,R_x0.25,0.2500104219265869,-1.999939858606356,C,ner_optimal,val,True,0.005308079998940229,-0.004303997615352273,False,773.6688311688312,1232,953160,1069,6022,163,947140,7091,0.007429845535491631,0.15075447750669863,0.8676948051948052,37550.31915865092,0.15757586905546697,0.157575869055467,2.7755575615628914e-17,1084,6069,148,947091,7153,0.007494823929789856,0.15154480637494758,0.8798701298701299,34695.94009497139,0.1455977748168349,0.14559777481683492,2.7755575615628914e-17
E6_threshold_divergence,xgboost__unweighted__split456__model42,xgboost,unweighted,456,42,no_origin_balance,1.0,773.6688311688312,val_class_ratio,1.0,0.0,B,youden,val,False,0.0010040823835879564,0.0,True,773.6688311688312,1232,953160,1129,34775,103,918387,35904,0.03761968327546066,0.03144496434937612,0.9163961038961039,114462.88961038961,0.12008780226865334,0.12008780226865333,1.3877787807814457e-17,1140,34509,92,918651,35649,0.037352576299885164,0.03197845661869898,0.9253246753246753,105686.53246753247,0.11088015912074833,0.11088015912074832,1.3877787807814457e-17
E6_threshold_divergence,xgboost__unweighted__split456__model42,xgboost,unweighted,456,42,no_origin_balance,1.0,773.6688311688312,val_class_ratio,1.0,0.0,C,ner_optimal,val,True,0.0010040823835879564,0.0,True,773.6688311688312,1232,953160,1129,34775,103,918387,35904,0.03761968327546066,0.03144496434937612,0.9163961038961039,114462.88961038961,0.12008780226865334,0.12008780226865333,1.3877787807814457e-17,1140,34509,92,918651,35649,0.037352576299885164,0.03197845661869898,0.9253246753246753,105686.53246753247,0.11088015912074833,0.11088015912074832,1.3877787807814457e-17
E6_threshold_divergence,xgboost__unweighted__split456__model42,xgboost,unweighted,456,42,no_origin_balance,1.0,773.7010836478753,R_x1,1.0000416877063476,6.014139364405448e-05,B,youden,val,False,0.0010040823835879564,0.0,True,773.6688311688312,1232,953160,1129,34775,103,918387,35904,0.03761968327546066,0.03144496434937612,0.9163961038961039,114466.21161573115,0.12008628140168814,0.12008628140168817,2.7755575615628914e-17,1140,34509,92,918651,35649,0.037352576299885164,0.03197845661869898,0.9253246753246753,105689.49969560452,0.11087864988715805,0.11087864988715808,2.7755575615628914e-17
E6_threshold_divergence,xgboost__unweighted__split456__model42,xgboost,unweighted,456,42,no_origin_balance,1.0,773.7010836478753,R_x1,1.0000416877063476,6.014139364405448e-05,C,ner_optimal,val,True,0.0010040823835879564,0.0,True,773.6688311688312,1232,953160,1129,34775,103,918387,35904,0.03761968327546066,0.03144496434937612,0.9163961038961039,114466.21161573115,0.12008628140168814,0.12008628140168817,2.7755575615628914e-17,1140,34509,92,918651,35649,0.037352576299885164,0.03197845661869898,0.9253246753246753,105689.49969560452,0.11087864988715805,0.11087864988715808,2.7755575615628914e-17
E6_threshold_divergence,xgboost__unweighted__split456__model42,xgboost,unweighted,456,42,no_origin_balance,1.0,3094.804334591501,R_x4,4.00016675082539,2.000060141393644,B,youden,val,False,0.0010040823835879564,0.0006780198309570551,False,773.6688311688312,1232,953160,1129,34775,103,918387,35904,0.03761968327546066,0.03144496434937612,0.9163961038961039,353539.8464629246,0.09272449242834409,0.09272449242834412,2.7755575615628914e-17,1140,34509,92,918651,35649,0.037352576299885164,0.03197845661869898,0.9253246753246753,319230.9987824181,0.083726155978283,0.08372615597828302,1.3877787807814457e-17
E6_threshold_divergence,xgboost__unweighted__split456__model42,xgboost,unweighted,456,42,no_origin_balance,1.0,3094.804334591501,R_x4,4.00016675082539,2.000060141393644,C,ner_optimal,val,True,0.00032606255263090134,0.0006780198309570551,False,773.6688311688312,1232,953160,1188,121204,44,831958,122392,0.1282405379748825,0.009706516765801686,0.9642857142857143,257375.39072202606,0.0675030062580211,0.0675030062580211,0.0,1194,120191,38,832969,121385,0.12718568470817024,0.00983647073361618,0.9691558441558441,237793.56471447705,0.06236719230229336,0.06236719230229335,6.938893903907228e-18
E6_threshold_divergence,xgboost__unweighted__split456__model42,xgboost,unweighted,456,42,no_origin_balance,1.0,12379.217338366005,R_x16,16.00066700330156,4.000060141393644,B,youden,val,False,0.0010040823835879564,0.0009805999416130362,False,773.6688311688312,1232,953160,1129,34775,103,918387,35904,0.03761968327546066,0.03144496434937612,0.9163961038961039,1309834.3858516985,0.08588404518500807,0.08588404518500811,4.163336342344337e-17,1140,34509,92,918651,35649,0.037352576299885164,0.03197845661869898,0.9253246753246753,1173396.9951296723,0.07693803250106425,0.07693803250106426,1.3877787807814457e-17
E6_threshold_divergence,xgboost__unweighted__split456__model42,xgboost,unweighted,456,42,no_origin_balance,1.0,12379.217338366005,R_x16,16.00066700330156,4.000060141393644,C,ner_optimal,val,True,2.348244197492022e-05,0.0009805999416130362,False,773.6688311688312,1232,953160,1231,343366,1,609796,344597,0.36106366972131004,0.0035722887895135477,0.9991883116883117,355745.217338366,0.023325726252309577,0.023325726252309577,0.0,1231,342940,1,610220,344171,0.3606180688857409,0.0035767104142998686,0.9991883116883117,355319.217338366,0.023297794016262023,0.023297794016262023,0.0
E6_threshold_divergence,xgboost__unweighted__split456__model42,xgboost,unweighted,456,42,no_origin_balance,1.0,49516.86935346402,R_x64,64.00266801320625,6.000060141393644,B,youden,val,False,0.0010040823835879564,0.0009805999416130362,False,773.6688311688312,1232,953160,1129,34775,103,918387,35904,0.03761968327546066,0.03144496434937612,0.9163961038961039,5135012.543406794,0.08417393337417407,0.0841739333741741,2.7755575615628914e-17,1140,34509,92,918651,35649,0.037352576299885164,0.03197845661869898,0.9253246753246753,4590060.980518689,0.07524100163175955,0.07524100163175956,1.3877787807814457e-17
E6_threshold_divergence,xgboost__unweighted__split456__model42,xgboost,unweighted,456,42,no_origin_balance,1.0,49516.86935346402,R_x64,64.00266801320625,6.000060141393644,C,ner_optimal,val,True,2.348244197492022e-05,0.0009805999416130362,False,773.6688311688312,1232,953160,1231,343366,1,609796,344597,0.36106366972131004,0.0035722887895135477,0.9991883116883117,392882.869353464,0.0064401977968436275,0.0064401977968436275,0.0,1231,342940,1,610220,344171,0.3606180688857409,0.0035767104142998686,0.9991883116883117,392456.869353464,0.006433214737831739,0.006433214737831739,0.0
E6_threshold_divergence,xgboost__unweighted__split456__model456,xgboost,unweighted,456,456,no_origin_balance,1.0,12.089079431998051,R_x0.015625,0.01562565137041168,-5.999939858606356,B,youden,val,False,0.0010286488104611635,-0.11848225514404476,False,773.6688311688312,1232,953160,1135,34538,97,918624,35673,0.03737764487203398,0.03181678019790878,0.9212662337662337,35710.64070490381,2.3976937058044094,2.3976937058044094,0.0,1142,34395,90,918765,35537,0.03723522410078878,0.0321355207248783,0.926948051948052,35483.01714887982,2.382410542108705,2.382410542108705,0.0
E6_threshold_divergence,xgboost__unweighted__split456__model456,xgboost,unweighted,456,456,no_origin_balance,1.0,12.089079431998051,R_x0.015625,0.01562565137041168,-5.999939858606356,C,ner_optimal,val,True,0.11951090395450592,-0.11848225514404476,False,773.6688311688312,1232,953160,987,159,245,953003,1146,0.0012007619494674108,0.8612565445026178,0.8011363636363636,3120.8244608395225,0.20953925829865663,0.2095392582986567,5.551115123125783e-17,982,137,250,953023,1119,0.0011724742034719487,0.8775692582663092,0.797077922077922,3159.269857999513,0.21212056977803878,0.21212056977803886,8.326672684688674e-17
E6_threshold_divergence,xgboost__unweighted__split456__model456,xgboost,unweighted,456,456,no_origin_balance,1.0,48.356317727992206,R_x0.0625,0.06250260548164673,-3.999939858606356,B,youden,val,False,0.0010286488104611635,-0.021055380580946803,False,773.6688311688312,1232,953160,1135,34538,97,918624,35673,0.03737764487203398,0.03181678019790878,0.9212662337662337,39228.56281961525,0.658473751126427,0.6584737511264271,1.1102230246251565e-16,1142,34395,90,918765,35537,0.03723522410078878,0.0321355207248783,0.926948051948052,38747.0685955193,0.6503915965661373,0.6503915965661373,0.0
E6_threshold_divergence,xgboost__unweighted__split456__model456,xgboost,unweighted,456,456,no_origin_balance,1.0,48.356317727992206,R_x0.0625,0.06250260548164673,-3.999939858606356,C,ner_optimal,val,True,0.022084029391407967,-0.021055380580946803,False,773.6688311688312,1232,953160,1034,1148,198,952014,2182,0.0022862675163506894,0.4738771769019248,0.8392857142857143,10722.550910142456,0.179984119018379,0.17998411901837902,2.7755575615628914e-17,1032,1141,200,952019,2173,0.002276842219968315,0.47491946617579384,0.8376623376623377,10812.263545598442,0.18148999665819404,0.18148999665819412,8.326672684688674e-17
E6_threshold_divergence,xgboost__unweighted__split456__model456,xgboost,unweighted,456,456,no_origin_balance,1.0,193.42527091196882,R_x0.25,0.2500104219265869,-1.999939858606356,B,youden,val,False,0.0010286488104611635,-0.003773322096094489,False,773.6688311688312,1232,953160,1135,34538,97,918624,35673,0.03737764487203398,0.03181678019790878,0.9212662337662337,53300.25127846097,0.22366876245693143,0.22366876245693143,0.0,1142,34395,90,918765,35537,0.03723522410078878,0.0321355207248783,0.926948051948052,51803.274382077194,0.21738686018049536,0.21738686018049538,2.7755575615628914e-17
E6_threshold_divergence,xgboost__unweighted__split456__model456,xgboost,unweighted,456,456,no_origin_balance,1.0,193.42527091196882,R_x0.25,0.2500104219265869,-1.999939858606356,C,ner_optimal,val,True,0.004801970906555653,-0.003773322096094489,False,773.6688311688312,1232,953160,1078,6812,154,946350,7890,0.008267025987170917,0.13662864385297846,0.875,36599.4917204432,0.15358582414361577,0.15358582414361577,0.0,1091,6777,141,946383,7868,0.008243991986521261,0.13866293848500255,0.885551948051948,34049.963198587604,0.1428870023622158,0.1428870023622158,0.0
E6_threshold_divergence,xgboost__unweighted__split456__model456,xgboost,unweighted,456,456,no_origin_balance,1.0,773.6688311688312,val_class_ratio,1.0,0.0,B,youden,val,False,0.0010286488104611635,0.0,True,773.6688311688312,1232,953160,1135,34538,97,918624,35673,0.03737764487203398,0.03181678019790878,0.9212662337662337,109583.87662337662,0.11496902579144805,0.11496902579144805,0.0,1142,34395,90,918765,35537,0.03723522410078878,0.0321355207248783,0.926948051948052,104025.1948051948,0.10913718033194303,0.10913718033194302,1.3877787807814457e-17
E6_threshold_divergence,xgboost__unweighted__split456__model456,xgboost,unweighted,456,456,no_origin_balance,1.0,773.6688311688312,val_class_ratio,1.0,0.0,C,ner_optimal,val,True,0.0010286488104611635,0.0,True,773.6688311688312,1232,953160,1135,34538,97,918624,35673,0.03737764487203398,0.03181678019790878,0.9212662337662337,109583.87662337662,0.11496902579144805,0.11496902579144805,0.0,1142,34395,90,918765,35537,0.03723522410078878,0.0321355207248783,0.926948051948052,104025.1948051948,0.10913718033194303,0.10913718033194302,1.3877787807814457e-17
E6_threshold_divergence,xgboost__unweighted__split456__model456,xgboost,unweighted,456,456,no_origin_balance,1.0,773.7010836478753,R_x1,1.0000416877063476,6.014139364405448e-05,B,youden,val,False,0.0010286488104611635,0.0,True,773.6688311688312,1232,953160,1135,34538,97,918624,35673,0.03737764487203398,0.03181678019790878,0.9212662337662337,109587.0051138439,0.11496751528955752,0.11496751528955754,1.3877787807814457e-17,1142,34395,90,918765,35537,0.03723522410078878,0.0321355207248783,0.926948051948052,104028.09752830878,0.10913567608408486,0.10913567608408488,1.3877787807814457e-17
E6_threshold_divergence,xgboost__unweighted__split456__model456,xgboost,unweighted,456,456,no_origin_balance,1.0,773.7010836478753,R_x1,1.0000416877063476,6.014139364405448e-05,C,ner_optimal,val,True,0.0010286488104611635,0.0,True,773.6688311688312,1232,953160,1135,34538,97,918624,35673,0.03737764487203398,0.03181678019790878,0.9212662337662337,109587.0051138439,0.11496751528955752,0.11496751528955754,1.3877787807814457e-17,1142,34395,90,918765,35537,0.03723522410078878,0.0321355207248783,0.926948051948052,104028.09752830878,0.10913567608408486,0.10913567608408488,1.3877787807814457e-17
E6_threshold_divergence,xgboost__unweighted__split456__model456,xgboost,unweighted,456,456,no_origin_balance,1.0,3094.804334591501,R_x4,4.00016675082539,2.000060141393644,B,youden,val,False,0.0010286488104611635,0.0005282359197735786,False,773.6688311688312,1232,953160,1135,34538,97,918624,35673,0.03737764487203398,0.03181678019790878,0.9212662337662337,334734.0204553756,0.08779220349771404,0.08779220349771406,2.7755575615628914e-17,1142,34395,90,918765,35537,0.03723522410078878,0.0321355207248783,0.926948051948052,312927.3901132351,0.08207288005998224,0.08207288005998226,1.3877787807814457e-17
E6_threshold_divergence,xgboost__unweighted__split456__model456,xgboost,unweighted,456,456,no_origin_balance,1.0,3094.804334591501,R_x4,4.00016675082539,2.000060141393644,C,ner_optimal,val,True,0.0005004128906875849,0.0005282359197735786,False,773.6688311688312,1232,953160,1167,77589,65,875573,78756,0.08251937878905358,0.014817918634770683,0.9472402597402597,278751.28174844757,0.07310935774982213,0.07310935774982213,0.0,1176,77190,56,875970,78366,0.08211091459274596,0.015006507924354949,0.9545454545454546,250499.04273712408,0.06569951541239283,0.06569951541239283,0.0
E6_threshold_divergence,xgboost__unweighted__split456__model456,xgboost,unweighted,456,456,no_origin_balance,1.0,12379.217338366005,R_x16,16.00066700330156,4.000060141393644,B,youden,val,False,0.0010286488104611635,0.001015892943541985,False,773.6688311688312,1232,953160,1135,34538,97,918624,35673,0.03737764487203398,0.03181678019790878,0.9212662337662337,1235322.0818215024,0.08099837554975317,0.08099837554975318,1.3877787807814457e-17,1142,34395,90,918765,35537,0.03723522410078878,0.0321355207248783,0.926948051948052,1148524.5604529404,0.07530718105395659,0.0753071810539566,1.3877787807814457e-17
E6_threshold_divergence,xgboost__unweighted__split456__model456,xgboost,unweighted,456,456,no_origin_balance,1.0,12379.217338366005,R_x16,16.00066700330156,4.000060141393644,C,ner_optimal,val,True,1.2755866919178516e-05,0.001015892943541985,False,773.6688311688312,1232,953160,1231,352320,1,600842,353551,0.3704455392636584,0.0034818173332843067,0.9991883116883117,364699.217338366,0.023912827758341984,0.023912827758341984,0.0,1231,351764,1,601396,352995,0.36986374571454916,0.003487301519851556,0.9991883116883117,364143.217338366,0.02387637160049588,0.02387637160049588,0.0
E6_threshold_divergence,xgboost__unweighted__split456__model456,xgboost,unweighted,456,456,no_origin_balance,1.0,49516.86935346402,R_x64,64.00266801320625,6.000060141393644,B,youden,val,False,0.0010286488104611635,0.001015892943541985,False,773.6688311688312,1232,953160,1135,34538,97,918624,35673,0.03737764487203398,0.03181678019790878,0.9212662337662337,4837674.32728601,0.07929991856276296,0.07929991856276297,1.3877787807814457e-17,1142,34395,90,918765,35537,0.03723522410078878,0.0321355207248783,0.926948051948052,4490913.241811762,0.07361575630245018,0.0736157563024502,1.3877787807814457e-17
E6_threshold_divergence,xgboost__unweighted__split456__model456,xgboost,unweighted,456,456,no_origin_balance,1.0,49516.86935346402,R_x64,64.00266801320625,6.000060141393644,C,ner_optimal,val,True,1.2755866919178516e-05,0.001015892943541985,False,773.6688311688312,1232,953160,1231,352320,1,600842,353551,0.3704455392636584,0.0034818173332843067,0.9991883116883117,401836.869353464,0.006586973173351729,0.006586973173351729,0.0,1231,351764,1,601396,352995,0.36986374571454916,0.003487301519851556,0.9991883116883117,401280.869353464,0.006577859133890203,0.006577859133890203,0.0
E6_threshold_divergence,xgboost__unweighted__split456__model789,xgboost,unweighted,456,789,no_origin_balance,1.0,12.089079431998051,R_x0.015625,0.01562565137041168,-5.999939858606356,B,youden,val,False,0.0016510800924152136,-0.07763829664327204,False,773.6688311688312,1232,953160,1110,20805,122,932357,21915,0.022962214766647737,0.05065023956194387,0.900974025974026,22279.867690703762,1.4959210328819366,1.4959210328819366,0.0,1122,20662,110,932498,21784,0.02282500272424748,0.05150569225119354,0.9107142857142857,21991.798737519784,1.4765794276277906,1.4765794276277906,0.0
E6_threshold_divergence,xgboost__unweighted__split456__model789,xgboost,unweighted,456,789,no_origin_balance,1.0,12.089079431998051,R_x0.015625,0.01562565137041168,-5.999939858606356,C,ner_optimal,val,True,0.07928937673568726,-0.07763829664327204,False,773.6688311688312,1232,953160,994,274,238,952888,1268,0.0013285917556061751,0.7839116719242902,0.8068181818181818,3151.2009048155364,0.21157880189373993,0.21157880189374004,1.1102230246251565e-16,995,265,237,952895,1260,0.0013202122398343658,0.7896825396825397,0.8076298701298701,3130.1118253835384,0.2101628330951637,0.2101628330951638,8.326672684688674e-17
E6_threshold_divergence,xgboost__unweighted__split456__model789,xgboost,unweighted,456,789,no_origin_balance,1.0,48.356317727992206,R_x0.0625,0.06250260548164673,-3.999939858606356,B,youden,val,False,0.0016510800924152136,-0.014413167024031281,False,773.6688311688312,1232,953160,1110,20805,122,932357,21915,0.022962214766647737,0.05065023956194387,0.900974025974026,26704.47076281505,0.4482497387399646,0.4482497387399647,1.1102230246251565e-16,1122,20662,110,932498,21784,0.02282500272424748,0.05150569225119354,0.9107142857142857,25981.19495007914,0.43610914262123335,0.43610914262123335,0.0
E6_threshold_divergence,xgboost__unweighted__split456__model789,xgboost,unweighted,456,789,no_origin_balance,1.0,48.356317727992206,R_x0.0625,0.06250260548164673,-3.999939858606356,C,ner_optimal,val,True,0.016064247116446495,-0.014413167024031281,False,773.6688311688312,1232,953160,1044,1703,188,951459,2747,0.0028782662087146397,0.3800509646887514,0.8474025974025974,10793.987732862535,0.18118322674101833,0.1811832267410184,5.551115123125783e-17,1044,1769,188,951391,2813,0.002947426214804818,0.3711340206185567,0.8474025974025974,10859.987732862535,0.1822910743003129,0.18229107430031294,2.7755575615628914e-17
E6_threshold_divergence,xgboost__unweighted__split456__model789,xgboost,unweighted,456,789,no_origin_balance,1.0,193.42527091196882,R_x0.25,0.2500104219265869,-1.999939858606356,B,youden,val,False,0.0016510800924152136,-0.004888038849458098,False,773.6688311688312,1232,953160,1110,20805,122,932357,21915,0.022962214766647737,0.05065023956194387,0.900974025974026,44402.8830512602,0.18633191520447165,0.1863319152044717,5.551115123125783e-17,1122,20662,110,932498,21784,0.02282500272424748,0.05150569225119354,0.9107142857142857,41938.779800316566,0.17599157136959404,0.17599157136959404,0.0
E6_threshold_divergence,xgboost__unweighted__split456__model789,xgboost,unweighted,456,789,no_origin_balance,1.0,193.42527091196882,R_x0.25,0.2500104219265869,-1.999939858606356,C,ner_optimal,val,True,0.006539118941873312,-0.004888038849458098,False,773.6688311688312,1232,953160,1065,4644,167,948518,5709,0.005981806256116447,0.18654755648975302,0.864448051948052,36946.02024229879,0.1550399937540842,0.15503999375408423,2.7755575615628914e-17,1079,4790,153,948370,5869,0.006149464790149121,0.18384733344692453,0.8758116883116883,34384.06644953123,0.1442890306618759,0.14428903066187593,2.7755575615628914e-17
E6_threshold_divergence,xgboost__unweighted__split456__model789,xgboost,unweighted,456,789,no_origin_balance,1.0,773.6688311688312,val_class_ratio,1.0,0.0,B,youden,val,False,0.0016510800924152136,0.0,True,773.6688311688312,1232,953160,1110,20805,122,932357,21915,0.022962214766647737,0.05065023956194387,0.900974025974026,115192.5974025974,0.12085336921670799,0.120853369216708,1.3877787807814457e-17,1122,20662,110,932498,21784,0.02282500272424748,0.05150569225119354,0.9107142857142857,105765.57142857143,0.11096308219876141,0.11096308219876141,0.0
E6_threshold_divergence,xgboost__unweighted__split456__model789,xgboost,unweighted,456,789,no_origin_balance,1.0,773.6688311688312,val_class_ratio,1.0,0.0,C,ner_optimal,val,True,0.0016510800924152136,0.0,True,773.6688311688312,1232,953160,1110,20805,122,932357,21915,0.022962214766647737,0.05065023956194387,0.900974025974026,115192.5974025974,0.12085336921670799,0.120853369216708,1.3877787807814457e-17,1122,20662,110,932498,21784,0.02282500272424748,0.05150569225119354,0.9107142857142857,105765.57142857143,0.11096308219876141,0.11096308219876141,0.0
E6_threshold_divergence,xgboost__unweighted__split456__model789,xgboost,unweighted,456,789,no_origin_balance,1.0,773.7010836478753,R_x1,1.0000416877063476,6.014139364405448e-05,B,youden,val,False,0.0016510800924152136,0.0,True,773.6688311688312,1232,953160,1110,20805,122,932357,21915,0.022962214766647737,0.05065023956194387,0.900974025974026,115196.53220504078,0.1208524593205984,0.12085245932059845,4.163336342344337e-17,1122,20662,110,932498,21784,0.02282500272424748,0.05150569225119354,0.9107142857142857,105769.11920126628,0.1109621785566842,0.11096217855668422,2.7755575615628914e-17
E6_threshold_divergence,xgboost__unweighted__split456__model789,xgboost,unweighted,456,789,no_origin_balance,1.0,773.7010836478753,R_x1,1.0000416877063476,6.014139364405448e-05,C,ner_optimal,val,True,0.0016510800924152136,0.0,True,773.6688311688312,1232,953160,1110,20805,122,932357,21915,0.022962214766647737,0.05065023956194387,0.900974025974026,115196.53220504078,0.1208524593205984,0.12085245932059845,4.163336342344337e-17,1122,20662,110,932498,21784,0.02282500272424748,0.05150569225119354,0.9107142857142857,105769.11920126628,0.1109621785566842,0.11096217855668422,2.7755575615628914e-17
E6_threshold_divergence,xgboost__unweighted__split456__model789,xgboost,unweighted,456,789,no_origin_balance,1.0,3094.804334591501,R_x4,4.00016675082539,2.000060141393644,B,youden,val,False,0.0016510800924152136,0.00138396630063653,False,773.6688311688312,1232,953160,1110,20805,122,932357,21915,0.022962214766647737,0.05065023956194387,0.900974025974026,398371.12882016314,0.1044825953496301,0.10448259534963013,2.7755575615628914e-17,1122,20662,110,932498,21784,0.02282500272424748,0.05150569225119354,0.9107142857142857,361090.4768050651,0.09470483035345674,0.09470483035345677,2.7755575615628914e-17
E6_threshold_divergence,xgboost__unweighted__split456__model789,xgboost,unweighted,456,789,no_origin_balance,1.0,3094.804334591501,R_x4,4.00016675082539,2.000060141393644,C,ner_optimal,val,True,0.00026711379177868366,0.00138396630063653,False,773.6688311688312,1232,953160,1191,146033,41,807129,147224,0.15425914245060215,0.008089713633646687,0.9667207792207793,272919.9777182515,0.07157995530253113,0.07157995530253113,0.0,1195,145146,37,808014,146341,0.15333426935682612,0.008165859191887441,0.9699675324675324,259653.76037988556,0.0681005645593067,0.0681005645593067,0.0
E6_threshold_divergence,xgboost__unweighted__split456__model789,xgboost,unweighted,456,789,no_origin_balance,1.0,12379.217338366005,R_x16,16.00066700330156,4.000060141393644,B,youden,val,False,0.0016510800924152136,0.001644564017169614,False,773.6688311688312,1232,953160,1110,20805,122,932357,21915,0.022962214766647737,0.05065023956194387,0.900974025974026,1531069.5152806526,0.10039012935688803,0.10039012935688806,2.7755575615628914e-17,1122,20662,110,932498,21784,0.02282500272424748,0.05150569225119354,0.9107142857142857,1382375.9072202605,0.09064049330264988,0.09064049330264991,2.7755575615628914e-17
E6_threshold_divergence,xgboost__unweighted__split456__model789,xgboost,unweighted,456,789,no_origin_balance,1.0,12379.217338366005,R_x16,16.00066700330156,4.000060141393644,C,ner_optimal,val,True,6.516075245599495e-06,0.001644564017169614,False,773.6688311688312,1232,953160,1227,352452,5,600710,353679,0.3705796557815745,0.0034692475380217655,0.9959415584415584,414348.08669183,0.027168236064152217,0.027168236064152217,0.0,1229,352221,3,600939,353450,0.37034048902337824,0.00347715376998161,0.997564935064935,389358.652015098,0.025529713087425864,0.025529713087425864,0.0
E6_threshold_divergence,xgboost__unweighted__split456__model789,xgboost,unweighted,456,789,no_origin_balance,1.0,49516.86935346402,R_x64,64.00266801320625,6.000060141393644,B,youden,val,False,0.0016510800924152136,0.0016489306638050039,False,773.6688311688312,1232,953160,1110,20805,122,932357,21915,0.022962214766647737,0.05065023956194387,0.900974025974026,6061863.06112261,0.0993670128587025,0.09936701285870253,2.7755575615628914e-17,1122,20662,110,932498,21784,0.02282500272424748,0.05150569225119354,0.9107142857142857,5467517.628881042,0.08962440903994816,0.08962440903994819,2.7755575615628914e-17
E6_threshold_divergence,xgboost__unweighted__split456__model789,xgboost,unweighted,456,789,no_origin_balance,1.0,49516.86935346402,R_x64,64.00266801320625,6.000060141393644,C,ner_optimal,val,True,2.149428610209725e-06,0.0016489306638050039,False,773.6688311688312,1232,953160,1229,369338,3,583824,370567,0.3882746538641274,0.00331653924931254,0.997564935064935,517888.6080603921,0.008489311529743191,0.008489311529743191,0.0,1230,369105,2,584055,370335,0.3880323808246507,0.003321317185791243,0.9983766233766234,468138.73870692804,0.007673803845402838,0.007673803845402838,0.0
E6_threshold_divergence,xgboost__unweighted__split789__model123,xgboost,unweighted,789,123,no_origin_balance,1.0,12.089079431998051,R_x0.015625,0.01562565137041168,-5.999939858606356,B,youden,val,False,0.0010364372283220291,-0.16965548507869244,False,773.6688311688312,1232,953160,1141,33718,91,919444,34859,0.036524747640911404,0.032731862646662266,0.9261363636363636,34818.10622831182,2.337766909351156,2.337766909351156,0.0,1137,33633,95,919527,34770,0.0364315710944769,0.03270060396893874,0.9228896103896104,34781.46254603982,2.3353065691106343,2.3353065691106343,0.0
E6_threshold_divergence,xgboost__unweighted__split789__model123,xgboost,unweighted,789,123,no_origin_balance,1.0,12.089079431998051,R_x0.015625,0.01562565137041168,-5.999939858606356,C,ner_optimal,val,True,0.17069192230701447,-0.16965548507869244,False,773.6688311688312,1232,953160,992,109,240,953053,1101,0.0011536116111375385,0.9009990917347865,0.8051948051948052,3010.3790636795325,0.20212370292417095,0.202123702924171,5.551115123125783e-17,989,110,243,953050,1099,0.0011515184536333078,0.899909008189263,0.8027597402597403,3047.6463019755265,0.20462591013555675,0.20462591013555684,8.326672684688674e-17
E6_threshold_divergence,xgboost__unweighted__split789__model123,xgboost,unweighted,789,123,no_origin_balance,1.0,48.356317727992206,R_x0.0625,0.06250260548164673,-3.999939858606356,B,youden,val,False,0.0010364372283220291,-0.017606182023882866,False,773.6688311688312,1232,953160,1141,33718,91,919444,34859,0.036524747640911404,0.032731862646662266,0.9261363636363636,38118.42491324729,0.6398394546105163,0.6398394546105163,0.0,1137,33633,95,919527,34770,0.0364315710944769,0.03270060396893874,0.9228896103896104,38226.85018415926,0.6416594344854507,0.6416594344854507,0.0
E6_threshold_divergence,xgboost__unweighted__split789__model123,xgboost,unweighted,789,123,no_origin_balance,1.0,48.356317727992206,R_x0.0625,0.06250260548164673,-3.999939858606356,C,ner_optimal,val,True,0.018642619252204895,-0.017606182023882866,False,773.6688311688312,1232,953160,1040,1507,192,951655,2547,0.0026687091494707635,0.4083235178641539,0.8441558441558441,10791.413003774504,0.18114000844804834,0.18114000844804837,2.7755575615628914e-17,1048,1485,184,951675,2533,0.002654045717063848,0.41373864982234504,0.8506493506493507,10382.562461950565,0.174277219434777,0.174277219434777,0.0
E6_threshold_divergence,xgboost__unweighted__split789__model123,xgboost,unweighted,789,123,no_origin_balance,1.0,193.42527091196882,R_x0.25,0.2500104219265869,-1.999939858606356,B,youden,val,False,0.0010364372283220291,-0.004286532755941153,False,773.6688311688312,1232,953160,1141,33718,91,919444,34859,0.036524747640911404,0.032731862646662266,0.9261363636363636,51319.69965298916,0.21535759092535633,0.21535759092535633,0.0,1137,33633,95,919527,34770,0.0364315710944769,0.03270060396893874,0.9228896103896104,52008.400736637035,0.2182476508291549,0.2182476508291549,0.0
E6_threshold_divergence,xgboost__unweighted__split789__model123,xgboost,unweighted,789,123,no_origin_balance,1.0,193.42527091196882,R_x0.25,0.2500104219265869,-1.999939858606356,C,ner_optimal,val,True,0.005322969984263182,-0.004286532755941153,False,773.6688311688312,1232,953160,1083,6031,149,947131,7114,0.007453944597304677,0.1522350295192578,0.8790584415584416,34851.36536588335,0.14625000022226112,0.14625000022226112,0.0,1082,6125,150,947035,7207,0.007551404454354186,0.15013181628971833,0.8782467532467533,35138.790636795326,0.1474561494073346,0.14745614940733465,5.551115123125783e-17
E6_threshold_divergence,xgboost__unweighted__split789__model123,xgboost,unweighted,789,123,no_origin_balance,1.0,773.6688311688312,val_class_ratio,1.0,0.0,B,youden,val,False,0.0010364372283220291,0.0,True,773.6688311688312,1232,953160,1141,33718,91,919444,34859,0.036524747640911404,0.032731862646662266,0.9261363636363636,104121.86363636363,0.1092385996436733,0.10923859964367329,1.3877787807814457e-17,1137,33633,95,919527,34770,0.0364315710944769,0.03270060396893874,0.9228896103896104,107131.53896103895,0.11239617583725606,0.11239617583725603,2.7755575615628914e-17
E6_threshold_divergence,xgboost__unweighted__split789__model123,xgboost,unweighted,789,123,no_origin_balance,1.0,773.6688311688312,val_class_ratio,1.0,0.0,C,ner_optimal,val,True,0.0010364372283220291,0.0,True,773.6688311688312,1232,953160,1141,33718,91,919444,34859,0.036524747640911404,0.032731862646662266,0.9261363636363636,104121.86363636363,0.1092385996436733,0.10923859964367329,1.3877787807814457e-17,1137,33633,95,919527,34770,0.0364315710944769,0.03270060396893874,0.9228896103896104,107131.53896103895,0.11239617583725606,0.11239617583725603,2.7755575615628914e-17
E6_threshold_divergence,xgboost__unweighted__split789__model123,xgboost,unweighted,789,123,no_origin_balance,1.0,773.7010836478753,R_x1,1.0000416877063476,6.014139364405448e-05,B,youden,val,False,0.0010364372283220291,0.0,True,773.6688311688312,1232,953160,1141,33718,91,919444,34859,0.036524747640911404,0.032731862646662266,0.9261363636363636,104124.79861195665,0.10923712500406633,0.10923712500406635,1.3877787807814457e-17,1137,33633,95,919527,34770,0.0364315710944769,0.03270060396893874,0.9228896103896104,107134.60294654816,0.11239470491508091,0.11239470491508094,2.7755575615628914e-17
E6_threshold_divergence,xgboost__unweighted__split789__model123,xgboost,unweighted,789,123,no_origin_balance,1.0,773.7010836478753,R_x1,1.0000416877063476,6.014139364405448e-05,C,ner_optimal,val,True,0.0010364372283220291,0.0,True,773.6688311688312,1232,953160,1141,33718,91,919444,34859,0.036524747640911404,0.032731862646662266,0.9261363636363636,104124.79861195665,0.10923712500406633,0.10923712500406635,1.3877787807814457e-17,1137,33633,95,919527,34770,0.0364315710944769,0.03270060396893874,0.9228896103896104,107134.60294654816,0.11239470491508091,0.11239470491508094,2.7755575615628914e-17
E6_threshold_divergence,xgboost__unweighted__split789__model123,xgboost,unweighted,789,123,no_origin_balance,1.0,3094.804334591501,R_x4,4.00016675082539,2.000060141393644,B,youden,val,False,0.0010364372283220291,0.0007042297220323235,False,773.6688311688312,1232,953160,1141,33718,91,919444,34859,0.036524747640911404,0.032731862646662266,0.9261363636363636,315345.1944478266,0.08270700852374384,0.08270700852374387,2.7755575615628914e-17,1137,33633,95,919527,34770,0.0364315710944769,0.03270060396893874,0.9228896103896104,327639.4117861926,0.08593146843656241,0.08593146843656245,4.163336342344337e-17
E6_threshold_divergence,xgboost__unweighted__split789__model123,xgboost,unweighted,789,123,no_origin_balance,1.0,3094.804334591501,R_x4,4.00016675082539,2.000060141393644,C,ner_optimal,val,True,0.00033220750628970563,0.0007042297220323235,False,773.6688311688312,1232,953160,1195,118645,37,834517,119840,0.12556658989893063,0.009971628838451268,0.9699675324675324,233152.76037988556,0.06115002758751096,0.06115002758751096,0.0,1186,119130,46,834030,120316,0.1260655998792949,0.009857375577645534,0.9626623376623377,261490.99939120904,0.0685824255333918,0.0685824255333918,0.0
E6_threshold_divergence,xgboost__unweighted__split789__model123,xgboost,unweighted,789,123,no_origin_balance,1.0,12379.217338366005,R_x16,16.00066700330156,4.000060141393644,B,youden,val,False,0.0010364372283220291,0.0009883141683530994,False,773.6688311688312,1232,953160,1141,33718,91,919444,34859,0.036524747640911404,0.032731862646662266,0.9261363636363636,1160226.7777913064,0.07607447940366321,0.07607447940366324,2.7755575615628914e-17,1137,33633,95,919527,34770,0.0364315710944769,0.03270060396893874,0.9228896103896104,1209658.6471447705,0.0793156593169328,0.07931565931693282,2.7755575615628914e-17
E6_threshold_divergence,xgboost__unweighted__split789__model123,xgboost,unweighted,789,123,no_origin_balance,1.0,12379.217338366005,R_x16,16.00066700330156,4.000060141393644,C,ner_optimal,val,True,4.812305996892974e-05,0.0009883141683530994,False,773.6688311688312,1232,953160,1224,330575,8,622587,331799,0.3476541135002944,0.00368898037667383,0.9935064935064936,429608.73870692804,0.028168856097779704,0.028168856097779704,0.0,1229,331222,3,621938,332451,0.3483379994802974,0.0036967853909297913,0.997564935064935,368359.652015098,0.024152837442443235,0.024152837442443235,0.0
E6_threshold_divergence,xgboost__unweighted__split789__model123,xgboost,unweighted,789,123,no_origin_balance,1.0,49516.86935346402,R_x64,64.00266801320625,6.000060141393644,B,youden,val,False,0.0010364372283220291,0.0009883141683530994,False,773.6688311688312,1232,953160,1141,33718,91,919444,34859,0.036524747640911404,0.032731862646662266,0.9261363636363636,4539753.1111652255,0.07441634712364306,0.07441634712364308,1.3877787807814457e-17,1137,33633,95,919527,34770,0.0364315710944769,0.03270060396893874,0.9228896103896104,4737735.588579082,0.07766170703702538,0.07766170703702542,4.163336342344337e-17
E6_threshold_divergence,xgboost__unweighted__split789__model123,xgboost,unweighted,789,123,no_origin_balance,1.0,49516.86935346402,R_x64,64.00266801320625,6.000060141393644,C,ner_optimal,val,True,4.812305996892974e-05,0.0009883141683530994,False,773.6688311688312,1232,953160,1224,330575,8,622587,331799,0.3476541135002944,0.00368898037667383,0.9935064935064936,726709.9548277122,0.011912343894574797,0.011912343894574797,0.0,1229,331222,3,621938,332451,0.3483379994802974,0.0036967853909297913,0.997564935064935,479772.6080603921,0.00786450806190951,0.00786450806190951,0.0
E6_threshold_divergence,xgboost__unweighted__split789__model42,xgboost,unweighted,789,42,no_origin_balance,1.0,12.089079431998051,R_x0.015625,0.01562565137041168,-5.999939858606356,B,youden,val,False,0.0011638585710898042,-0.0930184613680467,False,773.6688311688312,1232,953160,1133,29206,99,923956,30339,0.031788758101999805,0.03734467187448499,0.9196428571428571,30402.818863767807,2.0413144650848403,2.0413144650848403,0.0,1127,29160,105,924000,30287,0.03173433976814558,0.03721068445207515,0.9147727272727273,30429.353340359794,2.0430960502442095,2.0430960502442095,0.0
E6_threshold_divergence,xgboost__unweighted__split789__model42,xgboost,unweighted,789,42,no_origin_balance,1.0,12.089079431998051,R_x0.015625,0.01562565137041168,-5.999939858606356,C,ner_optimal,val,True,0.0941823199391365,-0.0930184613680467,False,773.6688311688312,1232,953160,998,237,234,952925,1235,0.0012940148408309357,0.8080971659919028,0.810064935064935,3065.844587087544,0.20584778442311405,0.2058477844231141,5.551115123125783e-17,998,247,234,952913,1245,0.0013044954274553852,0.8016064257028113,0.810064935064935,3075.844587087544,0.20651920718632288,0.20651920718632294,5.551115123125783e-17
E6_threshold_divergence,xgboost__unweighted__split789__model42,xgboost,unweighted,789,42,no_origin_balance,1.0,48.356317727992206,R_x0.0625,0.06250260548164673,-3.999939858606356,B,youden,val,False,0.0011638585710898042,-0.02031171170528978,False,773.6688311688312,1232,953160,1133,29206,99,923956,30339,0.031788758101999805,0.03734467187448499,0.9196428571428571,33993.27545507123,0.5705964734140672,0.5705964734140672,0.0,1127,29160,105,924000,30287,0.03173433976814558,0.03721068445207515,0.9147727272727273,34237.41336143918,0.574694467106507,0.574694467106507,0.0
E6_threshold_divergence,xgboost__unweighted__split789__model42,xgboost,unweighted,789,42,no_origin_balance,1.0,48.356317727992206,R_x0.0625,0.06250260548164673,-3.999939858606356,C,ner_optimal,val,True,0.021475570276379585,-0.02031171170528978,False,773.6688311688312,1232,953160,1036,1240,196,951922,2276,0.0023847593341953114,0.45518453427065025,0.8409090909090909,10717.838274686472,0.17990501475038265,0.1799050147503827,5.551115123125783e-17,1035,1241,197,951919,2276,0.0023847643316373146,0.45474516695957823,0.8400974025974026,10767.194592414464,0.18073348863115118,0.1807334886311512,2.7755575615628914e-17
E6_threshold_divergence,xgboost__unweighted__split789__model42,xgboost,unweighted,789,42,no_origin_balance,1.0,193.42527091196882,R_x0.25,0.2500104219265869,-1.999939858606356,B,youden,val,False,0.0011638585710898042,-0.006002766895107925,False,773.6688311688312,1232,953160,1133,29206,99,923956,30339,0.031788758101999805,0.03734467187448499,0.9196428571428571,48355.10182028491,0.2029169754963739,0.2029169754963739,0.0,1127,29160,105,924000,30287,0.03173433976814558,0.03721068445207515,0.9147727272727273,49469.653445756725,0.20759407132208124,0.20759407132208127,2.7755575615628914e-17
E6_threshold_divergence,xgboost__unweighted__split789__model42,xgboost,unweighted,789,42,no_origin_balance,1.0,193.42527091196882,R_x0.25,0.2500104219265869,-1.999939858606356,C,ner_optimal,val,True,0.007166625466197729,-0.006002766895107925,False,773.6688311688312,1232,953160,1072,4195,160,948967,5267,0.00551868515518748,0.2035314220618948,0.8701298701298701,35143.04334591501,0.14747399544301126,0.14747399544301126,0.0,1070,4300,162,948860,5370,0.005626618831675035,0.19925512104283055,0.8685064935064936,35634.893887738945,0.14953799325474368,0.14953799325474368,0.0
E6_threshold_divergence,xgboost__unweighted__split789__model42,xgboost,unweighted,789,42,no_origin_balance,1.0,773.6688311688312,val_class_ratio,1.0,0.0,B,youden,val,False,0.0011638585710898042,0.0,True,773.6688311688312,1232,953160,1133,29206,99,923956,30339,0.031788758101999805,0.03734467187448499,0.9196428571428571,105799.21428571429,0.11099837832652891,0.11099837832652891,0.0,1127,29160,105,924000,30287,0.03173433976814558,0.03721068445207515,0.9147727272727273,110395.22727272726,0.11582024767376649,0.11582024767376649,0.0
E6_threshold_divergence,xgboost__unweighted__split789__model42,xgboost,unweighted,789,42,no_origin_balance,1.0,773.6688311688312,val_class_ratio,1.0,0.0,C,ner_optimal,val,True,0.0011638585710898042,0.0,True,773.6688311688312,1232,953160,1133,29206,99,923956,30339,0.031788758101999805,0.03734467187448499,0.9196428571428571,105799.21428571429,0.11099837832652891,0.11099837832652891,0.0,1127,29160,105,924000,30287,0.03173433976814558,0.03721068445207515,0.9147727272727273,110395.22727272726,0.11582024767376649,0.11582024767376649,0.0
E6_threshold_divergence,xgboost__unweighted__split789__model42,xgboost,unweighted,789,42,no_origin_balance,1.0,773.7010836478753,R_x1,1.0000416877063476,6.014139364405448e-05,B,youden,val,False,0.0011638585710898042,0.0,True,773.6688311688312,1232,953160,1133,29206,99,923956,30339,0.031788758101999805,0.03734467187448499,0.9196428571428571,105802.40728113965,0.11099710101695061,0.11099710101695062,1.3877787807814457e-17,1127,29160,105,924000,30287,0.03173433976814558,0.03721068445207515,0.9147727272727273,110398.6137830269,0.11581897237597484,0.11581897237597485,1.3877787807814457e-17
E6_threshold_divergence,xgboost__unweighted__split789__model42,xgboost,unweighted,789,42,no_origin_balance,1.0,773.7010836478753,R_x1,1.0000416877063476,6.014139364405448e-05,C,ner_optimal,val,True,0.0011638585710898042,0.0,True,773.6688311688312,1232,953160,1133,29206,99,923956,30339,0.031788758101999805,0.03734467187448499,0.9196428571428571,105802.40728113965,0.11099710101695061,0.11099710101695062,1.3877787807814457e-17,1127,29160,105,924000,30287,0.03173433976814558,0.03721068445207515,0.9147727272727273,110398.6137830269,0.11581897237597484,0.11581897237597485,1.3877787807814457e-17
E6_threshold_divergence,xgboost__unweighted__split789__model42,xgboost,unweighted,789,42,no_origin_balance,1.0,3094.804334591501,R_x4,4.00016675082539,2.000060141393644,B,youden,val,False,0.0011638585710898042,0.0008443697006441653,False,773.6688311688312,1232,953160,1133,29206,99,923956,30339,0.031788758101999805,0.03734467187448499,0.9196428571428571,335591.6291245586,0.08801713239709477,0.0880171323970948,2.7755575615628914e-17,1127,29160,105,924000,30287,0.03173433976814558,0.03721068445207515,0.9147727272727273,354114.4551321076,0.09287519763944824,0.09287519763944825,1.3877787807814457e-17
E6_threshold_divergence,xgboost__unweighted__split789__model42,xgboost,unweighted,789,42,no_origin_balance,1.0,3094.804334591501,R_x4,4.00016675082539,2.000060141393644,C,ner_optimal,val,True,0.0003194888704456389,0.0008443697006441653,False,773.6688311688312,1232,953160,1192,125391,40,827771,126583,0.1326318061513379,0.00941674632454595,0.9675324675324676,249183.17338366003,0.06535439641343789,0.06535439641343789,0.0,1191,125789,41,827371,126980,0.13304805572552997,0.009379429831469523,0.9667207792207793,252675.97771825155,0.06627046998284383,0.06627046998284383,0.0
E6_threshold_divergence,xgboost__unweighted__split789__model42,xgboost,unweighted,789,42,no_origin_balance,1.0,12379.217338366005,R_x16,16.00066700330156,4.000060141393644,B,youden,val,False,0.0011638585710898042,0.0011335502058500424,False,773.6688311688312,1232,953160,1133,29206,99,923956,30339,0.031788758101999805,0.03734467187448499,0.9196428571428571,1254748.5164982344,0.08227214024213082,0.08227214024213084,1.3877787807814457e-17,1127,29160,105,924000,30287,0.03173433976814558,0.03721068445207515,0.9147727272727273,1328977.8205284304,0.08713925395531659,0.0871392539553166,1.3877787807814457e-17
E6_threshold_divergence,xgboost__unweighted__split789__model42,xgboost,unweighted,789,42,no_origin_balance,1.0,12379.217338366005,R_x16,16.00066700330156,4.000060141393644,C,ner_optimal,val,True,3.030836523976177e-05,0.0011335502058500424,False,773.6688311688312,1232,953160,1230,338871,2,614291,340101,0.3563528270295077,0.003616572723984934,0.9983766233766234,363629.434676732,0.02384268357565573,0.02384268357565573,0.0,1231,339762,1,613398,340993,0.35728820023638086,0.003610044780977909,0.9991883116883117,352141.217338366,0.023089416912602096,0.023089416912602096,0.0
E6_threshold_divergence,xgboost__unweighted__split789__model42,xgboost,unweighted,789,42,no_origin_balance,1.0,49516.86935346402,R_x64,64.00266801320625,6.000060141393644,B,youden,val,False,0.0011638585710898042,0.0011335502058500424,False,773.6688311688312,1232,953160,1133,29206,99,923956,30339,0.031788758101999805,0.03734467187448499,0.9196428571428571,4931376.065992937,0.08083589220338983,0.08083589220338985,2.7755575615628914e-17,1127,29160,105,924000,30287,0.03173433976814558,0.03721068445207515,0.9147727272727273,5228431.282113722,0.08570526803428367,0.08570526803428369,1.3877787807814457e-17
E6_threshold_divergence,xgboost__unweighted__split789__model42,xgboost,unweighted,789,42,no_origin_balance,1.0,49516.86935346402,R_x64,64.00266801320625,6.000060141393644,C,ner_optimal,val,True,3.030836523976177e-05,0.0011335502058500424,False,773.6688311688312,1232,953160,1230,338871,2,614291,340101,0.3563528270295077,0.003616572723984934,0.9983766233766234,437904.73870692804,0.007178203361446401,0.007178203361446401,0.0,1231,339762,1,613398,340993,0.35728820023638086,0.003610044780977909,0.9991883116883117,389278.869353464,0.006381120461916757,0.006381120461916757,0.0
E6_threshold_divergence,xgboost__unweighted__split789__model456,xgboost,unweighted,789,456,no_origin_balance,1.0,12.089079431998051,R_x0.015625,0.01562565137041168,-5.999939858606356,B,youden,val,False,0.0009388300240971148,-0.0791472670971416,False,773.6688311688312,1232,953160,1148,37560,84,915602,38708,0.0405576732460598,0.029657951844579932,0.9318181818181818,38575.482672287835,2.590045716794169,2.590045716794169,0.0,1138,37492,94,915668,38630,0.04047603081333456,0.029458969712658555,0.9237012987012987,38628.373466607816,2.593596925121232,2.593596925121232,0.0
E6_threshold_divergence,xgboost__unweighted__split789__model456,xgboost,unweighted,789,456,no_origin_balance,1.0,12.089079431998051,R_x0.015625,0.01562565137041168,-5.999939858606356,C,ner_optimal,val,True,0.08008609712123871,-0.0791472670971416,False,773.6688311688312,1232,953160,1005,244,227,952918,1249,0.001308683834978007,0.8046437149719776,0.8157467532467533,2988.221031063558,0.20063596217554205,0.2006359621755421,5.551115123125783e-17,1001,274,231,952886,1275,0.0013359290522133463,0.7850980392156863,0.8125,3066.57734879155,0.20589698371192178,0.20589698371192183,5.551115123125783e-17
E6_threshold_divergence,xgboost__unweighted__split789__model456,xgboost,unweighted,789,456,no_origin_balance,1.0,48.356317727992206,R_x0.0625,0.06250260548164673,-3.999939858606356,B,youden,val,False,0.0009388300240971148,-0.017640511447098106,False,773.6688311688312,1232,953160,1148,37560,84,915602,38708,0.0405576732460598,0.029657951844579932,0.9318181818181818,41621.93068915135,0.6986477928349057,0.6986477928349059,1.1102230246251565e-16,1138,37492,94,915668,38630,0.04047603081333456,0.029458969712658555,0.9237012987012987,42037.493866431265,0.705623257254334,0.705623257254334,0.0
E6_threshold_divergence,xgboost__unweighted__split789__model456,xgboost,unweighted,789,456,no_origin_balance,1.0,48.356317727992206,R_x0.0625,0.06250260548164673,-3.999939858606356,C,ner_optimal,val,True,0.01857934147119522,-0.017640511447098106,False,773.6688311688312,1232,953160,1034,1345,198,951817,2379,0.0024926812197059076,0.43463640184951663,0.8392857142857143,10919.550910142456,0.18329087612718245,0.18329087612718248,2.7755575615628914e-17,1040,1374,192,951786,2414,0.0025293590055239356,0.43082021541010773,0.8441558441558441,10658.413003774504,0.178907527760379,0.17890752776037902,2.7755575615628914e-17
E6_threshold_divergence,xgboost__unweighted__split789__model456,xgboost,unweighted,789,456,no_origin_balance,1.0,193.42527091196882,R_x0.25,0.2500104219265869,-1.999939858606356,B,youden,val,False,0.0009388300240971148,-0.0041833388968370855,False,773.6688311688312,1232,953160,1148,37560,84,915602,38708,0.0405576732460598,0.029657951844579932,0.9318181818181818,53807.72275660538,0.22579831184509008,0.22579831184509008,0.0,1138,37492,94,915668,38630,0.04047603081333456,0.029458969712658555,0.9237012987012987,55673.975465725074,0.2336298402876094,0.23362984028760947,5.551115123125783e-17
E6_threshold_divergence,xgboost__unweighted__split789__model456,xgboost,unweighted,789,456,no_origin_balance,1.0,193.42527091196882,R_x0.25,0.2500104219265869,-1.999939858606356,C,ner_optimal,val,True,0.0051221689209342,-0.0041833388968370855,False,773.6688311688312,1232,953160,1081,6023,151,947139,7104,0.007443466744342484,0.1521677927927928,0.877435064935065,35230.215907707294,0.1478398057074773,0.14783980570747732,2.7755575615628914e-17,1081,6140,151,947020,7221,0.007566073479241234,0.1497022573050824,0.877435064935065,35347.215907707294,0.14833078360307375,0.14833078360307378,2.7755575615628914e-17
E6_threshold_divergence,xgboost__unweighted__split789__model456,xgboost,unweighted,789,456,no_origin_balance,1.0,773.6688311688312,val_class_ratio,1.0,0.0,B,youden,val,False,0.0009388300240971148,0.0,True,773.6688311688312,1232,953160,1148,37560,84,915602,38708,0.0405576732460598,0.029657951844579932,0.9318181818181818,102548.18181818182,0.10758758426516202,0.10758758426516202,0.0,1138,37492,94,915668,38630,0.04047603081333456,0.029458969712658555,0.9237012987012987,110216.87012987013,0.11563312573950874,0.11563312573950872,1.3877787807814457e-17
E6_threshold_divergence,xgboost__unweighted__split789__model456,xgboost,unweighted,789,456,no_origin_balance,1.0,773.6688311688312,val_class_ratio,1.0,0.0,C,ner_optimal,val,True,0.0009388300240971148,0.0,True,773.6688311688312,1232,953160,1148,37560,84,915602,38708,0.0405576732460598,0.029657951844579932,0.9318181818181818,102548.18181818182,0.10758758426516202,0.10758758426516202,0.0,1138,37492,94,915668,38630,0.04047603081333456,0.029458969712658555,0.9237012987012987,110216.87012987013,0.11563312573950874,0.11563312573950872,1.3877787807814457e-17
E6_threshold_divergence,xgboost__unweighted__split789__model456,xgboost,unweighted,789,456,no_origin_balance,1.0,773.7010836478753,R_x1,1.0000416877063476,6.014139364405448e-05,B,youden,val,False,0.0009388300240971148,0.0,True,773.6688311688312,1232,953160,1148,37560,84,915602,38708,0.0405576732460598,0.029657951844579932,0.9318181818181818,102550.89102642152,0.10758594159763614,0.10758594159763615,1.3877787807814457e-17,1138,37492,94,915668,38630,0.04047603081333456,0.029458969712658555,0.9237012987012987,110219.90186290028,0.11563148604592831,0.11563148604592835,4.163336342344337e-17
E6_threshold_divergence,xgboost__unweighted__split789__model456,xgboost,unweighted,789,456,no_origin_balance,1.0,773.7010836478753,R_x1,1.0000416877063476,6.014139364405448e-05,C,ner_optimal,val,True,0.0009388300240971148,0.0,True,773.6688311688312,1232,953160,1148,37560,84,915602,38708,0.0405576732460598,0.029657951844579932,0.9318181818181818,102550.89102642152,0.10758594159763614,0.10758594159763615,1.3877787807814457e-17,1138,37492,94,915668,38630,0.04047603081333456,0.029458969712658555,0.9237012987012987,110219.90186290028,0.11563148604592831,0.11563148604592835,4.163336342344337e-17
E6_threshold_divergence,xgboost__unweighted__split789__model456,xgboost,unweighted,789,456,no_origin_balance,1.0,3094.804334591501,R_x4,4.00016675082539,2.000060141393644,B,youden,val,False,0.0009388300240971148,0.0005367112462408841,False,773.6688311688312,1232,953160,1148,37560,84,915602,38708,0.0405576732460598,0.029657951844579932,0.9318181818181818,297523.5641056861,0.07803284903577266,0.07803284903577268,1.3877787807814457e-17,1138,37492,94,915668,38630,0.04047603081333456,0.029458969712658555,0.9237012987012987,328403.6074516011,0.08613189748550804,0.08613189748550806,2.7755575615628914e-17
E6_threshold_divergence,xgboost__unweighted__split789__model456,xgboost,unweighted,789,456,no_origin_balance,1.0,3094.804334591501,R_x4,4.00016675082539,2.000060141393644,C,ner_optimal,val,True,0.00040211877785623074,0.0005367112462408841,False,773.6688311688312,1232,953160,1185,101926,47,851236,103111,0.1080381896784766,0.011492469280678104,0.9618506493506493,247381.80372580056,0.0648819430567033,0.0648819430567033,0.0,1184,102101,48,851059,103285,0.10822073110420037,0.011463426441400009,0.961038961038961,250651.60806039206,0.06573952940884535,0.06573952940884535,0.0
E6_threshold_divergence,xgboost__unweighted__split789__model456,xgboost,unweighted,789,456,no_origin_balance,1.0,12379.217338366005,R_x16,16.00066700330156,4.000060141393644,B,youden,val,False,0.0009388300240971148,0.000936218897550134,False,773.6688311688312,1232,953160,1148,37560,84,915602,38708,0.0405576732460598,0.029657951844579932,0.9318181818181818,1077414.2564227444,0.07064457589530679,0.0706445758953068,1.3877787807814457e-17,1138,37492,94,915668,38630,0.04047603081333456,0.029458969712658555,0.9237012987012987,1201138.4298064045,0.07875700034540296,0.07875700034540299,2.7755575615628914e-17
E6_threshold_divergence,xgboost__unweighted__split789__model456,xgboost,unweighted,789,456,no_origin_balance,1.0,12379.217338366005,R_x16,16.00066700330156,4.000060141393644,C,ner_optimal,val,True,2.611126546980813e-06,0.000936218897550134,False,773.6688311688312,1232,953160,1230,363460,2,589702,364690,0.38211681967824607,0.0033727275220049907,0.9983766233766234,388218.434676732,0.02545495059953677,0.02545495059953677,0.0,1230,364103,2,589057,365333,0.3827913477900066,0.0033667913930578402,0.9983766233766234,388861.434676732,0.02549711122812498,0.02549711122812498,0.0
E6_threshold_divergence,xgboost__unweighted__split789__model456,xgboost,unweighted,789,456,no_origin_balance,1.0,49516.86935346402,R_x64,64.00266801320625,6.000060141393644,B,youden,val,False,0.0009388300240971148,0.0009374245250910462,False,773.6688311688312,1232,953160,1148,37560,84,915602,38708,0.0405576732460598,0.029657951844579932,0.9318181818181818,4196977.025690977,0.06879750761019032,0.06879750761019034,1.3877787807814457e-17,1138,37492,94,915668,38630,0.04047603081333456,0.029458969712658555,0.9237012987012987,4692077.719225618,0.07691327606037669,0.07691327606037672,2.7755575615628914e-17
E6_threshold_divergence,xgboost__unweighted__split789__model456,xgboost,unweighted,789,456,no_origin_balance,1.0,49516.86935346402,R_x64,64.00266801320625,6.000060141393644,C,ner_optimal,val,True,1.4054990060685668e-06,0.0009374245250910462,False,773.6688311688312,1232,953160,1230,402863,2,550299,404093,0.42340270370517835,0.0030438537663359674,0.9983766233766234,501896.73870692804,0.008227170291701752,0.008227170291701752,0.0,1231,403724,1,549436,404955,0.42430678379533776,0.0030398439332765368,0.9991883116883117,453240.869353464,0.007429595627452962,0.007429595627452962,0.0
E6_threshold_divergence,xgboost__unweighted__split789__model789,xgboost,unweighted,789,789,no_origin_balance,1.0,12.089079431998051,R_x0.015625,0.01562565137041168,-5.999939858606356,B,youden,val,False,0.0011961391428485513,-0.12497258873190731,False,773.6688311688312,1232,953160,1133,28618,99,924544,29751,0.031172660347822807,0.03808275352089006,0.9196428571428571,29814.818863767807,2.0018348066081613,2.0018348066081613,0.0,1123,28448,109,924712,29571,0.030984123923922247,0.03797639579317574,0.911525974025974,29765.709658087788,1.9985375027504944,1.9985375027504944,0.0
E6_threshold_divergence,xgboost__unweighted__split789__model789,xgboost,unweighted,789,789,no_origin_balance,1.0,12.089079431998051,R_x0.015625,0.01562565137041168,-5.999939858606356,C,ner_optimal,val,True,0.12616872787475586,-0.12497258873190731,False,773.6688311688312,1232,953160,997,164,235,952998,1161,0.0012164787289107015,0.8587424633936261,0.8092532467532467,3004.933666519542,0.20175808656337796,0.201758086563378,2.7755575615628914e-17,997,172,235,952988,1169,0.0012248635780685504,0.8528656971770744,0.8092532467532467,3012.933666519542,0.20229522477394501,0.20229522477394504,2.7755575615628914e-17
E6_threshold_divergence,xgboost__unweighted__split789__model789,xgboost,unweighted,789,789,no_origin_balance,1.0,48.356317727992206,R_x0.0625,0.06250260548164673,-3.999939858606356,B,youden,val,False,0.0011961391428485513,-0.018675948842428625,False,773.6688311688312,1232,953160,1133,28618,99,924544,29751,0.031172660347822807,0.03808275352089006,0.9196428571428571,33405.27545507123,0.5607265587948974,0.5607265587948974,0.0,1123,28448,109,924712,29571,0.030984123923922247,0.03797639579317574,0.911525974025974,33718.83863235115,0.565989895168143,0.565989895168143,0.0
E6_threshold_divergence,xgboost__unweighted__split789__model789,xgboost,unweighted,789,789,no_origin_balance,1.0,48.356317727992206,R_x0.0625,0.06250260548164673,-3.999939858606356,C,ner_optimal,val,True,0.019872087985277176,-0.018675948842428625,False,773.6688311688312,1232,953160,1040,1337,192,951825,2377,0.0024905856491134687,0.43752629364745477,0.8441558441558441,10621.413003774504,0.17828646170441081,0.17828646170441084,2.7755575615628914e-17,1039,1373,193,951787,2412,0.0025272634305400716,0.43076285240464346,0.8433441558441559,10705.769321502496,0.17970243050298706,0.17970243050298712,5.551115123125783e-17
E6_threshold_divergence,xgboost__unweighted__split789__model789,xgboost,unweighted,789,789,no_origin_balance,1.0,193.42527091196882,R_x0.25,0.2500104219265869,-1.999939858606356,B,youden,val,False,0.0011961391428485513,-0.0043791577918455005,False,773.6688311688312,1232,953160,1133,28618,99,924544,29751,0.031172660347822807,0.03808275352089006,0.9196428571428571,47767.10182028491,0.20044949684158148,0.20044949684158148,0.0,1123,28448,109,924712,29571,0.030984123923922247,0.03797639579317574,0.911525974025974,49531.354529404605,0.2078529932725552,0.20785299327255527,8.326672684688674e-17
E6_threshold_divergence,xgboost__unweighted__split789__model789,xgboost,unweighted,789,789,no_origin_balance,1.0,193.42527091196882,R_x0.25,0.2500104219265869,-1.999939858606356,C,ner_optimal,val,True,0.005575296934694052,-0.0043791577918455005,False,773.6688311688312,1232,953160,1080,5504,152,947658,6584,0.006898618390308405,0.16403402187120292,0.8766233766233766,34904.64117861926,0.146473566431007,0.146473566431007,0.0,1076,5524,156,947636,6600,0.00691539744675144,0.16303030303030303,0.8733766233766234,35698.342262267135,0.14980424752316135,0.14980424752316135,0.0
E6_threshold_divergence,xgboost__unweighted__split789__model789,xgboost,unweighted,789,789,no_origin_balance,1.0,773.6688311688312,val_class_ratio,1.0,0.0,B,youden,val,False,0.0011961391428485513,0.0,True,773.6688311688312,1232,953160,1133,28618,99,924544,29751,0.031172660347822807,0.03808275352089006,0.9196428571428571,105211.21428571429,0.1103814829469494,0.1103814829469494,0.0,1123,28448,109,924712,29571,0.030984123923922247,0.03797639579317574,0.911525974025974,112777.9025974026,0.1183200119574915,0.1183200119574915,0.0
E6_threshold_divergence,xgboost__unweighted__split789__model789,xgboost,unweighted,789,789,no_origin_balance,1.0,773.6688311688312,val_class_ratio,1.0,0.0,C,ner_optimal,val,True,0.0011961391428485513,0.0,True,773.6688311688312,1232,953160,1133,28618,99,924544,29751,0.031172660347822807,0.03808275352089006,0.9196428571428571,105211.21428571429,0.1103814829469494,0.1103814829469494,0.0,1123,28448,109,924712,29571,0.030984123923922247,0.03797639579317574,0.911525974025974,112777.9025974026,0.1183200119574915,0.1183200119574915,0.0
E6_threshold_divergence,xgboost__unweighted__split789__model789,xgboost,unweighted,789,789,no_origin_balance,1.0,773.7010836478753,R_x1,1.0000416877063476,6.014139364405448e-05,B,youden,val,False,0.0011961391428485513,0.0,True,773.6688311688312,1232,953160,1133,28618,99,924544,29751,0.031172660347822807,0.03808275352089006,0.9196428571428571,105214.40728113965,0.11038023135325249,0.1103802313532525,1.3877787807814457e-17,1123,28448,109,924712,29571,0.030984123923922247,0.03797639579317574,0.911525974025974,112781.4181176184,0.11831876779865826,0.1183187677986583,4.163336342344337e-17
E6_threshold_divergence,xgboost__unweighted__split789__model789,xgboost,unweighted,789,789,no_origin_balance,1.0,773.7010836478753,R_x1,1.0000416877063476,6.014139364405448e-05,C,ner_optimal,val,True,0.0011961391428485513,0.0,True,773.6688311688312,1232,953160,1133,28618,99,924544,29751,0.031172660347822807,0.03808275352089006,0.9196428571428571,105214.40728113965,0.11038023135325249,0.1103802313532525,1.3877787807814457e-17,1123,28448,109,924712,29571,0.030984123923922247,0.03797639579317574,0.911525974025974,112781.4181176184,0.11831876779865826,0.1183187677986583,4.163336342344337e-17
E6_threshold_divergence,xgboost__unweighted__split789__model789,xgboost,unweighted,789,789,no_origin_balance,1.0,3094.804334591501,R_x4,4.00016675082539,2.000060141393644,B,youden,val,False,0.0011961391428485513,0.0008889442251529545,False,773.6688311688312,1232,953160,1133,28618,99,924544,29751,0.031172660347822807,0.03808275352089006,0.9196428571428571,335003.6291245586,0.08786291498117026,0.08786291498117027,1.3877787807814457e-17,1123,28448,109,924712,29571,0.030984123923922247,0.03797639579317574,0.911525974025974,365781.6724704736,0.09593521143018402,0.09593521143018405,2.7755575615628914e-17
E6_threshold_divergence,xgboost__unweighted__split789__model789,xgboost,unweighted,789,789,no_origin_balance,1.0,3094.804334591501,R_x4,4.00016675082539,2.000060141393644,C,ner_optimal,val,True,0.0003071949176955968,0.0008889442251529545,False,773.6688311688312,1232,953160,1195,132677,37,820485,133872,0.140269113175481,0.008926437193737301,0.9699675324675324,247184.76037988556,0.06483026360834934,0.06483026360834934,0.0,1185,132977,47,820183,134162,0.14057326549258586,0.008832605357701882,0.9618506493506493,278432.8037258006,0.07302582908029598,0.07302582908029599,1.3877787807814457e-17
E6_threshold_divergence,xgboost__unweighted__split789__model789,xgboost,unweighted,789,789,no_origin_balance,1.0,12379.217338366005,R_x16,16.00066700330156,4.000060141393644,B,youden,val,False,0.0011961391428485513,0.0011677102393150562,False,773.6688311688312,1232,953160,1133,28618,99,924544,29751,0.031172660347822807,0.03808275352089006,0.9196428571428571,1254160.5164982344,0.08223358588814969,0.0822335858881497,1.3877787807814457e-17,1123,28448,109,924712,29571,0.030984123923922247,0.03797639579317574,0.911525974025974,1377782.6898818945,0.09033932233806546,0.09033932233806549,2.7755575615628914e-17
E6_threshold_divergence,xgboost__unweighted__split789__model789,xgboost,unweighted,789,789,no_origin_balance,1.0,12379.217338366005,R_x16,16.00066700330156,4.000060141393644,C,ner_optimal,val,True,2.842890353349503e-05,0.0011677102393150562,False,773.6688311688312,1232,953160,1226,336918,6,616244,338144,0.3543023112048064,0.003625674268950506,0.9951298701298701,411193.30403019604,0.02696138128954308,0.02696138128954308,0.0,1227,337691,5,615469,338918,0.3551140411906219,0.0036203447441564038,0.9959415584415584,399587.08669183,0.026200377528241527,0.026200377528241527,0.0
E6_threshold_divergence,xgboost__unweighted__split789__model789,xgboost,unweighted,789,789,no_origin_balance,1.0,49516.86935346402,R_x64,64.00266801320625,6.000060141393644,B,youden,val,False,0.0011961391428485513,0.0011677102393150562,False,773.6688311688312,1232,953160,1133,28618,99,924544,29751,0.031172660347822807,0.03808275352089006,0.9196428571428571,4930788.065992937,0.08082625361489455,0.08082625361489457,1.3877787807814457e-17,1123,28448,109,924712,29571,0.030984123923922247,0.03797639579317574,0.911525974025974,5425786.759527578,0.08894035006503583,0.08894035006503585,2.7755575615628914e-17
E6_threshold_divergence,xgboost__unweighted__split789__model789,xgboost,unweighted,789,789,no_origin_balance,1.0,49516.86935346402,R_x64,64.00266801320625,6.000060141393644,C,ner_optimal,val,True,2.842890353349503e-05,0.0011677102393150562,False,773.6688311688312,1232,953160,1226,336918,6,616244,338144,0.3543023112048064,0.003625674268950506,0.9951298701298701,634019.2161207842,0.010392942724983173,0.010392942724983173,0.0,1227,337691,5,615469,338918,0.3551140411906219,0.0036203447441564038,0.9959415584415584,585275.3467673201,0.00959392555089155,0.00959392555089155,0.0
E6_threshold_divergence,xgboost__weighted__split123__model123,xgboost,weighted,123,123,no_origin_balance,773.7010836478753,12.089079431998051,R_x0.015625,0.01562565137041168,-5.999939858606356,B,youden,val,False,0.3716185986995697,-0.581184059381485,False,773.6688311688312,1232,953160,1118,23086,114,930076,24204,0.0253605953096939,0.046190712278962154,0.9074675324675324,24464.15505524778,1.6425790586763633,1.6425790586763633,0.0,1110,23172,122,929988,24282,0.025442375879093707,0.04571287373362985,0.900974025974026,24646.867690703762,1.6548468009334658,1.6548468009334658,0.0
E6_threshold_divergence,xgboost__weighted__split123__model123,xgboost,weighted,123,123,no_origin_balance,773.7010836478753,12.089079431998051,R_x0.015625,0.01562565137041168,-5.999939858606356,C,ner_optimal,val,True,0.9528026580810547,-0.581184059381485,False,773.6688311688312,1232,953160,995,455,237,952707,1450,0.0015192886795181025,0.6862068965517242,0.8076298701298701,3320.1118253835384,0.22291986559613142,0.22291986559613147,5.551115123125783e-17,988,418,244,952742,1406,0.001473189213656443,0.7027027027027027,0.801948051948052,3367.7353814075245,0.2261174195540769,0.226117419554077,8.326672684688674e-17
E6_threshold_divergence,xgboost__weighted__split123__model123,xgboost,weighted,123,123,no_origin_balance,773.7010836478753,48.356317727992206,R_x0.0625,0.06250260548164673,-3.999939858606356,B,youden,val,False,0.3716185986995697,-0.5248225629329681,False,773.6688311688312,1232,953160,1118,23086,114,930076,24204,0.0253605953096939,0.046190712278962154,0.9074675324675324,28598.620220991113,0.48004411531844143,0.48004411531844154,1.1102230246251565e-16,1110,23172,122,929988,24282,0.025442375879093707,0.04571287373362985,0.900974025974026,29071.47076281505,0.4879811807528469,0.48798118075284697,5.551115123125783e-17
E6_threshold_divergence,xgboost__weighted__split123__model123,xgboost,weighted,123,123,no_origin_balance,773.7010836478753,48.356317727992206,R_x0.0625,0.06250260548164673,-3.999939858606356,C,ner_optimal,val,True,0.8964411616325378,-0.5248225629329681,False,773.6688311688312,1232,953160,1032,1036,200,952126,2068,0.00216681999258168,0.4990328820116054,0.8376623376623377,10707.263545598442,0.17972751190477088,0.17972751190477093,5.551115123125783e-17,1017,976,215,952184,1993,0.0020882404714205483,0.5102860010035123,0.825487012987013,11372.608311518325,0.1908957024352823,0.19089570243528237,5.551115123125783e-17
E6_threshold_divergence,xgboost__weighted__split123__model123,xgboost,weighted,123,123,no_origin_balance,773.7010836478753,193.42527091196882,R_x0.25,0.2500104219265869,-1.999939858606356,B,youden,val,False,0.3716185986995697,-0.2718546688556671,False,773.6688311688312,1232,953160,1118,23086,114,930076,24204,0.0253605953096939,0.046190712278962154,0.9074675324675324,45136.48088396445,0.189410379478961,0.18941037947896103,2.7755575615628914e-17,1110,23172,122,929988,24282,0.025442375879093707,0.04571287373362985,0.900974025974026,46769.8830512602,0.1962647757076922,0.19626477570769227,5.551115123125783e-17
E6_threshold_divergence,xgboost__weighted__split123__model123,xgboost,weighted,123,123,no_origin_balance,773.7010836478753,193.42527091196882,R_x0.25,0.2500104219265869,-1.999939858606356,C,ner_optimal,val,True,0.6434732675552368,-0.2718546688556671,False,773.6688311688312,1232,953160,1076,6570,156,946592,7646,0.008011366374893388,0.14072717760920742,0.8733766233766234,36744.342262267135,0.15419367383763904,0.15419367383763904,0.0,1067,6565,165,946595,7632,0.007996714138425301,0.13980607966457023,0.8660714285714286,38480.16970047486,0.16147788668148355,0.16147788668148358,2.7755575615628914e-17
E6_threshold_divergence,xgboost__weighted__split123__model123,xgboost,weighted,123,123,no_origin_balance,773.7010836478753,773.6688311688312,val_class_ratio,1.0,0.0,B,youden,val,False,0.3716185986995697,0.0,True,773.6688311688312,1232,953160,1118,23086,114,930076,24204,0.0253605953096939,0.046190712278962154,0.9074675324675324,111284.24675324676,0.11675295517357709,0.1167529551735771,1.3877787807814457e-17,1110,23172,122,929988,24282,0.025442375879093707,0.04571287373362985,0.900974025974026,117559.5974025974,0.1233366878620561,0.12333668786205611,1.3877787807814457e-17
E6_threshold_divergence,xgboost__weighted__split123__model123,xgboost,weighted,123,123,no_origin_balance,773.7010836478753,773.6688311688312,val_class_ratio,1.0,0.0,C,ner_optimal,val,True,0.3716185986995697,0.0,True,773.6688311688312,1232,953160,1118,23086,114,930076,24204,0.0253605953096939,0.046190712278962154,0.9074675324675324,111284.24675324676,0.11675295517357709,0.1167529551735771,1.3877787807814457e-17,1110,23172,122,929988,24282,0.025442375879093707,0.04571287373362985,0.900974025974026,117559.5974025974,0.1233366878620561,0.12333668786205611,1.3877787807814457e-17
E6_threshold_divergence,xgboost__weighted__split123__model123,xgboost,weighted,123,123,no_origin_balance,773.7010836478753,773.7010836478753,R_x1,1.0000416877063476,6.014139364405448e-05,B,youden,val,False,0.3716185986995697,0.0,True,773.6688311688312,1232,953160,1118,23086,114,930076,24204,0.0253605953096939,0.046190712278962154,0.9074675324675324,111287.92353585779,0.11675194551909088,0.1167519455190909,2.7755575615628914e-17,1110,23172,122,929988,24282,0.025442375879093707,0.04571287373362985,0.900974025974026,117563.53220504078,0.12333567444640356,0.12333567444640359,2.7755575615628914e-17
E6_threshold_divergence,xgboost__weighted__split123__model123,xgboost,weighted,123,123,no_origin_balance,773.7010836478753,773.7010836478753,R_x1,1.0000416877063476,6.014139364405448e-05,C,ner_optimal,val,True,0.3716185986995697,0.0,True,773.6688311688312,1232,953160,1118,23086,114,930076,24204,0.0253605953096939,0.046190712278962154,0.9074675324675324,111287.92353585779,0.11675194551909088,0.1167519455190909,2.7755575615628914e-17,1110,23172,122,929988,24282,0.025442375879093707,0.04571287373362985,0.900974025974026,117563.53220504078,0.12333567444640356,0.12333567444640359,2.7755575615628914e-17
E6_threshold_divergence,xgboost__weighted__split123__model123,xgboost,weighted,123,123,no_origin_balance,773.7010836478753,3094.804334591501,R_x4,4.00016675082539,2.000060141393644,B,youden,val,False,0.3716185986995697,0.2993069812655449,False,773.6688311688312,1232,953160,1118,23086,114,930076,24204,0.0253605953096939,0.046190712278962154,0.9074675324675324,375893.69414343114,0.09858733702912335,0.09858733702912338,2.7755575615628914e-17,1110,23172,122,929988,24282,0.025442375879093707,0.04571287373362985,0.900974025974026,400738.12882016314,0.10510339913108138,0.10510339913108141,2.7755575615628914e-17
E6_threshold_divergence,xgboost__weighted__split123__model123,xgboost,weighted,123,123,no_origin_balance,773.7010836478753,3094.804334591501,R_x4,4.00016675082539,2.000060141393644,C,ner_optimal,val,True,0.07231161743402481,0.2993069812655449,False,773.6688311688312,1232,953160,1188,146754,44,806408,147942,0.15501145229328767,0.008030173987103054,0.9642857142857143,282925.39072202606,0.07420412016426543,0.07420412016426543,0.0,1189,147180,43,805980,148369,0.1554591823904643,0.008013803422547837,0.9650974025974026,280256.5863874345,0.07350416079676733,0.07350416079676732,1.3877787807814457e-17
E6_threshold_divergence,xgboost__weighted__split123__model123,xgboost,weighted,123,123,no_origin_balance,773.7010836478753,12379.217338366005,R_x16,16.00066700330156,4.000060141393644,B,youden,val,False,0.3716185986995697,0.3691168816294521,False,773.6688311688312,1232,953160,1118,23086,114,930076,24204,0.0253605953096939,0.046190712278962154,0.9074675324675324,1434316.7765737246,0.09404618490663147,0.0940461849066315,2.7755575615628914e-17,1110,23172,122,929988,24282,0.025442375879093707,0.04571287373362985,0.900974025974026,1533436.5152806526,0.10054533030225084,0.10054533030225088,4.163336342344337e-17
E6_threshold_divergence,xgboost__weighted__split123__model123,xgboost,weighted,123,123,no_origin_balance,773.7010836478753,12379.217338366005,R_x16,16.00066700330156,4.000060141393644,C,ner_optimal,val,True,0.002501717070117593,0.3691168816294521,False,773.6688311688312,1232,953160,1232,351498,0,601664,352730,0.3695853075354623,0.003492756499305418,1.0,351498.0,0.02304724203343515,0.02304724203343515,0.0,1232,351736,0,601424,352968,0.369835455452267,0.0034904013961605585,1.0,351736.0,0.02306284736718942,0.02306284736718942,0.0
E6_threshold_divergence,xgboost__weighted__split123__model123,xgboost,weighted,123,123,no_origin_balance,773.7010836478753,49516.86935346402,R_x64,64.00266801320625,6.000060141393644,B,youden,val,False,0.3716185986995697,0.3691168816294521,False,773.6688311688312,1232,953160,1118,23086,114,930076,24204,0.0253605953096939,0.046190712278962154,0.9074675324675324,5668009.106294898,0.0929108968760085,0.09291089687600852,2.7755575615628914e-17,1110,23172,122,929988,24282,0.025442375879093707,0.04571287373362985,0.900974025974026,6064230.06112261,0.0994058130950432,0.09940581309504323,2.7755575615628914e-17
E6_threshold_divergence,xgboost__weighted__split123__model123,xgboost,weighted,123,123,no_origin_balance,773.7010836478753,49516.86935346402,R_x64,64.00266801320625,6.000060141393644,C,ner_optimal,val,True,0.002501717070117593,0.3691168816294521,False,773.6688311688312,1232,953160,1232,351498,0,601664,352730,0.3695853075354623,0.003492756499305418,1.0,351498.0,0.005761810508358787,0.005761810508358787,0.0,1232,351736,0,601424,352968,0.369835455452267,0.0034904013961605585,1.0,351736.0,0.005765711841797355,0.005765711841797355,0.0
E6_threshold_divergence,xgboost__weighted__split123__model42,xgboost,weighted,123,42,no_origin_balance,773.7010836478753,12.089079431998051,R_x0.015625,0.01562565137041168,-5.999939858606356,B,youden,val,False,0.28961873054504395,-0.6528932452201843,False,773.6688311688312,1232,953160,1131,35758,101,917404,36889,0.038651751792236747,0.030659546206186127,0.9180194805194806,36978.997022631804,2.4828540361626397,2.4828540361626397,0.0,1120,35902,112,917258,37022,0.03879118852630785,0.030252282426665226,0.9090909090909091,37255.976896383785,2.501451095381418,2.501451095381418,0.0
E6_threshold_divergence,xgboost__weighted__split123__model42,xgboost,weighted,123,42,no_origin_balance,773.7010836478753,12.089079431998051,R_x0.015625,0.01562565137041168,-5.999939858606356,C,ner_optimal,val,True,0.9425119757652283,-0.6528932452201843,False,773.6688311688312,1232,953160,1007,543,225,952619,1550,0.0016240672091400407,0.6496774193548387,0.8173701298701299,3263.0428721995618,0.21908812617210935,0.2190881261721094,5.551115123125783e-17,997,535,235,952625,1532,0.0016052104376398796,0.6507832898172323,0.8092532467532467,3375.933666519542,0.2266678710784254,0.22666787107842543,2.7755575615628914e-17
E6_threshold_divergence,xgboost__weighted__split123__model42,xgboost,weighted,123,42,no_origin_balance,773.7010836478753,48.356317727992206,R_x0.0625,0.06250260548164673,-3.999939858606356,B,youden,val,False,0.28961873054504395,-0.5923650860786438,False,773.6688311688312,1232,953160,1131,35758,101,917404,36889,0.038651751792236747,0.030659546206186127,0.9180194805194806,40641.988090527215,0.6821988986510495,0.6821988986510495,0.0,1120,35902,112,917258,37022,0.03879118852630785,0.030252282426665226,0.9090909090909091,41317.907585535126,0.6935445920271727,0.6935445920271727,0.0
E6_threshold_divergence,xgboost__weighted__split123__model42,xgboost,weighted,123,42,no_origin_balance,773.7010836478753,48.356317727992206,R_x0.0625,0.06250260548164673,-3.999939858606356,C,ner_optimal,val,True,0.8819838166236877,-0.5923650860786438,False,773.6688311688312,1232,953160,1027,1245,205,951917,2272,0.002380568193010434,0.45202464788732394,0.8336038961038961,11158.045134238402,0.18729413740097858,0.1872941374009786,2.7755575615628914e-17,1023,1228,209,951932,2251,0.0023585696443390136,0.45446468236339405,0.8303571428571429,11334.47040515037,0.19025553597336806,0.19025553597336808,2.7755575615628914e-17
E6_threshold_divergence,xgboost__weighted__split123__model42,xgboost,weighted,123,42,no_origin_balance,773.7010836478753,193.42527091196882,R_x0.25,0.2500104219265869,-1.999939858606356,B,youden,val,False,0.28961873054504395,-0.3984670639038086,False,773.6688311688312,1232,953160,1131,35758,101,917404,36889,0.038651751792236747,0.030659546206186127,0.9180194805194806,55293.95236210885,0.23203511427315196,0.232035114273152,2.7755575615628914e-17,1120,35902,112,917258,37022,0.03879118852630785,0.030252282426665226,0.9090909090909091,57565.63034214051,0.24156796618861134,0.24156796618861137,2.7755575615628914e-17
E6_threshold_divergence,xgboost__weighted__split123__model42,xgboost,weighted,123,42,no_origin_balance,773.7010836478753,193.42527091196882,R_x0.25,0.2500104219265869,-1.999939858606356,C,ner_optimal,val,True,0.6880857944488525,-0.3984670639038086,False,773.6688311688312,1232,953160,1063,5332,169,947830,6395,0.006700586969322942,0.16622361219702894,0.8628246753246753,38020.87078412273,0.1595504882592588,0.1595504882592588,0.0,1061,5259,171,947901,6320,0.00662201694901047,0.16787974683544304,0.8612012987012987,38334.721325946666,0.16086752824692138,0.16086752824692138,0.0
E6_threshold_divergence,xgboost__weighted__split123__model42,xgboost,weighted,123,42,no_origin_balance,773.7010836478753,773.6688311688312,val_class_ratio,1.0,0.0,B,youden,val,False,0.28961873054504395,0.0,True,773.6688311688312,1232,953160,1131,35758,101,917404,36889,0.038651751792236747,0.030659546206186127,0.9180194805194806,113898.55194805194,0.11949573203664858,0.11949573203664857,1.3877787807814457e-17,1120,35902,112,917258,37022,0.03879118852630785,0.030252282426665226,0.9090909090909091,122552.90909090909,0.12857537988470882,0.12857537988470885,2.7755575615628914e-17
E6_threshold_divergence,xgboost__weighted__split123__model42,xgboost,weighted,123,42,no_origin_balance,773.7010836478753,773.6688311688312,val_class_ratio,1.0,0.0,C,ner_optimal,val,True,0.28961873054504395,0.0,True,773.6688311688312,1232,953160,1131,35758,101,917404,36889,0.038651751792236747,0.030659546206186127,0.9180194805194806,113898.55194805194,0.11949573203664858,0.11949573203664857,1.3877787807814457e-17,1120,35902,112,917258,37022,0.03879118852630785,0.030252282426665226,0.9090909090909091,122552.90909090909,0.12857537988470882,0.12857537988470885,2.7755575615628914e-17
E6_threshold_divergence,xgboost__weighted__split123__model42,xgboost,weighted,123,42,no_origin_balance,773.7010836478753,773.7010836478753,R_x1,1.0000416877063476,6.014139364405448e-05,B,youden,val,False,0.28961873054504395,0.0,True,773.6688311688312,1232,953160,1131,35758,101,917404,36889,0.038651751792236747,0.030659546206186127,0.9180194805194806,113901.80944843541,0.11949416817867758,0.11949416817867761,2.7755575615628914e-17,1120,35902,112,917258,37022,0.03879118852630785,0.030252282426665226,0.9090909090909091,122556.52136856204,0.128573809728971,0.12857380972897103,2.7755575615628914e-17
E6_threshold_divergence,xgboost__weighted__split123__model42,xgboost,weighted,123,42,no_origin_balance,773.7010836478753,773.7010836478753,R_x1,1.0000416877063476,6.014139364405448e-05,C,ner_optimal,val,True,0.28961873054504395,0.0,True,773.6688311688312,1232,953160,1131,35758,101,917404,36889,0.038651751792236747,0.030659546206186127,0.9180194805194806,113901.80944843541,0.11949416817867758,0.11949416817867761,2.7755575615628914e-17,1120,35902,112,917258,37022,0.03879118852630785,0.030252282426665226,0.9090909090909091,122556.52136856204,0.128573809728971,0.12857380972897103,2.7755575615628914e-17
E6_threshold_divergence,xgboost__weighted__split123__model42,xgboost,weighted,123,42,no_origin_balance,773.7010836478753,3094.804334591501,R_x4,4.00016675082539,2.000060141393644,B,youden,val,False,0.28961873054504395,0.23289518803358078,False,773.6688311688312,1232,953160,1131,35758,101,917404,36889,0.038651751792236747,0.030659546206186127,0.9180194805194806,348333.23779374163,0.09135893165505898,0.09135893165505901,2.7755575615628914e-17,1120,35902,112,917258,37022,0.03879118852630785,0.030252282426665226,0.9090909090909091,382520.08547424816,0.10032527061406092,0.10032527061406095,2.7755575615628914e-17
E6_threshold_divergence,xgboost__weighted__split123__model42,xgboost,weighted,123,42,no_origin_balance,773.7010836478753,3094.804334591501,R_x4,4.00016675082539,2.000060141393644,C,ner_optimal,val,True,0.056723542511463165,0.23289518803358078,False,773.6688311688312,1232,953160,1198,174487,34,778675,175685,0.18408015976630196,0.006819022682642229,0.9724025974025974,279710.347376111,0.07336089622397231,0.0733608962239723,1.3877787807814457e-17,1199,174572,33,778588,175771,0.18417065524438594,0.006821375539764808,0.9732142857142857,276700.54304151953,0.07257150124621865,0.07257150124621865,0.0
E6_threshold_divergence,xgboost__weighted__split123__model42,xgboost,weighted,123,42,no_origin_balance,773.7010836478753,12379.217338366005,R_x16,16.00066700330156,4.000060141393644,B,youden,val,False,0.28961873054504395,0.27558578830212355,False,773.6688311688312,1232,953160,1131,35758,101,917404,36889,0.038651751792236747,0.030659546206186127,0.9180194805194806,1286058.9511749665,0.08432512252415433,0.08432512252415436,2.7755575615628914e-17,1120,35902,112,917258,37022,0.03879118852630785,0.030252282426665226,0.9090909090909091,1422374.3418969926,0.0932631358353334,0.09326313583533342,2.7755575615628914e-17
E6_threshold_divergence,xgboost__weighted__split123__model42,xgboost,weighted,123,42,no_origin_balance,773.7010836478753,12379.217338366005,R_x16,16.00066700330156,4.000060141393644,C,ner_optimal,val,True,0.014032942242920399,0.27558578830212355,False,773.6688311688312,1232,953160,1226,301446,6,651716,302672,0.3171352711773125,0.004050589416926574,0.9951298701298701,375721.30403019604,0.024635530873865004,0.024635530873865004,0.0,1229,301551,3,651609,302780,0.31724909680718194,0.004059052777594293,0.997564935064935,338688.652015098,0.02220735064486813,0.02220735064486813,0.0
E6_threshold_divergence,xgboost__weighted__split123__model42,xgboost,weighted,123,42,no_origin_balance,773.7010836478753,49516.86935346402,R_x64,64.00266801320625,6.000060141393644,B,youden,val,False,0.28961873054504395,0.2889089972595684,False,773.6688311688312,1232,953160,1131,35758,101,917404,36889,0.038651751792236747,0.030659546206186127,0.9180194805194806,5036961.804699866,0.08256667024142818,0.0825666702414282,2.7755575615628914e-17,1120,35902,112,917258,37022,0.03879118852630785,0.030252282426665226,0.9090909090909091,5581791.367587971,0.09149760214065152,0.09149760214065154,2.7755575615628914e-17
E6_threshold_divergence,xgboost__weighted__split123__model42,xgboost,weighted,123,42,no_origin_balance,773.7010836478753,49516.86935346402,R_x64,64.00266801320625,6.000060141393644,C,ner_optimal,val,True,0.0007097332854755223,0.2889089972595684,False,773.6688311688312,1232,953160,1232,376937,0,576225,378169,0.39623991768598715,0.003257802728409785,1.0,376937.0,0.006178810598038214,0.006178810598038214,0.0,1232,376921,0,576239,378153,0.39622398343657533,0.003257940569028938,1.0,376921.0,0.006178548323521336,0.006178548323521336,0.0
E6_threshold_divergence,xgboost__weighted__split123__model456,xgboost,weighted,123,456,no_origin_balance,773.7010836478753,12.089079431998051,R_x0.015625,0.01562565137041168,-5.999939858606356,B,youden,val,False,0.3958902955055237,-0.5413100719451904,False,773.6688311688312,1232,953160,1113,21463,119,931699,22576,0.023654800847448747,0.04930014174344437,0.9034090909090909,22901.60045240777,1.5376655857660124,1.5376655857660124,0.0,1104,21653,128,931507,22757,0.02384449995389735,0.0485125455903678,0.8961038961038961,23200.40216729575,1.5577278130721748,1.5577278130721748,0.0
E6_threshold_divergence,xgboost__weighted__split123__model456,xgboost,weighted,123,456,no_origin_balance,773.7010836478753,12.089079431998051,R_x0.015625,0.01562565137041168,-5.999939858606356,C,ner_optimal,val,True,0.9372003674507141,-0.5413100719451904,False,773.6688311688312,1232,953160,1001,554,231,952608,1555,0.0016293061356211377,0.6437299035369775,0.8125,3346.57734879155,0.2246968210817689,0.22469682108176897,8.326672684688674e-17,999,563,233,952597,1562,0.0016366440623978406,0.6395646606914213,0.8108766233766234,3379.755507655546,0.22692447819203349,0.2269244781920335,2.7755575615628914e-17
E6_threshold_divergence,xgboost__weighted__split123__model456,xgboost,weighted,123,456,no_origin_balance,773.7010836478753,48.356317727992206,R_x0.0625,0.06250260548164673,-3.999939858606356,B,youden,val,False,0.3958902955055237,-0.47558367252349854,False,773.6688311688312,1232,953160,1113,21463,119,931699,22576,0.023654800847448747,0.04930014174344437,0.9034090909090909,27217.401809631072,0.4568595782596849,0.45685957825968493,5.551115123125783e-17,1104,21653,128,931507,22757,0.02384449995389735,0.0485125455903678,0.8961038961038961,27842.608669183002,0.4673540311901216,0.46735403119012164,5.551115123125783e-17
E6_threshold_divergence,xgboost__weighted__split123__model456,xgboost,weighted,123,456,no_origin_balance,773.7010836478753,48.356317727992206,R_x0.0625,0.06250260548164673,-3.999939858606356,C,ner_optimal,val,True,0.8714739680290222,-0.47558367252349854,False,773.6688311688312,1232,953160,1025,1349,207,951813,2374,0.0024874422932248106,0.43176074136478515,0.8319805194805194,11358.757769694386,0.19066321320869814,0.19066321320869817,2.7755575615628914e-17,1031,1336,201,951824,2367,0.0024801129934031298,0.4355724545838614,0.8368506493506493,11055.619863326434,0.1855748709405254,0.18557487094052544,2.7755575615628914e-17
E6_threshold_divergence,xgboost__weighted__split123__model456,xgboost,weighted,123,456,no_origin_balance,773.7010836478753,193.42527091196882,R_x0.25,0.2500104219265869,-1.999939858606356,B,youden,val,False,0.3958902955055237,-0.3309628963470459,False,773.6688311688312,1232,953160,1113,21463,119,931699,22576,0.023654800847448747,0.04930014174344437,0.9034090909090909,44480.60723852429,0.186658076383103,0.18665807638310303,2.7755575615628914e-17,1104,21653,128,931507,22757,0.02384449995389735,0.0485125455903678,0.8961038961038961,46411.43467673201,0.1947605857196083,0.19476058571960833,2.7755575615628914e-17
E6_threshold_divergence,xgboost__weighted__split123__model456,xgboost,weighted,123,456,no_origin_balance,773.7010836478753,193.42527091196882,R_x0.25,0.2500104219265869,-1.999939858606356,C,ner_optimal,val,True,0.7268531918525696,-0.3309628963470459,False,773.6688311688312,1232,953160,1062,4214,170,948948,5276,0.0055281152228534546,0.2012888551933283,0.862012987012987,37096.2960550347,0.1556706100130254,0.15567061001302543,2.7755575615628914e-17,1056,4178,176,948982,5234,0.005484119732772278,0.20175773786778756,0.8571428571428571,38220.847680506515,0.16038966976143332,0.16038966976143335,2.7755575615628914e-17
E6_threshold_divergence,xgboost__weighted__split123__model456,xgboost,weighted,123,456,no_origin_balance,773.7010836478753,773.6688311688312,val_class_ratio,1.0,0.0,B,youden,val,False,0.3958902955055237,0.0,True,773.6688311688312,1232,953160,1113,21463,119,931699,22576,0.023654800847448747,0.04930014174344437,0.9034090909090909,113529.59090909091,0.119108639587363,0.119108639587363,0.0,1104,21653,128,931507,22757,0.02384449995389735,0.0485125455903678,0.8961038961038961,120682.61038961039,0.1266131713349389,0.12661317133493893,2.7755575615628914e-17
E6_threshold_divergence,xgboost__weighted__split123__model456,xgboost,weighted,123,456,no_origin_balance,773.7010836478753,773.6688311688312,val_class_ratio,1.0,0.0,C,ner_optimal,val,True,0.3958902955055237,0.0,True,773.6688311688312,1232,953160,1113,21463,119,931699,22576,0.023654800847448747,0.04930014174344437,0.9034090909090909,113529.59090909091,0.119108639587363,0.119108639587363,0.0,1104,21653,128,931507,22757,0.02384449995389735,0.0485125455903678,0.8961038961038961,120682.61038961039,0.1266131713349389,0.12661317133493893,2.7755575615628914e-17
E6_threshold_divergence,xgboost__weighted__split123__model456,xgboost,weighted,123,456,no_origin_balance,773.7010836478753,773.7010836478753,R_x1,1.0000416877063476,6.014139364405448e-05,B,youden,val,False,0.3958902955055237,0.0,True,773.6688311688312,1232,953160,1113,21463,119,931699,22576,0.023654800847448747,0.04930014174344437,0.9034090909090909,113533.42895409717,0.11910770091395755,0.11910770091395759,4.163336342344337e-17,1104,21653,128,931507,22757,0.02384449995389735,0.0485125455903678,0.8961038961038961,120686.73870692804,0.12661222435197997,0.12661222435198,2.7755575615628914e-17
E6_threshold_divergence,xgboost__weighted__split123__model456,xgboost,weighted,123,456,no_origin_balance,773.7010836478753,773.7010836478753,R_x1,1.0000416877063476,6.014139364405448e-05,C,ner_optimal,val,True,0.3958902955055237,0.0,True,773.6688311688312,1232,953160,1113,21463,119,931699,22576,0.023654800847448747,0.04930014174344437,0.9034090909090909,113533.42895409717,0.11910770091395755,0.11910770091395759,4.163336342344337e-17,1104,21653,128,931507,22757,0.02384449995389735,0.0485125455903678,0.8961038961038961,120686.73870692804,0.12661222435197997,0.12661222435198,2.7755575615628914e-17
E6_threshold_divergence,xgboost__weighted__split123__model456,xgboost,weighted,123,456,no_origin_balance,773.7010836478753,3094.804334591501,R_x4,4.00016675082539,2.000060141393644,B,youden,val,False,0.3958902955055237,0.3242673948407173,False,773.6688311688312,1232,953160,1113,21463,119,931699,22576,0.023654800847448747,0.04930014174344437,0.9034090909090909,389744.71581638866,0.10222010704667117,0.10222010704667123,5.551115123125783e-17,1104,21653,128,931507,22757,0.02384449995389735,0.0485125455903678,0.8961038961038961,417787.95482771215,0.10957513401007289,0.10957513401007292,2.7755575615628914e-17
E6_threshold_divergence,xgboost__weighted__split123__model456,xgboost,weighted,123,456,no_origin_balance,773.7010836478753,3094.804334591501,R_x4,4.00016675082539,2.000060141393644,C,ner_optimal,val,True,0.07162290066480637,0.3242673948407173,False,773.6688311688312,1232,953160,1188,150235,44,802927,151423,0.15865879290942733,0.007845571676693764,0.9642857142857143,286406.39072202606,0.0751170977575193,0.0751170977575193,0.0,1194,150779,38,802381,151973,0.15923540851138734,0.0078566587485935,0.9691558441558441,268381.56471447705,0.0703896452245713,0.0703896452245713,0.0
E6_threshold_divergence,xgboost__weighted__split123__model456,xgboost,weighted,123,456,no_origin_balance,773.7010836478753,12379.217338366005,R_x16,16.00066700330156,4.000060141393644,B,youden,val,False,0.3958902955055237,0.3859465140849352,False,773.6688311688312,1232,953160,1113,21463,119,931699,22576,0.023654800847448747,0.04930014174344437,0.9034090909090909,1494589.8632655547,0.09799820857984959,0.09799820857984963,4.163336342344337e-17,1104,21653,128,931507,22757,0.02384449995389735,0.0485125455903678,0.8961038961038961,1606192.8193108486,0.10531586142459612,0.10531586142459616,4.163336342344337e-17
E6_threshold_divergence,xgboost__weighted__split123__model456,xgboost,weighted,123,456,no_origin_balance,773.7010836478753,12379.217338366005,R_x16,16.00066700330156,4.000060141393644,C,ner_optimal,val,True,0.009943781420588493,0.3859465140849352,False,773.6688311688312,1232,953160,1230,319953,2,633209,321183,0.33653082479562946,0.0038295924753178096,0.9983766233766234,344711.434676732,0.022602256248079114,0.022602256248079114,0.0,1230,319807,2,633353,321037,0.3363785530473851,0.0038313340829873193,0.9983766233766234,344565.434676732,0.02259268322821305,0.02259268322821305,0.0
E6_threshold_divergence,xgboost__weighted__split123__model456,xgboost,weighted,123,456,no_origin_balance,773.7010836478753,49516.86935346402,R_x64,64.00266801320625,6.000060141393644,B,youden,val,False,0.3958902955055237,0.39287797501310706,False,773.6688311688312,1232,953160,1113,21463,119,931699,22576,0.023654800847448747,0.04930014174344437,0.9034090909090909,5913970.453062219,0.09694273396314418,0.09694273396314423,5.551115123125783e-17,1104,21653,128,931507,22757,0.02384449995389735,0.0485125455903678,0.8961038961038961,6359812.277243394,0.10425104327822693,0.10425104327822696,2.7755575615628914e-17
E6_threshold_divergence,xgboost__weighted__split123__model456,xgboost,weighted,123,456,no_origin_balance,773.7010836478753,49516.86935346402,R_x64,64.00266801320625,6.000060141393644,C,ner_optimal,val,True,0.0030123204924166203,0.39287797501310706,False,773.6688311688312,1232,953160,1232,344707,0,608455,345939,0.36246979758883646,0.0035613215046583356,1.0,344707.0,0.0056504913681011916,0.0056504913681011916,0.0,1232,345037,0,608123,346269,0.3628163270438143,0.00355792750722704,1.0,345037.0,0.00565590078001181,0.00565590078001181,0.0
E6_threshold_divergence,xgboost__weighted__split123__model789,xgboost,weighted,123,789,no_origin_balance,773.7010836478753,12.089079431998051,R_x0.015625,0.01562565137041168,-5.999939858606356,B,youden,val,False,0.35652032494544983,-0.5741918981075287,False,773.6688311688312,1232,953160,1121,25233,111,927929,26354,0.02761333369656557,0.04253623738331942,0.9099025974025974,26574.887816951785,1.7842984610022334,1.7842984610022334,0.0,1114,25069,118,928091,26183,0.027434219901256506,0.04254669060077149,0.9042207792207793,26495.51137297577,1.7789689458674267,1.7789689458674267,0.0
E6_threshold_divergence,xgboost__weighted__split123__model789,xgboost,weighted,123,789,no_origin_balance,773.7010836478753,12.089079431998051,R_x0.015625,0.01562565137041168,-5.999939858606356,C,ner_optimal,val,True,0.9307122230529785,-0.5741918981075287,False,773.6688311688312,1232,953160,1003,667,229,952495,1670,0.0017498014446863663,0.6005988023952096,0.8141233766233766,3435.399189927554,0.23066052168265203,0.23066052168265208,5.551115123125783e-17,1007,579,225,952581,1586,0.0016617909622042096,0.6349306431273645,0.8173701298701299,3299.0428721995618,0.2215052481196611,0.22150524811966119,8.326672684688674e-17
E6_threshold_divergence,xgboost__weighted__split123__model789,xgboost,weighted,123,789,no_origin_balance,773.7010836478753,48.356317727992206,R_x0.0625,0.06250260548164673,-3.999939858606356,B,youden,val,False,0.35652032494544983,-0.4920247495174408,False,773.6688311688312,1232,953160,1121,25233,111,927929,26354,0.02761333369656557,0.04253623738331942,0.9099025974025974,30600.551267807135,0.5136476671986102,0.5136476671986103,1.1102230246251565e-16,1114,25069,118,928091,26183,0.027434219901256506,0.04254669060077149,0.9042207792207793,30775.04549190308,0.5165766520512722,0.5165766520512723,1.1102230246251565e-16
E6_threshold_divergence,xgboost__weighted__split123__model789,xgboost,weighted,123,789,no_origin_balance,773.7010836478753,48.356317727992206,R_x0.0625,0.06250260548164673,-3.999939858606356,C,ner_optimal,val,True,0.8485450744628906,-0.4920247495174408,False,773.6688311688312,1232,953160,1039,1685,193,951477,2724,0.002854167146901594,0.381424375917768,0.8433441558441559,11017.769321502496,0.18493952805601593,0.18493952805601596,2.7755575615628914e-17,1036,1609,196,951551,2645,0.002771397916160236,0.3916824196597353,0.8409090909090909,11086.838274686472,0.18609888974098407,0.1860988897409841,2.7755575615628914e-17
E6_threshold_divergence,xgboost__weighted__split123__model789,xgboost,weighted,123,789,no_origin_balance,773.7010836478753,193.42527091196882,R_x0.25,0.2500104219265869,-1.999939858606356,B,youden,val,False,0.35652032494544983,-0.407383531332016,False,773.6688311688312,1232,953160,1121,25233,111,927929,26354,0.02761333369656557,0.04253623738331942,0.9099025974025974,46703.20507122854,0.19598496874770446,0.19598496874770452,5.551115123125783e-17,1114,25069,118,928091,26183,0.027434219901256506,0.04254669060077149,0.9042207792207793,47893.18196761232,0.20097857859723361,0.20097857859723364,2.7755575615628914e-17
E6_threshold_divergence,xgboost__weighted__split123__model789,xgboost,weighted,123,789,no_origin_balance,773.7010836478753,193.42527091196882,R_x0.25,0.2500104219265869,-1.999939858606356,C,ner_optimal,val,True,0.7639038562774658,-0.407383531332016,False,773.6688311688312,1232,953160,1059,3210,173,949952,4269,0.004472995429560538,0.24806746310611386,0.859577922077922,36672.57186777061,0.15389249710895497,0.153892497108955,2.7755575615628914e-17,1056,3149,176,950011,4205,0.004405946403574213,0.2511296076099881,0.8571428571428571,37191.847680506515,0.15607158211554653,0.1560715821155466,5.551115123125783e-17
E6_threshold_divergence,xgboost__weighted__split123__model789,xgboost,weighted,123,789,no_origin_balance,773.7010836478753,773.6688311688312,val_class_ratio,1.0,0.0,B,youden,val,False,0.35652032494544983,0.0,True,773.6688311688312,1232,953160,1121,25233,111,927929,26354,0.02761333369656557,0.04253623738331942,0.9099025974025974,111110.24025974025,0.11657039768741898,0.11657039768741896,1.3877787807814457e-17,1114,25069,118,928091,26183,0.027434219901256506,0.04254669060077149,0.9042207792207793,116361.92207792208,0.12208015661370816,0.12208015661370816,0.0
E6_threshold_divergence,xgboost__weighted__split123__model789,xgboost,weighted,123,789,no_origin_balance,773.7010836478753,773.6688311688312,val_class_ratio,1.0,0.0,C,ner_optimal,val,True,0.35652032494544983,0.0,True,773.6688311688312,1232,953160,1121,25233,111,927929,26354,0.02761333369656557,0.04253623738331942,0.9099025974025974,111110.24025974025,0.11657039768741898,0.11657039768741896,1.3877787807814457e-17,1114,25069,118,928091,26183,0.027434219901256506,0.04254669060077149,0.9042207792207793,116361.92207792208,0.12208015661370816,0.12208015661370816,0.0
E6_threshold_divergence,xgboost__weighted__split123__model789,xgboost,weighted,123,789,no_origin_balance,773.7010836478753,773.7010836478753,R_x1,1.0000416877063476,6.014139364405448e-05,B,youden,val,False,0.35652032494544983,0.0,True,773.6688311688312,1232,953160,1121,25233,111,927929,26354,0.02761333369656557,0.04253623738331942,0.9099025974025974,111113.82028491415,0.11656929413497805,0.11656929413497807,2.7755575615628914e-17,1114,25069,118,928091,26183,0.027434219901256506,0.04254669060077149,0.9042207792207793,116365.72787044928,0.12207906023372396,0.12207906023372399,2.7755575615628914e-17
E6_threshold_divergence,xgboost__weighted__split123__model789,xgboost,weighted,123,789,no_origin_balance,773.7010836478753,773.7010836478753,R_x1,1.0000416877063476,6.014139364405448e-05,C,ner_optimal,val,True,0.35652032494544983,0.0,True,773.6688311688312,1232,953160,1121,25233,111,927929,26354,0.02761333369656557,0.04253623738331942,0.9099025974025974,111113.82028491415,0.11656929413497805,0.11656929413497807,2.7755575615628914e-17,1114,25069,118,928091,26183,0.027434219901256506,0.04254669060077149,0.9042207792207793,116365.72787044928,0.12207906023372396,0.12207906023372399,2.7755575615628914e-17
E6_threshold_divergence,xgboost__weighted__split123__model789,xgboost,weighted,123,789,no_origin_balance,773.7010836478753,3094.804334591501,R_x4,4.00016675082539,2.000060141393644,B,youden,val,False,0.35652032494544983,0.308574378490448,False,773.6688311688312,1232,953160,1121,25233,111,927929,26354,0.02761333369656557,0.04253623738331942,0.9099025974025974,368756.2811396566,0.09671537548179643,0.09671537548179646,2.7755575615628914e-17,1114,25069,118,928091,26183,0.027434219901256506,0.04254669060077149,0.9042207792207793,390255.9114817971,0.10235418064284654,0.10235418064284658,4.163336342344337e-17
E6_threshold_divergence,xgboost__weighted__split123__model789,xgboost,weighted,123,789,no_origin_balance,773.7010836478753,3094.804334591501,R_x4,4.00016675082539,2.000060141393644,C,ner_optimal,val,True,0.04794594645500183,0.308574378490448,False,773.6688311688312,1232,953160,1206,192338,26,760824,193544,0.20279255737148388,0.006231141239201422,0.9788961038961039,272802.912699379,0.07154925213126297,0.07154925213126297,0.0,1209,192776,23,760384,193985,0.20325505662243606,0.0062324406526277805,0.9813311688311688,263956.49969560455,0.0692290634345908,0.0692290634345908,0.0
E6_threshold_divergence,xgboost__weighted__split123__model789,xgboost,weighted,123,789,no_origin_balance,773.7010836478753,12379.217338366005,R_x16,16.00066700330156,4.000060141393644,B,youden,val,False,0.35652032494544983,0.3493444109335542,False,773.6688311688312,1232,953160,1121,25233,111,927929,26354,0.02761333369656557,0.04253623738331942,0.9099025974025974,1399326.1245586264,0.09175189581850103,0.09175189581850106,2.7755575615628914e-17,1114,25069,118,928091,26183,0.027434219901256506,0.04254669060077149,0.9042207792207793,1485816.6459271885,0.0974229607451272,0.09742296074512723,2.7755575615628914e-17
E6_threshold_divergence,xgboost__weighted__split123__model789,xgboost,weighted,123,789,no_origin_balance,773.7010836478753,12379.217338366005,R_x16,16.00066700330156,4.000060141393644,C,ner_optimal,val,True,0.007175914011895657,0.3493444109335542,False,773.6688311688312,1232,953160,1229,332966,3,620196,334195,0.35016460707003605,0.003677493678840198,0.997564935064935,370103.652015098,0.024267189131802237,0.024267189131802237,0.0,1231,332868,1,620292,334099,0.3500647532670014,0.003684536619385272,0.9991883116883117,345247.217338366,0.022637386782762094,0.022637386782762094,0.0
E6_threshold_divergence,xgboost__weighted__split123__model789,xgboost,weighted,123,789,no_origin_balance,773.7010836478753,49516.86935346402,R_x64,64.00266801320625,6.000060141393644,B,youden,val,False,0.35652032494544983,0.35335685033351183,False,773.6688311688312,1232,953160,1121,25233,111,927929,26354,0.02761333369656557,0.04253623738331942,0.9099025974025974,5521605.498234506,0.09051102590267718,0.0905110259026772,2.7755575615628914e-17,1114,25069,118,928091,26183,0.027434219901256506,0.04254669060077149,0.9042207792207793,5868059.583708754,0.09619015577069735,0.09619015577069738,2.7755575615628914e-17
E6_threshold_divergence,xgboost__weighted__split123__model789,xgboost,weighted,123,789,no_origin_balance,773.7010836478753,49516.86935346402,R_x64,64.00266801320625,6.000060141393644,C,ner_optimal,val,True,0.0031634746119379997,0.35335685033351183,False,773.6688311688312,1232,953160,1232,348213,0,604949,349445,0.36614333283738165,0.0035255905793472506,1.0,348213.0,0.005707962271612181,0.005707962271612181,0.0,1232,348305,0,604855,349537,0.36624049656744817,0.0035246626251298147,1.0,348305.0,0.005709470350084232,0.005709470350084232,0.0
E6_threshold_divergence,xgboost__weighted__split42__model123,xgboost,weighted,42,123,no_origin_balance,773.7010836478753,12.089079431998051,R_x0.015625,0.01562565137041168,-5.999939858606356,B,youden,val,False,0.4094126522541046,-0.5369191467761993,False,773.6688311688312,1232,953160,1076,19190,156,933972,20266,0.021234416813181976,0.05309385177143985,0.8733766233766234,21075.896391391696,1.4150836592211138,1.4150836592211138,0.0,1111,19085,121,934075,20196,0.021161116187059407,0.05501089324618736,0.9017857142857143,20547.778611271766,1.37962462929833,1.3796246292983303,2.220446049250313e-16
E6_threshold_divergence,xgboost__weighted__split42__model123,xgboost,weighted,42,123,no_origin_balance,773.7010836478753,12.089079431998051,R_x0.015625,0.01562565137041168,-5.999939858606356,C,ner_optimal,val,True,0.946331799030304,-0.5369191467761993,False,773.6688311688312,1232,953160,952,443,280,952719,1395,0.0014616604882260367,0.6824372759856631,0.7727272727272727,3827.9422409594545,0.2570167556828783,0.2570167556828783,0.0,1000,488,232,952672,1488,0.00155910778799487,0.6720430107526881,0.8116883116883117,3292.666428223548,0.22107711915627895,0.22107711915627903,8.326672684688674e-17
E6_threshold_divergence,xgboost__weighted__split42__model123,xgboost,weighted,42,123,no_origin_balance,773.7010836478753,48.356317727992206,R_x0.0625,0.06250260548164673,-3.999939858606356,B,youden,val,False,0.4094126522541046,-0.44686856865882874,False,773.6688311688312,1232,953160,1076,19190,156,933972,20266,0.021234416813181976,0.05309385177143985,0.8733766233766234,26733.585565566784,0.4487384472728109,0.4487384472728109,0.0,1111,19085,121,934075,20196,0.021161116187059407,0.05501089324618736,0.9017857142857143,24936.114445087056,0.4185668716102968,0.4185668716102968,0.0
E6_threshold_divergence,xgboost__weighted__split42__model123,xgboost,weighted,42,123,no_origin_balance,773.7010836478753,48.356317727992206,R_x0.0625,0.06250260548164673,-3.999939858606356,C,ner_optimal,val,True,0.8562812209129333,-0.44686856865882874,False,773.6688311688312,1232,953160,989,1508,243,951654,2497,0.0026163198846597944,0.3960752903484181,0.8027597402597403,13258.585207902106,0.22255289791323243,0.2225528979132325,5.551115123125783e-17,1037,1519,195,951641,2556,0.0026781448293782847,0.4057120500782473,0.8417207792207793,10948.48195695848,0.18377650021207592,0.18377650021207595,2.7755575615628914e-17
E6_threshold_divergence,xgboost__weighted__split42__model123,xgboost,weighted,42,123,no_origin_balance,773.7010836478753,193.42527091196882,R_x0.25,0.2500104219265869,-1.999939858606356,B,youden,val,False,0.4094126522541046,-0.24218842387199402,False,773.6688311688312,1232,953160,1076,19190,156,933972,20266,0.021234416813181976,0.05309385177143985,0.8733766233766234,49364.342262267135,0.2071521442857352,0.2071521442857352,0.0,1111,19085,121,934075,20196,0.021161116187059407,0.05501089324618736,0.9017857142857143,42489.457780348224,0.17830243218828848,0.17830243218828848,0.0
E6_threshold_divergence,xgboost__weighted__split42__model123,xgboost,weighted,42,123,no_origin_balance,773.7010836478753,193.42527091196882,R_x0.25,0.2500104219265869,-1.999939858606356,C,ner_optimal,val,True,0.6516010761260986,-0.24218842387199402,False,773.6688311688312,1232,953160,1041,6185,191,946977,7226,0.007571296550481248,0.1440631054525325,0.8449675324675324,43129.226744186046,0.18098715372275867,0.18098715372275873,5.551115123125783e-17,1075,6294,157,946866,7369,0.007721146028047176,0.14588139503324737,0.872564935064935,36661.76753317911,0.1538471578827921,0.15384715788279216,5.551115123125783e-17
E6_threshold_divergence,xgboost__weighted__split42__model123,xgboost,weighted,42,123,no_origin_balance,773.7010836478753,773.6688311688312,val_class_ratio,1.0,0.0,B,youden,val,False,0.4094126522541046,0.0,True,773.6688311688312,1232,953160,1076,19190,156,933972,20266,0.021234416813181976,0.05309385177143985,0.8733766233766234,139882.33766233767,0.14675640780387098,0.14675640780387098,0.0,1111,19085,121,934075,20196,0.021161116187059407,0.05501089324618736,0.9017857142857143,112698.92857142857,0.11823715700556943,0.11823715700556944,1.3877787807814457e-17
E6_threshold_divergence,xgboost__weighted__split42__model123,xgboost,weighted,42,123,no_origin_balance,773.7010836478753,773.6688311688312,val_class_ratio,1.0,0.0,C,ner_optimal,val,True,0.4094126522541046,0.0,True,773.6688311688312,1232,953160,1076,19190,156,933972,20266,0.021234416813181976,0.05309385177143985,0.8733766233766234,139882.33766233767,0.14675640780387098,0.14675640780387098,0.0,1111,19085,121,934075,20196,0.021161116187059407,0.05501089324618736,0.9017857142857143,112698.92857142857,0.11823715700556943,0.11823715700556944,1.3877787807814457e-17
E6_threshold_divergence,xgboost__weighted__split42__model123,xgboost,weighted,42,123,no_origin_balance,773.7010836478753,773.7010836478753,R_x1,1.0000416877063476,6.014139364405448e-05,B,youden,val,False,0.4094126522541046,0.0,True,773.6688311688312,1232,953160,1076,19190,156,933972,20266,0.021234416813181976,0.05309385177143985,0.8733766233766234,139887.36904906854,0.14675556853896626,0.14675556853896626,0.0,1111,19085,121,934075,20196,0.021161116187059407,0.05501089324618736,0.9017857142857143,112702.83112139291,0.11823632233278639,0.11823632233278641,2.7755575615628914e-17
E6_threshold_divergence,xgboost__weighted__split42__model123,xgboost,weighted,42,123,no_origin_balance,773.7010836478753,773.7010836478753,R_x1,1.0000416877063476,6.014139364405448e-05,C,ner_optimal,val,True,0.4094126522541046,0.0,True,773.6688311688312,1232,953160,1076,19190,156,933972,20266,0.021234416813181976,0.05309385177143985,0.8733766233766234,139887.36904906854,0.14675556853896626,0.14675556853896626,0.0,1111,19085,121,934075,20196,0.021161116187059407,0.05501089324618736,0.9017857142857143,112702.83112139291,0.11823632233278639,0.11823632233278641,2.7755575615628914e-17
E6_threshold_divergence,xgboost__weighted__split42__model123,xgboost,weighted,42,123,no_origin_balance,773.7010836478753,3094.804334591501,R_x4,4.00016675082539,2.000060141393644,B,youden,val,False,0.4094126522541046,0.3485044129192829,False,773.6688311688312,1232,953160,1076,19190,156,933972,20266,0.021234416813181976,0.05309385177143985,0.8733766233766234,501979.47619627416,0.131656424602274,0.13165642460227403,2.7755575615628914e-17,1111,19085,121,934075,20196,0.021161116187059407,0.05501089324618736,0.9017857142857143,393556.32448557165,0.10321979486891086,0.10321979486891089,2.7755575615628914e-17
E6_threshold_divergence,xgboost__weighted__split42__model123,xgboost,weighted,42,123,no_origin_balance,773.7010836478753,3094.804334591501,R_x4,4.00016675082539,2.000060141393644,C,ner_optimal,val,True,0.0609082393348217,0.3485044129192829,False,773.6688311688312,1232,953160,1187,161654,45,791508,162841,0.17062240542166024,0.0072893190289914705,0.963474025974026,300920.19505661755,0.07892369877744261,0.07892369877744261,0.0,1192,161531,40,791629,162723,0.17049912404965675,0.007325332005924178,0.9675324675324676,285323.17338366003,0.07483299745342499,0.07483299745342499,0.0
E6_threshold_divergence,xgboost__weighted__split42__model123,xgboost,weighted,42,123,no_origin_balance,773.7010836478753,12379.217338366005,R_x16,16.00066700330156,4.000060141393644,B,youden,val,False,0.4094126522541046,0.4051022967323661,False,773.6688311688312,1232,953160,1076,19190,156,933972,20266,0.021234416813181976,0.05309385177143985,0.8733766233766234,1950347.9047850966,0.12788163861810095,0.12788163861810098,2.7755575615628914e-17,1111,19085,121,934075,20196,0.021161116187059407,0.05501089324618736,0.9017857142857143,1516970.2979422866,0.09946566300294198,0.099465663002942,2.7755575615628914e-17
E6_threshold_divergence,xgboost__weighted__split42__model123,xgboost,weighted,42,123,no_origin_balance,773.7010836478753,12379.217338366005,R_x16,16.00066700330156,4.000060141393644,C,ner_optimal,val,True,0.004310355521738529,0.4051022967323661,False,773.6688311688312,1232,953160,1232,339146,0,614016,340378,0.3566430635565605,0.0036195053734377662,1.0,339146.0,0.022237338325314503,0.022237338325314503,0.0,1231,339068,1,614092,340299,0.35656103571698,0.0036174070449810315,0.9991883116883117,351447.217338366,0.023043912283923686,0.023043912283923686,0.0
E6_threshold_divergence,xgboost__weighted__split42__model123,xgboost,weighted,42,123,no_origin_balance,773.7010836478753,49516.86935346402,R_x64,64.00266801320625,6.000060141393644,B,youden,val,False,0.4094126522541046,0.4051022967323661,False,773.6688311688312,1232,953160,1076,19190,156,933972,20266,0.021234416813181976,0.05309385177143985,0.8733766233766234,7743821.619140387,0.1269379421220577,0.1269379421220577,0.0,1111,19085,121,934075,20196,0.021161116187059407,0.05501089324618736,0.9017857142857143,6010626.191769146,0.09852713003644976,0.09852713003644979,2.7755575615628914e-17
E6_threshold_divergence,xgboost__weighted__split42__model123,xgboost,weighted,42,123,no_origin_balance,773.7010836478753,49516.86935346402,R_x64,64.00266801320625,6.000060141393644,C,ner_optimal,val,True,0.004310355521738529,0.4051022967323661,False,773.6688311688312,1232,953160,1232,339146,0,614016,340378,0.3566430635565605,0.0036195053734377662,1.0,339146.0,0.005559334581328626,0.005559334581328626,0.0,1231,339068,1,614092,340299,0.35656103571698,0.0036174070449810315,0.9991883116883117,388584.869353464,0.006369744304747155,0.006369744304747155,0.0
E6_threshold_divergence,xgboost__weighted__split42__model42,xgboost,weighted,42,42,no_origin_balance,773.7010836478753,12.089079431998051,R_x0.015625,0.01562565137041168,-5.999939858606356,B,youden,val,False,0.4471830129623413,-0.49690520763397217,False,773.6688311688312,1232,953160,1077,15670,155,937492,16747,0.017547260355785976,0.06431002567624051,0.8741883116883117,17543.8073119597,1.1779311582599188,1.1779311582599188,0.0,1103,15841,129,937319,16944,0.017753711263296425,0.06509678942398489,0.8952922077922078,17400.49124672775,1.1683085914068936,1.1683085914068936,0.0
E6_threshold_divergence,xgboost__weighted__split42__model42,xgboost,weighted,42,42,no_origin_balance,773.7010836478753,12.089079431998051,R_x0.015625,0.01562565137041168,-5.999939858606356,C,ner_optimal,val,True,0.9440882205963135,-0.49690520763397217,False,773.6688311688312,1232,953160,958,459,274,952703,1417,0.001484711764742863,0.6760762173606211,0.7775974025974026,3771.407764367466,0.2532209022338825,0.2532209022338825,0.0,1004,490,228,952670,1494,0.0015653945129464623,0.6720214190093708,0.814935064935065,3246.310110495556,0.21796465046216748,0.21796465046216754,5.551115123125783e-17
E6_threshold_divergence,xgboost__weighted__split42__model42,xgboost,weighted,42,42,no_origin_balance,773.7010836478753,48.356317727992206,R_x0.0625,0.06250260548164673,-3.999939858606356,B,youden,val,False,0.4471830129623413,-0.43498706817626953,False,773.6688311688312,1232,953160,1077,15670,155,937492,16747,0.017547260355785976,0.06431002567624051,0.8741883116883117,23165.22924783879,0.3888415557987459,0.3888415557987459,0.0,1103,15841,129,937319,16944,0.017753711263296425,0.06509678942398489,0.8952922077922078,22078.964986910993,0.3706079920075675,0.3706079920075675,0.0
E6_threshold_divergence,xgboost__weighted__split42__model42,xgboost,weighted,42,42,no_origin_balance,773.7010836478753,48.356317727992206,R_x0.0625,0.06250260548164673,-3.999939858606356,C,ner_optimal,val,True,0.8821700811386108,-0.43498706817626953,False,773.6688311688312,1232,953160,989,1108,243,952054,2097,0.0021972057661720423,0.4716261325703386,0.8027597402597403,12858.585207902106,0.21583867028114417,0.21583867028114423,5.551115123125783e-17,1036,1106,196,952054,2142,0.0022443608077184216,0.48366013071895425,0.8409090909090909,10583.838274686472,0.17765574849363308,0.1776557484936331,2.7755575615628914e-17
E6_threshold_divergence,xgboost__weighted__split42__model42,xgboost,weighted,42,42,no_origin_balance,773.7010836478753,193.42527091196882,R_x0.25,0.2500104219265869,-1.999939858606356,B,youden,val,False,0.4471830129623413,-0.2317073941230774,False,773.6688311688312,1232,953160,1077,15670,155,937492,16747,0.017547260355785976,0.06431002567624051,0.8741883116883117,45650.91699135517,0.1915691551834527,0.19156915518345272,2.7755575615628914e-17,1103,15841,129,937319,16944,0.017753711263296425,0.06509678942398489,0.8952922077922078,40792.85994764398,0.17118284215773605,0.17118284215773605,0.0
E6_threshold_divergence,xgboost__weighted__split42__model42,xgboost,weighted,42,42,no_origin_balance,773.7010836478753,193.42527091196882,R_x0.25,0.2500104219265869,-1.999939858606356,C,ner_optimal,val,True,0.6788904070854187,-0.2317073941230774,False,773.6688311688312,1232,953160,1039,5091,193,948071,6130,0.0064229238658248065,0.16949429037520392,0.8433441558441559,42422.07728600998,0.17801967720269496,0.178019677202695,2.7755575615628914e-17,1075,5130,157,948030,6205,0.006501521387438285,0.17324738114423852,0.872564935064935,35497.76753317911,0.14896255728044788,0.14896255728044794,5.551115123125783e-17
E6_threshold_divergence,xgboost__weighted__split42__model42,xgboost,weighted,42,42,no_origin_balance,773.7010836478753,773.6688311688312,val_class_ratio,1.0,0.0,B,youden,val,False,0.4471830129623413,0.0,True,773.6688311688312,1232,953160,1077,15670,155,937492,16747,0.017547260355785976,0.06431002567624051,0.8741883116883117,135588.66883116885,0.14225174034912172,0.14225174034912172,0.0,1103,15841,129,937319,16944,0.017753711263296425,0.06509678942398489,0.8952922077922078,115644.27922077922,0.12132724749336861,0.12132724749336861,0.0
E6_threshold_divergence,xgboost__weighted__split42__model42,xgboost,weighted,42,42,no_origin_balance,773.7010836478753,773.6688311688312,val_class_ratio,1.0,0.0,C,ner_optimal,val,True,0.4471830129623413,0.0,True,773.6688311688312,1232,953160,1077,15670,155,937492,16747,0.017547260355785976,0.06431002567624051,0.8741883116883117,135588.66883116885,0.14225174034912172,0.14225174034912172,0.0,1103,15841,129,937319,16944,0.017753711263296425,0.06509678942398489,0.8952922077922078,115644.27922077922,0.12132724749336861,0.12132724749336861,0.0
E6_threshold_divergence,xgboost__weighted__split42__model42,xgboost,weighted,42,42,no_origin_balance,773.7010836478753,773.7010836478753,R_x1,1.0000416877063476,6.014139364405448e-05,B,youden,val,False,0.4471830129623413,0.0,True,773.6688311688312,1232,953160,1077,15670,155,937492,16747,0.017547260355785976,0.06431002567624051,0.8741883116883117,135593.66796542067,0.14225105502962937,0.1422510550296294,2.7755575615628914e-17,1103,15841,129,937319,16944,0.017753711263296425,0.06509678942398489,0.8952922077922078,115648.43979057591,0.12132655469527817,0.12132655469527817,0.0
E6_threshold_divergence,xgboost__weighted__split42__model42,xgboost,weighted,42,42,no_origin_balance,773.7010836478753,773.7010836478753,R_x1,1.0000416877063476,6.014139364405448e-05,C,ner_optimal,val,True,0.4471830129623413,0.0,True,773.6688311688312,1232,953160,1077,15670,155,937492,16747,0.017547260355785976,0.06431002567624051,0.8741883116883117,135593.66796542067,0.14225105502962937,0.1422510550296294,2.7755575615628914e-17,1103,15841,129,937319,16944,0.017753711263296425,0.06509678942398489,0.8952922077922078,115648.43979057591,0.12132655469527817,0.12132655469527817,0.0
E6_threshold_divergence,xgboost__weighted__split42__model42,xgboost,weighted,42,42,no_origin_balance,773.7010836478753,3094.804334591501,R_x4,4.00016675082539,2.000060141393644,B,youden,val,False,0.4471830129623413,0.3620208352804184,False,773.6688311688312,1232,953160,1077,15670,155,937492,16747,0.017547260355785976,0.06431002567624051,0.8741883116883117,495364.67186168267,0.12992152999117357,0.1299215299911736,2.7755575615628914e-17,1103,15841,129,937319,16944,0.017753711263296425,0.06509678942398489,0.8952922077922078,415070.75916230364,0.1088624828296637,0.1088624828296637,0.0
E6_threshold_divergence,xgboost__weighted__split42__model42,xgboost,weighted,42,42,no_origin_balance,773.7010836478753,3094.804334591501,R_x4,4.00016675082539,2.000060141393644,C,ner_optimal,val,True,0.08516217768192291,0.3620208352804184,False,773.6688311688312,1232,953160,1171,124901,61,828261,126072,0.1320963878649698,0.009288343168982803,0.950487012987013,313684.0644100816,0.082271336445622,0.08227133644562201,1.3877787807814457e-17,1179,124681,53,828479,125860,0.1318745337345661,0.009367551247417765,0.9569805194805194,288705.62973334955,0.07572012955840225,0.07572012955840225,0.0
E6_threshold_divergence,xgboost__weighted__split42__model42,xgboost,weighted,42,42,no_origin_balance,773.7010836478753,12379.217338366005,R_x16,16.00066700330156,4.000060141393644,B,youden,val,False,0.4471830129623413,0.443729676771909,False,773.6688311688312,1232,953160,1077,15670,155,937492,16747,0.017547260355785976,0.06431002567624051,0.8741883116883117,1934448.6874467307,0.1268391487315596,0.12683914873155963,2.7755575615628914e-17,1103,15841,129,937319,16944,0.017753711263296425,0.06509678942398489,0.8952922077922078,1612760.0366492146,0.10574646486326007,0.10574646486326007,0.0
E6_threshold_divergence,xgboost__weighted__split42__model42,xgboost,weighted,42,42,no_origin_balance,773.7010836478753,12379.217338366005,R_x16,16.00066700330156,4.000060141393644,C,ner_optimal,val,True,0.00345333619043231,0.443729676771909,False,773.6688311688312,1232,953160,1232,342379,0,610783,343611,0.36003055341923773,0.0035854498255294505,1.0,342379.0,0.02244932170358151,0.02244932170358151,0.0,1231,342420,1,610740,343651,0.3600732193899362,0.003582122560388301,0.9991883116883117,354799.217338366,0.023263698329067828,0.023263698329067828,0.0
E6_threshold_divergence,xgboost__weighted__split42__model42,xgboost,weighted,42,42,no_origin_balance,773.7010836478753,49516.86935346402,R_x64,64.00266801320625,6.000060141393644,B,youden,val,False,0.4471830129623413,0.443729676771909,False,773.6688311688312,1232,953160,1077,15670,155,937492,16747,0.017547260355785976,0.06431002567624051,0.8741883116883117,7690784.749786923,0.12606855341665613,0.12606855341665613,0.0,1103,15841,129,937319,16944,0.017753711263296425,0.06509678942398489,0.8952922077922078,6403517.146596858,0.10496746037165917,0.10496746037165917,0.0
E6_threshold_divergence,xgboost__weighted__split42__model42,xgboost,weighted,42,42,no_origin_balance,773.7010836478753,49516.86935346402,R_x64,64.00266801320625,6.000060141393644,C,ner_optimal,val,True,0.00345333619043231,0.443729676771909,False,773.6688311688312,1232,953160,1232,342379,0,610783,343611,0.36003055341923773,0.0035854498255294505,1.0,342379.0,0.005612330425895378,0.005612330425895378,0.0,1231,342420,1,610740,343651,0.3600732193899362,0.003582122560388301,0.9991883116883117,391936.869353464,0.006424690816033189,0.006424690816033189,0.0
E6_threshold_divergence,xgboost__weighted__split42__model456,xgboost,weighted,42,456,no_origin_balance,773.7010836478753,12.089079431998051,R_x0.015625,0.01562565137041168,-5.999939858606356,B,youden,val,False,0.468712717294693,-0.47549113631248474,False,773.6688311688312,1232,953160,1067,14720,165,938442,15787,0.01654138647141537,0.06758725533666941,0.8660714285714286,16714.698106279677,1.1222628788719633,1.1222628788719633,0.0,1106,14824,126,938336,15930,0.016691254746477337,0.06942875078468298,0.8977272727272727,16347.224008431755,1.097589831453491,1.097589831453491,0.0
E6_threshold_divergence,xgboost__weighted__split42__model456,xgboost,weighted,42,456,no_origin_balance,773.7010836478753,12.089079431998051,R_x0.015625,0.01562565137041168,-5.999939858606356,C,ner_optimal,val,True,0.9442038536071777,-0.47549113631248474,False,773.6688311688312,1232,953160,963,508,269,952654,1471,0.0015412921707387095,0.6546566961250849,0.7816558441558441,3759.962367207476,0.25245243221516417,0.2524524322151642,5.551115123125783e-17,1013,526,219,952634,1539,0.001612544950083404,0.6582196231319039,0.8222402597402597,3173.508395607573,0.21307657760452445,0.2130765776045245,5.551115123125783e-17
E6_threshold_divergence,xgboost__weighted__split42__model456,xgboost,weighted,42,456,no_origin_balance,773.7010836478753,48.356317727992206,R_x0.0625,0.06250260548164673,-3.999939858606356,B,youden,val,False,0.468712717294693,-0.4303542673587799,False,773.6688311688312,1232,953160,1067,14720,165,938442,15787,0.01654138647141537,0.06758725533666941,0.8660714285714286,22698.792425118714,0.38101214828941943,0.38101214828941943,0.0,1106,14824,126,938336,15930,0.016691254746477337,0.06942875078468298,0.8977272727272727,20916.89603372702,0.35110200331791813,0.3511020033179182,5.551115123125783e-17
E6_threshold_divergence,xgboost__weighted__split42__model456,xgboost,weighted,42,456,no_origin_balance,773.7010836478753,48.356317727992206,R_x0.0625,0.06250260548164673,-3.999939858606356,C,ner_optimal,val,True,0.8990669846534729,-0.4303542673587799,False,773.6688311688312,1232,953160,986,990,246,952172,1976,0.002070423745329497,0.49898785425101216,0.8003246753246753,12885.654161086082,0.21629303806474307,0.21629303806474312,5.551115123125783e-17,1033,976,199,952184,2009,0.002105005071291461,0.514186162269786,0.838474025974026,10598.90722787045,0.17790868944826935,0.1779086894482694,5.551115123125783e-17
E6_threshold_divergence,xgboost__weighted__split42__model456,xgboost,weighted,42,456,no_origin_balance,773.7010836478753,193.42527091196882,R_x0.25,0.2500104219265869,-1.999939858606356,B,youden,val,False,0.468712717294693,-0.1717170774936676,False,773.6688311688312,1232,953160,1067,14720,165,938442,15787,0.01654138647141537,0.06758725533666941,0.8660714285714286,46635.16970047486,0.1956994656437834,0.19569946564378343,2.7755575615628914e-17,1106,14824,126,938336,15930,0.016691254746477337,0.06942875078468298,0.8977272727272727,39195.58413490807,0.16448004628402496,0.16448004628402502,5.551115123125783e-17
E6_threshold_divergence,xgboost__weighted__split42__model456,xgboost,weighted,42,456,no_origin_balance,773.7010836478753,193.42527091196882,R_x0.25,0.2500104219265869,-1.999939858606356,C,ner_optimal,val,True,0.6404297947883606,-0.1717170774936676,False,773.6688311688312,1232,953160,1043,6707,189,946455,7750,0.008120336045700203,0.1345806451612903,0.8465909090909091,43264.37620236211,0.18155429386435085,0.1815542938643509,5.551115123125783e-17,1084,6784,148,946376,7868,0.008243991986521261,0.13777325876970006,0.8798701298701299,35410.94009497139,0.14859819528992435,0.14859819528992438,2.7755575615628914e-17
E6_threshold_divergence,xgboost__weighted__split42__model456,xgboost,weighted,42,456,no_origin_balance,773.7010836478753,773.6688311688312,val_class_ratio,1.0,0.0,B,youden,val,False,0.468712717294693,0.0,True,773.6688311688312,1232,953160,1067,14720,165,938442,15787,0.01654138647141537,0.06758725533666941,0.8660714285714286,142375.35714285716,0.14937193875409915,0.14937193875409915,0.0,1106,14824,126,938336,15930,0.016691254746477337,0.06942875078468298,0.8977272727272727,112306.27272727272,0.1178252053456636,0.1178252053456636,0.0
E6_threshold_divergence,xgboost__weighted__split42__model456,xgboost,weighted,42,456,no_origin_balance,773.7010836478753,773.6688311688312,val_class_ratio,1.0,0.0,C,ner_optimal,val,True,0.468712717294693,0.0,True,773.6688311688312,1232,953160,1067,14720,165,938442,15787,0.01654138647141537,0.06758725533666941,0.8660714285714286,142375.35714285716,0.14937193875409915,0.14937193875409915,0.0,1106,14824,126,938336,15930,0.016691254746477337,0.06942875078468298,0.8977272727272727,112306.27272727272,0.1178252053456636,0.1178252053456636,0.0
E6_threshold_divergence,xgboost__weighted__split42__model456,xgboost,weighted,42,456,no_origin_balance,773.7010836478753,773.7010836478753,R_x1,1.0000416877063476,6.014139364405448e-05,B,youden,val,False,0.468712717294693,0.0,True,773.6688311688312,1232,953160,1067,14720,165,938442,15787,0.01654138647141537,0.06758725533666941,0.8660714285714286,142380.67880189943,0.1493712949823744,0.14937129498237442,2.7755575615628914e-17,1106,14824,126,938336,15930,0.016691254746477337,0.06942875078468298,0.8977272727272727,112310.33653963229,0.11782455702555167,0.11782455702555171,4.163336342344337e-17
E6_threshold_divergence,xgboost__weighted__split42__model456,xgboost,weighted,42,456,no_origin_balance,773.7010836478753,773.7010836478753,R_x1,1.0000416877063476,6.014139364405448e-05,C,ner_optimal,val,True,0.468712717294693,0.0,True,773.6688311688312,1232,953160,1067,14720,165,938442,15787,0.01654138647141537,0.06758725533666941,0.8660714285714286,142380.67880189943,0.1493712949823744,0.14937129498237442,2.7755575615628914e-17,1106,14824,126,938336,15930,0.016691254746477337,0.06942875078468298,0.8977272727272727,112310.33653963229,0.11782455702555167,0.11782455702555171,4.163336342344337e-17
E6_threshold_divergence,xgboost__weighted__split42__model456,xgboost,weighted,42,456,no_origin_balance,773.7010836478753,3094.804334591501,R_x4,4.00016675082539,2.000060141393644,B,youden,val,False,0.468712717294693,0.3683035746216774,False,773.6688311688312,1232,953160,1067,14720,165,938442,15787,0.01654138647141537,0.06758725533666941,0.8660714285714286,525362.7152075977,0.13778925231702216,0.1377892523170222,2.7755575615628914e-17,1106,14824,126,938336,15930,0.016691254746477337,0.06942875078468298,0.8977272727272727,404769.34615852917,0.10616068471093335,0.10616068471093339,4.163336342344337e-17
E6_threshold_divergence,xgboost__weighted__split42__model456,xgboost,weighted,42,456,no_origin_balance,773.7010836478753,3094.804334591501,R_x4,4.00016675082539,2.000060141393644,C,ner_optimal,val,True,0.1004091426730156,0.3683035746216774,False,773.6688311688312,1232,953160,1161,111817,71,841345,112978,0.11837668719627324,0.010276336985961868,0.9423701298701299,331548.1077559966,0.08695661978366749,0.08695661978366752,2.7755575615628914e-17,1169,111865,63,841295,113034,0.1184356113630458,0.010342020984836421,0.9488636363636364,306837.6730792646,0.08047570246697117,0.0804757024669712,2.7755575615628914e-17
E6_threshold_divergence,xgboost__weighted__split42__model456,xgboost,weighted,42,456,no_origin_balance,773.7010836478753,12379.217338366005,R_x16,16.00066700330156,4.000060141393644,B,youden,val,False,0.468712717294693,0.4653937316033989,False,773.6688311688312,1232,953160,1067,14720,165,938442,15787,0.01654138647141537,0.06758725533666941,0.8660714285714286,2057290.8608303908,0.1348937416506841,0.13489374165068413,2.7755575615628914e-17,1106,14824,126,938336,15930,0.016691254746477337,0.06942875078468298,0.8977272727272727,1574605.3846341167,0.10324471663227876,0.1032447166322788,4.163336342344337e-17
E6_threshold_divergence,xgboost__weighted__split42__model456,xgboost,weighted,42,456,no_origin_balance,773.7010836478753,12379.217338366005,R_x16,16.00066700330156,4.000060141393644,C,ner_optimal,val,True,0.003318985691294074,0.4653937316033989,False,773.6688311688312,1232,953160,1232,344371,0,608791,345603,0.3621177417293068,0.003564783870510383,1.0,344371.0,0.022579934412986977,0.022579934412986977,0.0,1231,344302,1,608858,345533,0.3620451554497523,0.0035626119647038054,0.9991883116883117,356681.217338366,0.023387098489259135,0.023387098489259135,0.0
E6_threshold_divergence,xgboost__weighted__split42__model456,xgboost,weighted,42,456,no_origin_balance,773.7010836478753,49516.86935346402,R_x64,64.00266801320625,6.000060141393644,B,youden,val,False,0.468712717294693,0.4680022054235451,False,773.6688311688312,1232,953160,1067,14720,165,938442,15787,0.01654138647141537,0.06758725533666941,0.8660714285714286,8185003.443321563,0.13416986398409958,0.1341698639840996,2.7755575615628914e-17,1106,14824,126,938336,15930,0.016691254746477337,0.06942875078468298,0.8977272727272727,6253949.538536467,0.10251572461261511,0.10251572461261516,4.163336342344337e-17
E6_threshold_divergence,xgboost__weighted__split42__model456,xgboost,weighted,42,456,no_origin_balance,773.7010836478753,49516.86935346402,R_x64,64.00266801320625,6.000060141393644,C,ner_optimal,val,True,0.0007105118711479008,0.4680022054235451,False,773.6688311688312,1232,953160,1232,375769,0,577393,377001,0.3950161044600029,0.00326789584112509,1.0,375769.0,0.006159664558306088,0.006159664558306088,0.0,1232,375909,0,577251,377141,0.39516362249474013,0.0032666827526044635,1.0,375909.0,0.006161959460328774,0.006161959460328774,0.0
E6_threshold_divergence,xgboost__weighted__split42__model789,xgboost,weighted,42,789,no_origin_balance,773.7010836478753,12.089079431998051,R_x0.015625,0.01562565137041168,-5.999939858606356,B,youden,val,False,0.43006810545921326,-0.5312680900096893,False,773.6688311688312,1232,953160,1077,16862,155,936300,17939,0.018796220428879476,0.060036791348458664,0.8741883116883117,18735.8073119597,1.2579647516344108,1.2579647516344108,0.0,1099,17170,133,935990,18269,0.019142029690106373,0.060156549345886476,0.8920454545454546,18777.84756445574,1.2607874298840998,1.2607874298840998,0.0
E6_threshold_divergence,xgboost__weighted__split42__model789,xgboost,weighted,42,789,no_origin_balance,773.7010836478753,12.089079431998051,R_x0.015625,0.01562565137041168,-5.999939858606356,C,ner_optimal,val,True,0.9613361954689026,-0.5312680900096893,False,773.6688311688312,1232,953160,946,335,286,952827,1281,0.0013422129644570272,0.7384855581576893,0.7678571428571429,3792.4767175514426,0.2546355197103528,0.2546355197103528,0.0,997,348,235,952812,1345,0.0014092741766485888,0.7412639405204461,0.8092532467532467,3188.933666519542,0.21411226540642037,0.2141122654064204,2.7755575615628914e-17
E6_threshold_divergence,xgboost__weighted__split42__model789,xgboost,weighted,42,789,no_origin_balance,773.7010836478753,48.356317727992206,R_x0.0625,0.06250260548164673,-3.999939858606356,B,youden,val,False,0.43006810545921326,-0.4367210566997528,False,773.6688311688312,1232,953160,1077,16862,155,936300,17939,0.018796220428879476,0.060036791348458664,0.8741883116883117,24357.22924783879,0.4088499541423689,0.4088499541423689,0.0,1099,17170,133,935990,18269,0.019142029690106373,0.060156549345886476,0.8920454545454546,23601.390257822964,0.396162766561934,0.39616276656193405,5.551115123125783e-17
E6_threshold_divergence,xgboost__weighted__split42__model789,xgboost,weighted,42,789,no_origin_balance,773.7010836478753,48.356317727992206,R_x0.0625,0.06250260548164673,-3.999939858606356,C,ner_optimal,val,True,0.8667891621589661,-0.4367210566997528,False,773.6688311688312,1232,953160,994,1339,238,951823,2333,0.002444483096079816,0.42606086583797687,0.8068181818181818,12847.803619262146,0.21565769518023356,0.21565769518023364,8.326672684688674e-17,1041,1371,191,951789,2412,0.0025272634305400716,0.43159203980099503,0.8449675324675324,10607.056686046511,0.17804548274145,0.17804548274145005,5.551115123125783e-17
E6_threshold_divergence,xgboost__weighted__split42__model789,xgboost,weighted,42,789,no_origin_balance,773.7010836478753,193.42527091196882,R_x0.25,0.2500104219265869,-1.999939858606356,B,youden,val,False,0.43006810545921326,-0.26936015486717224,False,773.6688311688312,1232,953160,1077,16862,155,936300,17939,0.018796220428879476,0.060036791348458664,0.8741883116883117,46842.91699135517,0.19657125476935844,0.19657125476935847,2.7755575615628914e-17,1099,17170,133,935990,18269,0.019142029690106373,0.060156549345886476,0.8920454545454546,42895.56103129186,0.1800066007313926,0.18000660073139263,2.7755575615628914e-17
E6_threshold_divergence,xgboost__weighted__split42__model789,xgboost,weighted,42,789,no_origin_balance,773.7010836478753,193.42527091196882,R_x0.25,0.2500104219265869,-1.999939858606356,C,ner_optimal,val,True,0.6994282603263855,-0.26936015486717224,False,773.6688311688312,1232,953160,1036,4706,196,948456,5742,0.006016383170891686,0.1804249390456287,0.8409090909090909,42617.35309874589,0.17883913111378866,0.17883913111378869,2.7755575615628914e-17,1075,4844,157,948316,5919,0.006201854164745723,0.18161851664132456,0.872564935064935,35211.76753317911,0.14776238909121212,0.14776238909121217,5.551115123125783e-17
E6_threshold_divergence,xgboost__weighted__split42__model789,xgboost,weighted,42,789,no_origin_balance,773.7010836478753,773.6688311688312,val_class_ratio,1.0,0.0,B,youden,val,False,0.43006810545921326,0.0,True,773.6688311688312,1232,953160,1077,16862,155,936300,17939,0.018796220428879476,0.060036791348458664,0.8741883116883117,136780.66883116885,0.1435023173771128,0.1435023173771128,0.0,1099,17170,133,935990,18269,0.019142029690106373,0.060156549345886476,0.8920454545454546,120067.95454545454,0.12596831019498778,0.12596831019498778,0.0
E6_threshold_divergence,xgboost__weighted__split42__model789,xgboost,weighted,42,789,no_origin_balance,773.7010836478753,773.6688311688312,val_class_ratio,1.0,0.0,C,ner_optimal,val,True,0.43006810545921326,0.0,True,773.6688311688312,1232,953160,1077,16862,155,936300,17939,0.018796220428879476,0.060036791348458664,0.8741883116883117,136780.66883116885,0.1435023173771128,0.1435023173771128,0.0,1099,17170,133,935990,18269,0.019142029690106373,0.060156549345886476,0.8920454545454546,120067.95454545454,0.12596831019498778,0.12596831019498778,0.0
E6_threshold_divergence,xgboost__weighted__split42__model789,xgboost,weighted,42,789,no_origin_balance,773.7010836478753,773.7010836478753,R_x1,1.0000416877063476,6.014139364405448e-05,B,youden,val,False,0.43006810545921326,0.0,True,773.6688311688312,1232,953160,1077,16862,155,936300,17939,0.018796220428879476,0.060036791348458664,0.8741883116883117,136785.66796542067,0.14350157992610582,0.14350157992610585,2.7755575615628914e-17,1099,17170,133,935990,18269,0.019142029690106373,0.060156549345886476,0.8920454545454546,120072.24412516742,0.12596755927375722,0.12596755927375725,2.7755575615628914e-17
E6_threshold_divergence,xgboost__weighted__split42__model789,xgboost,weighted,42,789,no_origin_balance,773.7010836478753,773.7010836478753,R_x1,1.0000416877063476,6.014139364405448e-05,C,ner_optimal,val,True,0.43006810545921326,0.0,True,773.6688311688312,1232,953160,1077,16862,155,936300,17939,0.018796220428879476,0.060036791348458664,0.8741883116883117,136785.66796542067,0.14350157992610582,0.14350157992610585,2.7755575615628914e-17,1099,17170,133,935990,18269,0.019142029690106373,0.060156549345886476,0.8920454545454546,120072.24412516742,0.12596755927375722,0.12596755927375725,2.7755575615628914e-17
E6_threshold_divergence,xgboost__weighted__split42__model789,xgboost,weighted,42,789,no_origin_balance,773.7010836478753,3094.804334591501,R_x4,4.00016675082539,2.000060141393644,B,youden,val,False,0.43006810545921326,0.38760677352547646,False,773.6688311688312,1232,953160,1077,16862,155,936300,17939,0.018796220428879476,0.060036791348458664,0.8741883116883117,496556.67186168267,0.1302341612152927,0.1302341612152927,0.0,1099,17170,133,935990,18269,0.019142029690106373,0.060156549345886476,0.8920454545454546,428778.97650066967,0.11245779890934839,0.1124577989093484,1.3877787807814457e-17
E6_threshold_divergence,xgboost__weighted__split42__model789,xgboost,weighted,42,789,no_origin_balance,773.7010836478753,3094.804334591501,R_x4,4.00016675082539,2.000060141393644,C,ner_optimal,val,True,0.0424613319337368,0.38760677352547646,False,773.6688311688312,1232,953160,1203,198253,29,754909,199456,0.20898706404273287,0.0060314054227498795,0.976461038961039,288002.3257031535,0.07553567083366393,0.07553567083366391,1.3877787807814457e-17,1206,198145,26,755015,199351,0.20887748430414338,0.006049631052766226,0.9788961038961039,278609.912699379,0.07307228025077611,0.07307228025077611,0.0
E6_threshold_divergence,xgboost__weighted__split42__model789,xgboost,weighted,42,789,no_origin_balance,773.7010836478753,12379.217338366005,R_x16,16.00066700330156,4.000060141393644,B,youden,val,False,0.43006810545921326,0.42820692027453333,False,773.6688311688312,1232,953160,1077,16862,155,936300,17939,0.018796220428879476,0.060036791348458664,0.8741883116883117,1935640.6874467307,0.1269173065375894,0.1269173065375894,0.0,1099,17170,133,935990,18269,0.019142029690106373,0.060156549345886476,0.8920454545454546,1663605.9060026787,0.10908035881824618,0.1090803588182462,1.3877787807814457e-17
E6_threshold_divergence,xgboost__weighted__split42__model789,xgboost,weighted,42,789,no_origin_balance,773.7010836478753,12379.217338366005,R_x16,16.00066700330156,4.000060141393644,C,ner_optimal,val,True,0.0018611851846799254,0.42820692027453333,False,773.6688311688312,1232,953160,1232,351537,0,601625,352769,0.36962617116201485,0.0034923703613412745,1.0,351537.0,0.023049799209974714,0.023049799209974714,0.0,1232,351634,0,601526,352866,0.36972858112808993,0.0034914103370684625,1.0,351634.0,0.023056159367009017,0.023056159367009017,0.0
E6_threshold_divergence,xgboost__weighted__split42__model789,xgboost,weighted,42,789,no_origin_balance,773.7010836478753,49516.86935346402,R_x64,64.00266801320625,6.000060141393644,B,youden,val,False,0.43006810545921326,0.42820692027453333,False,773.6688311688312,1232,953160,1077,16862,155,936300,17939,0.018796220428879476,0.060036791348458664,0.8741883116883117,7691976.749786923,0.12608809286816358,0.12608809286816358,0.0,1099,17170,133,935990,18269,0.019142029690106373,0.060156549345886476,0.8920454545454546,6602913.624010715,0.10823599879547063,0.10823599879547065,1.3877787807814457e-17
E6_threshold_divergence,xgboost__weighted__split42__model789,xgboost,weighted,42,789,no_origin_balance,773.7010836478753,49516.86935346402,R_x64,64.00266801320625,6.000060141393644,C,ner_optimal,val,True,0.0018611851846799254,0.42820692027453333,False,773.6688311688312,1232,953160,1232,351537,0,601625,352769,0.36962617116201485,0.0034923703613412745,1.0,351537.0,0.0057624498024936785,0.0057624498024936785,0.0,1232,351634,0,601526,352866,0.36972858112808993,0.0034914103370684625,1.0,351634.0,0.005764039841752254,0.005764039841752254,0.0
E6_threshold_divergence,xgboost__weighted__split456__model123,xgboost,weighted,456,123,no_origin_balance,773.7010836478753,12.089079431998051,R_x0.015625,0.01562565137041168,-5.999939858606356,B,youden,val,False,0.3193224370479584,-0.6137376129627228,False,773.6688311688312,1232,953160,1112,27900,120,925262,29012,0.030398347013916683,0.03832896732386599,0.9025974025974026,29350.689531839766,1.970672106755222,1.970672106755222,0.0,1125,27889,107,925271,29014,0.0304005062909161,0.038774384779761494,0.9131493506493507,29182.53149922379,1.9593815936637442,1.9593815936637442,0.0
E6_threshold_divergence,xgboost__weighted__split456__model123,xgboost,weighted,456,123,no_origin_balance,773.7010836478753,12.089079431998051,R_x0.015625,0.01562565137041168,-5.999939858606356,C,ner_optimal,val,True,0.9330600500106812,-0.6137376129627228,False,773.6688311688312,1232,953160,995,557,237,952605,1552,0.0016261627797324795,0.6411082474226805,0.8076298701298701,3422.1118253835384,0.22976837778086143,0.2297683777808615,8.326672684688674e-17,997,578,235,952582,1575,0.001650265299792957,0.633015873015873,0.8092532467532467,3418.933666519542,0.22955498896022336,0.2295549889602234,2.7755575615628914e-17
E6_threshold_divergence,xgboost__weighted__split456__model123,xgboost,weighted,456,123,no_origin_balance,773.7010836478753,48.356317727992206,R_x0.0625,0.06250260548164673,-3.999939858606356,B,youden,val,False,0.3193224370479584,-0.5285109579563141,False,773.6688311688312,1232,953160,1112,27900,120,925262,29012,0.030398347013916683,0.03832896732386599,0.9025974025974026,33702.75812735906,0.5657199747407535,0.5657199747407535,0.0,1125,27889,107,925271,29014,0.0304005062909161,0.038774384779761494,0.9131493506493507,33063.12599689516,0.554983385428923,0.554983385428923,0.0
E6_threshold_divergence,xgboost__weighted__split456__model123,xgboost,weighted,456,123,no_origin_balance,773.7010836478753,48.356317727992206,R_x0.0625,0.06250260548164673,-3.999939858606356,C,ner_optimal,val,True,0.8478333950042725,-0.5285109579563141,False,773.6688311688312,1232,953160,1025,1467,207,951695,2492,0.002611080958178698,0.41131621187800965,0.8319805194805194,11476.757769694386,0.19264391036016418,0.1926439103601642,2.7755575615628914e-17,1027,1503,205,951657,2530,0.0026509023545880517,0.4059288537549407,0.8336038961038961,11416.045134238402,0.1916248142236755,0.19162481422367553,2.7755575615628914e-17
E6_threshold_divergence,xgboost__weighted__split456__model123,xgboost,weighted,456,123,no_origin_balance,773.7010836478753,193.42527091196882,R_x0.25,0.2500104219265869,-1.999939858606356,B,youden,val,False,0.3193224370479584,-0.29070422053337097,False,773.6688311688312,1232,953160,1112,27900,120,925262,29012,0.030398347013916683,0.03832896732386599,0.9025974025974026,51111.03250943626,0.2144819417371364,0.21448194173713647,8.326672684688674e-17,1125,27889,107,925271,29014,0.0304005062909161,0.038774384779761494,0.9131493506493507,48585.50398758067,0.20388383337021773,0.20388383337021782,8.326672684688674e-17
E6_threshold_divergence,xgboost__weighted__split456__model123,xgboost,weighted,456,123,no_origin_balance,773.7010836478753,193.42527091196882,R_x0.25,0.2500104219265869,-1.999939858606356,C,ner_optimal,val,True,0.6100266575813293,-0.29070422053337097,False,773.6688311688312,1232,953160,1067,7149,165,946013,8216,0.008608603993738435,0.12986854917234664,0.8660714285714286,39064.16970047486,0.16392857976719577,0.1639285797671958,2.7755575615628914e-17,1071,7120,161,946040,8191,0.00858242734641531,0.1307532657795141,0.8693181818181818,38261.46861682698,0.16056013114461093,0.16056013114461096,2.7755575615628914e-17
E6_threshold_divergence,xgboost__weighted__split456__model123,xgboost,weighted,456,123,no_origin_balance,773.7010836478753,773.6688311688312,val_class_ratio,1.0,0.0,B,youden,val,False,0.3193224370479584,0.0,True,773.6688311688312,1232,953160,1112,27900,120,925262,29012,0.030398347013916683,0.03832896732386599,0.9025974025974026,120740.25974025975,0.12667365367856365,0.12667365367856367,2.7755575615628914e-17,1125,27889,107,925271,29014,0.0304005062909161,0.038774384779761494,0.9131493506493507,110671.56493506493,0.11611016506679354,0.11611016506679354,0.0
E6_threshold_divergence,xgboost__weighted__split456__model123,xgboost,weighted,456,123,no_origin_balance,773.7010836478753,773.6688311688312,val_class_ratio,1.0,0.0,C,ner_optimal,val,True,0.3193224370479584,0.0,True,773.6688311688312,1232,953160,1112,27900,120,925262,29012,0.030398347013916683,0.03832896732386599,0.9025974025974026,120740.25974025975,0.12667365367856365,0.12667365367856367,2.7755575615628914e-17,1125,27889,107,925271,29014,0.0304005062909161,0.038774384779761494,0.9131493506493507,110671.56493506493,0.11611016506679354,0.11611016506679354,0.0
E6_threshold_divergence,xgboost__weighted__split456__model123,xgboost,weighted,456,123,no_origin_balance,773.7010836478753,773.7010836478753,R_x1,1.0000416877063476,6.014139364405448e-05,B,youden,val,False,0.3193224370479584,0.0,True,773.6688311688312,1232,953160,1112,27900,120,925262,29012,0.030398347013916683,0.03832896732386599,0.9025974025974026,120744.13003774504,0.12667243348623214,0.12667243348623217,2.7755575615628914e-17,1125,27889,107,925271,29014,0.0304005062909161,0.038774384779761494,0.9131493506493507,110675.01595032266,0.11610894535554143,0.11610894535554146,2.7755575615628914e-17
E6_threshold_divergence,xgboost__weighted__split456__model123,xgboost,weighted,456,123,no_origin_balance,773.7010836478753,773.7010836478753,R_x1,1.0000416877063476,6.014139364405448e-05,C,ner_optimal,val,True,0.3193224370479584,0.0,True,773.6688311688312,1232,953160,1112,27900,120,925262,29012,0.030398347013916683,0.03832896732386599,0.9025974025974026,120744.13003774504,0.12667243348623214,0.12667243348623217,2.7755575615628914e-17,1125,27889,107,925271,29014,0.0304005062909161,0.038774384779761494,0.9131493506493507,110675.01595032266,0.11610894535554143,0.11610894535554146,2.7755575615628914e-17
E6_threshold_divergence,xgboost__weighted__split456__model123,xgboost,weighted,456,123,no_origin_balance,773.7010836478753,3094.804334591501,R_x4,4.00016675082539,2.000060141393644,B,youden,val,False,0.3193224370479584,0.20004598051309586,False,773.6688311688312,1232,953160,1112,27900,120,925262,29012,0.030398347013916683,0.03832896732386599,0.9025974025974026,399276.52015098016,0.10472005642350607,0.1047200564235061,2.7755575615628914e-17,1125,27889,107,925271,29014,0.0304005062909161,0.038774384779761494,0.9131493506493507,359033.06380129064,0.09416522335187236,0.09416522335187238,2.7755575615628914e-17
E6_threshold_divergence,xgboost__weighted__split456__model123,xgboost,weighted,456,123,no_origin_balance,773.7010836478753,3094.804334591501,R_x4,4.00016675082539,2.000060141393644,C,ner_optimal,val,True,0.11927645653486252,0.20004598051309586,False,773.6688311688312,1232,953160,1167,95871,65,857291,97038,0.1016749895745363,0.012026216533729055,0.9472402597402597,297033.28174844757,0.07790426046739392,0.07790426046739392,0.0,1173,95155,59,858005,96328,0.1009312735228292,0.012177144755418985,0.9521103896103896,277748.45574089856,0.07284634204317908,0.07284634204317908,0.0
E6_threshold_divergence,xgboost__weighted__split456__model123,xgboost,weighted,456,123,no_origin_balance,773.7010836478753,12379.217338366005,R_x16,16.00066700330156,4.000060141393644,B,youden,val,False,0.3193224370479584,0.31734591722488403,False,773.6688311688312,1232,953160,1112,27900,120,925262,29012,0.030398347013916683,0.03832896732386599,0.9025974025974026,1513406.0806039206,0.09923196215782455,0.09923196215782458,2.7755575615628914e-17,1125,27889,107,925271,29014,0.0304005062909161,0.038774384779761494,0.9131493506493507,1352465.2552051626,0.08867929285095508,0.08867929285095512,4.163336342344337e-17
E6_threshold_divergence,xgboost__weighted__split456__model123,xgboost,weighted,456,123,no_origin_balance,773.7010836478753,12379.217338366005,R_x16,16.00066700330156,4.000060141393644,C,ner_optimal,val,True,0.001976519823074341,0.31734591722488403,False,773.6688311688312,1232,953160,1231,351004,1,602158,352235,0.3690666538138337,0.0034948258974832145,0.9991883116883117,363383.217338366,0.023826539442288974,0.023826539442288974,0.0,1232,350663,0,602497,351895,0.3687111794734239,0.003501044345614459,1.0,350663.0,0.022992492228036773,0.022992492228036773,0.0
E6_threshold_divergence,xgboost__weighted__split456__model123,xgboost,weighted,456,123,no_origin_balance,773.7010836478753,49516.86935346402,R_x64,64.00266801320625,6.000060141393644,B,youden,val,False,0.3193224370479584,0.31734591722488403,False,773.6688311688312,1232,953160,1112,27900,120,925262,29012,0.030398347013916683,0.03832896732386599,0.9025974025974026,5969924.3224156825,0.09785993859140417,0.0978599385914042,2.7755575615628914e-17,1125,27889,107,925271,29014,0.0304005062909161,0.038774384779761494,0.9131493506493507,5326194.02082065,0.08730781022572577,0.0873078102257258,2.7755575615628914e-17
E6_threshold_divergence,xgboost__weighted__split456__model123,xgboost,weighted,456,123,no_origin_balance,773.7010836478753,49516.86935346402,R_x64,64.00266801320625,6.000060141393644,C,ner_optimal,val,True,0.001976519823074341,0.31734591722488403,False,773.6688311688312,1232,953160,1231,351004,1,602158,352235,0.3690666538138337,0.0034948258974832145,0.9991883116883117,400520.869353464,0.0065654010943384765,0.0065654010943384765,0.0,1232,350663,0,602497,351895,0.3687111794734239,0.003501044345614459,1.0,350663.0,0.005748123057009193,0.005748123057009193,0.0
E6_threshold_divergence,xgboost__weighted__split456__model42,xgboost,weighted,456,42,no_origin_balance,773.7010836478753,12.089079431998051,R_x0.015625,0.01562565137041168,-5.999939858606356,B,youden,val,False,0.21911723911762238,-0.7298315614461899,False,773.6688311688312,1232,953160,1135,49134,97,904028,50269,0.05267111905565207,0.022578527521932006,0.9212662337662337,50306.64070490381,3.377702370984012,3.377702370984012,0.0,1150,48686,82,904474,49836,0.05221753744792496,0.023075688257484548,0.9334415584415584,49677.30451342384,3.335447306516932,3.335447306516932,0.0
E6_threshold_divergence,xgboost__weighted__split456__model42,xgboost,weighted,456,42,no_origin_balance,773.7010836478753,12.089079431998051,R_x0.015625,0.01562565137041168,-5.999939858606356,C,ner_optimal,val,True,0.9489488005638123,-0.7298315614461899,False,773.6688311688312,1232,953160,986,452,246,952710,1438,0.00150671525596347,0.6856745479833102,0.8003246753246753,3425.9135402715206,0.23002363357236355,0.2300236335723636,5.551115123125783e-17,985,455,247,952705,1440,0.0015088139883821323,0.6840277777777778,0.799512987012987,3441.0026197035186,0.2310367487130145,0.23103674871301458,8.326672684688674e-17
E6_threshold_divergence,xgboost__weighted__split456__model42,xgboost,weighted,456,42,no_origin_balance,773.7010836478753,48.356317727992206,R_x0.0625,0.06250260548164673,-3.999939858606356,B,youden,val,False,0.21911723911762238,-0.5922118276357651,False,773.6688311688312,1232,953160,1135,49134,97,904028,50269,0.05267111905565207,0.022578527521932006,0.9212662337662337,53824.56281961525,0.9034759174213276,0.9034759174213277,1.1102230246251565e-16,1150,48686,82,904474,49836,0.05221753744792496,0.023075688257484548,0.9334415584415584,52651.21805369536,0.8837806577980641,0.8837806577980641,0.0
E6_threshold_divergence,xgboost__weighted__split456__model42,xgboost,weighted,456,42,no_origin_balance,773.7010836478753,48.356317727992206,R_x0.0625,0.06250260548164673,-3.999939858606356,C,ner_optimal,val,True,0.8113290667533875,-0.5922118276357651,False,773.6688311688312,1232,953160,1034,2063,198,951099,3097,0.003244991062391423,0.33387148853729415,0.8392857142857143,11637.550910142456,0.19534291472678086,0.1953429147267809,2.7755575615628914e-17,1040,2050,192,951110,3090,0.003237663350069992,0.3365695792880259,0.8441558441558441,11334.413003774504,0.19025457245860816,0.1902545724586082,2.7755575615628914e-17
E6_threshold_divergence,xgboost__weighted__split456__model42,xgboost,weighted,456,42,no_origin_balance,773.7010836478753,193.42527091196882,R_x0.25,0.2500104219265869,-1.999939858606356,B,youden,val,False,0.21911723911762238,-0.4421764463186264,False,773.6688311688312,1232,953160,1135,49134,97,904028,50269,0.05267111905565207,0.022578527521932006,0.9212662337662337,67896.25127846097,0.2849193040306566,0.2849193040306566,0.0,1150,48686,82,904474,49836,0.05221753744792496,0.023075688257484548,0.9334415584415584,64546.87221478144,0.2708639956183472,0.2708639956183472,0.0
E6_threshold_divergence,xgboost__weighted__split456__model42,xgboost,weighted,456,42,no_origin_balance,773.7010836478753,193.42527091196882,R_x0.25,0.2500104219265869,-1.999939858606356,C,ner_optimal,val,True,0.6612936854362488,-0.4421764463186264,False,773.6688311688312,1232,953160,1058,5455,174,947707,6513,0.006824225634276829,0.16244434208506064,0.8587662337662337,39110.99713868258,0.1641250860669171,0.16412508606691717,8.326672684688674e-17,1066,5402,166,947758,6468,0.0067770894978164105,0.16481137909709337,0.8652597402597403,37510.594971386825,0.1574091707830977,0.15740917078309774,2.7755575615628914e-17
E6_threshold_divergence,xgboost__weighted__split456__model42,xgboost,weighted,456,42,no_origin_balance,773.7010836478753,773.6688311688312,val_class_ratio,1.0,0.0,B,youden,val,False,0.21911723911762238,0.0,True,773.6688311688312,1232,953160,1135,49134,97,904028,50269,0.05267111905565207,0.022578527521932006,0.9212662337662337,124179.87662337662,0.13028229953352702,0.13028229953352702,0.0,1150,48686,82,904474,49836,0.05221753744792496,0.023075688257484548,0.9334415584415584,112126.84415584416,0.11763695933090368,0.11763695933090368,0.0
E6_threshold_divergence,xgboost__weighted__split456__model42,xgboost,weighted,456,42,no_origin_balance,773.7010836478753,773.6688311688312,val_class_ratio,1.0,0.0,C,ner_optimal,val,True,0.21911723911762238,0.0,True,773.6688311688312,1232,953160,1135,49134,97,904028,50269,0.05267111905565207,0.022578527521932006,0.9212662337662337,124179.87662337662,0.13028229953352702,0.13028229953352702,0.0,1150,48686,82,904474,49836,0.05221753744792496,0.023075688257484548,0.9334415584415584,112126.84415584416,0.11763695933090368,0.11763695933090368,0.0
E6_threshold_divergence,xgboost__weighted__split456__model42,xgboost,weighted,456,42,no_origin_balance,773.7010836478753,773.7010836478753,R_x1,1.0000416877063476,6.014139364405448e-05,B,youden,val,False,0.21911723911762238,0.0,True,773.6688311688312,1232,953160,1135,49134,97,904028,50269,0.05267111905565207,0.022578527521932006,0.9212662337662337,124183.0051138439,0.13028015068298882,0.13028015068298882,0.0,1150,48686,82,904474,49836,0.05221753744792496,0.023075688257484548,0.9334415584415584,112129.48885912578,0.11763483007341796,0.11763483007341798,1.3877787807814457e-17
E6_threshold_divergence,xgboost__weighted__split456__model42,xgboost,weighted,456,42,no_origin_balance,773.7010836478753,773.7010836478753,R_x1,1.0000416877063476,6.014139364405448e-05,C,ner_optimal,val,True,0.21911723911762238,0.0,True,773.6688311688312,1232,953160,1135,49134,97,904028,50269,0.05267111905565207,0.022578527521932006,0.9212662337662337,124183.0051138439,0.13028015068298882,0.13028015068298882,0.0,1150,48686,82,904474,49836,0.05221753744792496,0.023075688257484548,0.9334415584415584,112129.48885912578,0.11763483007341796,0.11763483007341798,1.3877787807814457e-17
E6_threshold_divergence,xgboost__weighted__split456__model42,xgboost,weighted,456,42,no_origin_balance,773.7010836478753,3094.804334591501,R_x4,4.00016675082539,2.000060141393644,B,youden,val,False,0.21911723911762238,0.13346249610185623,False,773.6688311688312,1232,953160,1135,49134,97,904028,50269,0.05267111905565207,0.022578527521932006,0.9212662337662337,349330.0204553756,0.09162036234607186,0.09162036234607188,1.3877787807814457e-17,1150,48686,82,904474,49836,0.05221753744792496,0.023075688257484548,0.9334415584415584,302459.9554365031,0.07932753868718564,0.07932753868718566,1.3877787807814457e-17
E6_threshold_divergence,xgboost__weighted__split456__model42,xgboost,weighted,456,42,no_origin_balance,773.7010836478753,3094.804334591501,R_x4,4.00016675082539,2.000060141393644,C,ner_optimal,val,True,0.08565474301576614,0.13346249610185623,False,773.6688311688312,1232,953160,1184,131147,48,822015,132331,0.1386544760340069,0.00894726103482933,0.961038961038961,279697.6080603921,0.07335755502609674,0.07335755502609674,0.0,1184,130362,48,822798,131546,0.13783225341369165,0.00900065376370243,0.961038961038961,278912.6080603921,0.07315166953034717,0.07315166953034717,0.0
E6_threshold_divergence,xgboost__weighted__split456__model42,xgboost,weighted,456,42,no_origin_balance,773.7010836478753,12379.217338366005,R_x16,16.00066700330156,4.000060141393644,B,youden,val,False,0.21911723911762238,0.21757348254323006,False,773.6688311688312,1232,953160,1135,49134,97,904028,50269,0.05267111905565207,0.022578527521932006,0.9212662337662337,1249918.0818215024,0.08195541526184263,0.08195541526184265,1.3877787807814457e-17,1150,48686,82,904474,49836,0.05221753744792496,0.023075688257484548,0.9334415584415584,1063781.8217460124,0.06975071584062757,0.06975071584062759,1.3877787807814457e-17
E6_threshold_divergence,xgboost__weighted__split456__model42,xgboost,weighted,456,42,no_origin_balance,773.7010836478753,12379.217338366005,R_x16,16.00066700330156,4.000060141393644,C,ner_optimal,val,True,0.0015437565743923187,0.21757348254323006,False,773.6688311688312,1232,953160,1231,357014,1,596148,358245,0.37536384344411217,0.003436195899454284,0.9991883116883117,369393.217338366,0.024220606903898843,0.024220606903898843,0.0,1232,356901,0,596259,358133,0.375247277848096,0.0034400627699765172,1.0,356901.0,0.023401509337108713,0.023401509337108713,0.0
E6_threshold_divergence,xgboost__weighted__split456__model42,xgboost,weighted,456,42,no_origin_balance,773.7010836478753,49516.86935346402,R_x64,64.00266801320625,6.000060141393644,B,youden,val,False,0.21911723911762238,0.21757348254323006,False,773.6688311688312,1232,953160,1135,49134,97,904028,50269,0.05267111905565207,0.022578527521932006,0.9212662337662337,4852270.32728601,0.07953917849078532,0.07953917849078533,1.3877787807814457e-17,1150,48686,82,904474,49836,0.05221753744792496,0.023075688257484548,0.9334415584415584,4109069.2869840497,0.06735651012898805,0.06735651012898806,1.3877787807814457e-17
E6_threshold_divergence,xgboost__weighted__split456__model42,xgboost,weighted,456,42,no_origin_balance,773.7010836478753,49516.86935346402,R_x64,64.00266801320625,6.000060141393644,C,ner_optimal,val,True,0.0015437565743923187,0.21757348254323006,False,773.6688311688312,1232,953160,1231,357014,1,596148,358245,0.37536384344411217,0.003436195899454284,0.9991883116883117,406530.869353464,0.006663917959740944,0.006663917959740944,0.0,1232,356901,0,596259,358133,0.375247277848096,0.0034400627699765172,1.0,356901.0,0.005850377334277178,0.005850377334277178,0.0
E6_threshold_divergence,xgboost__weighted__split456__model456,xgboost,weighted,456,456,no_origin_balance,773.7010836478753,12.089079431998051,R_x0.015625,0.01562565137041168,-5.999939858606356,B,youden,val,False,0.28557848930358887,-0.6409738063812256,False,773.6688311688312,1232,953160,1113,34335,119,918827,35448,0.03714189318038462,0.03139810426540284,0.9034090909090909,35773.600452407765,2.401920966568413,2.401920966568413,0.0,1129,33949,103,919211,35078,0.03675428964199197,0.03218541536005474,0.9163961038961039,35194.1751814958,2.3630170349215396,2.3630170349215396,0.0
E6_threshold_divergence,xgboost__weighted__split456__model456,xgboost,weighted,456,456,no_origin_balance,773.7010836478753,12.089079431998051,R_x0.015625,0.01562565137041168,-5.999939858606356,C,ner_optimal,val,True,0.9265522956848145,-0.6409738063812256,False,773.6688311688312,1232,953160,996,622,236,952540,1618,0.0016953166092829586,0.61557478368356,0.8084415584415584,3475.02274595154,0.23332093743003046,0.23332093743003052,5.551115123125783e-17,1001,635,231,952525,1636,0.0017141803368008115,0.6118581907090465,0.8125,3427.57734879155,0.23013534546376038,0.23013534546376047,8.326672684688674e-17
E6_threshold_divergence,xgboost__weighted__split456__model456,xgboost,weighted,456,456,no_origin_balance,773.7010836478753,48.356317727992206,R_x0.0625,0.06250260548164673,-3.999939858606356,B,youden,val,False,0.28557848930358887,-0.5935075283050537,False,773.6688311688312,1232,953160,1113,34335,119,918827,35448,0.03714189318038462,0.03139810426540284,0.9034090909090909,40089.401809631076,0.6729234234602851,0.6729234234602852,1.1102230246251565e-16,1129,33949,103,919211,35078,0.03675428964199197,0.03218541536005474,0.9163961038961039,38929.700725983195,0.653457180808307,0.653457180808307,0.0
E6_threshold_divergence,xgboost__weighted__split456__model456,xgboost,weighted,456,456,no_origin_balance,773.7010836478753,48.356317727992206,R_x0.0625,0.06250260548164673,-3.999939858606356,C,ner_optimal,val,True,0.8790860176086426,-0.5935075283050537,False,773.6688311688312,1232,953160,1011,1099,221,952063,2110,0.002210826975022894,0.4791469194312796,0.8206168831168831,11785.746217886277,0.1978304573022793,0.19783045730227938,8.326672684688674e-17,1015,1187,217,951973,2202,0.002307228057234344,0.46094459582198,0.8238636363636364,11680.320946974309,0.1960608341345855,0.19606083413458555,5.551115123125783e-17
E6_threshold_divergence,xgboost__weighted__split456__model456,xgboost,weighted,456,456,no_origin_balance,773.7010836478753,193.42527091196882,R_x0.25,0.2500104219265869,-1.999939858606356,B,youden,val,False,0.28557848930358887,-0.3342211842536926,False,773.6688311688312,1232,953160,1113,34335,119,918827,35448,0.03714189318038462,0.03139810426540284,0.9034090909090909,57352.60723852429,0.24067403768325307,0.2406740376832531,2.7755575615628914e-17,1129,33949,103,919211,35078,0.03675428964199197,0.03218541536005474,0.9163961038961039,53871.80290393279,0.2260672172799988,0.22606721727999882,2.7755575615628914e-17
E6_threshold_divergence,xgboost__weighted__split456__model456,xgboost,weighted,456,456,no_origin_balance,773.7010836478753,193.42527091196882,R_x0.25,0.2500104219265869,-1.999939858606356,C,ner_optimal,val,True,0.6197996735572815,-0.3342211842536926,False,773.6688311688312,1232,953160,1067,6930,165,946232,7997,0.008379139013866391,0.13342503438789546,0.8660714285714286,38845.16970047486,0.1630095698600537,0.16300956986005372,2.7755575615628914e-17,1076,6909,156,946251,7985,0.008366583123077309,0.13475266123982468,0.8733766233766234,37083.342262267135,0.15561625081718775,0.15561625081718775,0.0
E6_threshold_divergence,xgboost__weighted__split456__model456,xgboost,weighted,456,456,no_origin_balance,773.7010836478753,773.6688311688312,val_class_ratio,1.0,0.0,B,youden,val,False,0.28557848930358887,0.0,True,773.6688311688312,1232,953160,1113,34335,119,918827,35448,0.03714189318038462,0.03139810426540284,0.9034090909090909,126401.59090909091,0.1326131928627837,0.1326131928627837,0.0,1129,33949,103,919211,35078,0.03675428964199197,0.03218541536005474,0.9163961038961039,113636.88961038961,0.11922121114019643,0.11922121114019642,1.3877787807814457e-17
E6_threshold_divergence,xgboost__weighted__split456__model456,xgboost,weighted,456,456,no_origin_balance,773.7010836478753,773.6688311688312,val_class_ratio,1.0,0.0,C,ner_optimal,val,True,0.28557848930358887,0.0,True,773.6688311688312,1232,953160,1113,34335,119,918827,35448,0.03714189318038462,0.03139810426540284,0.9034090909090909,126401.59090909091,0.1326131928627837,0.1326131928627837,0.0,1129,33949,103,919211,35078,0.03675428964199197,0.03218541536005474,0.9163961038961039,113636.88961038961,0.11922121114019643,0.11922121114019642,1.3877787807814457e-17
E6_threshold_divergence,xgboost__weighted__split456__model456,xgboost,weighted,456,456,no_origin_balance,773.7010836478753,773.7010836478753,R_x1,1.0000416877063476,6.014139364405448e-05,B,youden,val,False,0.28557848930358887,0.0,True,773.6688311688312,1232,953160,1113,34335,119,918827,35448,0.03714189318038462,0.03139810426540284,0.9034090909090909,126405.42895409717,0.13261169123899505,0.1326116912389951,5.551115123125783e-17,1129,33949,103,919211,35078,0.03675428964199197,0.03218541536005474,0.9163961038961039,113640.21161573115,0.11921972639792175,0.11921972639792178,2.7755575615628914e-17
E6_threshold_divergence,xgboost__weighted__split456__model456,xgboost,weighted,456,456,no_origin_balance,773.7010836478753,773.7010836478753,R_x1,1.0000416877063476,6.014139364405448e-05,C,ner_optimal,val,True,0.28557848930358887,0.0,True,773.6688311688312,1232,953160,1113,34335,119,918827,35448,0.03714189318038462,0.03139810426540284,0.9034090909090909,126405.42895409717,0.13261169123899505,0.1326116912389951,5.551115123125783e-17,1129,33949,103,919211,35078,0.03675428964199197,0.03218541536005474,0.9163961038961039,113640.21161573115,0.11921972639792175,0.11921972639792178,2.7755575615628914e-17
E6_threshold_divergence,xgboost__weighted__split456__model456,xgboost,weighted,456,456,no_origin_balance,773.7010836478753,3094.804334591501,R_x4,4.00016675082539,2.000060141393644,B,youden,val,False,0.28557848930358887,0.20060545206069946,False,773.6688311688312,1232,953160,1113,34335,119,918827,35448,0.03714189318038462,0.03139810426540284,0.9034090909090909,402616.71581638866,0.10559610462793055,0.10559610462793059,4.163336342344337e-17,1129,33949,103,919211,35078,0.03675428964199197,0.03218541536005474,0.9163961038961039,352713.8464629246,0.0925078536774025,0.09250785367740252,2.7755575615628914e-17
E6_threshold_divergence,xgboost__weighted__split456__model456,xgboost,weighted,456,456,no_origin_balance,773.7010836478753,3094.804334591501,R_x4,4.00016675082539,2.000060141393644,C,ner_optimal,val,True,0.0849730372428894,0.20060545206069946,False,773.6688311688312,1232,953160,1187,134535,45,818627,135722,0.14220751597348685,0.008745818658728872,0.963474025974026,273801.19505661755,0.07181107615421599,0.07181107615421599,0.0,1185,134018,47,819142,135203,0.1416640122716871,0.008764598418674142,0.9618506493506493,279473.8037258006,0.07329885685236645,0.07329885685236646,1.3877787807814457e-17
E6_threshold_divergence,xgboost__weighted__split456__model456,xgboost,weighted,456,456,no_origin_balance,773.7010836478753,12379.217338366005,R_x16,16.00066700330156,4.000060141393644,B,youden,val,False,0.28557848930358887,0.2815362634137273,False,773.6688311688312,1232,953160,1113,34335,119,918827,35448,0.03714189318038462,0.03139810426540284,0.9034090909090909,1507461.8632655547,0.09884220797516442,0.09884220797516448,5.551115123125783e-17,1129,33949,103,919211,35078,0.03675428964199197,0.03218541536005474,0.9163961038961039,1309008.3858516985,0.08582988549727268,0.0858298854972727,2.7755575615628914e-17
E6_threshold_divergence,xgboost__weighted__split456__model456,xgboost,weighted,456,456,no_origin_balance,773.7010836478753,12379.217338366005,R_x16,16.00066700330156,4.000060141393644,C,ner_optimal,val,True,0.004042225889861584,0.2815362634137273,False,773.6688311688312,1232,953160,1231,342565,1,610597,343796,0.36022439369903836,0.0035806117581356385,0.9991883116883117,354944.217338366,0.02327320578030467,0.02327320578030467,0.0,1231,342098,1,611062,343329,0.3597358318175341,0.0035854821468620478,0.9991883116883117,354477.217338366,0.02324258523045911,0.02324258523045911,0.0
E6_threshold_divergence,xgboost__weighted__split456__model456,xgboost,weighted,456,456,no_origin_balance,773.7010836478753,49516.86935346402,R_x64,64.00266801320625,6.000060141393644,B,youden,val,False,0.28557848930358887,0.28410840267315507,False,773.6688311688312,1232,953160,1113,34335,119,918827,35448,0.03714189318038462,0.03139810426540284,0.9034090909090909,5926842.453062219,0.0971537338119729,0.09715373381197294,4.163336342344337e-17,1129,33949,103,919211,35078,0.03675428964199197,0.03218541536005474,0.9163961038961039,5134186.543406794,0.08416039345224022,0.08416039345224026,4.163336342344337e-17
E6_threshold_divergence,xgboost__weighted__split456__model456,xgboost,weighted,456,456,no_origin_balance,773.7010836478753,49516.86935346402,R_x64,64.00266801320625,6.000060141393644,C,ner_optimal,val,True,0.0014700866304337978,0.28410840267315507,False,773.6688311688312,1232,953160,1231,360773,1,592389,362004,0.37930246837260084,0.0034005149114374428,0.9991883116883117,410289.869353464,0.006725536079050074,0.006725536079050074,0.0,1232,360428,0,592732,361660,0.37894282433214027,0.0034065144057954986,1.0,360428.0,0.005908192473091571,0.005908192473091571,0.0
E6_threshold_divergence,xgboost__weighted__split456__model789,xgboost,weighted,456,789,no_origin_balance,773.7010836478753,12.089079431998051,R_x0.015625,0.01562565137041168,-5.999939858606356,B,youden,val,False,0.26016855239868164,-0.6718847155570984,False,773.6688311688312,1232,953160,1122,39861,110,913301,40983,0.042941384794958896,0.027377205182636703,0.9107142857142857,41190.798737519784,2.7656439907124155,2.7656439907124155,0.0,1140,39394,92,913766,40534,0.04247101819797316,0.028124537425371292,0.9253246753246753,40506.19530774382,2.7196781580601743,2.7196781580601743,0.0
E6_threshold_divergence,xgboost__weighted__split456__model789,xgboost,weighted,456,789,no_origin_balance,773.7010836478753,12.089079431998051,R_x0.015625,0.01562565137041168,-5.999939858606356,C,ner_optimal,val,True,0.93205326795578,-0.6718847155570984,False,773.6688311688312,1232,953160,994,556,238,952606,1550,0.0016240672091400407,0.6412903225806451,0.8068181818181818,3433.2009048155364,0.23051292381622884,0.23051292381622893,8.326672684688674e-17,993,568,239,952592,1561,0.0016355962749059086,0.6361306854580397,0.8060064935064936,3457.2899842475344,0.23213031944376777,0.23213031944376783,5.551115123125783e-17
E6_threshold_divergence,xgboost__weighted__split456__model789,xgboost,weighted,456,789,no_origin_balance,773.7010836478753,48.356317727992206,R_x0.0625,0.06250260548164673,-3.999939858606356,B,youden,val,False,0.26016855239868164,-0.5840379595756531,False,773.6688311688312,1232,953160,1122,39861,110,913301,40983,0.042941384794958896,0.027377205182636703,0.9107142857142857,45180.194950079145,0.7583752833923896,0.7583752833923897,1.1102230246251565e-16,1140,39394,92,913766,40534,0.04247101819797316,0.028124537425371292,0.9253246753246753,43842.781230975284,0.735926033021537,0.735926033021537,0.0
E6_threshold_divergence,xgboost__weighted__split456__model789,xgboost,weighted,456,789,no_origin_balance,773.7010836478753,48.356317727992206,R_x0.0625,0.06250260548164673,-3.999939858606356,C,ner_optimal,val,True,0.8442065119743347,-0.5840379595756531,False,773.6688311688312,1232,953160,1019,1605,213,951557,2624,0.002749388617279656,0.38833841463414637,0.8271103896103896,11904.89567606234,0.19983044876336448,0.19983044876336456,8.326672684688674e-17,1032,1581,200,951579,2613,0.0027378687164184108,0.3949483352468427,0.8376623376623377,11252.263545598442,0.18887564705349114,0.1888756470534912,5.551115123125783e-17
E6_threshold_divergence,xgboost__weighted__split456__model789,xgboost,weighted,456,789,no_origin_balance,773.7010836478753,193.42527091196882,R_x0.25,0.2500104219265869,-1.999939858606356,B,youden,val,False,0.26016855239868164,-0.41682958602905273,False,773.6688311688312,1232,953160,1122,39861,110,913301,40983,0.042941384794958896,0.027377205182636703,0.9107142857142857,61137.779800316566,0.2565581065623831,0.2565581065623831,0.0,1140,39394,92,913766,40534,0.04247101819797316,0.028124537425371292,0.9253246753246753,57189.12492390113,0.23998800176187773,0.23998800176187776,2.7755575615628914e-17
E6_threshold_divergence,xgboost__weighted__split456__model789,xgboost,weighted,456,789,no_origin_balance,773.7010836478753,193.42527091196882,R_x0.25,0.2500104219265869,-1.999939858606356,C,ner_optimal,val,True,0.6769981384277344,-0.41682958602905273,False,773.6688311688312,1232,953160,1055,5319,177,947843,6374,0.006678583478102335,0.16551615939755257,0.8563311688311688,39555.27295141848,0.16598944165325455,0.16598944165325458,2.7755575615628914e-17,1060,5232,172,947928,6292,0.006592678899236372,0.168467895740623,0.8603896103896104,38501.146596858634,0.16156591396731818,0.1615659139673182,2.7755575615628914e-17
E6_threshold_divergence,xgboost__weighted__split456__model789,xgboost,weighted,456,789,no_origin_balance,773.7010836478753,773.6688311688312,val_class_ratio,1.0,0.0,B,youden,val,False,0.26016855239868164,0.0,True,773.6688311688312,1232,953160,1122,39861,110,913301,40983,0.042941384794958896,0.027377205182636703,0.9107142857142857,124964.57142857143,0.13110555565547383,0.13110555565547383,0.0,1140,39394,92,913766,40534,0.04247101819797316,0.028124537425371292,0.9253246753246753,110571.53246753247,0.11600521682354745,0.11600521682354743,1.3877787807814457e-17
E6_threshold_divergence,xgboost__weighted__split456__model789,xgboost,weighted,456,789,no_origin_balance,773.7010836478753,773.6688311688312,val_class_ratio,1.0,0.0,C,ner_optimal,val,True,0.26016855239868164,0.0,True,773.6688311688312,1232,953160,1122,39861,110,913301,40983,0.042941384794958896,0.027377205182636703,0.9107142857142857,124964.57142857143,0.13110555565547383,0.13110555565547383,0.0,1140,39394,92,913766,40534,0.04247101819797316,0.028124537425371292,0.9253246753246753,110571.53246753247,0.11600521682354745,0.11600521682354743,1.3877787807814457e-17
E6_threshold_divergence,xgboost__weighted__split456__model789,xgboost,weighted,456,789,no_origin_balance,773.7010836478753,773.7010836478753,R_x1,1.0000416877063476,6.014139364405448e-05,B,youden,val,False,0.26016855239868164,0.0,True,773.6688311688312,1232,953160,1122,39861,110,913301,40983,0.042941384794958896,0.027377205182636703,0.9107142857142857,124968.11920126628,0.13110381235488147,0.1311038123548815,2.7755575615628914e-17,1140,39394,92,913766,40534,0.04247101819797316,0.028124537425371292,0.9253246753246753,110574.49969560452,0.11600349394696292,0.11600349394696294,1.3877787807814457e-17
E6_threshold_divergence,xgboost__weighted__split456__model789,xgboost,weighted,456,789,no_origin_balance,773.7010836478753,773.7010836478753,R_x1,1.0000416877063476,6.014139364405448e-05,C,ner_optimal,val,True,0.26016855239868164,0.0,True,773.6688311688312,1232,953160,1122,39861,110,913301,40983,0.042941384794958896,0.027377205182636703,0.9107142857142857,124968.11920126628,0.13110381235488147,0.1311038123548815,2.7755575615628914e-17,1140,39394,92,913766,40534,0.04247101819797316,0.028124537425371292,0.9253246753246753,110574.49969560452,0.11600349394696292,0.11600349394696294,1.3877787807814457e-17
E6_threshold_divergence,xgboost__weighted__split456__model789,xgboost,weighted,456,789,no_origin_balance,773.7010836478753,3094.804334591501,R_x4,4.00016675082539,2.000060141393644,B,youden,val,False,0.26016855239868164,0.16871026903390884,False,773.6688311688312,1232,953160,1122,39861,110,913301,40983,0.042941384794958896,0.027377205182636703,0.9107142857142857,380289.4768050651,0.09974023880300606,0.09974023880300609,2.7755575615628914e-17,1140,39394,92,913766,40534,0.04247101819797316,0.028124537425371292,0.9253246753246753,324115.9987824181,0.08500736699323422,0.08500736699323423,1.3877787807814457e-17
E6_threshold_divergence,xgboost__weighted__split456__model789,xgboost,weighted,456,789,no_origin_balance,773.7010836478753,3094.804334591501,R_x4,4.00016675082539,2.000060141393644,C,ner_optimal,val,True,0.0914582833647728,0.16871026903390884,False,773.6688311688312,1232,953160,1178,125230,54,827932,126408,0.13244844372449951,0.009319030441111322,0.9561688311688312,292349.43406794104,0.07667580657985683,0.07667580657985683,0.0,1185,124613,47,828547,125798,0.13180957091006631,0.009419863590836103,0.9618506493506493,270068.8037258006,0.07083216502112465,0.07083216502112466,1.3877787807814457e-17
E6_threshold_divergence,xgboost__weighted__split456__model789,xgboost,weighted,456,789,no_origin_balance,773.7010836478753,12379.217338366005,R_x16,16.00066700330156,4.000060141393644,B,youden,val,False,0.26016855239868164,0.2576216442976147,False,773.6688311688312,1232,953160,1122,39861,110,913301,40983,0.042941384794958896,0.027377205182636703,0.9107142857142857,1401574.9072202605,0.0918993454150372,0.09189934541503723,2.7755575615628914e-17,1140,39394,92,913766,40534,0.04247101819797316,0.028124537425371292,0.9253246753246753,1178281.9951296723,0.07725833525480205,0.07725833525480207,1.3877787807814457e-17
E6_threshold_divergence,xgboost__weighted__split456__model789,xgboost,weighted,456,789,no_origin_balance,773.7010836478753,12379.217338366005,R_x16,16.00066700330156,4.000060141393644,C,ner_optimal,val,True,0.002546908101066947,0.2576216442976147,False,773.6688311688312,1232,953160,1232,347615,0,605547,348847,0.36551675723024246,0.003531634212133113,1.0,347615.0,0.022792639046175397,0.022792639046175397,0.0,1232,347212,0,605948,348444,0.3650952648387665,0.003535718795559688,1.0,347212.0,0.022766214888599895,0.022766214888599895,0.0
E6_threshold_divergence,xgboost__weighted__split456__model789,xgboost,weighted,456,789,no_origin_balance,773.7010836478753,49516.86935346402,R_x64,64.00266801320625,6.000060141393644,B,youden,val,False,0.26016855239868164,0.2576216442976147,False,773.6688311688312,1232,953160,1122,39861,110,913301,40983,0.042941384794958896,0.027377205182636703,0.9107142857142857,5486716.628881042,0.089939122068045,0.08993912206804502,2.7755575615628914e-17,1140,39394,92,913766,40534,0.04247101819797316,0.028124537425371292,0.9253246753246753,4594945.980518689,0.075321077320194,0.07532107732019402,2.7755575615628914e-17
E6_threshold_divergence,xgboost__weighted__split456__model789,xgboost,weighted,456,789,no_origin_balance,773.7010836478753,49516.86935346402,R_x64,64.00266801320625,6.000060141393644,C,ner_optimal,val,True,0.002546908101066947,0.2576216442976147,False,773.6688311688312,1232,953160,1232,347615,0,605547,348847,0.36551675723024246,0.003531634212133113,1.0,347615.0,0.005698159761543849,0.005698159761543849,0.0,1232,347212,0,605948,348444,0.3650952648387665,0.003535718795559688,1.0,347212.0,0.005691553722149974,0.005691553722149974,0.0
E6_threshold_divergence,xgboost__weighted__split789__model123,xgboost,weighted,789,123,no_origin_balance,773.7010836478753,12.089079431998051,R_x0.015625,0.01562565137041168,-5.999939858606356,B,youden,val,False,0.419091135263443,-0.5385110080242157,False,773.6688311688312,1232,953160,1115,19258,117,933904,20373,0.021346529839877452,0.05472929858145585,0.9050324675324676,20672.422293543772,1.3879934898550896,1.3879934898550896,0.0,1113,19031,119,934129,20144,0.02110663123747894,0.055252184273232724,0.9034090909090909,20469.60045240777,1.374375569753626,1.374375569753626,0.0
E6_threshold_divergence,xgboost__weighted__split789__model123,xgboost,weighted,789,123,no_origin_balance,773.7010836478753,12.089079431998051,R_x0.015625,0.01562565137041168,-5.999939858606356,C,ner_optimal,val,True,0.9576021432876587,-0.5385110080242157,False,773.6688311688312,1232,953160,990,363,242,952799,1353,0.0014176535057848227,0.7317073170731707,0.8035714285714286,3288.5572225435285,0.22080121773305175,0.2208012177330518,5.551115123125783e-17,992,371,240,952789,1363,0.0014281343515033654,0.7278063096111519,0.8051948051948052,3272.3790636795325,0.2197149793202422,0.21971497932024225,5.551115123125783e-17
E6_threshold_divergence,xgboost__weighted__split789__model123,xgboost,weighted,789,123,no_origin_balance,773.7010836478753,48.356317727992206,R_x0.0625,0.06250260548164673,-3.999939858606356,B,youden,val,False,0.419091135263443,-0.4703228175640106,False,773.6688311688312,1232,953160,1115,19258,117,933904,20373,0.021346529839877452,0.05472929858145585,0.9050324675324676,24915.689174175088,0.41822402181442175,0.41822402181442175,0.0,1113,19031,119,934129,20144,0.02110663123747894,0.055252184273232724,0.9034090909090909,24785.401809631072,0.41603707425658826,0.4160370742565883,5.551115123125783e-17
E6_threshold_divergence,xgboost__weighted__split789__model123,xgboost,weighted,789,123,no_origin_balance,773.7010836478753,48.356317727992206,R_x0.0625,0.06250260548164673,-3.999939858606356,C,ner_optimal,val,True,0.8894139528274536,-0.4703228175640106,False,773.6688311688312,1232,953160,1021,1005,211,952157,2026,0.002122813010140466,0.5039486673247778,0.8287337662337663,11208.183040606355,0.18813573069185546,0.18813573069185552,5.551115123125783e-17,1024,1069,208,952091,2093,0.002193019220613752,0.48924988055422836,0.8311688311688312,11127.114087422378,0.18677494217792467,0.1867749421779247,2.7755575615628914e-17
E6_threshold_divergence,xgboost__weighted__split789__model123,xgboost,weighted,789,123,no_origin_balance,773.7010836478753,193.42527091196882,R_x0.25,0.2500104219265869,-1.999939858606356,B,youden,val,False,0.419091135263443,-0.26151028275489807,False,773.6688311688312,1232,953160,1115,19258,117,933904,20373,0.021346529839877452,0.05472929858145585,0.9050324675324676,41888.75669670035,0.17578165480425476,0.17578165480425478,2.7755575615628914e-17,1113,19031,119,934129,20144,0.02110663123747894,0.055252184273232724,0.9034090909090909,42048.60723852429,0.17645245038232885,0.17645245038232887,2.7755575615628914e-17
E6_threshold_divergence,xgboost__weighted__split789__model123,xgboost,weighted,789,123,no_origin_balance,773.7010836478753,193.42527091196882,R_x0.25,0.2500104219265869,-1.999939858606356,C,ner_optimal,val,True,0.6806014180183411,-0.26151028275489807,False,773.6688311688312,1232,953160,1066,5267,166,947895,6333,0.00663562428095734,0.16832464866571925,0.8652597402597403,37375.594971386825,0.15684265782664025,0.15684265782664028,2.7755575615628914e-17,1074,5375,158,947785,6449,0.0067571815354697026,0.16653744766630485,0.8717532467532467,35936.19280409107,0.15080236169829975,0.15080236169829975,0.0
E6_threshold_divergence,xgboost__weighted__split789__model123,xgboost,weighted,789,123,no_origin_balance,773.7010836478753,773.6688311688312,val_class_ratio,1.0,0.0,B,youden,val,False,0.419091135263443,0.0,True,773.6688311688312,1232,953160,1115,19258,117,933904,20373,0.021346529839877452,0.05472929858145585,0.9050324675324676,109777.25324675324,0.11517190529056323,0.11517190529056323,0.0,1113,19031,119,934129,20144,0.02110663123747894,0.055252184273232724,0.9034090909090909,111097.59090909091,0.1165571267248845,0.1165571267248845,0.0
E6_threshold_divergence,xgboost__weighted__split789__model123,xgboost,weighted,789,123,no_origin_balance,773.7010836478753,773.6688311688312,val_class_ratio,1.0,0.0,C,ner_optimal,val,True,0.419091135263443,0.0,True,773.6688311688312,1232,953160,1115,19258,117,933904,20373,0.021346529839877452,0.05472929858145585,0.9050324675324676,109777.25324675324,0.11517190529056323,0.11517190529056323,0.0,1113,19031,119,934129,20144,0.02110663123747894,0.055252184273232724,0.9034090909090909,111097.59090909091,0.1165571267248845,0.1165571267248845,0.0
E6_threshold_divergence,xgboost__weighted__split789__model123,xgboost,weighted,789,123,no_origin_balance,773.7010836478753,773.7010836478753,R_x1,1.0000416877063476,6.014139364405448e-05,B,youden,val,False,0.419091135263443,0.0,True,773.6688311688312,1232,953160,1115,19258,117,933904,20373,0.021346529839877452,0.05472929858145585,0.9050324675324676,109781.0267868014,0.11517106305171301,0.11517106305171304,2.7755575615628914e-17,1113,19031,119,934129,20144,0.02110663123747894,0.055252184273232724,0.9034090909090909,111101.42895409717,0.116556294413764,0.11655629441376404,4.163336342344337e-17
E6_threshold_divergence,xgboost__weighted__split789__model123,xgboost,weighted,789,123,no_origin_balance,773.7010836478753,773.7010836478753,R_x1,1.0000416877063476,6.014139364405448e-05,C,ner_optimal,val,True,0.419091135263443,0.0,True,773.6688311688312,1232,953160,1115,19258,117,933904,20373,0.021346529839877452,0.05472929858145585,0.9050324675324676,109781.0267868014,0.11517106305171301,0.11517106305171304,2.7755575615628914e-17,1113,19031,119,934129,20144,0.02110663123747894,0.055252184273232724,0.9034090909090909,111101.42895409717,0.116556294413764,0.11655629441376404,4.163336342344337e-17
E6_threshold_divergence,xgboost__weighted__split789__model123,xgboost,weighted,789,123,no_origin_balance,773.7010836478753,3094.804334591501,R_x4,4.00016675082539,2.000060141393644,B,youden,val,False,0.419091135263443,0.3882243912667036,False,773.6688311688312,1232,953160,1115,19258,117,933904,20373,0.021346529839877452,0.05472929858145585,0.9050324675324676,381350.1071472056,0.10001841511357758,0.1000184151135776,2.7755575615628914e-17,1113,19031,119,934129,20144,0.02110663123747894,0.055252184273232724,0.9034090909090909,387312.71581638866,0.10158225542162279,0.10158225542162283,4.163336342344337e-17
E6_threshold_divergence,xgboost__weighted__split789__model123,xgboost,weighted,789,123,no_origin_balance,773.7010836478753,3094.804334591501,R_x4,4.00016675082539,2.000060141393644,C,ner_optimal,val,True,0.030866743996739388,0.3882243912667036,False,773.6688311688312,1232,953160,1216,243537,16,709625,244753,0.25644859460558217,0.004968274137599948,0.987012987012987,293053.869353464,0.07686056200403948,0.07686056200403948,0.0,1217,244481,15,708679,245698,0.25743929119271747,0.004953235272570391,0.9878246753246753,290903.0650188725,0.07629646083628444,0.07629646083628444,0.0
E6_threshold_divergence,xgboost__weighted__split789__model123,xgboost,weighted,789,123,no_origin_balance,773.7010836478753,12379.217338366005,R_x16,16.00066700330156,4.000060141393644,B,youden,val,False,0.419091135263443,0.4109229352325201,False,773.6688311688312,1232,953160,1115,19258,117,933904,20373,0.021346529839877452,0.05472929858145585,0.9050324675324676,1467626.4285888225,0.09623025312904372,0.09623025312904375,2.7755575615628914e-17,1113,19031,119,934129,20144,0.02110663123747894,0.055252184273232724,0.9034090909090909,1492157.8632655547,0.09783874567358748,0.09783874567358754,5.551115123125783e-17
E6_threshold_divergence,xgboost__weighted__split789__model123,xgboost,weighted,789,123,no_origin_balance,773.7010836478753,12379.217338366005,R_x16,16.00066700330156,4.000060141393644,C,ner_optimal,val,True,0.00816820003092289,0.4109229352325201,False,773.6688311688312,1232,953160,1227,329337,5,623825,330564,0.3463600986594635,0.0037118379496859913,0.9959415584415584,391233.08669183,0.02565261719974089,0.02565261719974089,0.0,1231,330052,1,623108,331283,0.3471141836897208,0.00371585623168107,0.9991883116883117,342431.217338366,0.022452745522879666,0.022452745522879666,0.0
E6_threshold_divergence,xgboost__weighted__split789__model123,xgboost,weighted,789,123,no_origin_balance,773.7010836478753,49516.86935346402,R_x64,64.00266801320625,6.000060141393644,B,youden,val,False,0.419091135263443,0.4109229352325201,False,773.6688311688312,1232,953160,1115,19258,117,933904,20373,0.021346529839877452,0.05472929858145585,0.9050324675324676,5812731.71435529,0.09528321263291026,0.09528321263291029,2.7755575615628914e-17,1113,19031,119,934129,20144,0.02110663123747894,0.055252184273232724,0.9034090909090909,5911538.453062219,0.09690286823657866,0.0969028682365787,4.163336342344337e-17
E6_threshold_divergence,xgboost__weighted__split789__model123,xgboost,weighted,789,123,no_origin_balance,773.7010836478753,49516.86935346402,R_x64,64.00266801320625,6.000060141393644,C,ner_optimal,val,True,0.00816820003092289,0.4109229352325201,False,773.6688311688312,1232,953160,1227,329337,5,623825,330564,0.3463600986594635,0.0037118379496859913,0.9959415584415584,576921.3467673201,0.009456985468766391,0.009456985468766391,0.0,1231,330052,1,623108,331283,0.3471141836897208,0.00371585623168107,0.9991883116883117,379568.869353464,0.00622195261448615,0.00622195261448615,0.0
E6_threshold_divergence,xgboost__weighted__split789__model42,xgboost,weighted,789,42,no_origin_balance,773.7010836478753,12.089079431998051,R_x0.015625,0.01562565137041168,-5.999939858606356,B,youden,val,False,0.32886412739753723,-0.6088034808635712,False,773.6688311688312,1232,953160,1123,30364,109,922798,31487,0.032991615622059656,0.03566551275129418,0.911525974025974,31681.709658087788,2.1271821041813053,2.1271821041813053,0.0,1128,30105,104,923055,31233,0.03272554673551329,0.03611564691192008,0.9155844155844156,31362.264260927797,2.105733813055755,2.105733813055755,0.0
E6_threshold_divergence,xgboost__weighted__split789__model42,xgboost,weighted,789,42,no_origin_balance,773.7010836478753,12.089079431998051,R_x0.015625,0.01562565137041168,-5.999939858606356,C,ner_optimal,val,True,0.9376676082611084,-0.6088034808635712,False,773.6688311688312,1232,953160,1005,518,227,952644,1523,0.0015957770061421175,0.659881812212738,0.8157467532467533,3262.221031063558,0.2190329458874639,0.21903294588746394,5.551115123125783e-17,1007,575,225,952585,1582,0.0016575998122364815,0.6365360303413401,0.8173701298701299,3295.0428721995618,0.22123667901437757,0.22123667901437763,5.551115123125783e-17
E6_threshold_divergence,xgboost__weighted__split789__model42,xgboost,weighted,789,42,no_origin_balance,773.7010836478753,48.356317727992206,R_x0.0625,0.06250260548164673,-3.999939858606356,B,youden,val,False,0.32886412739753723,-0.5493054091930389,False,773.6688311688312,1232,953160,1123,30364,109,922798,31487,0.032991615622059656,0.03566551275129418,0.911525974025974,35634.83863235115,0.5981510455258459,0.5981510455258459,0.0,1128,30105,104,923055,31233,0.03272554673551329,0.03611564691192008,0.9155844155844156,35134.05704371119,0.5897451415756271,0.5897451415756271,0.0
E6_threshold_divergence,xgboost__weighted__split789__model42,xgboost,weighted,789,42,no_origin_balance,773.7010836478753,48.356317727992206,R_x0.0625,0.06250260548164673,-3.999939858606356,C,ner_optimal,val,True,0.8781695365905762,-0.5493054091930389,False,773.6688311688312,1232,953160,1029,1173,203,951989,2202,0.002307223222275077,0.4673024523160763,0.8352272727272727,10989.332498782418,0.18446219980382608,0.1844621998038261,2.7755575615628914e-17,1029,1219,203,951941,2248,0.0023554262818632175,0.45774021352313166,0.8352272727272727,11035.332498782418,0.18523433598151623,0.18523433598151626,2.7755575615628914e-17
E6_threshold_divergence,xgboost__weighted__split789__model42,xgboost,weighted,789,42,no_origin_balance,773.7010836478753,193.42527091196882,R_x0.25,0.2500104219265869,-1.999939858606356,B,youden,val,False,0.32886412739753723,-0.386980801820755,False,773.6688311688312,1232,953160,1123,30364,109,922798,31487,0.032991615622059656,0.03566551275129418,0.911525974025974,51447.354529404605,0.2158932808619809,0.21589328086198095,5.551115123125783e-17,1128,30105,104,923055,31233,0.03272554673551329,0.03611564691192008,0.9155844155844156,50221.22817484476,0.2107479737055951,0.2107479737055951,0.0
E6_threshold_divergence,xgboost__weighted__split789__model42,xgboost,weighted,789,42,no_origin_balance,773.7010836478753,193.42527091196882,R_x0.25,0.2500104219265869,-1.999939858606356,C,ner_optimal,val,True,0.7158449292182922,-0.386980801820755,False,773.6688311688312,1232,953160,1062,4348,170,948814,5410,0.0056685184525468515,0.19630314232902032,0.862012987012987,37230.2960550347,0.1562329265772128,0.15623292657721283,2.7755575615628914e-17,1062,4420,170,948740,5482,0.005743971030771423,0.19372491791317037,0.862012987012987,37302.2960550347,0.15653506682065677,0.1565350668206568,2.7755575615628914e-17
E6_threshold_divergence,xgboost__weighted__split789__model42,xgboost,weighted,789,42,no_origin_balance,773.7010836478753,773.6688311688312,val_class_ratio,1.0,0.0,B,youden,val,False,0.32886412739753723,0.0,True,773.6688311688312,1232,953160,1123,30364,109,922798,31487,0.032991615622059656,0.03566551275129418,0.911525974025974,114693.9025974026,0.12033016765013492,0.12033016765013492,0.0,1128,30105,104,923055,31233,0.03272554673551329,0.03611564691192008,0.9155844155844156,110566.55844155845,0.11599999836497381,0.11599999836497382,1.3877787807814457e-17
E6_threshold_divergence,xgboost__weighted__split789__model42,xgboost,weighted,789,42,no_origin_balance,773.7010836478753,773.6688311688312,val_class_ratio,1.0,0.0,C,ner_optimal,val,True,0.32886412739753723,0.0,True,773.6688311688312,1232,953160,1123,30364,109,922798,31487,0.032991615622059656,0.03566551275129418,0.911525974025974,114693.9025974026,0.12033016765013492,0.12033016765013492,0.0,1128,30105,104,923055,31233,0.03272554673551329,0.03611564691192008,0.9155844155844156,110566.55844155845,0.11599999836497381,0.11599999836497382,1.3877787807814457e-17
E6_threshold_divergence,xgboost__weighted__split789__model42,xgboost,weighted,789,42,no_origin_balance,773.7010836478753,773.7010836478753,R_x1,1.0000416877063476,6.014139364405448e-05,B,youden,val,False,0.32886412739753723,0.0,True,773.6688311688312,1232,953160,1123,30364,109,922798,31487,0.032991615622059656,0.03566551275129418,0.911525974025974,114697.4181176184,0.12032883969601468,0.12032883969601471,2.7755575615628914e-17,1128,30105,104,923055,31233,0.03272554673551329,0.03611564691192008,0.9155844155844156,110569.91269937903,0.11599868173808707,0.11599868173808708,1.3877787807814457e-17
E6_threshold_divergence,xgboost__weighted__split789__model42,xgboost,weighted,789,42,no_origin_balance,773.7010836478753,773.7010836478753,R_x1,1.0000416877063476,6.014139364405448e-05,C,ner_optimal,val,True,0.32886412739753723,0.0,True,773.6688311688312,1232,953160,1123,30364,109,922798,31487,0.032991615622059656,0.03566551275129418,0.911525974025974,114697.4181176184,0.12032883969601468,0.12032883969601471,2.7755575615628914e-17,1128,30105,104,923055,31233,0.03272554673551329,0.03611564691192008,0.9155844155844156,110569.91269937903,0.11599868173808707,0.11599868173808708,1.3877787807814457e-17
E6_threshold_divergence,xgboost__weighted__split789__model42,xgboost,weighted,789,42,no_origin_balance,773.7010836478753,3094.804334591501,R_x4,4.00016675082539,2.000060141393644,B,youden,val,False,0.32886412739753723,0.24469374120235443,False,773.6688311688312,1232,953160,1123,30364,109,922798,31487,0.032991615622059656,0.03566551275129418,0.911525974025974,367697.6724704736,0.09643772940452312,0.09643772940452316,4.163336342344337e-17,1128,30105,104,923055,31233,0.03272554673551329,0.03611564691192008,0.9155844155844156,351964.6507975161,0.09231135874621006,0.09231135874621008,1.3877787807814457e-17
E6_threshold_divergence,xgboost__weighted__split789__model42,xgboost,weighted,789,42,no_origin_balance,773.7010836478753,3094.804334591501,R_x4,4.00016675082539,2.000060141393644,C,ner_optimal,val,True,0.0841703861951828,0.24469374120235443,False,773.6688311688312,1232,953160,1193,136688,39,816474,137881,0.1444696844280245,0.008652388653984234,0.9683441558441559,257385.36904906854,0.06750562331892543,0.06750562331892541,1.3877787807814457e-17,1186,137544,46,815616,138730,0.1453595587557314,0.008548980033157932,0.9626623376623377,279904.99939120904,0.07341194848719154,0.07341194848719154,0.0
E6_threshold_divergence,xgboost__weighted__split789__model42,xgboost,weighted,789,42,no_origin_balance,773.7010836478753,12379.217338366005,R_x16,16.00066700330156,4.000060141393644,B,youden,val,False,0.32886412739753723,0.32167866826057434,False,773.6688311688312,1232,953160,1123,30364,109,922798,31487,0.032991615622059656,0.03566551275129418,0.911525974025974,1379698.6898818945,0.09046495183165024,0.09046495183165026,2.7755575615628914e-17,1128,30105,104,923055,31233,0.03272554673551329,0.03611564691192008,0.9155844155844156,1317543.6031900644,0.08638952799824082,0.08638952799824083,1.3877787807814457e-17
E6_threshold_divergence,xgboost__weighted__split789__model42,xgboost,weighted,789,42,no_origin_balance,773.7010836478753,12379.217338366005,R_x16,16.00066700330156,4.000060141393644,C,ner_optimal,val,True,0.007185459136962891,0.32167866826057434,False,773.6688311688312,1232,953160,1228,332195,4,620967,333423,0.3493557168213547,0.003683009270506234,0.9967532467532467,381711.869353464,0.025028324030362228,0.025028324030362228,0.0,1231,333131,1,620029,334362,0.3503403213773795,0.0036816384637010187,0.9991883116883117,345510.217338366,0.02265463133224685,0.02265463133224685,0.0
E6_threshold_divergence,xgboost__weighted__split789__model42,xgboost,weighted,789,42,no_origin_balance,773.7010836478753,49516.86935346402,R_x64,64.00266801320625,6.000060141393644,B,youden,val,False,0.32886412739753723,0.3281395747908391,False,773.6688311688312,1232,953160,1123,30364,109,922798,31487,0.032991615622059656,0.03566551275129418,0.911525974025974,5427702.759527578,0.08897175743843201,0.08897175743843205,4.163336342344337e-17,1128,30105,104,923055,31233,0.03272554673551329,0.03611564691192008,0.9155844155844156,5179859.412760258,0.0849090703112485,0.08490907031124852,1.3877787807814457e-17
E6_threshold_divergence,xgboost__weighted__split789__model42,xgboost,weighted,789,42,no_origin_balance,773.7010836478753,49516.86935346402,R_x64,64.00266801320625,6.000060141393644,C,ner_optimal,val,True,0.0007245526066981256,0.3281395747908391,False,773.6688311688312,1232,953160,1230,360184,2,592978,361414,0.3786842750478314,0.0034032992634485657,0.9983766233766234,459217.73870692804,0.007527569410085798,0.007527569410085798,0.0,1232,360932,0,592228,362164,0.37947090922807397,0.003401773782043494,1.0,360932.0,0.0059164541203732424,0.0059164541203732424,0.0
E6_threshold_divergence,xgboost__weighted__split789__model456,xgboost,weighted,789,456,no_origin_balance,773.7010836478753,12.089079431998051,R_x0.015625,0.01562565137041168,-5.999939858606356,B,youden,val,False,0.30662283301353455,-0.6481243073940277,False,773.6688311688312,1232,953160,1128,32560,104,920602,33688,0.03529779105903851,0.0334837330800285,0.9155844155844156,33817.2642609278,2.270568101423522,2.270568101423522,0.0,1128,32514,104,920646,33642,0.035249666803577565,0.03352951667558409,0.9155844155844156,33771.2642609278,2.2674795567127615,2.2674795567127615,0.0
E6_threshold_divergence,xgboost__weighted__split789__model456,xgboost,weighted,789,456,no_origin_balance,773.7010836478753,12.089079431998051,R_x0.015625,0.01562565137041168,-5.999939858606356,C,ner_optimal,val,True,0.9547471404075623,-0.6481243073940277,False,773.6688311688312,1232,953160,990,380,242,952782,1370,0.0014354658558205521,0.7226277372262774,0.8035714285714286,3305.5572225435285,0.22194263643050677,0.22194263643050682,5.551115123125783e-17,984,416,248,952744,1400,0.0014669024887048509,0.7028571428571428,0.7987012987012987,3414.0916991355166,0.22922988824818843,0.22922988824818846,2.7755575615628914e-17
E6_threshold_divergence,xgboost__weighted__split789__model456,xgboost,weighted,789,456,no_origin_balance,773.7010836478753,48.356317727992206,R_x0.0625,0.06250260548164673,-3.999939858606356,B,youden,val,False,0.30662283301353455,-0.5460591614246368,False,773.6688311688312,1232,953160,1128,32560,104,920602,33688,0.03529779105903851,0.0334837330800285,0.9155844155844156,37589.05704371119,0.6309537136675688,0.6309537136675688,0.0,1128,32514,104,920646,33642,0.035249666803577565,0.03352951667558409,0.9155844155844156,37543.05704371119,0.6301815774898787,0.6301815774898787,0.0
E6_threshold_divergence,xgboost__weighted__split789__model456,xgboost,weighted,789,456,no_origin_balance,773.7010836478753,48.356317727992206,R_x0.0625,0.06250260548164673,-3.999939858606356,C,ner_optimal,val,True,0.8526819944381714,-0.5460591614246368,False,773.6688311688312,1232,953160,1034,1439,198,951723,2473,0.0025911730375505295,0.4181156490093004,0.8392857142857143,11013.550910142456,0.18486871962072318,0.1848687196207232,2.7755575615628914e-17,1036,1565,196,951595,2601,0.0027252952665152265,0.39830834294502115,0.8409090909090909,11042.838274686472,0.18536032470145436,0.18536032470145442,5.551115123125783e-17
E6_threshold_divergence,xgboost__weighted__split789__model456,xgboost,weighted,789,456,no_origin_balance,773.7010836478753,193.42527091196882,R_x0.25,0.2500104219265869,-1.999939858606356,B,youden,val,False,0.30662283301353455,-0.4008329212665558,False,773.6688311688312,1232,953160,1128,32560,104,920602,33688,0.03529779105903851,0.0334837330800285,0.9155844155844156,52676.22817484476,0.22105011672858052,0.22105011672858052,0.0,1128,32514,104,920646,33642,0.035249666803577565,0.03352951667558409,0.9155844155844156,52630.22817484476,0.22085708268415796,0.22085708268415796,0.0
E6_threshold_divergence,xgboost__weighted__split789__model456,xgboost,weighted,789,456,no_origin_balance,773.7010836478753,193.42527091196882,R_x0.25,0.2500104219265869,-1.999939858606356,C,ner_optimal,val,True,0.7074557542800903,-0.4008329212665558,False,773.6688311688312,1232,953160,1060,4400,172,948762,5460,0.005720907717357821,0.19413919413919414,0.8603896103896104,37669.146596858634,0.15807451559863228,0.1580745155986323,2.7755575615628914e-17,1062,4438,170,948722,5500,0.0057628312056262,0.1930909090909091,0.862012987012987,37320.2960550347,0.15661060188151776,0.1566106018815178,2.7755575615628914e-17
E6_threshold_divergence,xgboost__weighted__split789__model456,xgboost,weighted,789,456,no_origin_balance,773.7010836478753,773.6688311688312,val_class_ratio,1.0,0.0,B,youden,val,False,0.30662283301353455,0.0,True,773.6688311688312,1232,953160,1128,32560,104,920602,33688,0.03529779105903851,0.0334837330800285,0.9155844155844156,113021.55844155845,0.11857564148889843,0.11857564148889845,1.3877787807814457e-17,1128,32514,104,920646,33642,0.035249666803577565,0.03352951667558409,0.9155844155844156,112975.55844155845,0.11852738096600617,0.11852738096600618,1.3877787807814457e-17
E6_threshold_divergence,xgboost__weighted__split789__model456,xgboost,weighted,789,456,no_origin_balance,773.7010836478753,773.6688311688312,val_class_ratio,1.0,0.0,C,ner_optimal,val,True,0.30662283301353455,0.0,True,773.6688311688312,1232,953160,1128,32560,104,920602,33688,0.03529779105903851,0.0334837330800285,0.9155844155844156,113021.55844155845,0.11857564148889843,0.11857564148889845,1.3877787807814457e-17,1128,32514,104,920646,33642,0.035249666803577565,0.03352951667558409,0.9155844155844156,112975.55844155845,0.11852738096600617,0.11852738096600618,1.3877787807814457e-17
E6_threshold_divergence,xgboost__weighted__split789__model456,xgboost,weighted,789,456,no_origin_balance,773.7010836478753,773.7010836478753,R_x1,1.0000416877063476,6.014139364405448e-05,B,youden,val,False,0.30662283301353455,0.0,True,773.6688311688312,1232,953160,1128,32560,104,920602,33688,0.03529779105903851,0.0334837330800285,0.9155844155844156,113024.91269937903,0.11857421749383343,0.11857421749383344,1.3877787807814457e-17,1128,32514,104,920646,33642,0.035249666803577565,0.03352951667558409,0.9155844155844156,112978.91269937903,0.11852595898272779,0.1185259589827278,1.3877787807814457e-17
E6_threshold_divergence,xgboost__weighted__split789__model456,xgboost,weighted,789,456,no_origin_balance,773.7010836478753,773.7010836478753,R_x1,1.0000416877063476,6.014139364405448e-05,C,ner_optimal,val,True,0.30662283301353455,0.0,True,773.6688311688312,1232,953160,1128,32560,104,920602,33688,0.03529779105903851,0.0334837330800285,0.9155844155844156,113024.91269937903,0.11857421749383343,0.11857421749383344,1.3877787807814457e-17,1128,32514,104,920646,33642,0.035249666803577565,0.03352951667558409,0.9155844155844156,112978.91269937903,0.11852595898272779,0.1185259589827278,1.3877787807814457e-17
E6_threshold_divergence,xgboost__weighted__split789__model456,xgboost,weighted,789,456,no_origin_balance,773.7010836478753,3094.804334591501,R_x4,4.00016675082539,2.000060141393644,B,youden,val,False,0.30662283301353455,0.22282152622938156,False,773.6688311688312,1232,953160,1128,32560,104,920602,33688,0.03529779105903851,0.0334837330800285,0.9155844155844156,354419.6507975161,0.09295524268514666,0.09295524268514667,1.3877787807814457e-17,1128,32514,104,920646,33642,0.035249666803577565,0.03352951667558409,0.9155844155844156,354373.6507975161,0.09294317805737025,0.09294317805737026,1.3877787807814457e-17
E6_threshold_divergence,xgboost__weighted__split789__model456,xgboost,weighted,789,456,no_origin_balance,773.7010836478753,3094.804334591501,R_x4,4.00016675082539,2.000060141393644,C,ner_optimal,val,True,0.08380130678415298,0.22282152622938156,False,773.6688311688312,1232,953160,1192,133227,40,819935,134419,0.140842251732513,0.00886779398745713,0.9675324675324676,257019.17338366003,0.06740957952769741,0.06740957952769741,0.0,1184,134353,48,818807,135537,0.1420139732939924,0.008735622007274766,0.961038961038961,282903.6080603921,0.07419840712720904,0.07419840712720904,0.0
E6_threshold_divergence,xgboost__weighted__split789__model456,xgboost,weighted,789,456,no_origin_balance,773.7010836478753,12379.217338366005,R_x16,16.00066700330156,4.000060141393644,B,youden,val,False,0.30662283301353455,0.2988074067980051,False,773.6688311688312,1232,953160,1128,32560,104,920602,33688,0.03529779105903851,0.0334837330800285,0.9155844155844156,1319998.6031900644,0.08655049898297495,0.08655049898297498,2.7755575615628914e-17,1128,32514,104,920646,33642,0.035249666803577565,0.03352951667558409,0.9155844155844156,1319952.6031900644,0.08654748282603086,0.08654748282603088,1.3877787807814457e-17
E6_threshold_divergence,xgboost__weighted__split789__model456,xgboost,weighted,789,456,no_origin_balance,773.7010836478753,12379.217338366005,R_x16,16.00066700330156,4.000060141393644,C,ner_optimal,val,True,0.007815426215529442,0.2988074067980051,False,773.6688311688312,1232,953160,1226,330250,6,622912,331476,0.34731567884961556,0.0036986086473832194,0.9951298701298701,404525.30403019604,0.026524169669906707,0.026524169669906707,0.0,1231,331003,1,622157,332234,0.34811062959454814,0.003705219814949704,0.9991883116883117,343382.217338366,0.022515101289267515,0.022515101289267515,0.0
E6_threshold_divergence,xgboost__weighted__split789__model456,xgboost,weighted,789,456,no_origin_balance,773.7010836478753,49516.86935346402,R_x64,64.00266801320625,6.000060141393644,B,youden,val,False,0.30662283301353455,0.3060452485224232,False,773.6688311688312,1232,953160,1128,32560,104,920602,33688,0.03529779105903851,0.0334837330800285,0.9155844155844156,5182314.412760258,0.08494931305743204,0.08494931305743206,1.3877787807814457e-17,1128,32514,104,920646,33642,0.035249666803577565,0.03352951667558409,0.9155844155844156,5182268.412760258,0.08494855901819601,0.08494855901819602,1.3877787807814457e-17
E6_threshold_divergence,xgboost__weighted__split789__model456,xgboost,weighted,789,456,no_origin_balance,773.7010836478753,49516.86935346402,R_x64,64.00266801320625,6.000060141393644,C,ner_optimal,val,True,0.0005775844911113381,0.3060452485224232,False,773.6688311688312,1232,953160,1230,372121,2,581041,373351,0.3911916881288022,0.003294486957313627,0.9983766233766234,471154.73870692804,0.007723242591834425,0.007723242591834425,0.0,1232,372812,0,580348,374044,0.3919186246322266,0.0032937301493941888,1.0,372812.0,0.00611119294915549,0.00611119294915549,0.0
E6_threshold_divergence,xgboost__weighted__split789__model789,xgboost,weighted,789,789,no_origin_balance,773.7010836478753,12.089079431998051,R_x0.015625,0.01562565137041168,-5.999939858606356,B,youden,val,False,0.40696465969085693,-0.5352961421012878,False,773.6688311688312,1232,953160,1107,19573,125,933589,20680,0.0216681999258168,0.05352998065764023,0.898538961038961,21084.134928999756,1.4156368133896742,1.4156368133896742,0.0,1112,19428,120,933732,20540,0.021521555084284025,0.054138266796494645,0.9025974025974026,20878.689531839766,1.4018427417647046,1.4018427417647046,0.0
E6_threshold_divergence,xgboost__weighted__split789__model789,xgboost,weighted,789,789,no_origin_balance,773.7010836478753,12.089079431998051,R_x0.015625,0.01562565137041168,-5.999939858606356,C,ner_optimal,val,True,0.9422608017921448,-0.5352961421012878,False,773.6688311688312,1232,953160,997,464,235,952698,1461,0.0015308143177765157,0.6824093086926762,0.8092532467532467,3304.933666519542,0.22190076945964274,0.22190076945964277,2.7755575615628914e-17,997,483,235,952677,1480,0.0015507254880594138,0.6736486486486486,0.8092532467532467,3323.933666519542,0.2231764727097395,0.22317647270973953,2.7755575615628914e-17
E6_threshold_divergence,xgboost__weighted__split789__model789,xgboost,weighted,789,789,no_origin_balance,773.7010836478753,48.356317727992206,R_x0.0625,0.06250260548164673,-3.999939858606356,B,youden,val,False,0.40696465969085693,-0.45239198207855225,False,773.6688311688312,1232,953160,1107,19573,125,933589,20680,0.0216681999258168,0.05352998065764023,0.898538961038961,25617.539715999024,0.43000498256819775,0.43000498256819775,0.0,1112,19428,120,933732,20540,0.021521555084284025,0.054138266796494645,0.9025974025974026,25230.758127359066,0.4235126334931242,0.42351263349312424,5.551115123125783e-17
E6_threshold_divergence,xgboost__weighted__split789__model789,xgboost,weighted,789,789,no_origin_balance,773.7010836478753,48.356317727992206,R_x0.0625,0.06250260548164673,-3.999939858606356,C,ner_optimal,val,True,0.8593566417694092,-0.45239198207855225,False,773.6688311688312,1232,953160,1029,1327,203,951835,2356,0.002468582157892862,0.4367572156196944,0.8352272727272727,11143.332498782418,0.18704717744218005,0.18704717744218008,2.7755575615628914e-17,1031,1448,201,951712,2479,0.002597465192499518,0.41589350544574427,0.8368506493506493,11167.619863326434,0.18745485467751014,0.18745485467751016,2.7755575615628914e-17
E6_threshold_divergence,xgboost__weighted__split789__model789,xgboost,weighted,789,789,no_origin_balance,773.7010836478753,193.42527091196882,R_x0.25,0.2500104219265869,-1.999939858606356,B,youden,val,False,0.40696465969085693,-0.2294609546661377,False,773.6688311688312,1232,953160,1107,19573,125,933589,20680,0.0216681999258168,0.05352998065764023,0.898538961038961,43751.158863996105,0.18359702486282864,0.18359702486282867,2.7755575615628914e-17,1112,19428,120,933732,20540,0.021521555084284025,0.054138266796494645,0.9025974025974026,42639.03250943626,0.17893010642522905,0.17893010642522914,8.326672684688674e-17
E6_threshold_divergence,xgboost__weighted__split789__model789,xgboost,weighted,789,789,no_origin_balance,773.7010836478753,193.42527091196882,R_x0.25,0.2500104219265869,-1.999939858606356,C,ner_optimal,val,True,0.6364256143569946,-0.2294609546661377,False,773.6688311688312,1232,953160,1073,6289,159,946873,7362,0.007713795350767084,0.14574843792447703,0.8709415584415584,37043.61807500305,0.15544955254481843,0.1554495525448185,5.551115123125783e-17,1072,6292,160,946868,7364,0.007715907090587515,0.14557305812058663,0.8701298701298701,37240.04334591501,0.15627383003331694,0.15627383003331694,0.0
E6_threshold_divergence,xgboost__weighted__split789__model789,xgboost,weighted,789,789,no_origin_balance,773.7010836478753,773.6688311688312,val_class_ratio,1.0,0.0,B,youden,val,False,0.40696465969085693,0.0,True,773.6688311688312,1232,953160,1107,19573,125,933589,20680,0.0216681999258168,0.05352998065764023,0.898538961038961,116281.6038961039,0.12199589145170159,0.1219958914517016,1.3877787807814457e-17,1112,19428,120,933732,20540,0.021521555084284025,0.054138266796494645,0.9025974025974026,112268.25974025975,0.11778532433196916,0.11778532433196919,2.7755575615628914e-17
E6_threshold_divergence,xgboost__weighted__split789__model789,xgboost,weighted,789,789,no_origin_balance,773.7010836478753,773.6688311688312,val_class_ratio,1.0,0.0,C,ner_optimal,val,True,0.40696465969085693,0.0,True,773.6688311688312,1232,953160,1107,19573,125,933589,20680,0.0216681999258168,0.05352998065764023,0.898538961038961,116281.6038961039,0.12199589145170159,0.1219958914517016,1.3877787807814457e-17,1112,19428,120,933732,20540,0.021521555084284025,0.054138266796494645,0.9025974025974026,112268.25974025975,0.11778532433196916,0.11778532433196919,2.7755575615628914e-17
E6_threshold_divergence,xgboost__weighted__split789__model789,xgboost,weighted,789,789,no_origin_balance,773.7010836478753,773.7010836478753,R_x1,1.0000416877063476,6.014139364405448e-05,B,youden,val,False,0.40696465969085693,0.0,True,773.6688311688312,1232,953160,1107,19573,125,933589,20680,0.0216681999258168,0.05352998065764023,0.898538961038961,116285.63545598442,0.12199503543648635,0.12199503543648639,4.163336342344337e-17,1112,19428,120,933732,20540,0.021521555084284025,0.054138266796494645,0.9025974025974026,112272.13003774504,0.1177844746582553,0.11778447465825534,4.163336342344337e-17
E6_threshold_divergence,xgboost__weighted__split789__model789,xgboost,weighted,789,789,no_origin_balance,773.7010836478753,773.7010836478753,R_x1,1.0000416877063476,6.014139364405448e-05,C,ner_optimal,val,True,0.40696465969085693,0.0,True,773.6688311688312,1232,953160,1107,19573,125,933589,20680,0.0216681999258168,0.05352998065764023,0.898538961038961,116285.63545598442,0.12199503543648635,0.12199503543648639,4.163336342344337e-17,1112,19428,120,933732,20540,0.021521555084284025,0.054138266796494645,0.9025974025974026,112272.13003774504,0.1177844746582553,0.11778447465825534,4.163336342344337e-17
E6_threshold_divergence,xgboost__weighted__split789__model789,xgboost,weighted,789,789,no_origin_balance,773.7010836478753,3094.804334591501,R_x4,4.00016675082539,2.000060141393644,B,youden,val,False,0.40696465969085693,0.34033603966236115,False,773.6688311688312,1232,953160,1107,19573,125,933589,20680,0.0216681999258168,0.05352998065764023,0.898538961038961,406423.5418239377,0.10659453807990078,0.10659453807990082,4.163336342344337e-17,1112,19428,120,933732,20540,0.021521555084284025,0.054138266796494645,0.9025974025974026,390804.52015098016,0.10249806671651186,0.10249806671651189,2.7755575615628914e-17
E6_threshold_divergence,xgboost__weighted__split789__model789,xgboost,weighted,789,789,no_origin_balance,773.7010836478753,3094.804334591501,R_x4,4.00016675082539,2.000060141393644,C,ner_optimal,val,True,0.06662862002849579,0.34033603966236115,False,773.6688311688312,1232,953160,1199,156715,33,796447,157914,0.16545996726718734,0.007592740352343681,0.9732142857142857,258843.54304151953,0.0678880651983202,0.0678880651983202,0.0,1200,157677,32,795483,158877,0.16646933335568614,0.007553012707943881,0.974025974025974,256710.73870692804,0.06732868497186897,0.06732868497186897,0.0
E6_threshold_divergence,xgboost__weighted__split789__model789,xgboost,weighted,789,789,no_origin_balance,773.7010836478753,12379.217338366005,R_x16,16.00066700330156,4.000060141393644,B,youden,val,False,0.40696465969085693,0.3992384416051209,False,773.6688311688312,1232,953160,1107,19573,125,933589,20680,0.0216681999258168,0.05352998065764023,0.898538961038961,1566975.1672957507,0.10274441374075438,0.10274441374075444,5.551115123125783e-17,1112,19428,120,933732,20540,0.021521555084284025,0.054138266796494645,0.9025974025974026,1504934.0806039206,0.098676464731076,0.09867646473107602,2.7755575615628914e-17
E6_threshold_divergence,xgboost__weighted__split789__model789,xgboost,weighted,789,789,no_origin_balance,773.7010836478753,12379.217338366005,R_x16,16.00066700330156,4.000060141393644,C,ner_optimal,val,True,0.007726218085736036,0.3992384416051209,False,773.6688311688312,1232,953160,1227,331183,5,621979,332410,0.3482943103162845,0.0036912246923979423,0.9959415584415584,393079.08669183,0.02577365688928029,0.02577365688928029,0.0,1231,331845,1,621315,333076,0.3489928666627549,0.003695853198669373,0.9991883116883117,344224.217338366,0.02257031007507043,0.02257031007507043,0.0
E6_threshold_divergence,xgboost__weighted__split789__model789,xgboost,weighted,789,789,no_origin_balance,773.7010836478753,49516.86935346402,R_x64,64.00266801320625,6.000060141393644,B,youden,val,False,0.40696465969085693,0.3992384416051209,False,773.6688311688312,1232,953160,1107,19573,125,933589,20680,0.0216681999258168,0.05352998065764023,0.898538961038961,6209181.669183003,0.10178188265596778,0.10178188265596784,5.551115123125783e-17,1112,19428,120,933732,20540,0.021521555084284025,0.054138266796494645,0.9025974025974026,5961452.3224156825,0.09772106423471703,0.09772106423471706,2.7755575615628914e-17
E6_threshold_divergence,xgboost__weighted__split789__model789,xgboost,weighted,789,789,no_origin_balance,773.7010836478753,49516.86935346402,R_x64,64.00266801320625,6.000060141393644,C,ner_optimal,val,True,0.007726218085736036,0.3992384416051209,False,773.6688311688312,1232,953160,1227,331183,5,621979,332410,0.3482943103162845,0.0036912246923979423,0.9959415584415584,578767.3467673201,0.009487245391151242,0.009487245391151242,0.0,1231,331845,1,621315,333076,0.3489928666627549,0.003695853198669373,0.9991883116883117,381361.869353464,0.00625134375253384,0.00625134375253384,0.0
